ISO-10303-21;
HEADER;
FILE_DESCRIPTION(('Open CASCADE Model'),'2;1');
FILE_NAME('Open CASCADE Shape Model','2026-10-03T23:12:51',('Author'),(
    'Open CASCADE'),'Open CASCADE STEP processor 7.9','Open CASCADE 7.9'
  ,'Unknown');
FILE_SCHEMA(('AUTOMOTIVE_DESIGN { 1 0 10303 214 1 1 1 1 }'));
ENDSEC;
DATA;
#1 = APPLICATION_PROTOCOL_DEFINITION('international standard',
  'automotive_design',2000,#2);
#2 = APPLICATION_CONTEXT(
  'core data for automotive mechanical design processes');
#3 = SHAPE_DEFINITION_REPRESENTATION(#4,#10);
#4 = PRODUCT_DEFINITION_SHAPE('','',#5);
#5 = PRODUCT_DEFINITION('design','',#6,#9);
#6 = PRODUCT_DEFINITION_FORMATION('','',#7);
#7 = PRODUCT('Open CASCADE STEP translator 7.9 1',
  'Open CASCADE STEP translator 7.9 1','',(#8));
#8 = PRODUCT_CONTEXT('',#2,'mechanical');
#9 = PRODUCT_DEFINITION_CONTEXT('part definition',#2,'design');
#10 = ADVANCED_BREP_SHAPE_REPRESENTATION('',(#11,#15),#7778);
#11 = AXIS2_PLACEMENT_3D('',#12,#13,#14);
#12 = CARTESIAN_POINT('',(0.,0.,0.));
#13 = DIRECTION('',(0.,0.,1.));
#14 = DIRECTION('',(1.,0.,-0.));
#15 = MANIFOLD_SOLID_BREP('',#16);
#16 = CLOSED_SHELL('',(#17,#277,#674,#2314,#2432,#2486,#2566,#2635,#2759
    ,#3427,#3949,#3997,#4024,#4030,#4667,#4783,#5385,#5440,#5495,#5543,
    #5707,#5733,#5790,#5847,#5874,#5901,#5928,#5955,#5982,#6009,#6036,
    #6063,#6090,#6097,#6207,#6535,#6561,#6618,#6625,#6660,#6695,#6771,
    #6820,#6869,#6896,#6931,#6966,#7021,#7076,#7131,#7139,#7143,#7195,
    #7247,#7254,#7306,#7358,#7397,#7436,#7475,#7530,#7585,#7589,#7593,
    #7648,#7703,#7758,#7762,#7766,#7770,#7774));
#17 = ADVANCED_FACE('',(#18),#33,.T.);
#18 = FACE_BOUND('',#19,.T.);
#19 = EDGE_LOOP('',(#20,#56,#82,#115,#143,#172,#200,#229));
#20 = ORIENTED_EDGE('',*,*,#21,.T.);
#21 = EDGE_CURVE('',#22,#24,#26,.T.);
#22 = VERTEX_POINT('',#23);
#23 = CARTESIAN_POINT('',(3.999852438419,-9.034357981226,3.));
#24 = VERTEX_POINT('',#25);
#25 = CARTESIAN_POINT('',(-3.656933037144E-16,-13.,3.));
#26 = SURFACE_CURVE('',#27,(#32,#44),.PCURVE_S1.);
#27 = CIRCLE('',#28,4.);
#28 = AXIS2_PLACEMENT_3D('',#29,#30,#31);
#29 = CARTESIAN_POINT('',(-1.498801083244E-15,-9.,3.));
#30 = DIRECTION('',(0.,0.,-1.));
#31 = DIRECTION('',(1.,0.,0.));
#32 = PCURVE('',#33,#38);
#33 = CYLINDRICAL_SURFACE('',#34,4.);
#34 = AXIS2_PLACEMENT_3D('',#35,#36,#37);
#35 = CARTESIAN_POINT('',(-1.498801083244E-15,-9.,0.));
#36 = DIRECTION('',(0.,-0.,-1.));
#37 = DIRECTION('',(1.,-1.110223024625E-16,0.));
#38 = DEFINITIONAL_REPRESENTATION('',(#39),#43);
#39 = LINE('',#40,#41);
#40 = CARTESIAN_POINT('',(0.,-3.));
#41 = VECTOR('',#42,1.);
#42 = DIRECTION('',(1.,0.));
#43 = ( GEOMETRIC_REPRESENTATION_CONTEXT(2) 
PARAMETRIC_REPRESENTATION_CONTEXT() REPRESENTATION_CONTEXT('2D SPACE',''
  ) );
#44 = PCURVE('',#45,#50);
#45 = TOROIDAL_SURFACE('',#46,2.,2.);
#46 = AXIS2_PLACEMENT_3D('',#47,#48,#49);
#47 = CARTESIAN_POINT('',(-1.498801083244E-15,-9.,3.));
#48 = DIRECTION('',(0.,-0.,1.));
#49 = DIRECTION('',(1.,0.,0.));
#50 = DEFINITIONAL_REPRESENTATION('',(#51),#55);
#51 = LINE('',#52,#53);
#52 = CARTESIAN_POINT('',(-0.,0.));
#53 = VECTOR('',#54,1.);
#54 = DIRECTION('',(-1.,0.));
#55 = ( GEOMETRIC_REPRESENTATION_CONTEXT(2) 
PARAMETRIC_REPRESENTATION_CONTEXT() REPRESENTATION_CONTEXT('2D SPACE',''
  ) );
#56 = ORIENTED_EDGE('',*,*,#57,.T.);
#57 = EDGE_CURVE('',#24,#58,#60,.T.);
#58 = VERTEX_POINT('',#59);
#59 = CARTESIAN_POINT('',(0.,-13.,2.2));
#60 = SURFACE_CURVE('',#61,(#65,#71),.PCURVE_S1.);
#61 = LINE('',#62,#63);
#62 = CARTESIAN_POINT('',(0.,-13.,0.));
#63 = VECTOR('',#64,1.);
#64 = DIRECTION('',(0.,-0.,-1.));
#65 = PCURVE('',#33,#66);
#66 = DEFINITIONAL_REPRESENTATION('',(#67),#70);
#67 = B_SPLINE_CURVE_WITH_KNOTS('',1,(#68,#69),.UNSPECIFIED.,.F.,.F.,(2,
    2),(-3.0000006,-1.42),.PIECEWISE_BEZIER_KNOTS.);
#68 = CARTESIAN_POINT('',(1.570796326795,-3.0000006));
#69 = CARTESIAN_POINT('',(1.570796326795,-1.42));
#70 = ( GEOMETRIC_REPRESENTATION_CONTEXT(2) 
PARAMETRIC_REPRESENTATION_CONTEXT() REPRESENTATION_CONTEXT('2D SPACE',''
  ) );
#71 = PCURVE('',#72,#77);
#72 = PLANE('',#73);
#73 = AXIS2_PLACEMENT_3D('',#74,#75,#76);
#74 = CARTESIAN_POINT('',(0.,-30.,2.2));
#75 = DIRECTION('',(1.,0.,0.));
#76 = DIRECTION('',(0.,0.,1.));
#77 = DEFINITIONAL_REPRESENTATION('',(#78),#81);
#78 = B_SPLINE_CURVE_WITH_KNOTS('',1,(#79,#80),.UNSPECIFIED.,.F.,.F.,(2,
    2),(-3.0000006,-1.42),.PIECEWISE_BEZIER_KNOTS.);
#79 = CARTESIAN_POINT('',(0.8000006,-17.));
#80 = CARTESIAN_POINT('',(-0.78,-17.));
#81 = ( GEOMETRIC_REPRESENTATION_CONTEXT(2) 
PARAMETRIC_REPRESENTATION_CONTEXT() REPRESENTATION_CONTEXT('2D SPACE',''
  ) );
#82 = ORIENTED_EDGE('',*,*,#83,.T.);
#83 = EDGE_CURVE('',#58,#84,#86,.T.);
#84 = VERTEX_POINT('',#85);
#85 = CARTESIAN_POINT('',(-4.,-9.,2.2));
#86 = SURFACE_CURVE('',#87,(#92,#99),.PCURVE_S1.);
#87 = CIRCLE('',#88,4.);
#88 = AXIS2_PLACEMENT_3D('',#89,#90,#91);
#89 = CARTESIAN_POINT('',(-1.498801083244E-15,-9.,2.2));
#90 = DIRECTION('',(0.,-0.,-1.));
#91 = DIRECTION('',(1.,-1.110223024625E-16,0.));
#92 = PCURVE('',#33,#93);
#93 = DEFINITIONAL_REPRESENTATION('',(#94),#98);
#94 = LINE('',#95,#96);
#95 = CARTESIAN_POINT('',(0.,-2.2));
#96 = VECTOR('',#97,1.);
#97 = DIRECTION('',(1.,0.));
#98 = ( GEOMETRIC_REPRESENTATION_CONTEXT(2) 
PARAMETRIC_REPRESENTATION_CONTEXT() REPRESENTATION_CONTEXT('2D SPACE',''
  ) );
#99 = PCURVE('',#100,#105);
#100 = PLANE('',#101);
#101 = AXIS2_PLACEMENT_3D('',#102,#103,#104);
#102 = CARTESIAN_POINT('',(-10.,-30.,2.2));
#103 = DIRECTION('',(0.,0.,1.));
#104 = DIRECTION('',(1.,0.,0.));
#105 = DEFINITIONAL_REPRESENTATION('',(#106),#114);
#106 = ( BOUNDED_CURVE() B_SPLINE_CURVE(2,(#107,#108,#109,#110,#111,#112
,#113),.UNSPECIFIED.,.T.,.F.) B_SPLINE_CURVE_WITH_KNOTS((1,2,2,2,2,1),(
    -2.094395102393,0.,2.094395102393,4.188790204786,6.28318530718,
8.377580409573),.UNSPECIFIED.) CURVE() GEOMETRIC_REPRESENTATION_ITEM() 
RATIONAL_B_SPLINE_CURVE((1.,0.5,1.,0.5,1.,0.5,1.)) REPRESENTATION_ITEM(
  '') );
#107 = CARTESIAN_POINT('',(14.,21.));
#108 = CARTESIAN_POINT('',(14.,14.071796769724));
#109 = CARTESIAN_POINT('',(8.,17.535898384862));
#110 = CARTESIAN_POINT('',(2.,21.));
#111 = CARTESIAN_POINT('',(8.,24.464101615138));
#112 = CARTESIAN_POINT('',(14.,27.928203230276));
#113 = CARTESIAN_POINT('',(14.,21.));
#114 = ( GEOMETRIC_REPRESENTATION_CONTEXT(2) 
PARAMETRIC_REPRESENTATION_CONTEXT() REPRESENTATION_CONTEXT('2D SPACE',''
  ) );
#115 = ORIENTED_EDGE('',*,*,#116,.F.);
#116 = EDGE_CURVE('',#117,#84,#119,.T.);
#117 = VERTEX_POINT('',#118);
#118 = CARTESIAN_POINT('',(-4.,-9.,0.6));
#119 = SURFACE_CURVE('',#120,(#124,#131),.PCURVE_S1.);
#120 = LINE('',#121,#122);
#121 = CARTESIAN_POINT('',(-4.,-9.,0.));
#122 = VECTOR('',#123,1.);
#123 = DIRECTION('',(0.,0.,1.));
#124 = PCURVE('',#33,#125);
#125 = DEFINITIONAL_REPRESENTATION('',(#126),#130);
#126 = LINE('',#127,#128);
#127 = CARTESIAN_POINT('',(3.14159265359,0.));
#128 = VECTOR('',#129,1.);
#129 = DIRECTION('',(0.,-1.));
#130 = ( GEOMETRIC_REPRESENTATION_CONTEXT(2) 
PARAMETRIC_REPRESENTATION_CONTEXT() REPRESENTATION_CONTEXT('2D SPACE',''
  ) );
#131 = PCURVE('',#132,#137);
#132 = PLANE('',#133);
#133 = AXIS2_PLACEMENT_3D('',#134,#135,#136);
#134 = CARTESIAN_POINT('',(-4.,-9.,0.));
#135 = DIRECTION('',(-1.,1.110223024625E-16,0.));
#136 = DIRECTION('',(1.110223024625E-16,1.,0.));
#137 = DEFINITIONAL_REPRESENTATION('',(#138),#142);
#138 = LINE('',#139,#140);
#139 = CARTESIAN_POINT('',(0.,0.));
#140 = VECTOR('',#141,1.);
#141 = DIRECTION('',(0.,-1.));
#142 = ( GEOMETRIC_REPRESENTATION_CONTEXT(2) 
PARAMETRIC_REPRESENTATION_CONTEXT() REPRESENTATION_CONTEXT('2D SPACE',''
  ) );
#143 = ORIENTED_EDGE('',*,*,#144,.F.);
#144 = EDGE_CURVE('',#145,#117,#147,.T.);
#145 = VERTEX_POINT('',#146);
#146 = CARTESIAN_POINT('',(4.,-9.,0.6));
#147 = SURFACE_CURVE('',#148,(#153,#160),.PCURVE_S1.);
#148 = CIRCLE('',#149,4.);
#149 = AXIS2_PLACEMENT_3D('',#150,#151,#152);
#150 = CARTESIAN_POINT('',(-1.498801083244E-15,-9.,0.6));
#151 = DIRECTION('',(0.,0.,-1.));
#152 = DIRECTION('',(1.,0.,0.));
#153 = PCURVE('',#33,#154);
#154 = DEFINITIONAL_REPRESENTATION('',(#155),#159);
#155 = LINE('',#156,#157);
#156 = CARTESIAN_POINT('',(0.,-0.6));
#157 = VECTOR('',#158,1.);
#158 = DIRECTION('',(1.,0.));
#159 = ( GEOMETRIC_REPRESENTATION_CONTEXT(2) 
PARAMETRIC_REPRESENTATION_CONTEXT() REPRESENTATION_CONTEXT('2D SPACE',''
  ) );
#160 = PCURVE('',#161,#166);
#161 = TOROIDAL_SURFACE('',#162,3.4,0.6);
#162 = AXIS2_PLACEMENT_3D('',#163,#164,#165);
#163 = CARTESIAN_POINT('',(-1.498801083244E-15,-9.,0.6));
#164 = DIRECTION('',(-0.,0.,-1.));
#165 = DIRECTION('',(1.,0.,0.));
#166 = DEFINITIONAL_REPRESENTATION('',(#167),#171);
#167 = LINE('',#168,#169);
#168 = CARTESIAN_POINT('',(0.,0.));
#169 = VECTOR('',#170,1.);
#170 = DIRECTION('',(1.,0.));
#171 = ( GEOMETRIC_REPRESENTATION_CONTEXT(2) 
PARAMETRIC_REPRESENTATION_CONTEXT() REPRESENTATION_CONTEXT('2D SPACE',''
  ) );
#172 = ORIENTED_EDGE('',*,*,#173,.T.);
#173 = EDGE_CURVE('',#145,#174,#176,.T.);
#174 = VERTEX_POINT('',#175);
#175 = CARTESIAN_POINT('',(4.,-9.,2.3));
#176 = SURFACE_CURVE('',#177,(#181,#188),.PCURVE_S1.);
#177 = LINE('',#178,#179);
#178 = CARTESIAN_POINT('',(4.,-9.,0.6));
#179 = VECTOR('',#180,1.);
#180 = DIRECTION('',(0.,0.,1.));
#181 = PCURVE('',#33,#182);
#182 = DEFINITIONAL_REPRESENTATION('',(#183),#187);
#183 = LINE('',#184,#185);
#184 = CARTESIAN_POINT('',(0.,-0.6));
#185 = VECTOR('',#186,1.);
#186 = DIRECTION('',(0.,-1.));
#187 = ( GEOMETRIC_REPRESENTATION_CONTEXT(2) 
PARAMETRIC_REPRESENTATION_CONTEXT() REPRESENTATION_CONTEXT('2D SPACE',''
  ) );
#188 = PCURVE('',#189,#194);
#189 = PLANE('',#190);
#190 = AXIS2_PLACEMENT_3D('',#191,#192,#193);
#191 = CARTESIAN_POINT('',(4.,10.,0.));
#192 = DIRECTION('',(1.,-1.110223024625E-16,0.));
#193 = DIRECTION('',(-1.110223024625E-16,-1.,0.));
#194 = DEFINITIONAL_REPRESENTATION('',(#195),#199);
#195 = LINE('',#196,#197);
#196 = CARTESIAN_POINT('',(19.,-0.6));
#197 = VECTOR('',#198,1.);
#198 = DIRECTION('',(0.,-1.));
#199 = ( GEOMETRIC_REPRESENTATION_CONTEXT(2) 
PARAMETRIC_REPRESENTATION_CONTEXT() REPRESENTATION_CONTEXT('2D SPACE',''
  ) );
#200 = ORIENTED_EDGE('',*,*,#201,.T.);
#201 = EDGE_CURVE('',#174,#202,#204,.T.);
#202 = VERTEX_POINT('',#203);
#203 = CARTESIAN_POINT('',(3.999852438419,-9.034357981226,2.3));
#204 = SURFACE_CURVE('',#205,(#210,#217),.PCURVE_S1.);
#205 = CIRCLE('',#206,4.);
#206 = AXIS2_PLACEMENT_3D('',#207,#208,#209);
#207 = CARTESIAN_POINT('',(-1.498801083244E-15,-9.,2.3));
#208 = DIRECTION('',(0.,-0.,-1.));
#209 = DIRECTION('',(1.,-1.110223024625E-16,0.));
#210 = PCURVE('',#33,#211);
#211 = DEFINITIONAL_REPRESENTATION('',(#212),#216);
#212 = LINE('',#213,#214);
#213 = CARTESIAN_POINT('',(0.,-2.3));
#214 = VECTOR('',#215,1.);
#215 = DIRECTION('',(1.,0.));
#216 = ( GEOMETRIC_REPRESENTATION_CONTEXT(2) 
PARAMETRIC_REPRESENTATION_CONTEXT() REPRESENTATION_CONTEXT('2D SPACE',''
  ) );
#217 = PCURVE('',#218,#223);
#218 = PLANE('',#219);
#219 = AXIS2_PLACEMENT_3D('',#220,#221,#222);
#220 = CARTESIAN_POINT('',(11.942270123239,1.845701029435,2.3));
#221 = DIRECTION('',(-0.,-0.,-1.));
#222 = DIRECTION('',(-1.,0.,0.));
#223 = DEFINITIONAL_REPRESENTATION('',(#224),#228);
#224 = CIRCLE('',#225,4.);
#225 = AXIS2_PLACEMENT_2D('',#226,#227);
#226 = CARTESIAN_POINT('',(11.942270123239,-10.84570102943));
#227 = DIRECTION('',(-1.,-1.110223024625E-16));
#228 = ( GEOMETRIC_REPRESENTATION_CONTEXT(2) 
PARAMETRIC_REPRESENTATION_CONTEXT() REPRESENTATION_CONTEXT('2D SPACE',''
  ) );
#229 = ORIENTED_EDGE('',*,*,#230,.F.);
#230 = EDGE_CURVE('',#22,#202,#231,.T.);
#231 = SURFACE_CURVE('',#232,(#238,#247),.PCURVE_S1.);
#232 = B_SPLINE_CURVE_WITH_KNOTS('',4,(#233,#234,#235,#236,#237),
  .UNSPECIFIED.,.F.,.F.,(5,5),(0.,1.),.PIECEWISE_BEZIER_KNOTS.);
#233 = CARTESIAN_POINT('',(3.999852438419,-9.034357981226,3.0000006));
#234 = CARTESIAN_POINT('',(3.999852438419,-9.034357981226,2.8250003));
#235 = CARTESIAN_POINT('',(3.999852438419,-9.034357981226,2.65));
#236 = CARTESIAN_POINT('',(3.999852438419,-9.034357981226,2.4749997));
#237 = CARTESIAN_POINT('',(3.999852438419,-9.034357981226,2.2999994));
#238 = PCURVE('',#33,#239);
#239 = DEFINITIONAL_REPRESENTATION('',(#240),#246);
#240 = B_SPLINE_CURVE_WITH_KNOTS('',4,(#241,#242,#243,#244,#245),
  .UNSPECIFIED.,.F.,.F.,(5,5),(0.,1.),.PIECEWISE_BEZIER_KNOTS.);
#241 = CARTESIAN_POINT('',(8.589600931311E-03,-3.0000006));
#242 = CARTESIAN_POINT('',(8.589600931311E-03,-2.8250003));
#243 = CARTESIAN_POINT('',(8.589600931311E-03,-2.65));
#244 = CARTESIAN_POINT('',(8.589600931311E-03,-2.4749997));
#245 = CARTESIAN_POINT('',(8.589600931311E-03,-2.2999994));
#246 = ( GEOMETRIC_REPRESENTATION_CONTEXT(2) 
PARAMETRIC_REPRESENTATION_CONTEXT() REPRESENTATION_CONTEXT('2D SPACE',''
  ) );
#247 = PCURVE('',#248,#269);
#248 = SURFACE_OF_LINEAR_EXTRUSION('',#249,#267);
#249 = B_SPLINE_CURVE_WITH_KNOTS('',3,(#250,#251,#252,#253,#254,#255,
    #256,#257,#258,#259,#260,#261,#262,#263,#264,#265,#266),
  .UNSPECIFIED.,.T.,.F.,(1,1,2,1,1,1,1,1,1,1,1,1,1,1,1,1,2,1,1),(
    -14.32455532033,-8.,0.,8.38152730712,15.108339330657,21.191101860955
    ,26.781271804705,32.00142505916,38.520627464363,44.623905272229,
    49.340895838258,55.525554276684,61.115724220434,67.634926625636,
    73.998887656315,80.323442976652,88.323442976652,96.704970283772,
    103.4317823073),.UNSPECIFIED.);
#250 = CARTESIAN_POINT('',(2.529901262459,1.358879297217,2.3));
#251 = CARTESIAN_POINT('',(2.468672719023,6.767078161472,2.3));
#252 = CARTESIAN_POINT('',(4.161161485493,11.90986798088,2.3));
#253 = CARTESIAN_POINT('',(9.513240301139,16.966948396853,2.3));
#254 = CARTESIAN_POINT('',(15.848444806828,18.125149214497,2.3));
#255 = CARTESIAN_POINT('',(21.568699983256,15.691520220368,2.3));
#256 = CARTESIAN_POINT('',(23.276383539246,9.369038321172,2.3));
#257 = CARTESIAN_POINT('',(20.050819261272,4.066298048918,2.3));
#258 = CARTESIAN_POINT('',(11.891907143274,1.78315200199,2.3));
#259 = CARTESIAN_POINT('',(17.525499534264,-3.422705101014,2.3));
#260 = CARTESIAN_POINT('',(18.63158131579,-8.686450613918,2.3));
#261 = CARTESIAN_POINT('',(16.077174769644,-15.22263309214,2.3));
#262 = CARTESIAN_POINT('',(8.437476134967,-15.44685054077,2.3));
#263 = CARTESIAN_POINT('',(4.143171982934,-10.15597490568,2.3));
#264 = CARTESIAN_POINT('',(1.887738713446,-3.516586517278,2.3));
#265 = CARTESIAN_POINT('',(2.529901262459,1.358879297217,2.3));
#266 = CARTESIAN_POINT('',(2.468672719023,6.767078161472,2.3));
#267 = VECTOR('',#268,1.);
#268 = DIRECTION('',(-0.,-0.,-1.));
#269 = DEFINITIONAL_REPRESENTATION('',(#270),#276);
#270 = B_SPLINE_CURVE_WITH_KNOTS('',4,(#271,#272,#273,#274,#275),
  .UNSPECIFIED.,.F.,.F.,(5,5),(0.,1.),.PIECEWISE_BEZIER_KNOTS.);
#271 = CARTESIAN_POINT('',(75.064909683537,-0.7000006));
#272 = CARTESIAN_POINT('',(75.064909683537,-0.5250003));
#273 = CARTESIAN_POINT('',(75.064909683537,-0.35));
#274 = CARTESIAN_POINT('',(75.064909683537,-0.1749997));
#275 = CARTESIAN_POINT('',(75.064909683537,6.000000000173E-07));
#276 = ( GEOMETRIC_REPRESENTATION_CONTEXT(2) 
PARAMETRIC_REPRESENTATION_CONTEXT() REPRESENTATION_CONTEXT('2D SPACE',''
  ) );
#277 = ADVANCED_FACE('',(#278),#45,.T.);
#278 = FACE_BOUND('',#279,.F.);
#279 = EDGE_LOOP('',(#280,#316,#343,#373,#374,#592,#621));
#280 = ORIENTED_EDGE('',*,*,#281,.T.);
#281 = EDGE_CURVE('',#282,#284,#286,.T.);
#282 = VERTEX_POINT('',#283);
#283 = CARTESIAN_POINT('',(3.309305459176,-9.3,4.5));
#284 = VERTEX_POINT('',#285);
#285 = CARTESIAN_POINT('',(3.322875655532,-9.,4.5));
#286 = SURFACE_CURVE('',#287,(#293,#302),.PCURVE_S1.);
#287 = B_SPLINE_CURVE_WITH_KNOTS('',4,(#288,#289,#290,#291,#292),
  .UNSPECIFIED.,.F.,.F.,(5,5),(0.,1.),.PIECEWISE_BEZIER_KNOTS.);
#288 = CARTESIAN_POINT('',(3.303316912155,-9.36,4.5));
#289 = CARTESIAN_POINT('',(3.313086677529,-9.270353802259,4.5));
#290 = CARTESIAN_POINT('',(3.319612661359,-9.180354032034,4.5));
#291 = CARTESIAN_POINT('',(3.322875655532,-9.090176992813,4.5));
#292 = CARTESIAN_POINT('',(3.322875655532,-9.,4.5));
#293 = PCURVE('',#45,#294);
#294 = DEFINITIONAL_REPRESENTATION('',(#295),#301);
#295 = B_SPLINE_CURVE_WITH_KNOTS('',4,(#296,#297,#298,#299,#300),
  .UNSPECIFIED.,.F.,.F.,(5,5),(0.,1.),.PIECEWISE_BEZIER_KNOTS.);
#296 = CARTESIAN_POINT('',(-0.108552962959,0.848062078981));
#297 = CARTESIAN_POINT('',(-8.141472580975E-02,0.848062078981));
#298 = CARTESIAN_POINT('',(-5.427648095749E-02,0.848062078981));
#299 = CARTESIAN_POINT('',(-2.713823873103E-02,0.848062078981));
#300 = CARTESIAN_POINT('',(0.,0.848062078981));
#301 = ( GEOMETRIC_REPRESENTATION_CONTEXT(2) 
PARAMETRIC_REPRESENTATION_CONTEXT() REPRESENTATION_CONTEXT('2D SPACE',''
  ) );
#302 = PCURVE('',#303,#308);
#303 = PLANE('',#304);
#304 = AXIS2_PLACEMENT_3D('',#305,#306,#307);
#305 = CARTESIAN_POINT('',(-5.,-9.3,4.5));
#306 = DIRECTION('',(0.,0.,1.));
#307 = DIRECTION('',(1.,0.,0.));
#308 = DEFINITIONAL_REPRESENTATION('',(#309),#315);
#309 = B_SPLINE_CURVE_WITH_KNOTS('',4,(#310,#311,#312,#313,#314),
  .UNSPECIFIED.,.F.,.F.,(5,5),(0.,1.),.PIECEWISE_BEZIER_KNOTS.);
#310 = CARTESIAN_POINT('',(8.303316912155,-6.E-02));
#311 = CARTESIAN_POINT('',(8.313086677529,2.964619774069E-02));
#312 = CARTESIAN_POINT('',(8.319612661359,0.119645967966));
#313 = CARTESIAN_POINT('',(8.322875655532,0.209823007187));
#314 = CARTESIAN_POINT('',(8.322875655532,0.3));
#315 = ( GEOMETRIC_REPRESENTATION_CONTEXT(2) 
PARAMETRIC_REPRESENTATION_CONTEXT() REPRESENTATION_CONTEXT('2D SPACE',''
  ) );
#316 = ORIENTED_EDGE('',*,*,#317,.F.);
#317 = EDGE_CURVE('',#318,#284,#320,.T.);
#318 = VERTEX_POINT('',#319);
#319 = CARTESIAN_POINT('',(3.983415116895,-9.,3.257030103438));
#320 = SURFACE_CURVE('',#321,(#326,#332),.PCURVE_S1.);
#321 = CIRCLE('',#322,2.);
#322 = AXIS2_PLACEMENT_3D('',#323,#324,#325);
#323 = CARTESIAN_POINT('',(2.,-9.,3.));
#324 = DIRECTION('',(-1.110223024625E-16,-1.,0.));
#325 = DIRECTION('',(1.,-1.110223024625E-16,0.));
#326 = PCURVE('',#45,#327);
#327 = DEFINITIONAL_REPRESENTATION('',(#328),#331);
#328 = B_SPLINE_CURVE_WITH_KNOTS('',1,(#329,#330),.UNSPECIFIED.,.F.,.F.,
  (2,2),(0.,1.570796326795),.PIECEWISE_BEZIER_KNOTS.);
#329 = CARTESIAN_POINT('',(0.,0.));
#330 = CARTESIAN_POINT('',(0.,1.570796326795));
#331 = ( GEOMETRIC_REPRESENTATION_CONTEXT(2) 
PARAMETRIC_REPRESENTATION_CONTEXT() REPRESENTATION_CONTEXT('2D SPACE',''
  ) );
#332 = PCURVE('',#333,#338);
#333 = CYLINDRICAL_SURFACE('',#334,2.);
#334 = AXIS2_PLACEMENT_3D('',#335,#336,#337);
#335 = CARTESIAN_POINT('',(2.,10.,3.));
#336 = DIRECTION('',(-1.110223024625E-16,-1.,0.));
#337 = DIRECTION('',(1.,-1.110223024625E-16,0.));
#338 = DEFINITIONAL_REPRESENTATION('',(#339),#342);
#339 = B_SPLINE_CURVE_WITH_KNOTS('',1,(#340,#341),.UNSPECIFIED.,.F.,.F.,
  (2,2),(0.,1.570796326795),.PIECEWISE_BEZIER_KNOTS.);
#340 = CARTESIAN_POINT('',(0.,19.));
#341 = CARTESIAN_POINT('',(1.570796326795,19.));
#342 = ( GEOMETRIC_REPRESENTATION_CONTEXT(2) 
PARAMETRIC_REPRESENTATION_CONTEXT() REPRESENTATION_CONTEXT('2D SPACE',''
  ) );
#343 = ORIENTED_EDGE('',*,*,#344,.F.);
#344 = EDGE_CURVE('',#22,#318,#345,.T.);
#345 = SURFACE_CURVE('',#346,(#353,#363),.PCURVE_S1.);
#346 = B_SPLINE_CURVE_WITH_KNOTS('',5,(#347,#348,#349,#350,#351,#352),
  .UNSPECIFIED.,.F.,.F.,(6,6),(0.,1.),.PIECEWISE_BEZIER_KNOTS.);
#347 = CARTESIAN_POINT('',(3.999852438419,-9.034357981226,3.));
#348 = CARTESIAN_POINT('',(3.999852438419,-9.034357981226,3.052092299292
    ));
#349 = CARTESIAN_POINT('',(3.998186153919,-9.030884663749,3.104187971904
    ));
#350 = CARTESIAN_POINT('',(3.994853483163,-9.023938102705,3.155927907648
    ));
#351 = CARTESIAN_POINT('',(3.989901381601,-9.013595669519,3.206977773772
    ));
#352 = CARTESIAN_POINT('',(3.983415116895,-9.,3.257030103438));
#353 = PCURVE('',#45,#354);
#354 = DEFINITIONAL_REPRESENTATION('',(#355),#362);
#355 = B_SPLINE_CURVE_WITH_KNOTS('',5,(#356,#357,#358,#359,#360,#361),
  .UNSPECIFIED.,.F.,.F.,(6,6),(0.,1.),.PIECEWISE_BEZIER_KNOTS.);
#356 = CARTESIAN_POINT('',(-8.589600931312E-03,0.));
#357 = CARTESIAN_POINT('',(-8.589600931313E-03,2.604614964623E-02));
#358 = CARTESIAN_POINT('',(-7.724862235391E-03,5.209397102101E-02));
#359 = CARTESIAN_POINT('',(-5.995529608474E-03,7.800081558178E-02));
#360 = CARTESIAN_POINT('',(-3.413068716087E-03,0.103636040599));
#361 = CARTESIAN_POINT('',(0.,0.128871468745));
#362 = ( GEOMETRIC_REPRESENTATION_CONTEXT(2) 
PARAMETRIC_REPRESENTATION_CONTEXT() REPRESENTATION_CONTEXT('2D SPACE',''
  ) );
#363 = PCURVE('',#248,#364);
#364 = DEFINITIONAL_REPRESENTATION('',(#365),#372);
#365 = B_SPLINE_CURVE_WITH_KNOTS('',5,(#366,#367,#368,#369,#370,#371),
  .UNSPECIFIED.,.F.,.F.,(6,6),(0.,1.),.PIECEWISE_BEZIER_KNOTS.);
#366 = CARTESIAN_POINT('',(75.064909687771,-0.7));
#367 = CARTESIAN_POINT('',(75.064909687771,-0.752092299292));
#368 = CARTESIAN_POINT('',(75.068699444143,-0.804187971904));
#369 = CARTESIAN_POINT('',(75.076278970366,-0.855927907648));
#370 = CARTESIAN_POINT('',(75.087560608736,-0.906977773772));
#371 = CARTESIAN_POINT('',(75.102383366613,-0.957030103438));
#372 = ( GEOMETRIC_REPRESENTATION_CONTEXT(2) 
PARAMETRIC_REPRESENTATION_CONTEXT() REPRESENTATION_CONTEXT('2D SPACE',''
  ) );
#373 = ORIENTED_EDGE('',*,*,#21,.T.);
#374 = ORIENTED_EDGE('',*,*,#375,.T.);
#375 = EDGE_CURVE('',#24,#376,#378,.T.);
#376 = VERTEX_POINT('',#377);
#377 = CARTESIAN_POINT('',(-4.406877377904E-17,-11.,5.));
#378 = SURFACE_CURVE('',#379,(#448,#520),.PCURVE_S1.);
#379 = B_SPLINE_CURVE_WITH_KNOTS('',7,(#380,#381,#382,#383,#384,#385,
    #386,#387,#388,#389,#390,#391,#392,#393,#394,#395,#396,#397,#398,
    #399,#400,#401,#402,#403,#404,#405,#406,#407,#408,#409,#410,#411,
    #412,#413,#414,#415,#416,#417,#418,#419,#420,#421,#422,#423,#424,
    #425,#426,#427,#428,#429,#430,#431,#432,#433,#434,#435,#436,#437,
    #438,#439,#440,#441,#442,#443,#444,#445,#446,#447),.UNSPECIFIED.,.F.
  ,.F.,(8,6,6,6,6,6,6,6,6,6,6,8),(0.,0.303011709012,0.331013564472,
    0.36001548619,0.389017407907,0.416019197109,0.445021118826,
    0.474023040544,0.503024962261,0.531026817722,0.551028143081,1.),
  .UNSPECIFIED.);
#380 = CARTESIAN_POINT('',(0.,-13.,3.));
#381 = CARTESIAN_POINT('',(0.,-13.,3.135982325651));
#382 = CARTESIAN_POINT('',(0.,-12.98921345027,3.271976110154));
#383 = CARTESIAN_POINT('',(0.,-12.96763722569,3.40693414484));
#384 = CARTESIAN_POINT('',(0.,-12.93539943227,3.539833944562));
#385 = CARTESIAN_POINT('',(0.,-12.89274197525,3.669678258852));
#386 = CARTESIAN_POINT('',(0.,-12.84001947318,3.795499548205));
#387 = CARTESIAN_POINT('',(0.,-12.77195680574,3.927538135199));
#388 = CARTESIAN_POINT('',(0.,-12.76611721483,3.938665638761));
#389 = CARTESIAN_POINT('',(0.,-12.76019611698,3.949750215779));
#390 = CARTESIAN_POINT('',(0.,-12.75419389135,3.960791150123));
#391 = CARTESIAN_POINT('',(0.,-12.74811092494,3.971787729917));
#392 = CARTESIAN_POINT('',(0.,-12.74194761259,3.982739247542));
#393 = CARTESIAN_POINT('',(0.,-12.72923812787,4.004940242865));
#394 = CARTESIAN_POINT('',(0.,-12.72268614321,4.016186393403));
#395 = CARTESIAN_POINT('',(0.,-12.71604885031,4.027382669787));
#396 = CARTESIAN_POINT('',(0.,-12.70932670533,4.038528295855));
#397 = CARTESIAN_POINT('',(0.,-12.70252017318,4.049622500738));
#398 = CARTESIAN_POINT('',(0.,-12.69562972758,4.060664518866));
#399 = CARTESIAN_POINT('',(0.,-12.68168197442,4.08264266105));
#400 = CARTESIAN_POINT('',(0.,-12.67462466675,4.093578785292));
#401 = CARTESIAN_POINT('',(0.,-12.66748441049,4.104461202408));
#402 = CARTESIAN_POINT('',(0.,-12.66026169663,4.115289157813));
#403 = CARTESIAN_POINT('',(0.,-12.65295702474,4.126061902608));
#404 = CARTESIAN_POINT('',(0.,-12.64557090289,4.136778693588));
#405 = CARTESIAN_POINT('',(0.,-12.63115176178,4.157363713599));
#406 = CARTESIAN_POINT('',(0.,-12.62412952072,4.167239492627));
#407 = CARTESIAN_POINT('',(0.,-12.6170375414,4.177065535128));
#408 = CARTESIAN_POINT('',(0.,-12.60987624694,4.186841250464));
#409 = CARTESIAN_POINT('',(0.,-12.6026460667,4.196566052549));
#410 = CARTESIAN_POINT('',(0.,-12.59534743623,4.20623935985));
#411 = CARTESIAN_POINT('',(0.,-12.5800684814,4.226194515036));
#412 = CARTESIAN_POINT('',(0.,-12.57207770844,4.236468363024));
#413 = CARTESIAN_POINT('',(0.,-12.56400902583,4.246681424405));
#414 = CARTESIAN_POINT('',(0.,-12.55586298897,4.256832990647));
#415 = CARTESIAN_POINT('',(0.,-12.54764016128,4.266922359635));
#416 = CARTESIAN_POINT('',(0.,-12.53934111415,4.276948835669));
#417 = CARTESIAN_POINT('',(0.,-12.52259173981,4.296874623266));
#418 = CARTESIAN_POINT('',(0.,-12.51414141247,4.306773934997));
#419 = CARTESIAN_POINT('',(0.,-12.50561602435,4.316608975379));
#420 = CARTESIAN_POINT('',(0.,-12.49701616256,4.326379061909));
#421 = CARTESIAN_POINT('',(0.,-12.48834242189,4.336083518854));
#422 = CARTESIAN_POINT('',(0.,-12.47959540483,4.345721677259));
#423 = CARTESIAN_POINT('',(0.,-12.46195603829,4.364864072621));
#424 = CARTESIAN_POINT('',(0.,-12.45306368867,4.374368309739));
#425 = CARTESIAN_POINT('',(0.,-12.44409928289,4.383804924114));
#426 = CARTESIAN_POINT('',(0.,-12.43506343851,4.393173260683));
#427 = CARTESIAN_POINT('',(0.,-12.42595678049,4.402472671502));
#428 = CARTESIAN_POINT('',(0.,-12.41677994116,4.411702515744));
#429 = CARTESIAN_POINT('',(0.,-12.39860601998,4.429705953866));
#430 = CARTESIAN_POINT('',(0.,-12.38961365129,4.438484305809));
#431 = CARTESIAN_POINT('',(0.,-12.38055702992,4.44719664515));
#432 = CARTESIAN_POINT('',(0.,-12.37143673778,4.45584240798));
#433 = CARTESIAN_POINT('',(0.,-12.3622533629,4.464421036854));
#434 = CARTESIAN_POINT('',(0.,-12.35300749947,4.472931980795));
#435 = CARTESIAN_POINT('',(0.,-12.33705135368,4.487405205653));
#436 = CARTESIAN_POINT('',(0.,-12.33037138391,4.493400905117));
#437 = CARTESIAN_POINT('',(0.,-12.32366005719,4.499361595265));
#438 = CARTESIAN_POINT('',(0.,-12.31691759381,4.505287079425));
#439 = CARTESIAN_POINT('',(0.,-12.31014421556,4.511177162662));
#440 = CARTESIAN_POINT('',(0.,-12.3033401458,4.517031651787));
#441 = CARTESIAN_POINT('',(0.,-12.1430900508,4.653463407116));
#442 = CARTESIAN_POINT('',(0.,-11.97426191939,4.766096938141));
#443 = CARTESIAN_POINT('',(0.,-11.79265456583,4.858466780552));
#444 = CARTESIAN_POINT('',(0.,-11.60120915931,4.928923944047));
#445 = CARTESIAN_POINT('',(0.,-11.40304973843,4.976318696678));
#446 = CARTESIAN_POINT('',(0.,-11.2014847461,5.));
#447 = CARTESIAN_POINT('',(0.,-11.,5.));
#448 = PCURVE('',#45,#449);
#449 = DEFINITIONAL_REPRESENTATION('',(#450),#519);
#450 = B_SPLINE_CURVE_WITH_KNOTS('',7,(#451,#452,#453,#454,#455,#456,
    #457,#458,#459,#460,#461,#462,#463,#464,#465,#466,#467,#468,#469,
    #470,#471,#472,#473,#474,#475,#476,#477,#478,#479,#480,#481,#482,
    #483,#484,#485,#486,#487,#488,#489,#490,#491,#492,#493,#494,#495,
    #496,#497,#498,#499,#500,#501,#502,#503,#504,#505,#506,#507,#508,
    #509,#510,#511,#512,#513,#514,#515,#516,#517,#518),.UNSPECIFIED.,.F.
  ,.F.,(8,6,6,6,6,6,6,6,6,6,6,8),(0.,0.303011709012,0.331013564472,
    0.36001548619,0.389017407907,0.416019197109,0.445021118826,
    0.474023040544,0.503024962261,0.531026817722,0.551028143081,1.),
  .UNSPECIFIED.);
#451 = CARTESIAN_POINT('',(-1.570796326795,0.));
#452 = CARTESIAN_POINT('',(-1.570796326795,6.799116282547E-02));
#453 = CARTESIAN_POINT('',(-1.570796326795,0.135987978913));
#454 = CARTESIAN_POINT('',(-1.570796326795,0.203980636788));
#455 = CARTESIAN_POINT('',(-1.570796326795,0.271970650231));
#456 = CARTESIAN_POINT('',(-1.570796326795,0.339963308106));
#457 = CARTESIAN_POINT('',(-1.570796326795,0.407960124193));
#458 = CARTESIAN_POINT('',(-1.570796326795,0.482234472313));
#459 = CARTESIAN_POINT('',(-1.570796326795,0.48851765762));
#460 = CARTESIAN_POINT('',(-1.570796326795,0.494800842935));
#461 = CARTESIAN_POINT('',(-1.570796326795,0.501084028253));
#462 = CARTESIAN_POINT('',(-1.570796326795,0.507367213568));
#463 = CARTESIAN_POINT('',(-1.570796326795,0.513650398875));
#464 = CARTESIAN_POINT('',(-1.570796326795,0.526441168936));
#465 = CARTESIAN_POINT('',(-1.570796326795,0.532948753718));
#466 = CARTESIAN_POINT('',(-1.570796326795,0.53945633851));
#467 = CARTESIAN_POINT('',(-1.570796326795,0.545963923305));
#468 = CARTESIAN_POINT('',(-1.570796326795,0.552471508097));
#469 = CARTESIAN_POINT('',(-1.570796326795,0.558979092879));
#470 = CARTESIAN_POINT('',(-1.570796326795,0.571994262413));
#471 = CARTESIAN_POINT('',(-1.570796326795,0.578501847195));
#472 = CARTESIAN_POINT('',(-1.570796326795,0.585009431987));
#473 = CARTESIAN_POINT('',(-1.570796326795,0.591517016782));
#474 = CARTESIAN_POINT('',(-1.570796326795,0.598024601574));
#475 = CARTESIAN_POINT('',(-1.570796326795,0.604532186356));
#476 = CARTESIAN_POINT('',(-1.570796326795,0.617098556944));
#477 = CARTESIAN_POINT('',(-1.570796326795,0.623157342776));
#478 = CARTESIAN_POINT('',(-1.570796326795,0.629216128615));
#479 = CARTESIAN_POINT('',(-1.570796326795,0.635274914455));
#480 = CARTESIAN_POINT('',(-1.570796326795,0.641333700294));
#481 = CARTESIAN_POINT('',(-1.570796326795,0.647392486126));
#482 = CARTESIAN_POINT('',(-1.570796326795,0.659958856714));
#483 = CARTESIAN_POINT('',(-1.570796326795,0.666466441496));
#484 = CARTESIAN_POINT('',(-1.570796326795,0.672974026288));
#485 = CARTESIAN_POINT('',(-1.570796326795,0.679481611083));
#486 = CARTESIAN_POINT('',(-1.570796326795,0.685989195874));
#487 = CARTESIAN_POINT('',(-1.570796326795,0.692496780657));
#488 = CARTESIAN_POINT('',(-1.570796326795,0.705511950191));
#489 = CARTESIAN_POINT('',(-1.570796326795,0.712019534973));
#490 = CARTESIAN_POINT('',(-1.570796326795,0.718527119765));
#491 = CARTESIAN_POINT('',(-1.570796326795,0.72503470456));
#492 = CARTESIAN_POINT('',(-1.570796326795,0.731542289351));
#493 = CARTESIAN_POINT('',(-1.570796326795,0.738049874134));
#494 = CARTESIAN_POINT('',(-1.570796326795,0.751065043668));
#495 = CARTESIAN_POINT('',(-1.570796326795,0.75757262845));
#496 = CARTESIAN_POINT('',(-1.570796326795,0.764080213242));
#497 = CARTESIAN_POINT('',(-1.570796326795,0.770587798037));
#498 = CARTESIAN_POINT('',(-1.570796326795,0.777095382829));
#499 = CARTESIAN_POINT('',(-1.570796326795,0.783602967611));
#500 = CARTESIAN_POINT('',(-1.570796326795,0.796393737672));
#501 = CARTESIAN_POINT('',(-1.570796326795,0.802676922979));
#502 = CARTESIAN_POINT('',(-1.570796326795,0.808960108294));
#503 = CARTESIAN_POINT('',(-1.570796326795,0.815243293612));
#504 = CARTESIAN_POINT('',(-1.570796326795,0.821526478927));
#505 = CARTESIAN_POINT('',(-1.570796326795,0.827809664234));
#506 = CARTESIAN_POINT('',(-1.570796326795,0.838580839031));
#507 = CARTESIAN_POINT('',(-1.570796326795,0.843068828536));
#508 = CARTESIAN_POINT('',(-1.570796326795,0.847556818043));
#509 = CARTESIAN_POINT('',(-1.570796326795,0.85204480755));
#510 = CARTESIAN_POINT('',(-1.570796326795,0.856532797056));
#511 = CARTESIAN_POINT('',(-1.570796326795,0.861020786561));
#512 = CARTESIAN_POINT('',(-1.570796326795,0.966251149114));
#513 = CARTESIAN_POINT('',(-1.570796326795,1.067033664152));
#514 = CARTESIAN_POINT('',(-1.570796326795,1.167783303791));
#515 = CARTESIAN_POINT('',(-1.570796326795,1.268521799068));
#516 = CARTESIAN_POINT('',(-1.570796326795,1.369271438707));
#517 = CARTESIAN_POINT('',(-1.570796326795,1.470053953745));
#518 = CARTESIAN_POINT('',(-1.570796326795,1.570796326795));
#519 = ( GEOMETRIC_REPRESENTATION_CONTEXT(2) 
PARAMETRIC_REPRESENTATION_CONTEXT() REPRESENTATION_CONTEXT('2D SPACE',''
  ) );
#520 = PCURVE('',#72,#521);
#521 = DEFINITIONAL_REPRESENTATION('',(#522),#591);
#522 = B_SPLINE_CURVE_WITH_KNOTS('',7,(#523,#524,#525,#526,#527,#528,
    #529,#530,#531,#532,#533,#534,#535,#536,#537,#538,#539,#540,#541,
    #542,#543,#544,#545,#546,#547,#548,#549,#550,#551,#552,#553,#554,
    #555,#556,#557,#558,#559,#560,#561,#562,#563,#564,#565,#566,#567,
    #568,#569,#570,#571,#572,#573,#574,#575,#576,#577,#578,#579,#580,
    #581,#582,#583,#584,#585,#586,#587,#588,#589,#590),.UNSPECIFIED.,.F.
  ,.F.,(8,6,6,6,6,6,6,6,6,6,6,8),(0.,0.303011709012,0.331013564472,
    0.36001548619,0.389017407907,0.416019197109,0.445021118826,
    0.474023040544,0.503024962261,0.531026817722,0.551028143081,1.),
  .UNSPECIFIED.);
#523 = CARTESIAN_POINT('',(0.8,-17.));
#524 = CARTESIAN_POINT('',(0.935982325651,-17.));
#525 = CARTESIAN_POINT('',(1.071976110154,-17.01078654972));
#526 = CARTESIAN_POINT('',(1.20693414484,-17.0323627743));
#527 = CARTESIAN_POINT('',(1.339833944562,-17.06460056772));
#528 = CARTESIAN_POINT('',(1.469678258852,-17.10725802475));
#529 = CARTESIAN_POINT('',(1.595499548205,-17.15998052681));
#530 = CARTESIAN_POINT('',(1.727538135199,-17.22804319425));
#531 = CARTESIAN_POINT('',(1.738665638761,-17.23388278516));
#532 = CARTESIAN_POINT('',(1.749750215779,-17.23980388301));
#533 = CARTESIAN_POINT('',(1.760791150123,-17.24580610864));
#534 = CARTESIAN_POINT('',(1.771787729917,-17.25188907505));
#535 = CARTESIAN_POINT('',(1.782739247542,-17.2580523874));
#536 = CARTESIAN_POINT('',(1.804940242865,-17.27076187212));
#537 = CARTESIAN_POINT('',(1.816186393403,-17.27731385678));
#538 = CARTESIAN_POINT('',(1.827382669787,-17.28395114968));
#539 = CARTESIAN_POINT('',(1.838528295855,-17.29067329466));
#540 = CARTESIAN_POINT('',(1.849622500738,-17.29747982681));
#541 = CARTESIAN_POINT('',(1.860664518866,-17.30437027241));
#542 = CARTESIAN_POINT('',(1.88264266105,-17.31831802557));
#543 = CARTESIAN_POINT('',(1.893578785292,-17.32537533324));
#544 = CARTESIAN_POINT('',(1.904461202408,-17.3325155895));
#545 = CARTESIAN_POINT('',(1.915289157813,-17.33973830336));
#546 = CARTESIAN_POINT('',(1.926061902608,-17.34704297525));
#547 = CARTESIAN_POINT('',(1.936778693588,-17.3544290971));
#548 = CARTESIAN_POINT('',(1.957363713599,-17.36884823821));
#549 = CARTESIAN_POINT('',(1.967239492627,-17.37587047927));
#550 = CARTESIAN_POINT('',(1.977065535128,-17.38296245859));
#551 = CARTESIAN_POINT('',(1.986841250464,-17.39012375305));
#552 = CARTESIAN_POINT('',(1.996566052549,-17.39735393329));
#553 = CARTESIAN_POINT('',(2.00623935985,-17.40465256376));
#554 = CARTESIAN_POINT('',(2.026194515036,-17.41993151859));
#555 = CARTESIAN_POINT('',(2.036468363024,-17.42792229155));
#556 = CARTESIAN_POINT('',(2.046681424405,-17.43599097416));
#557 = CARTESIAN_POINT('',(2.056832990647,-17.44413701102));
#558 = CARTESIAN_POINT('',(2.066922359635,-17.45235983871));
#559 = CARTESIAN_POINT('',(2.076948835669,-17.46065888584));
#560 = CARTESIAN_POINT('',(2.096874623266,-17.47740826018));
#561 = CARTESIAN_POINT('',(2.106773934997,-17.48585858752));
#562 = CARTESIAN_POINT('',(2.116608975379,-17.49438397564));
#563 = CARTESIAN_POINT('',(2.126379061909,-17.50298383743));
#564 = CARTESIAN_POINT('',(2.136083518854,-17.5116575781));
#565 = CARTESIAN_POINT('',(2.145721677259,-17.52040459517));
#566 = CARTESIAN_POINT('',(2.164864072621,-17.5380439617));
#567 = CARTESIAN_POINT('',(2.174368309739,-17.54693631132));
#568 = CARTESIAN_POINT('',(2.183804924114,-17.5559007171));
#569 = CARTESIAN_POINT('',(2.193173260683,-17.56493656148));
#570 = CARTESIAN_POINT('',(2.202472671502,-17.5740432195));
#571 = CARTESIAN_POINT('',(2.211702515744,-17.58322005883));
#572 = CARTESIAN_POINT('',(2.229705953866,-17.60139398001));
#573 = CARTESIAN_POINT('',(2.238484305809,-17.6103863487));
#574 = CARTESIAN_POINT('',(2.24719664515,-17.61944297007));
#575 = CARTESIAN_POINT('',(2.25584240798,-17.62856326221));
#576 = CARTESIAN_POINT('',(2.264421036854,-17.63774663709));
#577 = CARTESIAN_POINT('',(2.272931980795,-17.64699250053));
#578 = CARTESIAN_POINT('',(2.287405205653,-17.66294864631));
#579 = CARTESIAN_POINT('',(2.293400905117,-17.66962861608));
#580 = CARTESIAN_POINT('',(2.299361595265,-17.6763399428));
#581 = CARTESIAN_POINT('',(2.305287079425,-17.68308240618));
#582 = CARTESIAN_POINT('',(2.311177162662,-17.68985578443));
#583 = CARTESIAN_POINT('',(2.317031651787,-17.69665985419));
#584 = CARTESIAN_POINT('',(2.453463407116,-17.85690994919));
#585 = CARTESIAN_POINT('',(2.566096938141,-18.0257380806));
#586 = CARTESIAN_POINT('',(2.658466780552,-18.20734543416));
#587 = CARTESIAN_POINT('',(2.728923944047,-18.39879084069));
#588 = CARTESIAN_POINT('',(2.776318696678,-18.59695026156));
#589 = CARTESIAN_POINT('',(2.8,-18.7985152539));
#590 = CARTESIAN_POINT('',(2.8,-19.));
#591 = ( GEOMETRIC_REPRESENTATION_CONTEXT(2) 
PARAMETRIC_REPRESENTATION_CONTEXT() REPRESENTATION_CONTEXT('2D SPACE',''
  ) );
#592 = ORIENTED_EDGE('',*,*,#593,.F.);
#593 = EDGE_CURVE('',#594,#376,#596,.T.);
#594 = VERTEX_POINT('',#595);
#595 = CARTESIAN_POINT('',(1.977371993329,-9.3,5.));
#596 = SURFACE_CURVE('',#597,(#602,#609),.PCURVE_S1.);
#597 = CIRCLE('',#598,2.);
#598 = AXIS2_PLACEMENT_3D('',#599,#600,#601);
#599 = CARTESIAN_POINT('',(-1.498801083244E-15,-9.,5.));
#600 = DIRECTION('',(0.,0.,-1.));
#601 = DIRECTION('',(1.,0.,0.));
#602 = PCURVE('',#45,#603);
#603 = DEFINITIONAL_REPRESENTATION('',(#604),#608);
#604 = LINE('',#605,#606);
#605 = CARTESIAN_POINT('',(-0.,1.570796326795));
#606 = VECTOR('',#607,1.);
#607 = DIRECTION('',(-1.,0.));
#608 = ( GEOMETRIC_REPRESENTATION_CONTEXT(2) 
PARAMETRIC_REPRESENTATION_CONTEXT() REPRESENTATION_CONTEXT('2D SPACE',''
  ) );
#609 = PCURVE('',#610,#615);
#610 = PLANE('',#611);
#611 = AXIS2_PLACEMENT_3D('',#612,#613,#614);
#612 = CARTESIAN_POINT('',(-3.724619179388E-16,0.5,5.));
#613 = DIRECTION('',(-0.,-0.,-1.));
#614 = DIRECTION('',(-1.,0.,0.));
#615 = DEFINITIONAL_REPRESENTATION('',(#616),#620);
#616 = CIRCLE('',#617,2.);
#617 = AXIS2_PLACEMENT_2D('',#618,#619);
#618 = CARTESIAN_POINT('',(1.126339165305E-15,-9.5));
#619 = DIRECTION('',(-1.,0.));
#620 = ( GEOMETRIC_REPRESENTATION_CONTEXT(2) 
PARAMETRIC_REPRESENTATION_CONTEXT() REPRESENTATION_CONTEXT('2D SPACE',''
  ) );
#621 = ORIENTED_EDGE('',*,*,#622,.F.);
#622 = EDGE_CURVE('',#282,#594,#623,.T.);
#623 = SURFACE_CURVE('',#624,(#637,#653),.PCURVE_S1.);
#624 = B_SPLINE_CURVE_WITH_KNOTS('',6,(#625,#626,#627,#628,#629,#630,
    #631,#632,#633,#634,#635,#636),.UNSPECIFIED.,.F.,.F.,(7,5,7),(0.,
    0.630104661538,1.),.UNSPECIFIED.);
#625 = CARTESIAN_POINT('',(3.364147875106,-9.3,4.45));
#626 = CARTESIAN_POINT('',(3.247591095581,-9.3,4.560291093052));
#627 = CARTESIAN_POINT('',(3.120401323998,-9.3,4.659386079247));
#628 = CARTESIAN_POINT('',(2.983963181336,-9.3,4.745987041251));
#629 = CARTESIAN_POINT('',(2.839834349947,-9.3,4.819085887515));
#630 = CARTESIAN_POINT('',(2.689695416737,-9.3,4.877912025715));
#631 = CARTESIAN_POINT('',(2.444774872821,-9.3,4.947899444204));
#632 = CARTESIAN_POINT('',(2.352729758483,-9.3,4.968714420714));
#633 = CARTESIAN_POINT('',(2.259597725366,-9.3,4.984365236564));
#634 = CARTESIAN_POINT('',(2.165746426835,-9.3,4.994798244095));
#635 = CARTESIAN_POINT('',(2.071546811527,-9.3,5.));
#636 = CARTESIAN_POINT('',(1.977371993329,-9.3,5.));
#637 = PCURVE('',#45,#638);
#638 = DEFINITIONAL_REPRESENTATION('',(#639),#652);
#639 = B_SPLINE_CURVE_WITH_KNOTS('',6,(#640,#641,#642,#643,#644,#645,
    #646,#647,#648,#649,#650,#651),.UNSPECIFIED.,.F.,.F.,(7,5,7),(0.,
    0.630104661538,1.),.UNSPECIFIED.);
#640 = CARTESIAN_POINT('',(-8.894036610743E-02,0.811034394288));
#641 = CARTESIAN_POINT('',(-9.200563559444E-02,0.891100655406));
#642 = CARTESIAN_POINT('',(-9.560348390456E-02,0.971136537305));
#643 = CARTESIAN_POINT('',(-9.982251604519E-02,1.051113167932));
#644 = CARTESIAN_POINT('',(-0.104788337829,1.131028849116));
#645 = CARTESIAN_POINT('',(-0.110675357561,1.210878923787));
#646 = CARTESIAN_POINT('',(-0.121947992319,1.337425399072));
#647 = CARTESIAN_POINT('',(-0.126536911465,1.384199346287));
#648 = CARTESIAN_POINT('',(-0.131605943097,1.430931211944));
#649 = CARTESIAN_POINT('',(-0.137229169487,1.477614910216));
#650 = CARTESIAN_POINT('',(-0.143505161412,1.524241664799));
#651 = CARTESIAN_POINT('',(-0.150568272777,1.570796326795));
#652 = ( GEOMETRIC_REPRESENTATION_CONTEXT(2) 
PARAMETRIC_REPRESENTATION_CONTEXT() REPRESENTATION_CONTEXT('2D SPACE',''
  ) );
#653 = PCURVE('',#654,#659);
#654 = PLANE('',#655);
#655 = AXIS2_PLACEMENT_3D('',#656,#657,#658);
#656 = CARTESIAN_POINT('',(-5.,-9.3,4.5));
#657 = DIRECTION('',(0.,1.,0.));
#658 = DIRECTION('',(0.,0.,1.));
#659 = DEFINITIONAL_REPRESENTATION('',(#660),#673);
#660 = B_SPLINE_CURVE_WITH_KNOTS('',6,(#661,#662,#663,#664,#665,#666,
    #667,#668,#669,#670,#671,#672),.UNSPECIFIED.,.F.,.F.,(7,5,7),(0.,
    0.630104661538,1.),.UNSPECIFIED.);
#661 = CARTESIAN_POINT('',(-5.E-02,8.364147875106));
#662 = CARTESIAN_POINT('',(6.02910930522E-02,8.247591095581));
#663 = CARTESIAN_POINT('',(0.159386079247,8.120401323998));
#664 = CARTESIAN_POINT('',(0.245987041251,7.983963181336));
#665 = CARTESIAN_POINT('',(0.319085887515,7.839834349947));
#666 = CARTESIAN_POINT('',(0.377912025715,7.689695416737));
#667 = CARTESIAN_POINT('',(0.447899444204,7.444774872821));
#668 = CARTESIAN_POINT('',(0.468714420714,7.352729758483));
#669 = CARTESIAN_POINT('',(0.484365236564,7.259597725366));
#670 = CARTESIAN_POINT('',(0.494798244095,7.165746426835));
#671 = CARTESIAN_POINT('',(0.5,7.071546811527));
#672 = CARTESIAN_POINT('',(0.5,6.977371993329));
#673 = ( GEOMETRIC_REPRESENTATION_CONTEXT(2) 
PARAMETRIC_REPRESENTATION_CONTEXT() REPRESENTATION_CONTEXT('2D SPACE',''
  ) );
#674 = ADVANCED_FACE('',(#675),#248,.T.);
#675 = FACE_BOUND('',#676,.T.);
#676 = EDGE_LOOP('',(#677,#728,#2196,#2229,#2230,#2231,#2282));
#677 = ORIENTED_EDGE('',*,*,#678,.F.);
#678 = EDGE_CURVE('',#679,#681,#683,.T.);
#679 = VERTEX_POINT('',#680);
#680 = CARTESIAN_POINT('',(3.907045434172,10.080682009441,3.6));
#681 = VERTEX_POINT('',#682);
#682 = CARTESIAN_POINT('',(3.991843195598,10.255319215405,3.));
#683 = SURFACE_CURVE('',#684,(#695,#709),.PCURVE_S1.);
#684 = B_SPLINE_CURVE_WITH_KNOTS('',5,(#685,#686,#687,#688,#689,#690,
    #691,#692,#693,#694),.UNSPECIFIED.,.F.,.F.,(6,4,6),(0.,
    0.515789397501,1.),.UNSPECIFIED.);
#685 = CARTESIAN_POINT('',(3.90704525325,10.08068163075,3.600000600035)
  );
#686 = CARTESIAN_POINT('',(3.923526792414,10.115179376008,3.545339108041
    ));
#687 = CARTESIAN_POINT('',(3.938371571726,10.145974248978,3.48809727373)
  );
#688 = CARTESIAN_POINT('',(3.951359107231,10.172722255449,3.428552923076
    ));
#689 = CARTESIAN_POINT('',(3.962292419593,10.195126831203,3.367075448085
    ));
#690 = CARTESIAN_POINT('',(3.979236182461,10.229734480484,3.245063443288
    ));
#691 = CARTESIAN_POINT('',(3.985508085079,10.242480211395,3.18469429377)
  );
#692 = CARTESIAN_POINT('',(3.98973153023,10.251039456318,3.123433838805)
  );
#693 = CARTESIAN_POINT('',(3.991843195598,10.255319215405,3.06171484637)
  );
#694 = CARTESIAN_POINT('',(3.991843195598,10.255319215405,3.));
#695 = PCURVE('',#248,#696);
#696 = DEFINITIONAL_REPRESENTATION('',(#697),#708);
#697 = B_SPLINE_CURVE_WITH_KNOTS('',5,(#698,#699,#700,#701,#702,#703,
    #704,#705,#706,#707),.UNSPECIFIED.,.F.,.F.,(6,4,6),(0.,
    0.515789397501,1.),.UNSPECIFIED.);
#698 = CARTESIAN_POINT('',(6.227304076587,-1.300000600035));
#699 = CARTESIAN_POINT('',(6.264571998903,-1.245339108041));
#700 = CARTESIAN_POINT('',(6.297892478788,-1.18809727373));
#701 = CARTESIAN_POINT('',(6.32687220536,-1.128552923076));
#702 = CARTESIAN_POINT('',(6.351168515986,-1.067075448085));
#703 = CARTESIAN_POINT('',(6.388721031195,-0.945063443288));
#704 = CARTESIAN_POINT('',(6.402564326002,-0.88469429377));
#705 = CARTESIAN_POINT('',(6.4118655018,-0.823433838805));
#706 = CARTESIAN_POINT('',(6.416516147323,-0.76171484637));
#707 = CARTESIAN_POINT('',(6.416516147323,-0.7));
#708 = ( GEOMETRIC_REPRESENTATION_CONTEXT(2) 
PARAMETRIC_REPRESENTATION_CONTEXT() REPRESENTATION_CONTEXT('2D SPACE',''
  ) );
#709 = PCURVE('',#710,#715);
#710 = TOROIDAL_SURFACE('',#711,2.,2.);
#711 = AXIS2_PLACEMENT_3D('',#712,#713,#714);
#712 = CARTESIAN_POINT('',(1.498801083244E-15,10.,3.));
#713 = DIRECTION('',(0.,-0.,1.));
#714 = DIRECTION('',(-1.,0.,0.));
#715 = DEFINITIONAL_REPRESENTATION('',(#716),#727);
#716 = B_SPLINE_CURVE_WITH_KNOTS('',5,(#717,#718,#719,#720,#721,#722,
    #723,#724,#725,#726),.UNSPECIFIED.,.F.,.F.,(6,4,6),(0.,
    0.515789397501,1.),.UNSPECIFIED.);
#717 = CARTESIAN_POINT('',(-3.120945294785,0.304692968514));
#718 = CARTESIAN_POINT('',(-3.11220650761,0.276042559076));
#719 = CARTESIAN_POINT('',(-3.104502523328,0.246362294845));
#720 = CARTESIAN_POINT('',(-3.097880997309,0.21579562785));
#721 = CARTESIAN_POINT('',(-3.092375836329,0.184500311054));
#722 = CARTESIAN_POINT('',(-3.083913991765,0.122776428983));
#723 = CARTESIAN_POINT('',(-3.08082143072,9.240843441816E-02));
#724 = CARTESIAN_POINT('',(-3.078753520036,6.171689702058E-02));
#725 = CARTESIAN_POINT('',(-3.077719427049,3.085742318483E-02));
#726 = CARTESIAN_POINT('',(-3.077719427049,0.));
#727 = ( GEOMETRIC_REPRESENTATION_CONTEXT(2) 
PARAMETRIC_REPRESENTATION_CONTEXT() REPRESENTATION_CONTEXT('2D SPACE',''
  ) );
#728 = ORIENTED_EDGE('',*,*,#729,.T.);
#729 = EDGE_CURVE('',#679,#730,#732,.T.);
#730 = VERTEX_POINT('',#731);
#731 = CARTESIAN_POINT('',(3.907878402834,-8.839589112204,3.6));
#732 = SURFACE_CURVE('',#733,(#1024,#1318),.PCURVE_S1.);
#733 = ( BOUNDED_CURVE() B_SPLINE_CURVE(13,(#734,#735,#736,#737,#738,
    #739,#740,#741,#742,#743,#744,#745,#746,#747,#748,#749,#750,#751,
    #752,#753,#754,#755,#756,#757,#758,#759,#760,#761,#762,#763,#764,
    #765,#766,#767,#768,#769,#770,#771,#772,#773,#774,#775,#776,#777,
    #778,#779,#780,#781,#782,#783,#784,#785,#786,#787,#788,#789,#790,
    #791,#792,#793,#794,#795,#796,#797,#798,#799,#800,#801,#802,#803,
    #804,#805,#806,#807,#808,#809,#810,#811,#812,#813,#814,#815,#816,
    #817,#818,#819,#820,#821,#822,#823,#824,#825,#826,#827,#828,#829,
    #830,#831,#832,#833,#834,#835,#836,#837,#838,#839,#840,#841,#842,
    #843,#844,#845,#846,#847,#848,#849,#850,#851,#852,#853,#854,#855,
    #856,#857,#858,#859,#860,#861,#862,#863,#864,#865,#866,#867,#868,
    #869,#870,#871,#872,#873,#874,#875,#876,#877,#878,#879,#880,#881,
    #882,#883,#884,#885,#886,#887,#888,#889,#890,#891,#892,#893,#894,
    #895,#896,#897,#898,#899,#900,#901,#902,#903,#904,#905,#906,#907,
    #908,#909,#910,#911,#912,#913,#914,#915,#916,#917,#918,#919,#920,
    #921,#922,#923,#924,#925,#926,#927,#928,#929,#930,#931,#932,#933,
    #934,#935,#936,#937,#938,#939,#940,#941,#942,#943,#944,#945,#946,
    #947,#948,#949,#950,#951,#952,#953,#954,#955,#956,#957,#958,#959,
    #960,#961,#962,#963,#964,#965,#966,#967,#968,#969,#970,#971,#972,
    #973,#974,#975,#976,#977,#978,#979,#980,#981,#982,#983,#984,#985,
    #986,#987,#988,#989,#990,#991,#992,#993,#994,#995,#996,#997,#998,
    #999,#1000,#1001,#1002,#1003,#1004,#1005,#1006,#1007,#1008,#1009,
    #1010,#1011,#1012,#1013,#1014,#1015,#1016,#1017,#1018,#1019,#1020,
#1021,#1022,#1023),.UNSPECIFIED.,.T.,.F.) B_SPLINE_CURVE_WITH_KNOTS((14,
    12,12,12,12,12,12,12,12,12,12,12,12,12,12,12,12,12,12,12,12,12,12,12
    ,14),(-3.318067981453E-15,1.669940179262E-02,3.339880358525E-02,
    6.679760717051E-02,0.133595214341,0.267190428682,0.534380857364,
    1.068761714728,2.137523429456,4.275046858913,8.550093717826,
    15.4121930842,21.617290054193,27.319887584005,32.645026775413,
    39.295341149812,42.408353571716,45.52136599362,50.333223060695,
    56.642265234472,62.344862764283,68.995177138682,75.487127977126,
81.938880591057,90.099773855045),.UNSPECIFIED.) CURVE() 
GEOMETRIC_REPRESENTATION_ITEM() RATIONAL_B_SPLINE_CURVE((1.,1.,
    0.999999999999,1.000000000003,0.999999999994,1.000000000009,
    0.999999999989,1.000000000011,0.999999999992,1.000000000005,
    0.999999999997,1.000000000001,1.,1.,1.,0.999999999999,1.000000000003
    ,0.999999999996,1.000000000005,0.999999999995,1.000000000004,
    0.999999999997,1.000000000001,1.,1.,1.,1.000000000001,0.999999999998
    ,1.000000000004,0.999999999994,1.000000000007,0.999999999993,
    1.000000000005,0.999999999997,1.000000000002,1.,1.,1.,0.999999999999
    ,1.000000000002,0.999999999997,1.000000000004,0.999999999995,
    1.000000000004,0.999999999997,1.000000000002,0.999999999999,1.,1.,1.
    ,1.,0.999999999999,1.000000000001,0.999999999998,1.000000000002,
    0.999999999998,1.000000000002,0.999999999999,1.000000000001,1.,1.,1.
    ,1.000000000001,0.999999999996,1.000000000007,0.99999999999,
    1.000000000012,0.999999999989,1.000000000008,0.999999999995,
    1.000000000002,0.999999999999,1.,1.,1.000000000001,0.999999999998,
    1.000000000004,0.999999999995,1.000000000006,0.999999999994,
    1.000000000005,0.999999999997,1.000000000001,0.999999999999,1.,1.,
    1.000000000001,0.999999999999,1.000000000003,0.999999999996,
    1.000000000004,0.999999999996,1.000000000003,0.999999999998,
    1.000000000001,1.,1.,1.,1.,0.999999999999,1.000000000002,
    0.999999999998,1.000000000003,0.999999999998,1.000000000002,
    0.999999999999,1.000000000001,1.,1.,1.,1.000000000001,0.999999999997
    ,1.000000000006,0.999999999992,1.000000000009,0.999999999991,
    1.000000000006,0.999999999996,1.000000000002,0.999999999999,1.,1.,1.
    ,1.000000000001,0.999999999999,1.000000000003,0.999999999996,
    1.000000000004,0.999999999997,1.000000000002,0.999999999999,1.,1.,1.
    ,1.,0.999999999999,1.000000000001,0.999999999998,1.000000000003,
    0.999999999996,1.000000000003,0.999999999998,1.000000000001,1.,1.,1.
    ,1.000000000001,0.999999999996,1.000000000007,0.999999999989,
    1.000000000014,0.999999999987,1.000000000011,0.999999999993,
    1.000000000004,0.999999999999,1.,1.,1.000000000003,0.999999999993,
    1.000000000014,0.999999999979,1.000000000025,0.999999999977,
    1.000000000018,0.999999999989,1.000000000005,0.999999999999,1.,1.,
    0.999999999999,1.000000000003,0.999999999994,1.000000000008,
    0.999999999991,1.000000000008,0.999999999994,1.000000000003,
    0.999999999998,1.,1.,1.,1.,0.999999999999,1.000000000001,
    0.999999999997,1.000000000004,0.999999999996,1.000000000003,
    0.999999999998,1.000000000001,1.,1.,1.,1.000000000001,0.999999999997
    ,1.000000000005,0.999999999992,1.00000000001,0.999999999991,
    1.000000000007,0.999999999996,1.000000000002,0.999999999999,1.,1.,
    1.000000000001,0.999999999998,1.000000000003,0.999999999995,
    1.000000000006,0.999999999994,1.000000000004,0.999999999998,
    1.000000000001,1.,1.,1.,0.999999999998,1.000000000007,0.999999999987
    ,1.00000000002,0.999999999977,1.000000000022,0.999999999983,
    1.00000000001,0.999999999995,1.000000000002,1.,1.,0.999999999999,
    1.000000000002,0.999999999996,1.000000000005,0.999999999994,
    1.000000000006,0.999999999995,1.000000000003,0.999999999998,
    1.000000000001,1.,1.,0.999999999999,1.000000000003,0.999999999994,
    1.000000000009,0.99999999999,1.00000000001,0.999999999992,
    1.000000000005,0.999999999998,1.000000000001,1.,1.,1.,1.,1.,
    1.000000000001,0.999999999999,1.000000000002,0.999999999998,
    1.000000000001,0.999999999999,1.,1.,1.,1.,0.999999999999,
    1.000000000003,0.999999999995,1.000000000007,0.999999999992,
    1.000000000006,0.999999999996,1.000000000002,0.999999999999,1.,1.,
    0.999999999999,1.000000000002,0.999999999996,1.000000000007,
    0.999999999992,1.000000000008,0.999999999993,1.000000000004,
0.999999999998,1.000000000001,1.,1.)) REPRESENTATION_ITEM('') );
#734 = CARTESIAN_POINT('',(2.5,4.,3.6));
#735 = CARTESIAN_POINT('',(2.49998588013,4.001247180662,3.6));
#736 = CARTESIAN_POINT('',(2.499971902625,4.002494373932,3.6));
#737 = CARTESIAN_POINT('',(2.499958067436,4.003741579802,3.6));
#738 = CARTESIAN_POINT('',(2.499944374656,4.004988798242,3.6));
#739 = CARTESIAN_POINT('',(2.499930824077,4.006236029267,3.6));
#740 = CARTESIAN_POINT('',(2.49991741601,4.007483272815,3.6));
#741 = CARTESIAN_POINT('',(2.499904150031,4.008730528935,3.6));
#742 = CARTESIAN_POINT('',(2.499891026577,4.009977797542,3.6));
#743 = CARTESIAN_POINT('',(2.499878045244,4.011225078686,3.6));
#744 = CARTESIAN_POINT('',(2.499865206315,4.012472372303,3.6));
#745 = CARTESIAN_POINT('',(2.499852509607,4.01371967841,3.6));
#746 = CARTESIAN_POINT('',(2.499839955196,4.014966996976,3.6));
#747 = CARTESIAN_POINT('',(2.499815130888,4.01746165901,3.6));
#748 = CARTESIAN_POINT('',(2.499802861001,4.018709002476,3.6));
#749 = CARTESIAN_POINT('',(2.499790733364,4.019956358377,3.6));
#750 = CARTESIAN_POINT('',(2.499778747987,4.021203726699,3.6));
#751 = CARTESIAN_POINT('',(2.499766904831,4.022451107424,3.6));
#752 = CARTESIAN_POINT('',(2.499755203926,4.023698500547,3.6));
#753 = CARTESIAN_POINT('',(2.499743645228,4.024945906037,3.6));
#754 = CARTESIAN_POINT('',(2.499732228753,4.026193323899,3.6));
#755 = CARTESIAN_POINT('',(2.499720954484,4.0274407541,3.6));
#756 = CARTESIAN_POINT('',(2.49970982241,4.02868819664,3.6));
#757 = CARTESIAN_POINT('',(2.499698832528,4.029935651496,3.6));
#758 = CARTESIAN_POINT('',(2.499687984828,4.031183118656,3.6));
#759 = CARTESIAN_POINT('',(2.499655868244,4.034925557004,3.6));
#760 = CARTESIAN_POINT('',(2.499635025892,4.037420565058,3.6));
#761 = CARTESIAN_POINT('',(2.499614752132,4.039915622161,3.6));
#762 = CARTESIAN_POINT('',(2.499595047022,4.042410728166,3.6));
#763 = CARTESIAN_POINT('',(2.49957591024,4.044905883021,3.6));
#764 = CARTESIAN_POINT('',(2.49955734214,4.047401086503,3.6));
#765 = CARTESIAN_POINT('',(2.499539342095,4.049896338637,3.6));
#766 = CARTESIAN_POINT('',(2.499521910658,4.052391639153,3.6));
#767 = CARTESIAN_POINT('',(2.499505047196,4.054886988072,3.6));
#768 = CARTESIAN_POINT('',(2.499488752072,4.057382385175,3.6));
#769 = CARTESIAN_POINT('',(2.499473024956,4.059877830408,3.6));
#770 = CARTESIAN_POINT('',(2.499457865909,4.062373323625,3.6));
#771 = CARTESIAN_POINT('',(2.499414092647,4.069859946907,3.6));
#772 = CARTESIAN_POINT('',(2.49938718234,4.074851220597,3.6));
#773 = CARTESIAN_POINT('',(2.499362543393,4.079842684855,3.6));
#774 = CARTESIAN_POINT('',(2.499340175206,4.084834338757,3.6));
#775 = CARTESIAN_POINT('',(2.49932007741,4.08982618135,3.6));
#776 = CARTESIAN_POINT('',(2.499302249215,4.094818211739,3.6));
#777 = CARTESIAN_POINT('',(2.499286690434,4.099810428941,3.6));
#778 = CARTESIAN_POINT('',(2.499273400176,4.104802832082,3.6));
#779 = CARTESIAN_POINT('',(2.499262378231,4.109795420174,3.6));
#780 = CARTESIAN_POINT('',(2.499253623842,4.114788192329,3.6));
#781 = CARTESIAN_POINT('',(2.499247136614,4.119781147587,3.6));
#782 = CARTESIAN_POINT('',(2.499242915957,4.124774285029,3.6));
#783 = CARTESIAN_POINT('',(2.49923705218,4.1397542411,3.6));
#784 = CARTESIAN_POINT('',(2.499242207238,4.149741603474,3.6));
#785 = CARTESIAN_POINT('',(2.499256422299,4.159729683387,3.6));
#786 = CARTESIAN_POINT('',(2.499279693186,4.169718473378,3.6));
#787 = CARTESIAN_POINT('',(2.499312015566,4.179707965997,3.6));
#788 = CARTESIAN_POINT('',(2.499353385401,4.189698153775,3.6));
#789 = CARTESIAN_POINT('',(2.499403798202,4.199689029273,3.6));
#790 = CARTESIAN_POINT('',(2.499463250049,4.209680585012,3.6));
#791 = CARTESIAN_POINT('',(2.499531736423,4.21967281356,3.6));
#792 = CARTESIAN_POINT('',(2.499609253334,4.229665707435,3.6));
#793 = CARTESIAN_POINT('',(2.499695796401,4.2396592592,3.6));
#794 = CARTESIAN_POINT('',(2.499791361482,4.249653461387,3.6));
#795 = CARTESIAN_POINT('',(2.500105109989,4.279637996855,3.6));
#796 = CARTESIAN_POINT('',(2.500350346723,4.299630259039,3.6));
#797 = CARTESIAN_POINT('',(2.500631620669,4.319625033444,3.6));
#798 = CARTESIAN_POINT('',(2.500948898147,4.339622260406,3.6));
#799 = CARTESIAN_POINT('',(2.501302145112,4.359621880287,3.6));
#800 = CARTESIAN_POINT('',(2.501691328151,4.379623833402,3.6));
#801 = CARTESIAN_POINT('',(2.502116412947,4.399628060138,3.6));
#802 = CARTESIAN_POINT('',(2.502577366262,4.419634500791,3.6));
#803 = CARTESIAN_POINT('',(2.50307415378,4.439643095753,3.6));
#804 = CARTESIAN_POINT('',(2.503606742084,4.45965378533,3.6));
#805 = CARTESIAN_POINT('',(2.504175097137,4.479666509892,3.6));
#806 = CARTESIAN_POINT('',(2.50477918525,4.499681209772,3.6));
#807 = CARTESIAN_POINT('',(2.50669854724,4.559731056413,3.6));
#808 = CARTESIAN_POINT('',(2.508120918806,4.599771950169,3.6));
#809 = CARTESIAN_POINT('',(2.509685816842,4.639820029348,3.6));
#810 = CARTESIAN_POINT('',(2.511392970965,4.679874816705,3.6));
#811 = CARTESIAN_POINT('',(2.513242110695,4.719935835003,3.6));
#812 = CARTESIAN_POINT('',(2.515232965703,4.760002606992,3.6));
#813 = CARTESIAN_POINT('',(2.517365265457,4.800074655442,3.6));
#814 = CARTESIAN_POINT('',(2.519638739663,4.840151503099,3.6));
#815 = CARTESIAN_POINT('',(2.522053117784,4.880232672731,3.6));
#816 = CARTESIAN_POINT('',(2.524608129496,4.92031768709,3.6));
#817 = CARTESIAN_POINT('',(2.527303504318,4.960406068937,3.6));
#818 = CARTESIAN_POINT('',(2.530138971863,5.000497341029,3.6));
#819 = CARTESIAN_POINT('',(2.539064841378,5.120778396317,3.6));
#820 = CARTESIAN_POINT('',(2.545574710236,5.200975418527,3.6));
#821 = CARTESIAN_POINT('',(2.552641704928,5.281178274808,3.6));
#822 = CARTESIAN_POINT('',(2.560263662095,5.361383147259,3.6));
#823 = CARTESIAN_POINT('',(2.568438418409,5.441586217878,3.6));
#824 = CARTESIAN_POINT('',(2.577163810483,5.521783668841,3.6));
#825 = CARTESIAN_POINT('',(2.586437675019,5.601971682068,3.6));
#826 = CARTESIAN_POINT('',(2.596257848612,5.682146439783,3.6));
#827 = CARTESIAN_POINT('',(2.606622167959,5.76230412391,3.6));
#828 = CARTESIAN_POINT('',(2.61752846968,5.84244091662,3.6));
#829 = CARTESIAN_POINT('',(2.628974590441,5.922552999914,3.6));
#830 = CARTESIAN_POINT('',(2.640958366886,6.00263655589,3.6));
#831 = CARTESIAN_POINT('',(2.678516173233,6.242790188025,3.6));
#832 = CARTESIAN_POINT('',(2.705696680139,6.402763228401,3.6));
#833 = CARTESIAN_POINT('',(2.735001849605,6.562576344258,3.6));
#834 = CARTESIAN_POINT('',(2.7664143748,6.722198992112,3.6));
#835 = CARTESIAN_POINT('',(2.799916948989,6.881600628513,3.6));
#836 = CARTESIAN_POINT('',(2.835492265292,7.040750709944,3.6));
#837 = CARTESIAN_POINT('',(2.873123017001,7.19961869299,3.6));
#838 = CARTESIAN_POINT('',(2.912791897249,7.358174034112,3.6));
#839 = CARTESIAN_POINT('',(2.95448159928,7.516386189893,3.6));
#840 = CARTESIAN_POINT('',(2.998174816286,7.674224616819,3.6));
#841 = CARTESIAN_POINT('',(3.043854241466,7.831658771438,3.6));
#842 = CARTESIAN_POINT('',(3.091502568032,7.988658110266,3.6));
#843 = CARTESIAN_POINT('',(3.240302331482,8.458260048965,3.6));
#844 = CARTESIAN_POINT('',(3.347308552133,8.769466571049,3.6));
#845 = CARTESIAN_POINT('',(3.461982696733,9.078567308293,3.6));
#846 = CARTESIAN_POINT('',(3.584186310993,9.385317912892,3.6));
#847 = CARTESIAN_POINT('',(3.713780940385,9.68947403709,3.6));
#848 = CARTESIAN_POINT('',(3.850628130784,9.990791333022,3.6));
#849 = CARTESIAN_POINT('',(3.994589427506,10.289025453003,3.6));
#850 = CARTESIAN_POINT('',(4.145526376511,10.58393204911,3.6));
#851 = CARTESIAN_POINT('',(4.303300523143,10.875266773679,3.6));
#852 = CARTESIAN_POINT('',(4.467773413234,11.162785278815,3.6));
#853 = CARTESIAN_POINT('',(4.638806592297,11.446243216789,3.6));
#854 = CARTESIAN_POINT('',(4.816261606015,11.725396239778,3.6));
#855 = CARTESIAN_POINT('',(5.294928022676,12.440780733219,3.6));
#856 = CARTESIAN_POINT('',(5.606045252877,12.869840234254,3.6));
#857 = CARTESIAN_POINT('',(5.933013150476,13.286073980629,3.6));
#858 = CARTESIAN_POINT('',(6.275493175267,13.688377449964,3.6));
#859 = CARTESIAN_POINT('',(6.633146787229,14.075646119651,3.6));
#860 = CARTESIAN_POINT('',(7.005635446007,14.446775467512,3.6));
#861 = CARTESIAN_POINT('',(7.392620611729,14.800660970708,3.6));
#862 = CARTESIAN_POINT('',(7.793763743953,15.136198107237,3.6));
#863 = CARTESIAN_POINT('',(8.208726302791,15.452282354217,3.6));
#864 = CARTESIAN_POINT('',(8.63716974791,15.747809189537,3.6));
#865 = CARTESIAN_POINT('',(9.078755539271,16.021674090527,3.6));
#866 = CARTESIAN_POINT('',(9.533145136678,16.272772534846,3.6));
#867 = CARTESIAN_POINT('',(10.422156477655,16.705471879705,3.6));
#868 = CARTESIAN_POINT('',(10.854505548431,16.891424947731,3.6));
#869 = CARTESIAN_POINT('',(11.296057504381,17.057339388932,3.6));
#870 = CARTESIAN_POINT('',(11.745822637559,17.202695388246,3.6));
#871 = CARTESIAN_POINT('',(12.202811240014,17.32697313044,3.6));
#872 = CARTESIAN_POINT('',(12.666033603799,17.429652800562,3.6));
#873 = CARTESIAN_POINT('',(13.134500020975,17.510214583277,3.6));
#874 = CARTESIAN_POINT('',(13.607220783576,17.568138663689,3.6));
#875 = CARTESIAN_POINT('',(14.08320618368,17.602905226475,3.6));
#876 = CARTESIAN_POINT('',(14.561466513312,17.613994456665,3.6));
#877 = CARTESIAN_POINT('',(15.041012064546,17.600886539043,3.6));
#878 = CARTESIAN_POINT('',(15.520853129423,17.563061658534,3.6));
#879 = CARTESIAN_POINT('',(16.440344731723,17.442045183191,3.6));
#880 = CARTESIAN_POINT('',(16.880103150691,17.362775520075,3.6));
#881 = CARTESIAN_POINT('',(17.316902008247,17.261897201694,3.6));
#882 = CARTESIAN_POINT('',(17.748368055704,17.139116418981,3.6));
#883 = CARTESIAN_POINT('',(18.172128044464,16.994139363114,3.6));
#884 = CARTESIAN_POINT('',(18.585808725735,16.826672224852,3.6));
#885 = CARTESIAN_POINT('',(18.987036851059,16.636421195533,3.6));
#886 = CARTESIAN_POINT('',(19.373439171511,16.423092465834,3.6));
#887 = CARTESIAN_POINT('',(19.742642438699,16.186392227059,3.6));
#888 = CARTESIAN_POINT('',(20.092273403736,15.926026670017,3.6));
#889 = CARTESIAN_POINT('',(20.419958818107,15.641701985842,3.6));
#890 = CARTESIAN_POINT('',(20.723325433073,15.33312436549,3.6));
#891 = CARTESIAN_POINT('',(21.258361312,14.688925335339,3.6));
#892 = CARTESIAN_POINT('',(21.493447158103,14.356445908902,3.6));
#893 = CARTESIAN_POINT('',(21.705106451893,14.005056623031,3.6));
#894 = CARTESIAN_POINT('',(21.893188106942,13.637252379933,3.6));
#895 = CARTESIAN_POINT('',(22.05754103685,13.255528082077,3.599999999999
    ));
#896 = CARTESIAN_POINT('',(22.198014155152,12.862378631541,
    3.600000000001));
#897 = CARTESIAN_POINT('',(22.314456375504,12.460298930859,
    3.599999999999));
#898 = CARTESIAN_POINT('',(22.406716611387,12.051783882151,3.6));
#899 = CARTESIAN_POINT('',(22.47464377648,11.63932838782,3.6));
#900 = CARTESIAN_POINT('',(22.518086784285,11.225427350139,3.6));
#901 = CARTESIAN_POINT('',(22.536894548431,10.8125756714,3.6));
#902 = CARTESIAN_POINT('',(22.530915982473,10.403268253924,3.6));
#903 = CARTESIAN_POINT('',(22.461390492296,9.496377358524,3.6));
#904 = CARTESIAN_POINT('',(22.383887766167,9.002173595992,3.6));
#905 = CARTESIAN_POINT('',(22.267616278404,8.518481096245,3.6));
#906 = CARTESIAN_POINT('',(22.11270048573,8.046392243155,3.6));
#907 = CARTESIAN_POINT('',(21.919264845025,7.586999420558,3.6));
#908 = CARTESIAN_POINT('',(21.687433812874,7.1413950123,3.599999999999)
  );
#909 = CARTESIAN_POINT('',(21.417331846317,6.710671402277,3.600000000001
    ));
#910 = CARTESIAN_POINT('',(21.109083401815,6.295920974265,3.6));
#911 = CARTESIAN_POINT('',(20.762812936438,5.898236112204,3.6));
#912 = CARTESIAN_POINT('',(20.378644906726,5.518709199871,3.6));
#913 = CARTESIAN_POINT('',(19.9567037696,5.158432621169,3.6));
#914 = CARTESIAN_POINT('',(19.497113981758,4.818498759925,3.6));
#915 = CARTESIAN_POINT('',(18.767300925461,4.350910717871,3.6));
#916 = CARTESIAN_POINT('',(18.526379637841,4.206518244709,3.6));
#917 = CARTESIAN_POINT('',(18.278816340999,4.066346582666,3.6));
#918 = CARTESIAN_POINT('',(18.026191238781,3.929919733914,3.6));
#919 = CARTESIAN_POINT('',(17.77008453505,3.796761700586,3.6));
#920 = CARTESIAN_POINT('',(17.512076433658,3.66639648488,3.600000000001)
  );
#921 = CARTESIAN_POINT('',(17.253747138449,3.538348088901,3.599999999999
    ));
#922 = CARTESIAN_POINT('',(16.996676853304,3.412140514868,3.6));
#923 = CARTESIAN_POINT('',(16.74244578204,3.287297764882,3.6));
#924 = CARTESIAN_POINT('',(16.492634128549,3.163343841146,3.6));
#925 = CARTESIAN_POINT('',(16.248822096656,3.03980274579,3.6));
#926 = CARTESIAN_POINT('',(16.012589890234,2.916198480986,3.6));
#927 = CARTESIAN_POINT('',(15.558445536023,2.667911616789,3.6));
#928 = CARTESIAN_POINT('',(15.340533388236,2.543229017397,3.6));
#929 = CARTESIAN_POINT('',(15.133361473624,2.417531252872,3.6));
#930 = CARTESIAN_POINT('',(14.938509996038,2.290342325367,3.6));
#931 = CARTESIAN_POINT('',(14.757559159335,2.161186237046,3.6));
#932 = CARTESIAN_POINT('',(14.59208916737,2.029586990064,3.599999999999)
  );
#933 = CARTESIAN_POINT('',(14.44368022399,1.895068586577,3.600000000001)
  );
#934 = CARTESIAN_POINT('',(14.313912533066,1.757155028754,3.6));
#935 = CARTESIAN_POINT('',(14.204366298431,1.615370318736,3.6));
#936 = CARTESIAN_POINT('',(14.116621723958,1.4692384587,3.6));
#937 = CARTESIAN_POINT('',(14.05225901349,1.318283450789,3.6));
#938 = CARTESIAN_POINT('',(14.012858370886,1.162029297171,3.6));
#939 = CARTESIAN_POINT('',(13.980124511427,0.749547475886,3.6));
#940 = CARTESIAN_POINT('',(14.023665457293,0.485296622211,3.6));
#941 = CARTESIAN_POINT('',(14.122972136427,0.20840881142,3.6));
#942 = CARTESIAN_POINT('',(14.270393847661,-7.995458403946E-02,3.6));
#943 = CARTESIAN_POINT('',(14.458279889822,-0.378632191732,3.6));
#944 = CARTESIAN_POINT('',(14.678979561734,-0.68646263919,3.6));
#945 = CARTESIAN_POINT('',(14.924842162245,-1.002284554013,3.6));
#946 = CARTESIAN_POINT('',(15.188216990153,-1.324936563691,3.6));
#947 = CARTESIAN_POINT('',(15.461453344325,-1.653257295853,3.6));
#948 = CARTESIAN_POINT('',(15.736900523553,-1.986085377987,3.6));
#949 = CARTESIAN_POINT('',(16.006907826697,-2.3222594377,3.6));
#950 = CARTESIAN_POINT('',(16.263824552566,-2.660618102514,3.6));
#951 = CARTESIAN_POINT('',(16.809660249151,-3.444978866665,3.6));
#952 = CARTESIAN_POINT('',(17.08366414323,-3.891716773748,3.6));
#953 = CARTESIAN_POINT('',(17.322905432101,-4.340486691857,3.6));
#954 = CARTESIAN_POINT('',(17.528277865571,-4.791561591431,3.6));
#955 = CARTESIAN_POINT('',(17.70067519356,-5.245214443246,3.6));
#956 = CARTESIAN_POINT('',(17.840991165813,-5.701718217554,3.6));
#957 = CARTESIAN_POINT('',(17.950119532295,-6.161345885265,3.6));
#958 = CARTESIAN_POINT('',(18.02895404274,-6.624370416609,3.6));
#959 = CARTESIAN_POINT('',(18.078388447089,-7.091064782399,3.6));
#960 = CARTESIAN_POINT('',(18.099316495124,-7.561701953034,3.6));
#961 = CARTESIAN_POINT('',(18.09263193673,-8.036554899155,3.6));
#962 = CARTESIAN_POINT('',(18.059228521738,-8.515896591287,3.6));
#963 = CARTESIAN_POINT('',(17.946464706931,-9.437569892015,3.6));
#964 = CARTESIAN_POINT('',(17.871830470444,-9.879030075352,3.6));
#965 = CARTESIAN_POINT('',(17.77554371149,-10.32091253841,3.6));
#966 = CARTESIAN_POINT('',(17.657050851089,-10.75974926956,3.6));
#967 = CARTESIAN_POINT('',(17.515798310097,-11.19207225724,
    3.600000000001));
#968 = CARTESIAN_POINT('',(17.351232509664,-11.6144134898,3.599999999999
    ));
#969 = CARTESIAN_POINT('',(17.162799870513,-12.02330495567,
    3.600000000001));
#970 = CARTESIAN_POINT('',(16.949946813881,-12.41527864321,
    3.599999999999));
#971 = CARTESIAN_POINT('',(16.712119760491,-12.78686654083,3.6));
#972 = CARTESIAN_POINT('',(16.448765131494,-13.13460063693,3.6));
#973 = CARTESIAN_POINT('',(16.159329347743,-13.45501291989,3.6));
#974 = CARTESIAN_POINT('',(15.843258830263,-13.74463537812,3.6));
#975 = CARTESIAN_POINT('',(15.099694854651,-14.29780376516,3.6));
#976 = CARTESIAN_POINT('',(14.662413603927,-14.5490168729,3.6));
#977 = CARTESIAN_POINT('',(14.193709055889,-14.7545575831,3.6));
#978 = CARTESIAN_POINT('',(13.699134018635,-14.91534415571,3.6));
#979 = CARTESIAN_POINT('',(13.184241300205,-15.03229485053,
    3.599999999999));
#980 = CARTESIAN_POINT('',(12.654583708701,-15.10632792765,
    3.600000000001));
#981 = CARTESIAN_POINT('',(12.115714052194,-15.13836164671,
    3.599999999999));
#982 = CARTESIAN_POINT('',(11.573185138726,-15.12931426791,
    3.600000000001));
#983 = CARTESIAN_POINT('',(11.032549776428,-15.08010405088,3.6));
#984 = CARTESIAN_POINT('',(10.49936077331,-14.99164925573,3.6));
#985 = CARTESIAN_POINT('',(9.979170937496,-14.86486814224,3.6));
#986 = CARTESIAN_POINT('',(9.477533077031,-14.70067897037,3.6));
#987 = CARTESIAN_POINT('',(8.533838389393,-14.30409978587,3.6));
#988 = CARTESIAN_POINT('',(8.090647219466,-14.07342694025,3.6));
#989 = CARTESIAN_POINT('',(7.669616722966,-13.8106351975,3.6));
#990 = CARTESIAN_POINT('',(7.269937132635,-13.51837829214,3.6));
#991 = CARTESIAN_POINT('',(6.890798681218,-13.19930995835,3.6));
#992 = CARTESIAN_POINT('',(6.531391601456,-12.85608393093,3.6));
#993 = CARTESIAN_POINT('',(6.190906126098,-12.49135394376,3.6));
#994 = CARTESIAN_POINT('',(5.868532487879,-12.10777373183,3.6));
#995 = CARTESIAN_POINT('',(5.563460919555,-11.70799702902,3.6));
#996 = CARTESIAN_POINT('',(5.274881653856,-11.29467757014,3.6));
#997 = CARTESIAN_POINT('',(5.001984923538,-10.87046908935,3.6));
#998 = CARTESIAN_POINT('',(4.743960961337,-10.43802532118,3.6));
#999 = CARTESIAN_POINT('',(4.257549647376,-9.564686935987,3.6));
#1000 = CARTESIAN_POINT('',(4.028988678316,-9.123861227029,3.6));
#1001 = CARTESIAN_POINT('',(3.814556542719,-8.677834258239,3.6));
#1002 = CARTESIAN_POINT('',(3.614492690416,-8.226917414663,3.6));
#1003 = CARTESIAN_POINT('',(3.429036571391,-7.771422081504,3.6));
#1004 = CARTESIAN_POINT('',(3.258427635352,-7.311659643688,3.6));
#1005 = CARTESIAN_POINT('',(3.102905332412,-6.847941486532,3.6));
#1006 = CARTESIAN_POINT('',(2.962709112192,-6.380578994904,3.6));
#1007 = CARTESIAN_POINT('',(2.838078424811,-5.909883554093,3.6));
#1008 = CARTESIAN_POINT('',(2.729252719968,-5.436166549068,3.6));
#1009 = CARTESIAN_POINT('',(2.636471447656,-4.95973936499,3.6));
#1010 = CARTESIAN_POINT('',(2.5599740577,-4.480913386934,3.6));
#1011 = CARTESIAN_POINT('',(2.424138150858,-3.391687336009,3.6));
#1012 = CARTESIAN_POINT('',(2.374713633319,-2.780034817817,3.6));
#1013 = CARTESIAN_POINT('',(2.347964531909,-2.165631862405,3.6));
#1014 = CARTESIAN_POINT('',(2.340128931145,-1.549067886791,3.6));
#1015 = CARTESIAN_POINT('',(2.347444915565,-0.930932307926,3.6));
#1016 = CARTESIAN_POINT('',(2.36615056967,-0.311814542846,3.6));
#1017 = CARTESIAN_POINT('',(2.39248397801,0.307695991482,3.6));
#1018 = CARTESIAN_POINT('',(2.422683225086,0.927009878074,3.6));
#1019 = CARTESIAN_POINT('',(2.452986395437,1.545537699898,3.6));
#1020 = CARTESIAN_POINT('',(2.479631573579,2.162690040015,3.6));
#1021 = CARTESIAN_POINT('',(2.498856844037,2.777877481387,3.6));
#1022 = CARTESIAN_POINT('',(2.506900291337,3.390510607051,3.6));
#1023 = CARTESIAN_POINT('',(2.5,4.,3.6));
#1024 = PCURVE('',#248,#1025);
#1025 = DEFINITIONAL_REPRESENTATION('',(#1026),#1317);
#1026 = B_SPLINE_CURVE_WITH_KNOTS('',13,(#1027,#1028,#1029,#1030,#1031,
    #1032,#1033,#1034,#1035,#1036,#1037,#1038,#1039,#1040,#1041,#1042,
    #1043,#1044,#1045,#1046,#1047,#1048,#1049,#1050,#1051,#1052,#1053,
    #1054,#1055,#1056,#1057,#1058,#1059,#1060,#1061,#1062,#1063,#1064,
    #1065,#1066,#1067,#1068,#1069,#1070,#1071,#1072,#1073,#1074,#1075,
    #1076,#1077,#1078,#1079,#1080,#1081,#1082,#1083,#1084,#1085,#1086,
    #1087,#1088,#1089,#1090,#1091,#1092,#1093,#1094,#1095,#1096,#1097,
    #1098,#1099,#1100,#1101,#1102,#1103,#1104,#1105,#1106,#1107,#1108,
    #1109,#1110,#1111,#1112,#1113,#1114,#1115,#1116,#1117,#1118,#1119,
    #1120,#1121,#1122,#1123,#1124,#1125,#1126,#1127,#1128,#1129,#1130,
    #1131,#1132,#1133,#1134,#1135,#1136,#1137,#1138,#1139,#1140,#1141,
    #1142,#1143,#1144,#1145,#1146,#1147,#1148,#1149,#1150,#1151,#1152,
    #1153,#1154,#1155,#1156,#1157,#1158,#1159,#1160,#1161,#1162,#1163,
    #1164,#1165,#1166,#1167,#1168,#1169,#1170,#1171,#1172,#1173,#1174,
    #1175,#1176,#1177,#1178,#1179,#1180,#1181,#1182,#1183,#1184,#1185,
    #1186,#1187,#1188,#1189,#1190,#1191,#1192,#1193,#1194,#1195,#1196,
    #1197,#1198,#1199,#1200,#1201,#1202,#1203,#1204,#1205,#1206,#1207,
    #1208,#1209,#1210,#1211,#1212,#1213,#1214,#1215,#1216,#1217,#1218,
    #1219,#1220,#1221,#1222,#1223,#1224,#1225,#1226,#1227,#1228,#1229,
    #1230,#1231,#1232,#1233,#1234,#1235,#1236,#1237,#1238,#1239,#1240,
    #1241,#1242,#1243,#1244,#1245,#1246,#1247,#1248,#1249,#1250,#1251,
    #1252,#1253,#1254,#1255,#1256,#1257,#1258,#1259,#1260,#1261,#1262,
    #1263,#1264,#1265,#1266,#1267,#1268,#1269,#1270,#1271,#1272,#1273,
    #1274,#1275,#1276,#1277,#1278,#1279,#1280,#1281,#1282,#1283,#1284,
    #1285,#1286,#1287,#1288,#1289,#1290,#1291,#1292,#1293,#1294,#1295,
    #1296,#1297,#1298,#1299,#1300,#1301,#1302,#1303,#1304,#1305,#1306,
    #1307,#1308,#1309,#1310,#1311,#1312,#1313,#1314,#1315,#1316),
  .UNSPECIFIED.,.F.,.F.,(14,12,12,12,12,12,12,12,12,12,12,12,12,12,12,12
    ,12,12,12,12,12,12,12,12,14),(-3.318067981453E-15,1.669940179262E-02
    ,3.339880358525E-02,6.679760717051E-02,0.133595214341,0.267190428682
    ,0.534380857364,1.068761714728,2.137523429456,4.275046858913,
    8.550093717826,15.4121930842,21.617290054193,27.319887584005,
    32.645026775413,39.295341149812,42.408353571716,45.52136599362,
    50.333223060695,56.642265234472,62.344862764283,68.995177138682,
    75.487127977126,81.938880591057,90.099773855045),.UNSPECIFIED.);
#1027 = CARTESIAN_POINT('',(1.734723475977E-18,-1.3));
#1028 = CARTESIAN_POINT('',(1.259243886288E-03,-1.3));
#1029 = CARTESIAN_POINT('',(2.518487772508E-03,-1.299999999998));
#1030 = CARTESIAN_POINT('',(3.777731659087E-03,-1.300000000005));
#1031 = CARTESIAN_POINT('',(5.036975544607E-03,-1.299999999991));
#1032 = CARTESIAN_POINT('',(6.29621943233E-03,-1.300000000014));
#1033 = CARTESIAN_POINT('',(7.555463316546E-03,-1.299999999982));
#1034 = CARTESIAN_POINT('',(8.814707205128E-03,-1.300000000017));
#1035 = CARTESIAN_POINT('',(1.007395108951E-02,-1.299999999986));
#1036 = CARTESIAN_POINT('',(1.133319497694E-02,-1.300000000009));
#1037 = CARTESIAN_POINT('',(1.259243886275E-02,-1.299999999996));
#1038 = CARTESIAN_POINT('',(1.385168274916E-02,-1.300000000002));
#1039 = CARTESIAN_POINT('',(1.511092663543E-02,-1.3));
#1040 = CARTESIAN_POINT('',(1.7629414408E-02,-1.3));
#1041 = CARTESIAN_POINT('',(1.888865829429E-02,-1.3));
#1042 = CARTESIAN_POINT('',(2.014790218056E-02,-1.3));
#1043 = CARTESIAN_POINT('',(2.140714606688E-02,-1.300000000001));
#1044 = CARTESIAN_POINT('',(2.266638995311E-02,-1.299999999998));
#1045 = CARTESIAN_POINT('',(2.392563383947E-02,-1.300000000002));
#1046 = CARTESIAN_POINT('',(2.518487772569E-02,-1.299999999998));
#1047 = CARTESIAN_POINT('',(2.644412161202E-02,-1.300000000002));
#1048 = CARTESIAN_POINT('',(2.770336549828E-02,-1.299999999999));
#1049 = CARTESIAN_POINT('',(2.896260938458E-02,-1.3));
#1050 = CARTESIAN_POINT('',(3.022185327086E-02,-1.3));
#1051 = CARTESIAN_POINT('',(3.148109715715E-02,-1.3));
#1052 = CARTESIAN_POINT('',(3.5258828816E-02,-1.3));
#1053 = CARTESIAN_POINT('',(3.77773165886E-02,-1.3));
#1054 = CARTESIAN_POINT('',(4.029580436109E-02,-1.299999999999));
#1055 = CARTESIAN_POINT('',(4.281429213385E-02,-1.300000000002));
#1056 = CARTESIAN_POINT('',(4.53327799061E-02,-1.299999999998));
#1057 = CARTESIAN_POINT('',(4.78512676791E-02,-1.300000000003));
#1058 = CARTESIAN_POINT('',(5.036975545121E-02,-1.299999999998));
#1059 = CARTESIAN_POINT('',(5.288824322419E-02,-1.300000000002));
#1060 = CARTESIAN_POINT('',(5.540673099648E-02,-1.299999999999));
#1061 = CARTESIAN_POINT('',(5.792521876921E-02,-1.3));
#1062 = CARTESIAN_POINT('',(6.044370654172E-02,-1.3));
#1063 = CARTESIAN_POINT('',(6.29621943143E-02,-1.3));
#1064 = CARTESIAN_POINT('',(7.051765763202E-02,-1.3));
#1065 = CARTESIAN_POINT('',(7.555463317713E-02,-1.299999999999));
#1066 = CARTESIAN_POINT('',(8.059160872238E-02,-1.300000000001));
#1067 = CARTESIAN_POINT('',(8.562858426733E-02,-1.299999999998));
#1068 = CARTESIAN_POINT('',(9.066555981274E-02,-1.300000000002));
#1069 = CARTESIAN_POINT('',(9.57025353576E-02,-1.299999999998));
#1070 = CARTESIAN_POINT('',(0.100739510903,-1.300000000002));
#1071 = CARTESIAN_POINT('',(0.105776486448,-1.299999999999));
#1072 = CARTESIAN_POINT('',(0.110813461993,-1.3));
#1073 = CARTESIAN_POINT('',(0.115850437538,-1.3));
#1074 = CARTESIAN_POINT('',(0.120887413083,-1.3));
#1075 = CARTESIAN_POINT('',(0.125924388629,-1.3));
#1076 = CARTESIAN_POINT('',(0.141035315264,-1.3));
#1077 = CARTESIAN_POINT('',(0.151109266354,-1.3));
#1078 = CARTESIAN_POINT('',(0.161183217445,-1.299999999999));
#1079 = CARTESIAN_POINT('',(0.171257168535,-1.300000000002));
#1080 = CARTESIAN_POINT('',(0.181331119625,-1.299999999998));
#1081 = CARTESIAN_POINT('',(0.191405070716,-1.300000000002));
#1082 = CARTESIAN_POINT('',(0.201479021805,-1.299999999998));
#1083 = CARTESIAN_POINT('',(0.211552972896,-1.300000000001));
#1084 = CARTESIAN_POINT('',(0.221626923986,-1.299999999999));
#1085 = CARTESIAN_POINT('',(0.231700875077,-1.300000000001));
#1086 = CARTESIAN_POINT('',(0.241774826167,-1.3));
#1087 = CARTESIAN_POINT('',(0.251848777257,-1.3));
#1088 = CARTESIAN_POINT('',(0.282070630528,-1.3));
#1089 = CARTESIAN_POINT('',(0.302218532709,-1.300000000002));
#1090 = CARTESIAN_POINT('',(0.322366434888,-1.299999999996));
#1091 = CARTESIAN_POINT('',(0.342514337072,-1.300000000008));
#1092 = CARTESIAN_POINT('',(0.362662239247,-1.299999999988));
#1093 = CARTESIAN_POINT('',(0.382810141434,-1.300000000014));
#1094 = CARTESIAN_POINT('',(0.402958043608,-1.299999999987));
#1095 = CARTESIAN_POINT('',(0.423105945794,-1.300000000009));
#1096 = CARTESIAN_POINT('',(0.443253847971,-1.299999999994));
#1097 = CARTESIAN_POINT('',(0.463401750154,-1.300000000003));
#1098 = CARTESIAN_POINT('',(0.483549652334,-1.299999999999));
#1099 = CARTESIAN_POINT('',(0.503697554514,-1.3));
#1100 = CARTESIAN_POINT('',(0.564141261056,-1.3));
#1101 = CARTESIAN_POINT('',(0.604437065418,-1.300000000001));
#1102 = CARTESIAN_POINT('',(0.644732869778,-1.299999999997));
#1103 = CARTESIAN_POINT('',(0.685028674141,-1.300000000006));
#1104 = CARTESIAN_POINT('',(0.725324478498,-1.299999999991));
#1105 = CARTESIAN_POINT('',(0.765620282865,-1.300000000012));
#1106 = CARTESIAN_POINT('',(0.80591608722,-1.299999999989));
#1107 = CARTESIAN_POINT('',(0.846211891587,-1.300000000009));
#1108 = CARTESIAN_POINT('',(0.886507695944,-1.299999999994));
#1109 = CARTESIAN_POINT('',(0.926803500307,-1.300000000003));
#1110 = CARTESIAN_POINT('',(0.967099304667,-1.299999999999));
#1111 = CARTESIAN_POINT('',(1.007395109029,-1.3));
#1112 = CARTESIAN_POINT('',(1.128282522112,-1.3));
#1113 = CARTESIAN_POINT('',(1.208874130836,-1.300000000001));
#1114 = CARTESIAN_POINT('',(1.289465739554,-1.299999999996));
#1115 = CARTESIAN_POINT('',(1.370057348286,-1.300000000007));
#1116 = CARTESIAN_POINT('',(1.450648956992,-1.29999999999));
#1117 = CARTESIAN_POINT('',(1.531240565736,-1.300000000012));
#1118 = CARTESIAN_POINT('',(1.611832174433,-1.299999999989));
#1119 = CARTESIAN_POINT('',(1.692423783179,-1.300000000009));
#1120 = CARTESIAN_POINT('',(1.773015391884,-1.299999999995));
#1121 = CARTESIAN_POINT('',(1.853607000617,-1.300000000003));
#1122 = CARTESIAN_POINT('',(1.934198609334,-1.299999999999));
#1123 = CARTESIAN_POINT('',(2.014790218058,-1.3));
#1124 = CARTESIAN_POINT('',(2.256565044224,-1.3));
#1125 = CARTESIAN_POINT('',(2.417748261672,-1.3));
#1126 = CARTESIAN_POINT('',(2.578931479107,-1.3));
#1127 = CARTESIAN_POINT('',(2.740114696572,-1.3));
#1128 = CARTESIAN_POINT('',(2.901297913984,-1.3));
#1129 = CARTESIAN_POINT('',(3.062481131471,-1.299999999999));
#1130 = CARTESIAN_POINT('',(3.22366434887,-1.300000000001));
#1131 = CARTESIAN_POINT('',(3.384847566355,-1.299999999999));
#1132 = CARTESIAN_POINT('',(3.54603078377,-1.300000000001));
#1133 = CARTESIAN_POINT('',(3.707214001232,-1.3));
#1134 = CARTESIAN_POINT('',(3.868397218668,-1.3));
#1135 = CARTESIAN_POINT('',(4.029580436116,-1.3));
#1136 = CARTESIAN_POINT('',(4.513130088448,-1.3));
#1137 = CARTESIAN_POINT('',(4.835496523346,-1.300000000001));
#1138 = CARTESIAN_POINT('',(5.157862958208,-1.299999999997));
#1139 = CARTESIAN_POINT('',(5.480229393153,-1.300000000006));
#1140 = CARTESIAN_POINT('',(5.802595827955,-1.299999999991));
#1141 = CARTESIAN_POINT('',(6.124962262951,-1.30000000001));
#1142 = CARTESIAN_POINT('',(6.447328697736,-1.299999999991));
#1143 = CARTESIAN_POINT('',(6.769695132707,-1.300000000007));
#1144 = CARTESIAN_POINT('',(7.092061567546,-1.299999999996));
#1145 = CARTESIAN_POINT('',(7.414428002459,-1.300000000002));
#1146 = CARTESIAN_POINT('',(7.73679443734,-1.3));
#1147 = CARTESIAN_POINT('',(8.059160872231,-1.3));
#1148 = CARTESIAN_POINT('',(8.898974385854,-1.3));
#1149 = CARTESIAN_POINT('',(9.416421464584,-1.3));
#1150 = CARTESIAN_POINT('',(9.933868543332,-1.300000000001));
#1151 = CARTESIAN_POINT('',(10.451315622029,-1.299999999998));
#1152 = CARTESIAN_POINT('',(10.968762700833,-1.300000000003));
#1153 = CARTESIAN_POINT('',(11.48620977946,-1.299999999996));
#1154 = CARTESIAN_POINT('',(12.003656858322,-1.300000000005));
#1155 = CARTESIAN_POINT('',(12.521103936932,-1.299999999996));
#1156 = CARTESIAN_POINT('',(13.038551015761,-1.300000000002));
#1157 = CARTESIAN_POINT('',(13.555998094436,-1.299999999999));
#1158 = CARTESIAN_POINT('',(14.073445173197,-1.3));
#1159 = CARTESIAN_POINT('',(14.590892251922,-1.3));
#1160 = CARTESIAN_POINT('',(15.57624414068,-1.3));
#1161 = CARTESIAN_POINT('',(16.044148950702,-1.300000000001));
#1162 = CARTESIAN_POINT('',(16.512053760726,-1.299999999998));
#1163 = CARTESIAN_POINT('',(16.979958570752,-1.300000000005));
#1164 = CARTESIAN_POINT('',(17.447863380761,-1.299999999992));
#1165 = CARTESIAN_POINT('',(17.915768190815,-1.30000000001));
#1166 = CARTESIAN_POINT('',(18.383673000791,-1.299999999989));
#1167 = CARTESIAN_POINT('',(18.851577810868,-1.300000000009));
#1168 = CARTESIAN_POINT('',(19.319482620842,-1.299999999994));
#1169 = CARTESIAN_POINT('',(19.7873874309,-1.300000000003));
#1170 = CARTESIAN_POINT('',(20.255292240903,-1.299999999999));
#1171 = CARTESIAN_POINT('',(20.723197050935,-1.3));
#1172 = CARTESIAN_POINT('',(21.621114933548,-1.3));
#1173 = CARTESIAN_POINT('',(22.051128006169,-1.300000000001));
#1174 = CARTESIAN_POINT('',(22.48114107868,-1.299999999997));
#1175 = CARTESIAN_POINT('',(22.911154151469,-1.300000000007));
#1176 = CARTESIAN_POINT('',(23.341167223733,-1.299999999989));
#1177 = CARTESIAN_POINT('',(23.771180296783,-1.300000000013));
#1178 = CARTESIAN_POINT('',(24.201193368878,-1.299999999986));
#1179 = CARTESIAN_POINT('',(24.631206441927,-1.300000000011));
#1180 = CARTESIAN_POINT('',(25.061219514187,-1.299999999992));
#1181 = CARTESIAN_POINT('',(25.491232586986,-1.300000000004));
#1182 = CARTESIAN_POINT('',(25.921245659484,-1.299999999998));
#1183 = CARTESIAN_POINT('',(26.351258732117,-1.3));
#1184 = CARTESIAN_POINT('',(27.182822055035,-1.299999999999));
#1185 = CARTESIAN_POINT('',(27.584372305455,-1.300000000003));
#1186 = CARTESIAN_POINT('',(27.985922555552,-1.299999999991));
#1187 = CARTESIAN_POINT('',(28.387472806429,-1.300000000018));
#1188 = CARTESIAN_POINT('',(28.789023055894,-1.299999999973));
#1189 = CARTESIAN_POINT('',(29.19057330737,-1.300000000032));
#1190 = CARTESIAN_POINT('',(29.592123556538,-1.299999999969));
#1191 = CARTESIAN_POINT('',(29.993673807866,-1.300000000023));
#1192 = CARTESIAN_POINT('',(30.395224057543,-1.299999999986));
#1193 = CARTESIAN_POINT('',(30.796774308242,-1.300000000006));
#1194 = CARTESIAN_POINT('',(31.198324558441,-1.299999999998));
#1195 = CARTESIAN_POINT('',(31.59987480882,-1.3));
#1196 = CARTESIAN_POINT('',(32.502902167255,-1.3));
#1197 = CARTESIAN_POINT('',(33.004379275319,-1.299999999999));
#1198 = CARTESIAN_POINT('',(33.505856383513,-1.300000000004));
#1199 = CARTESIAN_POINT('',(34.007333491388,-1.299999999993));
#1200 = CARTESIAN_POINT('',(34.508810599819,-1.30000000001));
#1201 = CARTESIAN_POINT('',(35.010287707505,-1.299999999988));
#1202 = CARTESIAN_POINT('',(35.511764815986,-1.300000000011));
#1203 = CARTESIAN_POINT('',(36.013241923777,-1.299999999992));
#1204 = CARTESIAN_POINT('',(36.51471903206,-1.300000000005));
#1205 = CARTESIAN_POINT('',(37.016196140056,-1.299999999998));
#1206 = CARTESIAN_POINT('',(37.517673248186,-1.300000000001));
#1207 = CARTESIAN_POINT('',(38.019150356269,-1.3));
#1208 = CARTESIAN_POINT('',(38.755368918511,-1.3));
#1209 = CARTESIAN_POINT('',(38.990110372669,-1.3));
#1210 = CARTESIAN_POINT('',(39.224851826776,-1.299999999999));
#1211 = CARTESIAN_POINT('',(39.459593281035,-1.300000000002));
#1212 = CARTESIAN_POINT('',(39.69433473497,-1.299999999997));
#1213 = CARTESIAN_POINT('',(39.929076189439,-1.300000000004));
#1214 = CARTESIAN_POINT('',(40.163817643208,-1.299999999996));
#1215 = CARTESIAN_POINT('',(40.398559097716,-1.300000000003));
#1216 = CARTESIAN_POINT('',(40.633300551593,-1.299999999998));
#1217 = CARTESIAN_POINT('',(40.868042005906,-1.300000000001));
#1218 = CARTESIAN_POINT('',(41.102783459977,-1.3));
#1219 = CARTESIAN_POINT('',(41.337524914153,-1.3));
#1220 = CARTESIAN_POINT('',(41.807007822439,-1.3));
#1221 = CARTESIAN_POINT('',(42.041749276625,-1.300000000001));
#1222 = CARTESIAN_POINT('',(42.276490730653,-1.299999999997));
#1223 = CARTESIAN_POINT('',(42.511232185071,-1.300000000005));
#1224 = CARTESIAN_POINT('',(42.745973638763,-1.299999999992));
#1225 = CARTESIAN_POINT('',(42.980715093525,-1.300000000009));
#1226 = CARTESIAN_POINT('',(43.215456547005,-1.299999999991));
#1227 = CARTESIAN_POINT('',(43.450198001751,-1.300000000007));
#1228 = CARTESIAN_POINT('',(43.684939455464,-1.299999999996));
#1229 = CARTESIAN_POINT('',(43.919680909868,-1.300000000002));
#1230 = CARTESIAN_POINT('',(44.154422363901,-1.299999999999));
#1231 = CARTESIAN_POINT('',(44.389163818087,-1.3));
#1232 = CARTESIAN_POINT('',(44.986750700375,-1.3));
#1233 = CARTESIAN_POINT('',(45.349596128588,-1.3));
#1234 = CARTESIAN_POINT('',(45.712441556573,-1.299999999999));
#1235 = CARTESIAN_POINT('',(46.0752869851,-1.300000000002));
#1236 = CARTESIAN_POINT('',(46.438132412634,-1.299999999997));
#1237 = CARTESIAN_POINT('',(46.800977841616,-1.300000000004));
#1238 = CARTESIAN_POINT('',(47.163823268895,-1.299999999997));
#1239 = CARTESIAN_POINT('',(47.526668697795,-1.300000000002));
#1240 = CARTESIAN_POINT('',(47.889514125453,-1.299999999999));
#1241 = CARTESIAN_POINT('',(48.252359553863,-1.3));
#1242 = CARTESIAN_POINT('',(48.615204981931,-1.3));
#1243 = CARTESIAN_POINT('',(48.978050410096,-1.3));
#1244 = CARTESIAN_POINT('',(49.816638795081,-1.300000000001));
#1245 = CARTESIAN_POINT('',(50.292381751729,-1.299999999996));
#1246 = CARTESIAN_POINT('',(50.768124709041,-1.300000000011));
#1247 = CARTESIAN_POINT('',(51.243867664725,-1.299999999979));
#1248 = CARTESIAN_POINT('',(51.719610623377,-1.300000000031));
#1249 = CARTESIAN_POINT('',(52.195353577757,-1.299999999963));
#1250 = CARTESIAN_POINT('',(52.671096537124,-1.300000000035));
#1251 = CARTESIAN_POINT('',(53.146839491708,-1.299999999973));
#1252 = CARTESIAN_POINT('',(53.622582450073,-1.300000000017));
#1253 = CARTESIAN_POINT('',(54.098325405991,-1.299999999992));
#1254 = CARTESIAN_POINT('',(54.574068363179,-1.300000000003));
#1255 = CARTESIAN_POINT('',(55.049811319864,-1.299999999999));
#1256 = CARTESIAN_POINT('',(55.955567349292,-1.3));
#1257 = CARTESIAN_POINT('',(56.385580421838,-1.299999999999));
#1258 = CARTESIAN_POINT('',(56.815593494565,-1.300000000002));
#1259 = CARTESIAN_POINT('',(57.245606566897,-1.299999999996));
#1260 = CARTESIAN_POINT('',(57.675619639914,-1.300000000006));
#1261 = CARTESIAN_POINT('',(58.105632711975,-1.299999999994));
#1262 = CARTESIAN_POINT('',(58.535645785122,-1.300000000006));
#1263 = CARTESIAN_POINT('',(58.965658857253,-1.299999999996));
#1264 = CARTESIAN_POINT('',(59.395671930173,-1.300000000003));
#1265 = CARTESIAN_POINT('',(59.825685002582,-1.299999999999));
#1266 = CARTESIAN_POINT('',(60.255698075268,-1.300000000001));
#1267 = CARTESIAN_POINT('',(60.685711147828,-1.3));
#1268 = CARTESIAN_POINT('',(61.617201328542,-1.3));
#1269 = CARTESIAN_POINT('',(62.118678436529,-1.299999999998));
#1270 = CARTESIAN_POINT('',(62.620155544966,-1.300000000005));
#1271 = CARTESIAN_POINT('',(63.121632652291,-1.299999999989));
#1272 = CARTESIAN_POINT('',(63.623109761685,-1.300000000016));
#1273 = CARTESIAN_POINT('',(64.12458686803,-1.29999999998));
#1274 = CARTESIAN_POINT('',(64.626063978018,-1.300000000019));
#1275 = CARTESIAN_POINT('',(65.127541084437,-1.299999999985));
#1276 = CARTESIAN_POINT('',(65.629018193728,-1.300000000009));
#1277 = CARTESIAN_POINT('',(66.130495301137,-1.299999999996));
#1278 = CARTESIAN_POINT('',(66.631972409525,-1.300000000001));
#1279 = CARTESIAN_POINT('',(67.133449517533,-1.3));
#1280 = CARTESIAN_POINT('',(68.124462089538,-1.3));
#1281 = CARTESIAN_POINT('',(68.613997553442,-1.3));
#1282 = CARTESIAN_POINT('',(69.103533017288,-1.299999999999));
#1283 = CARTESIAN_POINT('',(69.593068481328,-1.300000000002));
#1284 = CARTESIAN_POINT('',(70.082603944977,-1.299999999997));
#1285 = CARTESIAN_POINT('',(70.572139409202,-1.300000000004));
#1286 = CARTESIAN_POINT('',(71.061674872766,-1.299999999996));
#1287 = CARTESIAN_POINT('',(71.551210336938,-1.300000000003));
#1288 = CARTESIAN_POINT('',(72.040745800657,-1.299999999998));
#1289 = CARTESIAN_POINT('',(72.530281264648,-1.300000000001));
#1290 = CARTESIAN_POINT('',(73.019816728509,-1.3));
#1291 = CARTESIAN_POINT('',(73.509352192419,-1.3));
#1292 = CARTESIAN_POINT('',(74.485391911723,-1.3));
#1293 = CARTESIAN_POINT('',(74.971896167157,-1.300000000001));
#1294 = CARTESIAN_POINT('',(75.458400422475,-1.299999999998));
#1295 = CARTESIAN_POINT('',(75.944904678129,-1.300000000004));
#1296 = CARTESIAN_POINT('',(76.431408933063,-1.299999999993));
#1297 = CARTESIAN_POINT('',(76.917913189193,-1.30000000001));
#1298 = CARTESIAN_POINT('',(77.40441744375,-1.299999999989));
#1299 = CARTESIAN_POINT('',(77.890921699965,-1.300000000009));
#1300 = CARTESIAN_POINT('',(78.377425954774,-1.299999999994));
#1301 = CARTESIAN_POINT('',(78.863930210534,-1.300000000003));
#1302 = CARTESIAN_POINT('',(79.350434465795,-1.299999999999));
#1303 = CARTESIAN_POINT('',(79.836938721244,-1.3));
#1304 = CARTESIAN_POINT('',(80.938827592043,-1.3));
#1305 = CARTESIAN_POINT('',(81.554212207367,-1.299999999999));
#1306 = CARTESIAN_POINT('',(82.169596822974,-1.300000000002));
#1307 = CARTESIAN_POINT('',(82.784981437839,-1.299999999996));
#1308 = CARTESIAN_POINT('',(83.400366054131,-1.300000000007));
#1309 = CARTESIAN_POINT('',(84.015750668266,-1.299999999991));
#1310 = CARTESIAN_POINT('',(84.631135285033,-1.300000000009));
#1311 = CARTESIAN_POINT('',(85.246519899184,-1.299999999993));
#1312 = CARTESIAN_POINT('',(85.861904515455,-1.300000000004));
#1313 = CARTESIAN_POINT('',(86.477289130333,-1.299999999998));
#1314 = CARTESIAN_POINT('',(87.092673745941,-1.300000000001));
#1315 = CARTESIAN_POINT('',(87.708058361255,-1.3));
#1316 = CARTESIAN_POINT('',(88.323442976652,-1.3));
#1317 = ( GEOMETRIC_REPRESENTATION_CONTEXT(2) 
PARAMETRIC_REPRESENTATION_CONTEXT() REPRESENTATION_CONTEXT('2D SPACE',''
  ) );
#1318 = PCURVE('',#1319,#2190);
#1319 = ( BOUNDED_SURFACE() B_SPLINE_SURFACE(2,13,(
    (#1320,#1321,#1322,#1323,#1324,#1325,#1326,#1327,#1328,#1329,#1330
      ,#1331,#1332,#1333,#1334,#1335,#1336,#1337,#1338,#1339,#1340,#1341
      ,#1342,#1343,#1344,#1345,#1346,#1347,#1348,#1349,#1350,#1351,#1352
      ,#1353,#1354,#1355,#1356,#1357,#1358,#1359,#1360,#1361,#1362,#1363
      ,#1364,#1365,#1366,#1367,#1368,#1369,#1370,#1371,#1372,#1373,#1374
      ,#1375,#1376,#1377,#1378,#1379,#1380,#1381,#1382,#1383,#1384,#1385
      ,#1386,#1387,#1388,#1389,#1390,#1391,#1392,#1393,#1394,#1395,#1396
      ,#1397,#1398,#1399,#1400,#1401,#1402,#1403,#1404,#1405,#1406,#1407
      ,#1408,#1409,#1410,#1411,#1412,#1413,#1414,#1415,#1416,#1417,#1418
      ,#1419,#1420,#1421,#1422,#1423,#1424,#1425,#1426,#1427,#1428,#1429
      ,#1430,#1431,#1432,#1433,#1434,#1435,#1436,#1437,#1438,#1439,#1440
      ,#1441,#1442,#1443,#1444,#1445,#1446,#1447,#1448,#1449,#1450,#1451
      ,#1452,#1453,#1454,#1455,#1456,#1457,#1458,#1459,#1460,#1461,#1462
      ,#1463,#1464,#1465,#1466,#1467,#1468,#1469,#1470,#1471,#1472,#1473
      ,#1474,#1475,#1476,#1477,#1478,#1479,#1480,#1481,#1482,#1483,#1484
      ,#1485,#1486,#1487,#1488,#1489,#1490,#1491,#1492,#1493,#1494,#1495
      ,#1496,#1497,#1498,#1499,#1500,#1501,#1502,#1503,#1504,#1505,#1506
      ,#1507,#1508,#1509,#1510,#1511,#1512,#1513,#1514,#1515,#1516,#1517
      ,#1518,#1519,#1520,#1521,#1522,#1523,#1524,#1525,#1526,#1527,#1528
      ,#1529,#1530,#1531,#1532,#1533,#1534,#1535,#1536,#1537,#1538,#1539
      ,#1540,#1541,#1542,#1543,#1544,#1545,#1546,#1547,#1548,#1549,#1550
      ,#1551,#1552,#1553,#1554,#1555,#1556,#1557,#1558,#1559,#1560,#1561
      ,#1562,#1563,#1564,#1565,#1566,#1567,#1568,#1569,#1570,#1571,#1572
      ,#1573,#1574,#1575,#1576,#1577,#1578,#1579,#1580,#1581,#1582,#1583
      ,#1584,#1585,#1586,#1587,#1588,#1589,#1590,#1591,#1592,#1593,#1594
      ,#1595,#1596,#1597,#1598,#1599,#1600,#1601,#1602,#1603,#1604,#1605
      ,#1606,#1607,#1608,#1609)
    ,(#1610,#1611,#1612,#1613,#1614,#1615,#1616,#1617,#1618,#1619,#1620
      ,#1621,#1622,#1623,#1624,#1625,#1626,#1627,#1628,#1629,#1630,#1631
      ,#1632,#1633,#1634,#1635,#1636,#1637,#1638,#1639,#1640,#1641,#1642
      ,#1643,#1644,#1645,#1646,#1647,#1648,#1649,#1650,#1651,#1652,#1653
      ,#1654,#1655,#1656,#1657,#1658,#1659,#1660,#1661,#1662,#1663,#1664
      ,#1665,#1666,#1667,#1668,#1669,#1670,#1671,#1672,#1673,#1674,#1675
      ,#1676,#1677,#1678,#1679,#1680,#1681,#1682,#1683,#1684,#1685,#1686
      ,#1687,#1688,#1689,#1690,#1691,#1692,#1693,#1694,#1695,#1696,#1697
      ,#1698,#1699,#1700,#1701,#1702,#1703,#1704,#1705,#1706,#1707,#1708
      ,#1709,#1710,#1711,#1712,#1713,#1714,#1715,#1716,#1717,#1718,#1719
      ,#1720,#1721,#1722,#1723,#1724,#1725,#1726,#1727,#1728,#1729,#1730
      ,#1731,#1732,#1733,#1734,#1735,#1736,#1737,#1738,#1739,#1740,#1741
      ,#1742,#1743,#1744,#1745,#1746,#1747,#1748,#1749,#1750,#1751,#1752
      ,#1753,#1754,#1755,#1756,#1757,#1758,#1759,#1760,#1761,#1762,#1763
      ,#1764,#1765,#1766,#1767,#1768,#1769,#1770,#1771,#1772,#1773,#1774
      ,#1775,#1776,#1777,#1778,#1779,#1780,#1781,#1782,#1783,#1784,#1785
      ,#1786,#1787,#1788,#1789,#1790,#1791,#1792,#1793,#1794,#1795,#1796
      ,#1797,#1798,#1799,#1800,#1801,#1802,#1803,#1804,#1805,#1806,#1807
      ,#1808,#1809,#1810,#1811,#1812,#1813,#1814,#1815,#1816,#1817,#1818
      ,#1819,#1820,#1821,#1822,#1823,#1824,#1825,#1826,#1827,#1828,#1829
      ,#1830,#1831,#1832,#1833,#1834,#1835,#1836,#1837,#1838,#1839,#1840
      ,#1841,#1842,#1843,#1844,#1845,#1846,#1847,#1848,#1849,#1850,#1851
      ,#1852,#1853,#1854,#1855,#1856,#1857,#1858,#1859,#1860,#1861,#1862
      ,#1863,#1864,#1865,#1866,#1867,#1868,#1869,#1870,#1871,#1872,#1873
      ,#1874,#1875,#1876,#1877,#1878,#1879,#1880,#1881,#1882,#1883,#1884
      ,#1885,#1886,#1887,#1888,#1889,#1890,#1891,#1892,#1893,#1894,#1895
      ,#1896,#1897,#1898,#1899)
    ,(#1900,#1901,#1902,#1903,#1904,#1905,#1906,#1907,#1908,#1909,#1910
      ,#1911,#1912,#1913,#1914,#1915,#1916,#1917,#1918,#1919,#1920,#1921
      ,#1922,#1923,#1924,#1925,#1926,#1927,#1928,#1929,#1930,#1931,#1932
      ,#1933,#1934,#1935,#1936,#1937,#1938,#1939,#1940,#1941,#1942,#1943
      ,#1944,#1945,#1946,#1947,#1948,#1949,#1950,#1951,#1952,#1953,#1954
      ,#1955,#1956,#1957,#1958,#1959,#1960,#1961,#1962,#1963,#1964,#1965
      ,#1966,#1967,#1968,#1969,#1970,#1971,#1972,#1973,#1974,#1975,#1976
      ,#1977,#1978,#1979,#1980,#1981,#1982,#1983,#1984,#1985,#1986,#1987
      ,#1988,#1989,#1990,#1991,#1992,#1993,#1994,#1995,#1996,#1997,#1998
      ,#1999,#2000,#2001,#2002,#2003,#2004,#2005,#2006,#2007,#2008,#2009
      ,#2010,#2011,#2012,#2013,#2014,#2015,#2016,#2017,#2018,#2019,#2020
      ,#2021,#2022,#2023,#2024,#2025,#2026,#2027,#2028,#2029,#2030,#2031
      ,#2032,#2033,#2034,#2035,#2036,#2037,#2038,#2039,#2040,#2041,#2042
      ,#2043,#2044,#2045,#2046,#2047,#2048,#2049,#2050,#2051,#2052,#2053
      ,#2054,#2055,#2056,#2057,#2058,#2059,#2060,#2061,#2062,#2063,#2064
      ,#2065,#2066,#2067,#2068,#2069,#2070,#2071,#2072,#2073,#2074,#2075
      ,#2076,#2077,#2078,#2079,#2080,#2081,#2082,#2083,#2084,#2085,#2086
      ,#2087,#2088,#2089,#2090,#2091,#2092,#2093,#2094,#2095,#2096,#2097
      ,#2098,#2099,#2100,#2101,#2102,#2103,#2104,#2105,#2106,#2107,#2108
      ,#2109,#2110,#2111,#2112,#2113,#2114,#2115,#2116,#2117,#2118,#2119
      ,#2120,#2121,#2122,#2123,#2124,#2125,#2126,#2127,#2128,#2129,#2130
      ,#2131,#2132,#2133,#2134,#2135,#2136,#2137,#2138,#2139,#2140,#2141
      ,#2142,#2143,#2144,#2145,#2146,#2147,#2148,#2149,#2150,#2151,#2152
      ,#2153,#2154,#2155,#2156,#2157,#2158,#2159,#2160,#2161,#2162,#2163
      ,#2164,#2165,#2166,#2167,#2168,#2169,#2170,#2171,#2172,#2173,#2174
      ,#2175,#2176,#2177,#2178,#2179,#2180,#2181,#2182,#2183,#2184,#2185
      ,#2186,#2187,#2188,#2189
)),.UNSPECIFIED.,.F.,.T.,.F.) B_SPLINE_SURFACE_WITH_KNOTS((3,3),(14,12,
    12,12,12,12,12,12,12,12,12,12,12,12,12,12,12,12,12,12,12,12,12,12,14
    ),(0.,90.099773855045),(-3.318067981453E-15,1.669940179262E-02,
    3.339880358525E-02,6.679760717051E-02,0.133595214341,0.267190428682,
    0.534380857364,1.068761714728,2.137523429456,4.275046858913,
    8.550093717826,15.4121930842,21.617290054193,27.319887584005,
    32.645026775413,39.295341149812,42.408353571716,45.52136599362,
    50.333223060695,56.642265234472,62.344862764283,68.995177138682,
    75.487127977126,81.938880591057,90.099773855045),.UNSPECIFIED.) 
GEOMETRIC_REPRESENTATION_ITEM() RATIONAL_B_SPLINE_SURFACE((
    (1.,1.,0.999999999999,1.000000000003,0.999999999994,1.000000000009
      ,0.999999999989,1.000000000011,0.999999999992,1.000000000005
      ,0.999999999997,1.000000000001,1.,1.,1.,0.999999999999
      ,1.000000000003,0.999999999996,1.000000000005,0.999999999995
      ,1.000000000004,0.999999999997,1.000000000001,1.,1.,1.
      ,1.000000000001,0.999999999998,1.000000000004,0.999999999994
      ,1.000000000007,0.999999999993,1.000000000005,0.999999999997
      ,1.000000000002,1.,1.,1.,0.999999999999,1.000000000002
      ,0.999999999997,1.000000000004,0.999999999995,1.000000000004
      ,0.999999999997,1.000000000002,0.999999999999,1.,1.,1.,1.
      ,0.999999999999,1.000000000001,0.999999999998,1.000000000002
      ,0.999999999998,1.000000000002,0.999999999999,1.000000000001,1.,1.
      ,1.,1.000000000001,0.999999999996,1.000000000007,0.99999999999
      ,1.000000000012,0.999999999989,1.000000000008,0.999999999995
      ,1.000000000002,0.999999999999,1.,1.,1.000000000001,0.999999999998
      ,1.000000000004,0.999999999995,1.000000000006,0.999999999994
      ,1.000000000005,0.999999999997,1.000000000001,0.999999999999,1.,1.
      ,1.000000000001,0.999999999999,1.000000000003,0.999999999996
      ,1.000000000004,0.999999999996,1.000000000003,0.999999999998
      ,1.000000000001,1.,1.,1.,1.,0.999999999999,1.000000000002
      ,0.999999999998,1.000000000003,0.999999999998,1.000000000002
      ,0.999999999999,1.000000000001,1.,1.,1.,1.000000000001
      ,0.999999999997,1.000000000006,0.999999999992,1.000000000009
      ,0.999999999991,1.000000000006,0.999999999996,1.000000000002
      ,0.999999999999,1.,1.,1.,1.000000000001,0.999999999999
      ,1.000000000003,0.999999999996,1.000000000004,0.999999999997
      ,1.000000000002,0.999999999999,1.,1.,1.,1.,0.999999999999
      ,1.000000000001,0.999999999998,1.000000000003,0.999999999996
      ,1.000000000003,0.999999999998,1.000000000001,1.,1.,1.
      ,1.000000000001,0.999999999996,1.000000000007,0.999999999989
      ,1.000000000014,0.999999999987,1.000000000011,0.999999999993
      ,1.000000000004,0.999999999999,1.,1.,1.000000000003,0.999999999993
      ,1.000000000014,0.999999999979,1.000000000025,0.999999999977
      ,1.000000000018,0.999999999989,1.000000000005,0.999999999999,1.,1.
      ,0.999999999999,1.000000000003,0.999999999994,1.000000000008
      ,0.999999999991,1.000000000008,0.999999999994,1.000000000003
      ,0.999999999998,1.,1.,1.,1.,0.999999999999,1.000000000001
      ,0.999999999997,1.000000000004,0.999999999996,1.000000000003
      ,0.999999999998,1.000000000001,1.,1.,1.,1.000000000001
      ,0.999999999997,1.000000000005,0.999999999992,1.00000000001
      ,0.999999999991,1.000000000007,0.999999999996,1.000000000002
      ,0.999999999999,1.,1.,1.000000000001,0.999999999998,1.000000000003
      ,0.999999999995,1.000000000006,0.999999999994,1.000000000004
      ,0.999999999998,1.000000000001,1.,1.,1.,0.999999999998
      ,1.000000000007,0.999999999987,1.00000000002,0.999999999977
      ,1.000000000022,0.999999999983,1.00000000001,0.999999999995
      ,1.000000000002,1.,1.,0.999999999999,1.000000000002,0.999999999996
      ,1.000000000005,0.999999999994,1.000000000006,0.999999999995
      ,1.000000000003,0.999999999998,1.000000000001,1.,1.,0.999999999999
      ,1.000000000003,0.999999999994,1.000000000009,0.99999999999
      ,1.00000000001,0.999999999992,1.000000000005,0.999999999998
      ,1.000000000001,1.,1.,1.,1.,1.,1.000000000001,0.999999999999
      ,1.000000000002,0.999999999998,1.000000000001,0.999999999999,1.,1.
      ,1.,1.,0.999999999999,1.000000000003,0.999999999995,1.000000000007
      ,0.999999999992,1.000000000006,0.999999999996,1.000000000002
      ,0.999999999999,1.,1.,0.999999999999,1.000000000002,0.999999999996
      ,1.000000000007,0.999999999992,1.000000000008,0.999999999993
      ,1.000000000004,0.999999999998,1.000000000001,1.,1.)
    ,(0.707106781187,0.707106781187,0.707106781186,0.707106781189
      ,0.707106781183,0.707106781193,0.707106781179,0.707106781194
      ,0.707106781181,0.70710678119,0.707106781185,0.707106781187
      ,0.707106781186,0.707106781187,0.707106781187,0.707106781186
      ,0.707106781188,0.707106781184,0.707106781189,0.707106781184
      ,0.707106781189,0.707106781185,0.707106781187,0.707106781186
      ,0.707106781187,0.707106781186,0.707106781187,0.707106781185
      ,0.707106781189,0.707106781184,0.70710678119,0.707106781183
      ,0.707106781189,0.707106781185,0.707106781187,0.707106781186
      ,0.707106781187,0.707106781187,0.707106781186,0.707106781187
      ,0.707106781186,0.707106781187,0.707106781186,0.707106781187
      ,0.707106781186,0.707106781187,0.707106781187,0.707106781187
      ,0.707106781187,0.707106781186,0.707106781187,0.707106781185
      ,0.707106781189,0.707106781183,0.707106781191,0.707106781182
      ,0.70710678119,0.707106781184,0.707106781188,0.707106781186
      ,0.707106781187,0.707106781186,0.707106781187,0.707106781185
      ,0.70710678119,0.707106781181,0.707106781193,0.707106781181
      ,0.70710678119,0.707106781184,0.707106781188,0.707106781186
      ,0.707106781187,0.707106781186,0.707106781187,0.707106781185
      ,0.707106781189,0.707106781183,0.707106781191,0.707106781183
      ,0.707106781189,0.707106781185,0.707106781187,0.707106781186
      ,0.707106781187,0.707106781186,0.707106781187,0.707106781186
      ,0.707106781188,0.707106781184,0.707106781189,0.707106781184
      ,0.707106781188,0.707106781186,0.707106781187,0.707106781186
      ,0.707106781187,0.707106781187,0.707106781187,0.707106781186
      ,0.707106781187,0.707106781186,0.707106781187,0.707106781186
      ,0.707106781187,0.707106781186,0.707106781187,0.707106781186
      ,0.707106781187,0.707106781186,0.707106781187,0.707106781185
      ,0.70710678119,0.707106781181,0.707106781193,0.707106781181
      ,0.707106781191,0.707106781184,0.707106781188,0.707106781186
      ,0.707106781187,0.707106781186,0.707106781187,0.707106781186
      ,0.707106781187,0.707106781186,0.707106781187,0.707106781186
      ,0.707106781187,0.707106781186,0.707106781187,0.707106781187
      ,0.707106781187,0.707106781187,0.707106781187,0.707106781186
      ,0.707106781187,0.707106781186,0.707106781187,0.707106781186
      ,0.707106781187,0.707106781186,0.707106781187,0.707106781186
      ,0.707106781187,0.707106781186,0.707106781187,0.707106781184
      ,0.707106781191,0.70710678118,0.707106781195,0.707106781179
      ,0.707106781193,0.707106781183,0.707106781189,0.707106781186
      ,0.707106781187,0.707106781186,0.707106781188,0.707106781182
      ,0.707106781195,0.707106781174,0.707106781201,0.707106781173
      ,0.707106781197,0.707106781181,0.707106781189,0.707106781186
      ,0.707106781187,0.707106781187,0.707106781185,0.70710678119
      ,0.70710678118,0.707106781195,0.707106781176,0.707106781196
      ,0.707106781179,0.707106781191,0.707106781185,0.707106781187
      ,0.707106781186,0.707106781187,0.707106781187,0.707106781187
      ,0.707106781187,0.707106781186,0.707106781187,0.707106781186
      ,0.707106781187,0.707106781186,0.707106781187,0.707106781186
      ,0.707106781187,0.707106781186,0.707106781187,0.707106781185
      ,0.707106781189,0.707106781183,0.707106781191,0.707106781183
      ,0.707106781189,0.707106781185,0.707106781187,0.707106781186
      ,0.707106781187,0.707106781186,0.707106781187,0.707106781186
      ,0.707106781188,0.707106781184,0.70710678119,0.707106781184
      ,0.707106781189,0.707106781185,0.707106781187,0.707106781187
      ,0.707106781186,0.707106781187,0.707106781185,0.707106781191
      ,0.707106781178,0.7071067812,0.707106781171,0.707106781201
      ,0.707106781176,0.707106781193,0.707106781183,0.707106781188
      ,0.707106781186,0.707106781187,0.707106781186,0.707106781187
      ,0.707106781186,0.707106781188,0.707106781185,0.707106781188
      ,0.707106781185,0.707106781187,0.707106781186,0.707106781187
      ,0.707106781186,0.707106781187,0.707106781186,0.707106781189
      ,0.707106781181,0.707106781195,0.707106781177,0.707106781196
      ,0.70710678118,0.707106781191,0.707106781185,0.707106781187
      ,0.707106781186,0.707106781187,0.707106781187,0.707106781186
      ,0.707106781188,0.707106781184,0.707106781189,0.707106781184
      ,0.707106781189,0.707106781185,0.707106781187,0.707106781186
      ,0.707106781187,0.707106781186,0.707106781187,0.707106781185
      ,0.70710678119,0.707106781181,0.707106781194,0.707106781179
      ,0.707106781193,0.707106781182,0.707106781189,0.707106781186
      ,0.707106781187,0.707106781187,0.707106781186,0.707106781188
      ,0.707106781184,0.707106781191,0.707106781181,0.707106781192
      ,0.707106781182,0.707106781189,0.707106781185,0.707106781187
      ,0.707106781186,0.707106781187)
    ,(1.,1.,0.999999999999,1.000000000003,0.999999999994,1.000000000009
      ,0.999999999989,1.000000000011,0.999999999992,1.000000000005
      ,0.999999999997,1.000000000001,1.,1.,1.,0.999999999999
      ,1.000000000003,0.999999999996,1.000000000005,0.999999999995
      ,1.000000000004,0.999999999997,1.000000000001,1.,1.,1.
      ,1.000000000001,0.999999999998,1.000000000004,0.999999999994
      ,1.000000000007,0.999999999993,1.000000000005,0.999999999997
      ,1.000000000002,1.,1.,1.,0.999999999999,1.000000000002
      ,0.999999999997,1.000000000004,0.999999999995,1.000000000004
      ,0.999999999997,1.000000000002,0.999999999999,1.,1.,1.,1.
      ,0.999999999999,1.000000000001,0.999999999998,1.000000000002
      ,0.999999999998,1.000000000002,0.999999999999,1.000000000001,1.,1.
      ,1.,1.000000000001,0.999999999996,1.000000000007,0.99999999999
      ,1.000000000012,0.999999999989,1.000000000008,0.999999999995
      ,1.000000000002,0.999999999999,1.,1.,1.000000000001,0.999999999998
      ,1.000000000004,0.999999999995,1.000000000006,0.999999999994
      ,1.000000000005,0.999999999997,1.000000000001,0.999999999999,1.,1.
      ,1.000000000001,0.999999999999,1.000000000003,0.999999999996
      ,1.000000000004,0.999999999996,1.000000000003,0.999999999998
      ,1.000000000001,1.,1.,1.,1.,0.999999999999,1.000000000002
      ,0.999999999998,1.000000000003,0.999999999998,1.000000000002
      ,0.999999999999,1.000000000001,1.,1.,1.,1.000000000001
      ,0.999999999997,1.000000000006,0.999999999992,1.000000000009
      ,0.999999999991,1.000000000006,0.999999999996,1.000000000002
      ,0.999999999999,1.,1.,1.,1.000000000001,0.999999999999
      ,1.000000000003,0.999999999996,1.000000000004,0.999999999997
      ,1.000000000002,0.999999999999,1.,1.,1.,1.,0.999999999999
      ,1.000000000001,0.999999999998,1.000000000003,0.999999999996
      ,1.000000000003,0.999999999998,1.000000000001,1.,1.,1.
      ,1.000000000001,0.999999999996,1.000000000007,0.999999999989
      ,1.000000000014,0.999999999987,1.000000000011,0.999999999993
      ,1.000000000004,0.999999999999,1.,1.,1.000000000003,0.999999999993
      ,1.000000000014,0.999999999979,1.000000000025,0.999999999977
      ,1.000000000018,0.999999999989,1.000000000005,0.999999999999,1.,1.
      ,0.999999999999,1.000000000003,0.999999999994,1.000000000008
      ,0.999999999991,1.000000000008,0.999999999994,1.000000000003
      ,0.999999999998,1.,1.,1.,1.,0.999999999999,1.000000000001
      ,0.999999999997,1.000000000004,0.999999999996,1.000000000003
      ,0.999999999998,1.000000000001,1.,1.,1.,1.000000000001
      ,0.999999999997,1.000000000005,0.999999999992,1.00000000001
      ,0.999999999991,1.000000000007,0.999999999996,1.000000000002
      ,0.999999999999,1.,1.,1.000000000001,0.999999999998,1.000000000003
      ,0.999999999995,1.000000000006,0.999999999994,1.000000000004
      ,0.999999999998,1.000000000001,1.,1.,1.,0.999999999998
      ,1.000000000007,0.999999999987,1.00000000002,0.999999999977
      ,1.000000000022,0.999999999983,1.00000000001,0.999999999995
      ,1.000000000002,1.,1.,0.999999999999,1.000000000002,0.999999999996
      ,1.000000000005,0.999999999994,1.000000000006,0.999999999995
      ,1.000000000003,0.999999999998,1.000000000001,1.,1.,0.999999999999
      ,1.000000000003,0.999999999994,1.000000000009,0.99999999999
      ,1.00000000001,0.999999999992,1.000000000005,0.999999999998
      ,1.000000000001,1.,1.,1.,1.,1.,1.000000000001,0.999999999999
      ,1.000000000002,0.999999999998,1.000000000001,0.999999999999,1.,1.
      ,1.,1.,0.999999999999,1.000000000003,0.999999999995,1.000000000007
      ,0.999999999992,1.000000000006,0.999999999996,1.000000000002
      ,0.999999999999,1.,1.,0.999999999999,1.000000000002,0.999999999996
      ,1.000000000007,0.999999999992,1.000000000008,0.999999999993
      ,1.000000000004,0.999999999998,1.000000000001,1.,1.
))) REPRESENTATION_ITEM('') SURFACE() );
#1320 = CARTESIAN_POINT('',(2.5,4.,3.6));
#1321 = CARTESIAN_POINT('',(2.49998588013,4.001247180662,3.6));
#1322 = CARTESIAN_POINT('',(2.499971902625,4.002494373932,3.6));
#1323 = CARTESIAN_POINT('',(2.499958067436,4.003741579802,3.6));
#1324 = CARTESIAN_POINT('',(2.499944374656,4.004988798242,3.6));
#1325 = CARTESIAN_POINT('',(2.499930824077,4.006236029267,3.6));
#1326 = CARTESIAN_POINT('',(2.49991741601,4.007483272815,3.6));
#1327 = CARTESIAN_POINT('',(2.499904150031,4.008730528935,3.6));
#1328 = CARTESIAN_POINT('',(2.499891026577,4.009977797542,3.6));
#1329 = CARTESIAN_POINT('',(2.499878045244,4.011225078686,3.6));
#1330 = CARTESIAN_POINT('',(2.499865206315,4.012472372303,3.6));
#1331 = CARTESIAN_POINT('',(2.499852509607,4.01371967841,3.6));
#1332 = CARTESIAN_POINT('',(2.499839955196,4.014966996976,3.6));
#1333 = CARTESIAN_POINT('',(2.499815130888,4.01746165901,3.6));
#1334 = CARTESIAN_POINT('',(2.499802861001,4.018709002476,3.6));
#1335 = CARTESIAN_POINT('',(2.499790733364,4.019956358377,3.6));
#1336 = CARTESIAN_POINT('',(2.499778747987,4.021203726699,3.6));
#1337 = CARTESIAN_POINT('',(2.499766904831,4.022451107424,3.6));
#1338 = CARTESIAN_POINT('',(2.499755203926,4.023698500547,3.6));
#1339 = CARTESIAN_POINT('',(2.499743645228,4.024945906037,3.6));
#1340 = CARTESIAN_POINT('',(2.499732228753,4.026193323899,3.6));
#1341 = CARTESIAN_POINT('',(2.499720954484,4.0274407541,3.6));
#1342 = CARTESIAN_POINT('',(2.49970982241,4.02868819664,3.6));
#1343 = CARTESIAN_POINT('',(2.499698832528,4.029935651496,3.6));
#1344 = CARTESIAN_POINT('',(2.499687984828,4.031183118656,3.6));
#1345 = CARTESIAN_POINT('',(2.499655868244,4.034925557004,3.6));
#1346 = CARTESIAN_POINT('',(2.499635025892,4.037420565058,3.6));
#1347 = CARTESIAN_POINT('',(2.499614752132,4.039915622161,3.6));
#1348 = CARTESIAN_POINT('',(2.499595047022,4.042410728166,3.6));
#1349 = CARTESIAN_POINT('',(2.49957591024,4.044905883021,3.6));
#1350 = CARTESIAN_POINT('',(2.49955734214,4.047401086503,3.6));
#1351 = CARTESIAN_POINT('',(2.499539342095,4.049896338637,3.6));
#1352 = CARTESIAN_POINT('',(2.499521910658,4.052391639153,3.6));
#1353 = CARTESIAN_POINT('',(2.499505047196,4.054886988072,3.6));
#1354 = CARTESIAN_POINT('',(2.499488752072,4.057382385175,3.6));
#1355 = CARTESIAN_POINT('',(2.499473024956,4.059877830408,3.6));
#1356 = CARTESIAN_POINT('',(2.499457865909,4.062373323625,3.6));
#1357 = CARTESIAN_POINT('',(2.499414092647,4.069859946907,3.6));
#1358 = CARTESIAN_POINT('',(2.49938718234,4.074851220597,3.6));
#1359 = CARTESIAN_POINT('',(2.499362543393,4.079842684855,3.6));
#1360 = CARTESIAN_POINT('',(2.499340175206,4.084834338757,3.6));
#1361 = CARTESIAN_POINT('',(2.49932007741,4.08982618135,3.6));
#1362 = CARTESIAN_POINT('',(2.499302249215,4.094818211739,3.6));
#1363 = CARTESIAN_POINT('',(2.499286690434,4.099810428941,3.6));
#1364 = CARTESIAN_POINT('',(2.499273400176,4.104802832082,3.6));
#1365 = CARTESIAN_POINT('',(2.499262378231,4.109795420174,3.6));
#1366 = CARTESIAN_POINT('',(2.499253623842,4.114788192329,3.6));
#1367 = CARTESIAN_POINT('',(2.499247136614,4.119781147587,3.6));
#1368 = CARTESIAN_POINT('',(2.499242915957,4.124774285029,3.6));
#1369 = CARTESIAN_POINT('',(2.49923705218,4.1397542411,3.6));
#1370 = CARTESIAN_POINT('',(2.499242207238,4.149741603474,3.6));
#1371 = CARTESIAN_POINT('',(2.499256422299,4.159729683387,3.6));
#1372 = CARTESIAN_POINT('',(2.499279693186,4.169718473378,3.6));
#1373 = CARTESIAN_POINT('',(2.499312015566,4.179707965997,3.6));
#1374 = CARTESIAN_POINT('',(2.499353385401,4.189698153775,3.6));
#1375 = CARTESIAN_POINT('',(2.499403798202,4.199689029273,3.6));
#1376 = CARTESIAN_POINT('',(2.499463250049,4.209680585012,3.6));
#1377 = CARTESIAN_POINT('',(2.499531736423,4.21967281356,3.6));
#1378 = CARTESIAN_POINT('',(2.499609253334,4.229665707435,3.6));
#1379 = CARTESIAN_POINT('',(2.499695796401,4.2396592592,3.6));
#1380 = CARTESIAN_POINT('',(2.499791361482,4.249653461387,3.6));
#1381 = CARTESIAN_POINT('',(2.500105109989,4.279637996855,3.6));
#1382 = CARTESIAN_POINT('',(2.500350346723,4.299630259039,3.6));
#1383 = CARTESIAN_POINT('',(2.500631620669,4.319625033444,3.6));
#1384 = CARTESIAN_POINT('',(2.500948898147,4.339622260406,3.6));
#1385 = CARTESIAN_POINT('',(2.501302145112,4.359621880287,3.6));
#1386 = CARTESIAN_POINT('',(2.501691328151,4.379623833402,3.6));
#1387 = CARTESIAN_POINT('',(2.502116412947,4.399628060138,3.6));
#1388 = CARTESIAN_POINT('',(2.502577366262,4.419634500791,3.6));
#1389 = CARTESIAN_POINT('',(2.50307415378,4.439643095753,3.6));
#1390 = CARTESIAN_POINT('',(2.503606742084,4.45965378533,3.6));
#1391 = CARTESIAN_POINT('',(2.504175097137,4.479666509892,3.6));
#1392 = CARTESIAN_POINT('',(2.50477918525,4.499681209772,3.6));
#1393 = CARTESIAN_POINT('',(2.50669854724,4.559731056413,3.6));
#1394 = CARTESIAN_POINT('',(2.508120918806,4.599771950169,3.6));
#1395 = CARTESIAN_POINT('',(2.509685816842,4.639820029348,3.6));
#1396 = CARTESIAN_POINT('',(2.511392970965,4.679874816705,3.6));
#1397 = CARTESIAN_POINT('',(2.513242110695,4.719935835003,3.6));
#1398 = CARTESIAN_POINT('',(2.515232965703,4.760002606992,3.6));
#1399 = CARTESIAN_POINT('',(2.517365265457,4.800074655442,3.6));
#1400 = CARTESIAN_POINT('',(2.519638739663,4.840151503099,3.6));
#1401 = CARTESIAN_POINT('',(2.522053117784,4.880232672731,3.6));
#1402 = CARTESIAN_POINT('',(2.524608129496,4.92031768709,3.6));
#1403 = CARTESIAN_POINT('',(2.527303504318,4.960406068937,3.6));
#1404 = CARTESIAN_POINT('',(2.530138971863,5.000497341029,3.6));
#1405 = CARTESIAN_POINT('',(2.539064841378,5.120778396317,3.6));
#1406 = CARTESIAN_POINT('',(2.545574710236,5.200975418527,3.6));
#1407 = CARTESIAN_POINT('',(2.552641704928,5.281178274808,3.6));
#1408 = CARTESIAN_POINT('',(2.560263662095,5.361383147259,3.6));
#1409 = CARTESIAN_POINT('',(2.568438418409,5.441586217878,3.6));
#1410 = CARTESIAN_POINT('',(2.577163810483,5.521783668841,3.6));
#1411 = CARTESIAN_POINT('',(2.586437675019,5.601971682068,3.6));
#1412 = CARTESIAN_POINT('',(2.596257848612,5.682146439783,3.6));
#1413 = CARTESIAN_POINT('',(2.606622167959,5.76230412391,3.6));
#1414 = CARTESIAN_POINT('',(2.61752846968,5.84244091662,3.6));
#1415 = CARTESIAN_POINT('',(2.628974590441,5.922552999914,3.6));
#1416 = CARTESIAN_POINT('',(2.640958366886,6.00263655589,3.6));
#1417 = CARTESIAN_POINT('',(2.678516173233,6.242790188025,3.6));
#1418 = CARTESIAN_POINT('',(2.705696680139,6.402763228401,3.6));
#1419 = CARTESIAN_POINT('',(2.735001849605,6.562576344258,3.6));
#1420 = CARTESIAN_POINT('',(2.7664143748,6.722198992112,3.6));
#1421 = CARTESIAN_POINT('',(2.799916948989,6.881600628513,3.6));
#1422 = CARTESIAN_POINT('',(2.835492265292,7.040750709944,3.6));
#1423 = CARTESIAN_POINT('',(2.873123017001,7.19961869299,3.6));
#1424 = CARTESIAN_POINT('',(2.912791897249,7.358174034112,3.6));
#1425 = CARTESIAN_POINT('',(2.95448159928,7.516386189893,3.6));
#1426 = CARTESIAN_POINT('',(2.998174816286,7.674224616819,3.6));
#1427 = CARTESIAN_POINT('',(3.043854241466,7.831658771438,3.6));
#1428 = CARTESIAN_POINT('',(3.091502568032,7.988658110266,3.6));
#1429 = CARTESIAN_POINT('',(3.240302331482,8.458260048965,3.6));
#1430 = CARTESIAN_POINT('',(3.347308552133,8.769466571049,3.6));
#1431 = CARTESIAN_POINT('',(3.461982696733,9.078567308293,3.6));
#1432 = CARTESIAN_POINT('',(3.584186310993,9.385317912892,3.6));
#1433 = CARTESIAN_POINT('',(3.713780940385,9.68947403709,3.6));
#1434 = CARTESIAN_POINT('',(3.850628130784,9.990791333022,3.6));
#1435 = CARTESIAN_POINT('',(3.994589427506,10.289025453003,3.6));
#1436 = CARTESIAN_POINT('',(4.145526376511,10.58393204911,3.6));
#1437 = CARTESIAN_POINT('',(4.303300523143,10.875266773679,3.6));
#1438 = CARTESIAN_POINT('',(4.467773413234,11.162785278815,3.6));
#1439 = CARTESIAN_POINT('',(4.638806592297,11.446243216789,3.6));
#1440 = CARTESIAN_POINT('',(4.816261606015,11.725396239778,3.6));
#1441 = CARTESIAN_POINT('',(5.294928022676,12.440780733219,3.6));
#1442 = CARTESIAN_POINT('',(5.606045252877,12.869840234254,3.6));
#1443 = CARTESIAN_POINT('',(5.933013150476,13.286073980629,3.6));
#1444 = CARTESIAN_POINT('',(6.275493175267,13.688377449964,3.6));
#1445 = CARTESIAN_POINT('',(6.633146787229,14.075646119651,3.6));
#1446 = CARTESIAN_POINT('',(7.005635446007,14.446775467512,3.6));
#1447 = CARTESIAN_POINT('',(7.392620611729,14.800660970708,3.6));
#1448 = CARTESIAN_POINT('',(7.793763743953,15.136198107237,3.6));
#1449 = CARTESIAN_POINT('',(8.208726302791,15.452282354217,3.6));
#1450 = CARTESIAN_POINT('',(8.63716974791,15.747809189537,3.6));
#1451 = CARTESIAN_POINT('',(9.078755539271,16.021674090527,3.6));
#1452 = CARTESIAN_POINT('',(9.533145136678,16.272772534846,3.6));
#1453 = CARTESIAN_POINT('',(10.422156477655,16.705471879705,3.6));
#1454 = CARTESIAN_POINT('',(10.854505548431,16.891424947731,3.6));
#1455 = CARTESIAN_POINT('',(11.296057504381,17.057339388932,3.6));
#1456 = CARTESIAN_POINT('',(11.745822637559,17.202695388246,3.6));
#1457 = CARTESIAN_POINT('',(12.202811240014,17.32697313044,3.6));
#1458 = CARTESIAN_POINT('',(12.666033603799,17.429652800562,3.6));
#1459 = CARTESIAN_POINT('',(13.134500020975,17.510214583277,3.6));
#1460 = CARTESIAN_POINT('',(13.607220783576,17.568138663689,3.6));
#1461 = CARTESIAN_POINT('',(14.08320618368,17.602905226475,3.6));
#1462 = CARTESIAN_POINT('',(14.561466513312,17.613994456665,3.6));
#1463 = CARTESIAN_POINT('',(15.041012064546,17.600886539043,3.6));
#1464 = CARTESIAN_POINT('',(15.520853129423,17.563061658534,3.6));
#1465 = CARTESIAN_POINT('',(16.440344731723,17.442045183191,3.6));
#1466 = CARTESIAN_POINT('',(16.880103150691,17.362775520075,3.6));
#1467 = CARTESIAN_POINT('',(17.316902008247,17.261897201694,3.6));
#1468 = CARTESIAN_POINT('',(17.748368055704,17.139116418981,3.6));
#1469 = CARTESIAN_POINT('',(18.172128044464,16.994139363114,3.6));
#1470 = CARTESIAN_POINT('',(18.585808725735,16.826672224852,3.6));
#1471 = CARTESIAN_POINT('',(18.987036851059,16.636421195533,3.6));
#1472 = CARTESIAN_POINT('',(19.373439171511,16.423092465834,3.6));
#1473 = CARTESIAN_POINT('',(19.742642438699,16.186392227059,3.6));
#1474 = CARTESIAN_POINT('',(20.092273403736,15.926026670017,3.6));
#1475 = CARTESIAN_POINT('',(20.419958818107,15.641701985842,3.6));
#1476 = CARTESIAN_POINT('',(20.723325433073,15.33312436549,3.6));
#1477 = CARTESIAN_POINT('',(21.258361312,14.688925335339,3.6));
#1478 = CARTESIAN_POINT('',(21.493447158103,14.356445908902,3.6));
#1479 = CARTESIAN_POINT('',(21.705106451893,14.005056623031,3.6));
#1480 = CARTESIAN_POINT('',(21.893188106942,13.637252379933,3.6));
#1481 = CARTESIAN_POINT('',(22.05754103685,13.255528082077,
    3.599999999999));
#1482 = CARTESIAN_POINT('',(22.198014155152,12.862378631541,
    3.600000000001));
#1483 = CARTESIAN_POINT('',(22.314456375504,12.460298930859,
    3.599999999999));
#1484 = CARTESIAN_POINT('',(22.406716611387,12.051783882151,3.6));
#1485 = CARTESIAN_POINT('',(22.47464377648,11.63932838782,3.6));
#1486 = CARTESIAN_POINT('',(22.518086784285,11.225427350139,3.6));
#1487 = CARTESIAN_POINT('',(22.536894548431,10.8125756714,3.6));
#1488 = CARTESIAN_POINT('',(22.530915982473,10.403268253924,3.6));
#1489 = CARTESIAN_POINT('',(22.461390492296,9.496377358524,3.6));
#1490 = CARTESIAN_POINT('',(22.383887766167,9.002173595992,3.6));
#1491 = CARTESIAN_POINT('',(22.267616278404,8.518481096245,3.6));
#1492 = CARTESIAN_POINT('',(22.11270048573,8.046392243155,3.6));
#1493 = CARTESIAN_POINT('',(21.919264845025,7.586999420558,3.6));
#1494 = CARTESIAN_POINT('',(21.687433812874,7.1413950123,3.599999999999)
  );
#1495 = CARTESIAN_POINT('',(21.417331846317,6.710671402277,
    3.600000000001));
#1496 = CARTESIAN_POINT('',(21.109083401815,6.295920974265,3.6));
#1497 = CARTESIAN_POINT('',(20.762812936438,5.898236112204,3.6));
#1498 = CARTESIAN_POINT('',(20.378644906726,5.518709199871,3.6));
#1499 = CARTESIAN_POINT('',(19.9567037696,5.158432621169,3.6));
#1500 = CARTESIAN_POINT('',(19.497113981758,4.818498759925,3.6));
#1501 = CARTESIAN_POINT('',(18.767300925461,4.350910717871,3.6));
#1502 = CARTESIAN_POINT('',(18.526379637841,4.206518244709,3.6));
#1503 = CARTESIAN_POINT('',(18.278816340999,4.066346582666,3.6));
#1504 = CARTESIAN_POINT('',(18.026191238781,3.929919733914,3.6));
#1505 = CARTESIAN_POINT('',(17.77008453505,3.796761700586,3.6));
#1506 = CARTESIAN_POINT('',(17.512076433658,3.66639648488,3.600000000001
    ));
#1507 = CARTESIAN_POINT('',(17.253747138449,3.538348088901,
    3.599999999999));
#1508 = CARTESIAN_POINT('',(16.996676853304,3.412140514868,3.6));
#1509 = CARTESIAN_POINT('',(16.74244578204,3.287297764882,3.6));
#1510 = CARTESIAN_POINT('',(16.492634128549,3.163343841146,3.6));
#1511 = CARTESIAN_POINT('',(16.248822096656,3.03980274579,3.6));
#1512 = CARTESIAN_POINT('',(16.012589890234,2.916198480986,3.6));
#1513 = CARTESIAN_POINT('',(15.558445536023,2.667911616789,3.6));
#1514 = CARTESIAN_POINT('',(15.340533388236,2.543229017397,3.6));
#1515 = CARTESIAN_POINT('',(15.133361473624,2.417531252872,3.6));
#1516 = CARTESIAN_POINT('',(14.938509996038,2.290342325367,3.6));
#1517 = CARTESIAN_POINT('',(14.757559159335,2.161186237046,3.6));
#1518 = CARTESIAN_POINT('',(14.59208916737,2.029586990064,3.599999999999
    ));
#1519 = CARTESIAN_POINT('',(14.44368022399,1.895068586577,3.600000000001
    ));
#1520 = CARTESIAN_POINT('',(14.313912533066,1.757155028754,3.6));
#1521 = CARTESIAN_POINT('',(14.204366298431,1.615370318736,3.6));
#1522 = CARTESIAN_POINT('',(14.116621723958,1.4692384587,3.6));
#1523 = CARTESIAN_POINT('',(14.05225901349,1.318283450789,3.6));
#1524 = CARTESIAN_POINT('',(14.012858370886,1.162029297171,3.6));
#1525 = CARTESIAN_POINT('',(13.980124511427,0.749547475886,3.6));
#1526 = CARTESIAN_POINT('',(14.023665457293,0.485296622211,3.6));
#1527 = CARTESIAN_POINT('',(14.122972136427,0.20840881142,3.6));
#1528 = CARTESIAN_POINT('',(14.270393847661,-7.995458403946E-02,3.6));
#1529 = CARTESIAN_POINT('',(14.458279889822,-0.378632191732,3.6));
#1530 = CARTESIAN_POINT('',(14.678979561734,-0.68646263919,3.6));
#1531 = CARTESIAN_POINT('',(14.924842162245,-1.002284554013,3.6));
#1532 = CARTESIAN_POINT('',(15.188216990153,-1.324936563691,3.6));
#1533 = CARTESIAN_POINT('',(15.461453344325,-1.653257295853,3.6));
#1534 = CARTESIAN_POINT('',(15.736900523553,-1.986085377987,3.6));
#1535 = CARTESIAN_POINT('',(16.006907826697,-2.3222594377,3.6));
#1536 = CARTESIAN_POINT('',(16.263824552566,-2.660618102514,3.6));
#1537 = CARTESIAN_POINT('',(16.809660249151,-3.444978866665,3.6));
#1538 = CARTESIAN_POINT('',(17.08366414323,-3.891716773748,3.6));
#1539 = CARTESIAN_POINT('',(17.322905432101,-4.340486691857,3.6));
#1540 = CARTESIAN_POINT('',(17.528277865571,-4.791561591431,3.6));
#1541 = CARTESIAN_POINT('',(17.70067519356,-5.245214443246,3.6));
#1542 = CARTESIAN_POINT('',(17.840991165813,-5.701718217554,3.6));
#1543 = CARTESIAN_POINT('',(17.950119532295,-6.161345885265,3.6));
#1544 = CARTESIAN_POINT('',(18.02895404274,-6.624370416609,3.6));
#1545 = CARTESIAN_POINT('',(18.078388447089,-7.091064782399,3.6));
#1546 = CARTESIAN_POINT('',(18.099316495124,-7.561701953034,3.6));
#1547 = CARTESIAN_POINT('',(18.09263193673,-8.036554899155,3.6));
#1548 = CARTESIAN_POINT('',(18.059228521738,-8.515896591287,3.6));
#1549 = CARTESIAN_POINT('',(17.946464706931,-9.437569892015,3.6));
#1550 = CARTESIAN_POINT('',(17.871830470444,-9.879030075352,3.6));
#1551 = CARTESIAN_POINT('',(17.77554371149,-10.32091253841,3.6));
#1552 = CARTESIAN_POINT('',(17.657050851089,-10.75974926956,3.6));
#1553 = CARTESIAN_POINT('',(17.515798310097,-11.19207225724,
    3.600000000001));
#1554 = CARTESIAN_POINT('',(17.351232509664,-11.6144134898,
    3.599999999999));
#1555 = CARTESIAN_POINT('',(17.162799870513,-12.02330495567,
    3.600000000001));
#1556 = CARTESIAN_POINT('',(16.949946813881,-12.41527864321,
    3.599999999999));
#1557 = CARTESIAN_POINT('',(16.712119760491,-12.78686654083,3.6));
#1558 = CARTESIAN_POINT('',(16.448765131494,-13.13460063693,3.6));
#1559 = CARTESIAN_POINT('',(16.159329347743,-13.45501291989,3.6));
#1560 = CARTESIAN_POINT('',(15.843258830263,-13.74463537812,3.6));
#1561 = CARTESIAN_POINT('',(15.099694854651,-14.29780376516,3.6));
#1562 = CARTESIAN_POINT('',(14.662413603927,-14.5490168729,3.6));
#1563 = CARTESIAN_POINT('',(14.193709055889,-14.7545575831,3.6));
#1564 = CARTESIAN_POINT('',(13.699134018635,-14.91534415571,3.6));
#1565 = CARTESIAN_POINT('',(13.184241300205,-15.03229485053,
    3.599999999999));
#1566 = CARTESIAN_POINT('',(12.654583708701,-15.10632792765,
    3.600000000001));
#1567 = CARTESIAN_POINT('',(12.115714052194,-15.13836164671,
    3.599999999999));
#1568 = CARTESIAN_POINT('',(11.573185138726,-15.12931426791,
    3.600000000001));
#1569 = CARTESIAN_POINT('',(11.032549776428,-15.08010405088,3.6));
#1570 = CARTESIAN_POINT('',(10.49936077331,-14.99164925573,3.6));
#1571 = CARTESIAN_POINT('',(9.979170937496,-14.86486814224,3.6));
#1572 = CARTESIAN_POINT('',(9.477533077031,-14.70067897037,3.6));
#1573 = CARTESIAN_POINT('',(8.533838389393,-14.30409978587,3.6));
#1574 = CARTESIAN_POINT('',(8.090647219466,-14.07342694025,3.6));
#1575 = CARTESIAN_POINT('',(7.669616722966,-13.8106351975,3.6));
#1576 = CARTESIAN_POINT('',(7.269937132635,-13.51837829214,3.6));
#1577 = CARTESIAN_POINT('',(6.890798681218,-13.19930995835,3.6));
#1578 = CARTESIAN_POINT('',(6.531391601456,-12.85608393093,3.6));
#1579 = CARTESIAN_POINT('',(6.190906126098,-12.49135394376,3.6));
#1580 = CARTESIAN_POINT('',(5.868532487879,-12.10777373183,3.6));
#1581 = CARTESIAN_POINT('',(5.563460919555,-11.70799702902,3.6));
#1582 = CARTESIAN_POINT('',(5.274881653856,-11.29467757014,3.6));
#1583 = CARTESIAN_POINT('',(5.001984923538,-10.87046908935,3.6));
#1584 = CARTESIAN_POINT('',(4.743960961337,-10.43802532118,3.6));
#1585 = CARTESIAN_POINT('',(4.257549647376,-9.564686935987,3.6));
#1586 = CARTESIAN_POINT('',(4.028988678316,-9.123861227029,3.6));
#1587 = CARTESIAN_POINT('',(3.814556542719,-8.677834258239,3.6));
#1588 = CARTESIAN_POINT('',(3.614492690416,-8.226917414663,3.6));
#1589 = CARTESIAN_POINT('',(3.429036571391,-7.771422081504,3.6));
#1590 = CARTESIAN_POINT('',(3.258427635352,-7.311659643688,3.6));
#1591 = CARTESIAN_POINT('',(3.102905332412,-6.847941486532,3.6));
#1592 = CARTESIAN_POINT('',(2.962709112192,-6.380578994904,3.6));
#1593 = CARTESIAN_POINT('',(2.838078424811,-5.909883554093,3.6));
#1594 = CARTESIAN_POINT('',(2.729252719968,-5.436166549068,3.6));
#1595 = CARTESIAN_POINT('',(2.636471447656,-4.95973936499,3.6));
#1596 = CARTESIAN_POINT('',(2.5599740577,-4.480913386934,3.6));
#1597 = CARTESIAN_POINT('',(2.424138150858,-3.391687336009,3.6));
#1598 = CARTESIAN_POINT('',(2.374713633319,-2.780034817817,3.6));
#1599 = CARTESIAN_POINT('',(2.347964531909,-2.165631862405,3.6));
#1600 = CARTESIAN_POINT('',(2.340128931145,-1.549067886791,3.6));
#1601 = CARTESIAN_POINT('',(2.347444915565,-0.930932307926,3.6));
#1602 = CARTESIAN_POINT('',(2.36615056967,-0.311814542846,3.6));
#1603 = CARTESIAN_POINT('',(2.39248397801,0.307695991482,3.6));
#1604 = CARTESIAN_POINT('',(2.422683225086,0.927009878074,3.6));
#1605 = CARTESIAN_POINT('',(2.452986395437,1.545537699898,3.6));
#1606 = CARTESIAN_POINT('',(2.479631573579,2.162690040015,3.6));
#1607 = CARTESIAN_POINT('',(2.498856844037,2.777877481387,3.6));
#1608 = CARTESIAN_POINT('',(2.506900291337,3.390510607051,3.6));
#1609 = CARTESIAN_POINT('',(2.5,4.,3.6));
#1610 = CARTESIAN_POINT('',(2.5,4.,4.1));
#1611 = CARTESIAN_POINT('',(2.499985880132,4.001247180662,4.1));
#1612 = CARTESIAN_POINT('',(2.499971902617,4.002494373933,4.1));
#1613 = CARTESIAN_POINT('',(2.499958067457,4.003741579801,4.1));
#1614 = CARTESIAN_POINT('',(2.499944374614,4.004988798244,4.1));
#1615 = CARTESIAN_POINT('',(2.499930824141,4.006236029264,4.1));
#1616 = CARTESIAN_POINT('',(2.499917415933,4.007483272818,4.1));
#1617 = CARTESIAN_POINT('',(2.499904150106,4.008730528932,4.1));
#1618 = CARTESIAN_POINT('',(2.499891026517,4.009977797544,4.1));
#1619 = CARTESIAN_POINT('',(2.499878045282,4.011225078684,4.1));
#1620 = CARTESIAN_POINT('',(2.499865206297,4.012472372304,4.1));
#1621 = CARTESIAN_POINT('',(2.499852509614,4.013719678409,4.1));
#1622 = CARTESIAN_POINT('',(2.499839955194,4.014966996976,4.1));
#1623 = CARTESIAN_POINT('',(2.499815130889,4.01746165901,4.1));
#1624 = CARTESIAN_POINT('',(2.499802860998,4.018709002476,4.1));
#1625 = CARTESIAN_POINT('',(2.499790733372,4.019956358376,4.1));
#1626 = CARTESIAN_POINT('',(2.499778747971,4.021203726701,4.1));
#1627 = CARTESIAN_POINT('',(2.499766904853,4.022451107421,4.1));
#1628 = CARTESIAN_POINT('',(2.499755203899,4.02369850055,4.1));
#1629 = CARTESIAN_POINT('',(2.499743645254,4.024945906035,4.1));
#1630 = CARTESIAN_POINT('',(2.499732228734,4.026193323901,4.1));
#1631 = CARTESIAN_POINT('',(2.499720954495,4.0274407541,4.1));
#1632 = CARTESIAN_POINT('',(2.499709822404,4.028688196641,4.1));
#1633 = CARTESIAN_POINT('',(2.49969883253,4.029935651495,4.1));
#1634 = CARTESIAN_POINT('',(2.499687984827,4.031183118656,4.1));
#1635 = CARTESIAN_POINT('',(2.499655868246,4.034925557004,4.1));
#1636 = CARTESIAN_POINT('',(2.499635025884,4.037420565059,4.1));
#1637 = CARTESIAN_POINT('',(2.499614752156,4.039915622157,4.1));
#1638 = CARTESIAN_POINT('',(2.499595046973,4.042410728174,4.1));
#1639 = CARTESIAN_POINT('',(2.499575910318,4.044905883007,4.1));
#1640 = CARTESIAN_POINT('',(2.499557342042,4.04740108652,4.1));
#1641 = CARTESIAN_POINT('',(2.499539342196,4.04989633862,4.1));
#1642 = CARTESIAN_POINT('',(2.499521910575,4.052391639167,4.1));
#1643 = CARTESIAN_POINT('',(2.499505047251,4.054886988062,4.1));
#1644 = CARTESIAN_POINT('',(2.499488752045,4.05738238518,4.1));
#1645 = CARTESIAN_POINT('',(2.499473024965,4.059877830406,4.1));
#1646 = CARTESIAN_POINT('',(2.499457865908,4.062373323625,4.1));
#1647 = CARTESIAN_POINT('',(2.499414092647,4.069859946907,4.1));
#1648 = CARTESIAN_POINT('',(2.499387182346,4.074851220595,4.1));
#1649 = CARTESIAN_POINT('',(2.499362543374,4.07984268486,4.1));
#1650 = CARTESIAN_POINT('',(2.499340175247,4.084834338746,4.1));
#1651 = CARTESIAN_POINT('',(2.499320077347,4.089826181367,4.1));
#1652 = CARTESIAN_POINT('',(2.49930224929,4.094818211718,4.1));
#1653 = CARTESIAN_POINT('',(2.499286690362,4.099810428963,4.1));
#1654 = CARTESIAN_POINT('',(2.499273400232,4.104802832063,4.1));
#1655 = CARTESIAN_POINT('',(2.499262378196,4.109795420186,4.1));
#1656 = CARTESIAN_POINT('',(2.499253623858,4.114788192323,4.1));
#1657 = CARTESIAN_POINT('',(2.499247136608,4.119781147589,4.1));
#1658 = CARTESIAN_POINT('',(2.499242915958,4.124774285029,4.1));
#1659 = CARTESIAN_POINT('',(2.499237052179,4.1397542411,4.1));
#1660 = CARTESIAN_POINT('',(2.499242207238,4.149741603473,4.1));
#1661 = CARTESIAN_POINT('',(2.4992564223,4.159729683391,4.1));
#1662 = CARTESIAN_POINT('',(2.499279693181,4.16971847337,4.1));
#1663 = CARTESIAN_POINT('',(2.499312015576,4.179707966008,4.1));
#1664 = CARTESIAN_POINT('',(2.499353385386,4.189698153762,4.1));
#1665 = CARTESIAN_POINT('',(2.499403798219,4.199689029285,4.1));
#1666 = CARTESIAN_POINT('',(2.499463250033,4.209680585003,4.1));
#1667 = CARTESIAN_POINT('',(2.499531736434,4.219672813564,4.1));
#1668 = CARTESIAN_POINT('',(2.499609253327,4.229665707433,4.1));
#1669 = CARTESIAN_POINT('',(2.499695796404,4.2396592592,4.1));
#1670 = CARTESIAN_POINT('',(2.499791361481,4.249653461387,4.1));
#1671 = CARTESIAN_POINT('',(2.500105109991,4.279637996854,4.1));
#1672 = CARTESIAN_POINT('',(2.500350346715,4.299630259041,4.1));
#1673 = CARTESIAN_POINT('',(2.50063162069,4.319625033439,4.1));
#1674 = CARTESIAN_POINT('',(2.500948898106,4.339622260416,4.1));
#1675 = CARTESIAN_POINT('',(2.501302145175,4.359621880271,4.1));
#1676 = CARTESIAN_POINT('',(2.501691328073,4.379623833423,4.1));
#1677 = CARTESIAN_POINT('',(2.502116413024,4.399628060117,4.1));
#1678 = CARTESIAN_POINT('',(2.502577366199,4.419634500808,4.1));
#1679 = CARTESIAN_POINT('',(2.50307415382,4.439643095742,4.1));
#1680 = CARTESIAN_POINT('',(2.503606742065,4.459653785335,4.1));
#1681 = CARTESIAN_POINT('',(2.504175097144,4.479666509891,4.1));
#1682 = CARTESIAN_POINT('',(2.504779185249,4.499681209773,4.1));
#1683 = CARTESIAN_POINT('',(2.506698547241,4.559731056412,4.1));
#1684 = CARTESIAN_POINT('',(2.508120918805,4.599771950169,4.1));
#1685 = CARTESIAN_POINT('',(2.509685816843,4.639820029348,4.1));
#1686 = CARTESIAN_POINT('',(2.511392970965,4.679874816703,4.1));
#1687 = CARTESIAN_POINT('',(2.513242110694,4.719935835004,4.1));
#1688 = CARTESIAN_POINT('',(2.515232965704,4.760002606991,4.1));
#1689 = CARTESIAN_POINT('',(2.517365265457,4.800074655442,4.1));
#1690 = CARTESIAN_POINT('',(2.519638739662,4.8401515031,4.1));
#1691 = CARTESIAN_POINT('',(2.522053117785,4.88023267273,4.1));
#1692 = CARTESIAN_POINT('',(2.524608129495,4.92031768709,4.1));
#1693 = CARTESIAN_POINT('',(2.527303504318,4.960406068937,4.1));
#1694 = CARTESIAN_POINT('',(2.530138971863,5.000497341029,4.1));
#1695 = CARTESIAN_POINT('',(2.539064841378,5.120778396317,4.1));
#1696 = CARTESIAN_POINT('',(2.545574710237,5.200975418526,4.1));
#1697 = CARTESIAN_POINT('',(2.552641704925,5.281178274811,4.1));
#1698 = CARTESIAN_POINT('',(2.5602636621,5.361383147251,4.1));
#1699 = CARTESIAN_POINT('',(2.568438418403,5.44158621789,4.1));
#1700 = CARTESIAN_POINT('',(2.577163810489,5.521783668825,4.1));
#1701 = CARTESIAN_POINT('',(2.586437675016,5.601971682084,4.1));
#1702 = CARTESIAN_POINT('',(2.596257848613,5.68214643977,4.1));
#1703 = CARTESIAN_POINT('',(2.606622167959,5.762304123919,4.1));
#1704 = CARTESIAN_POINT('',(2.61752846968,5.842440916615,4.1));
#1705 = CARTESIAN_POINT('',(2.628974590441,5.922552999916,4.1));
#1706 = CARTESIAN_POINT('',(2.640958366886,6.00263655589,4.1));
#1707 = CARTESIAN_POINT('',(2.678516173233,6.242790188024,4.1));
#1708 = CARTESIAN_POINT('',(2.705696680138,6.402763228404,4.1));
#1709 = CARTESIAN_POINT('',(2.735001849609,6.562576344249,4.1));
#1710 = CARTESIAN_POINT('',(2.766414374789,6.72219899213,4.1));
#1711 = CARTESIAN_POINT('',(2.799916949008,6.881600628484,4.1));
#1712 = CARTESIAN_POINT('',(2.835492265264,7.04075070998,4.1));
#1713 = CARTESIAN_POINT('',(2.873123017032,7.199618692954,4.1));
#1714 = CARTESIAN_POINT('',(2.912791897221,7.35817403414,4.1));
#1715 = CARTESIAN_POINT('',(2.954481599299,7.516386189876,4.1));
#1716 = CARTESIAN_POINT('',(2.998174816276,7.674224616827,4.1));
#1717 = CARTESIAN_POINT('',(3.043854241469,7.831658771435,4.1));
#1718 = CARTESIAN_POINT('',(3.091502568031,7.988658110266,4.1));
#1719 = CARTESIAN_POINT('',(3.240302331483,8.458260048965,4.1));
#1720 = CARTESIAN_POINT('',(3.347308552127,8.769466571048,4.1));
#1721 = CARTESIAN_POINT('',(3.461982696748,9.078567308295,4.1));
#1722 = CARTESIAN_POINT('',(3.584186310963,9.385317912888,4.1));
#1723 = CARTESIAN_POINT('',(3.71378094043,9.689474037098,4.1));
#1724 = CARTESIAN_POINT('',(3.850628130729,9.990791333011,4.1));
#1725 = CARTESIAN_POINT('',(3.994589427559,10.289025453015,4.1));
#1726 = CARTESIAN_POINT('',(4.145526376471,10.5839320491,4.1));
#1727 = CARTESIAN_POINT('',(4.303300523166,10.875266773686,4.1));
#1728 = CARTESIAN_POINT('',(4.467773413223,11.16278527881,4.1));
#1729 = CARTESIAN_POINT('',(4.6388065923,11.446243216791,4.1));
#1730 = CARTESIAN_POINT('',(4.816261606015,11.725396239778,4.1));
#1731 = CARTESIAN_POINT('',(5.294928022675,12.440780733221,4.1));
#1732 = CARTESIAN_POINT('',(5.606045252881,12.869840234242,4.1));
#1733 = CARTESIAN_POINT('',(5.933013150463,13.286073980663,4.1));
#1734 = CARTESIAN_POINT('',(6.275493175294,13.688377449893,4.1));
#1735 = CARTESIAN_POINT('',(6.633146787186,14.075646119766,4.1));
#1736 = CARTESIAN_POINT('',(7.005635446061,14.446775467363,4.1));
#1737 = CARTESIAN_POINT('',(7.392620611677,14.800660970864,4.1));
#1738 = CARTESIAN_POINT('',(7.793763743994,15.136198107105,4.1));
#1739 = CARTESIAN_POINT('',(8.208726302766,15.452282354306,4.1));
#1740 = CARTESIAN_POINT('',(8.637169747922,15.747809189491,4.1));
#1741 = CARTESIAN_POINT('',(9.078755539267,16.021674090544,4.1));
#1742 = CARTESIAN_POINT('',(9.533145136678,16.272772534842,4.1));
#1743 = CARTESIAN_POINT('',(10.422156477655,16.705471879707,4.1));
#1744 = CARTESIAN_POINT('',(10.854505548431,16.891424947722,4.1));
#1745 = CARTESIAN_POINT('',(11.29605750438,17.057339388953,4.1));
#1746 = CARTESIAN_POINT('',(11.74582263756,17.20269538821,4.1));
#1747 = CARTESIAN_POINT('',(12.202811240011,17.326973130487,4.1));
#1748 = CARTESIAN_POINT('',(12.666033603804,17.429652800515,4.1));
#1749 = CARTESIAN_POINT('',(13.134500020969,17.510214583314,4.1));
#1750 = CARTESIAN_POINT('',(13.607220783583,17.568138663667,4.1));
#1751 = CARTESIAN_POINT('',(14.083206183674,17.602905226485,4.1));
#1752 = CARTESIAN_POINT('',(14.561466513315,17.613994456662,4.1));
#1753 = CARTESIAN_POINT('',(15.041012064545,17.600886539043,4.1));
#1754 = CARTESIAN_POINT('',(15.520853129423,17.563061658534,4.1));
#1755 = CARTESIAN_POINT('',(16.440344731723,17.44204518319,4.1));
#1756 = CARTESIAN_POINT('',(16.880103150691,17.362775520084,4.1));
#1757 = CARTESIAN_POINT('',(17.316902008247,17.261897201667,4.1));
#1758 = CARTESIAN_POINT('',(17.748368055705,17.139116419034,4.1));
#1759 = CARTESIAN_POINT('',(18.172128044462,16.99413936303,4.1));
#1760 = CARTESIAN_POINT('',(18.58580872574,16.826672224957,4.1));
#1761 = CARTESIAN_POINT('',(18.987036851052,16.636421195428,4.1));
#1762 = CARTESIAN_POINT('',(19.373439171518,16.423092465917,4.1));
#1763 = CARTESIAN_POINT('',(19.742642438694,16.186392227007,4.1));
#1764 = CARTESIAN_POINT('',(20.092273403738,15.926026670041,4.1));
#1765 = CARTESIAN_POINT('',(20.419958818106,15.641701985833,4.1));
#1766 = CARTESIAN_POINT('',(20.723325433073,15.333124365492,4.1));
#1767 = CARTESIAN_POINT('',(21.258361311999,14.688925335337,4.1));
#1768 = CARTESIAN_POINT('',(21.493447158104,14.356445908907,4.1));
#1769 = CARTESIAN_POINT('',(21.705106451891,14.005056623018,4.1));
#1770 = CARTESIAN_POINT('',(21.893188106945,13.637252379958,4.1));
#1771 = CARTESIAN_POINT('',(22.057541036846,13.255528082042,4.1));
#1772 = CARTESIAN_POINT('',(22.198014155156,12.86237863158,4.1));
#1773 = CARTESIAN_POINT('',(22.314456375501,12.460298930826,4.1));
#1774 = CARTESIAN_POINT('',(22.406716611388,12.051783882173,4.1));
#1775 = CARTESIAN_POINT('',(22.47464377648,11.639328387808,4.1));
#1776 = CARTESIAN_POINT('',(22.518086784285,11.225427350144,4.1));
#1777 = CARTESIAN_POINT('',(22.536894548431,10.812575671399,4.1));
#1778 = CARTESIAN_POINT('',(22.530915982473,10.403268253924,4.1));
#1779 = CARTESIAN_POINT('',(22.461390492294,9.496377358523,4.1));
#1780 = CARTESIAN_POINT('',(22.383887766175,9.002173595996,4.1));
#1781 = CARTESIAN_POINT('',(22.267616278382,8.518481096233,4.1));
#1782 = CARTESIAN_POINT('',(22.112700485773,8.046392243178,4.1));
#1783 = CARTESIAN_POINT('',(21.91926484496,7.586999420523,4.1));
#1784 = CARTESIAN_POINT('',(21.687433812952,7.141395012342,4.1));
#1785 = CARTESIAN_POINT('',(21.417331846243,6.710671402238,4.1));
#1786 = CARTESIAN_POINT('',(21.10908340187,6.295920974294,4.1));
#1787 = CARTESIAN_POINT('',(20.762812936405,5.898236112187,4.1));
#1788 = CARTESIAN_POINT('',(20.378644906742,5.518709199879,4.1));
#1789 = CARTESIAN_POINT('',(19.956703769595,5.158432621167,4.1));
#1790 = CARTESIAN_POINT('',(19.497113981759,4.818498759925,4.1));
#1791 = CARTESIAN_POINT('',(18.767300925461,4.350910717871,4.1));
#1792 = CARTESIAN_POINT('',(18.526379637841,4.206518244708,4.1));
#1793 = CARTESIAN_POINT('',(18.278816341,4.066346582668,4.1));
#1794 = CARTESIAN_POINT('',(18.026191238777,3.92991973391,4.1));
#1795 = CARTESIAN_POINT('',(17.770084535057,3.796761700592,4.1));
#1796 = CARTESIAN_POINT('',(17.512076433648,3.666396484873,4.1));
#1797 = CARTESIAN_POINT('',(17.25374713846,3.538348088909,4.1));
#1798 = CARTESIAN_POINT('',(16.996676853294,3.412140514862,4.1));
#1799 = CARTESIAN_POINT('',(16.742445782047,3.287297764886,4.1));
#1800 = CARTESIAN_POINT('',(16.492634128544,3.163343841144,4.1));
#1801 = CARTESIAN_POINT('',(16.248822096658,3.039802745791,4.1));
#1802 = CARTESIAN_POINT('',(16.012589890233,2.916198480986,4.1));
#1803 = CARTESIAN_POINT('',(15.558445536023,2.667911616789,4.1));
#1804 = CARTESIAN_POINT('',(15.340533388237,2.543229017397,4.1));
#1805 = CARTESIAN_POINT('',(15.133361473624,2.417531252872,4.1));
#1806 = CARTESIAN_POINT('',(14.938509996039,2.290342325367,4.1));
#1807 = CARTESIAN_POINT('',(14.757559159332,2.161186237046,4.1));
#1808 = CARTESIAN_POINT('',(14.592089167374,2.029586990063,4.1));
#1809 = CARTESIAN_POINT('',(14.443680223987,1.895068586578,4.1));
#1810 = CARTESIAN_POINT('',(14.313912533068,1.757155028753,4.1));
#1811 = CARTESIAN_POINT('',(14.20436629843,1.615370318737,4.1));
#1812 = CARTESIAN_POINT('',(14.116621723959,1.469238458699,4.1));
#1813 = CARTESIAN_POINT('',(14.05225901349,1.318283450789,4.1));
#1814 = CARTESIAN_POINT('',(14.012858370886,1.162029297171,4.1));
#1815 = CARTESIAN_POINT('',(13.980124511427,0.749547475886,4.1));
#1816 = CARTESIAN_POINT('',(14.023665457292,0.485296622211,4.1));
#1817 = CARTESIAN_POINT('',(14.12297213643,0.20840881142,4.1));
#1818 = CARTESIAN_POINT('',(14.270393847655,-7.995458403867E-02,4.1));
#1819 = CARTESIAN_POINT('',(14.45827988983,-0.378632191733,4.1));
#1820 = CARTESIAN_POINT('',(14.678979561724,-0.68646263919,4.1));
#1821 = CARTESIAN_POINT('',(14.924842162255,-1.002284554013,4.1));
#1822 = CARTESIAN_POINT('',(15.188216990145,-1.324936563691,4.1));
#1823 = CARTESIAN_POINT('',(15.46145334433,-1.653257295853,4.1));
#1824 = CARTESIAN_POINT('',(15.736900523551,-1.986085377988,4.1));
#1825 = CARTESIAN_POINT('',(16.006907826698,-2.322259437699,4.1));
#1826 = CARTESIAN_POINT('',(16.263824552566,-2.660618102514,4.1));
#1827 = CARTESIAN_POINT('',(16.809660249151,-3.444978866665,4.1));
#1828 = CARTESIAN_POINT('',(17.083664143229,-3.89171677375,4.1));
#1829 = CARTESIAN_POINT('',(17.322905432103,-4.34048669185,4.1));
#1830 = CARTESIAN_POINT('',(17.528277865569,-4.791561591446,4.1));
#1831 = CARTESIAN_POINT('',(17.700675193562,-5.24521444322,4.1));
#1832 = CARTESIAN_POINT('',(17.84099116581,-5.701718217588,4.1));
#1833 = CARTESIAN_POINT('',(17.950119532298,-6.161345885228,4.1));
#1834 = CARTESIAN_POINT('',(18.028954042738,-6.62437041664,4.1));
#1835 = CARTESIAN_POINT('',(18.078388447091,-7.091064782378,4.1));
#1836 = CARTESIAN_POINT('',(18.099316495123,-7.561701953045,4.1));
#1837 = CARTESIAN_POINT('',(18.092631936731,-8.036554899151,4.1));
#1838 = CARTESIAN_POINT('',(18.059228521738,-8.515896591288,4.1));
#1839 = CARTESIAN_POINT('',(17.946464706931,-9.437569892015,4.1));
#1840 = CARTESIAN_POINT('',(17.87183047044,-9.879030075353,4.1));
#1841 = CARTESIAN_POINT('',(17.775543711502,-10.3209125384,4.1));
#1842 = CARTESIAN_POINT('',(17.657050851065,-10.75974926957,4.1));
#1843 = CARTESIAN_POINT('',(17.515798310134,-11.19207225723,4.1));
#1844 = CARTESIAN_POINT('',(17.351232509617,-11.61441348981,4.1));
#1845 = CARTESIAN_POINT('',(17.162799870559,-12.02330495564,4.1));
#1846 = CARTESIAN_POINT('',(16.949946813845,-12.41527864323,4.1));
#1847 = CARTESIAN_POINT('',(16.712119760514,-12.78686654081,4.1));
#1848 = CARTESIAN_POINT('',(16.448765131483,-13.13460063694,4.1));
#1849 = CARTESIAN_POINT('',(16.159329347747,-13.45501291989,4.1));
#1850 = CARTESIAN_POINT('',(15.843258830263,-13.74463537812,4.1));
#1851 = CARTESIAN_POINT('',(15.099694854651,-14.29780376516,4.1));
#1852 = CARTESIAN_POINT('',(14.662413603927,-14.54901687291,4.1));
#1853 = CARTESIAN_POINT('',(14.193709055888,-14.75455758306,4.1));
#1854 = CARTESIAN_POINT('',(13.699134018636,-14.91534415578,4.1));
#1855 = CARTESIAN_POINT('',(13.184241300204,-15.03229485043,4.1));
#1856 = CARTESIAN_POINT('',(12.654583708701,-15.10632792777,4.1));
#1857 = CARTESIAN_POINT('',(12.115714052196,-15.13836164659,4.1));
#1858 = CARTESIAN_POINT('',(11.573185138723,-15.12931426801,4.1));
#1859 = CARTESIAN_POINT('',(11.03254977643,-15.08010405082,4.1));
#1860 = CARTESIAN_POINT('',(10.499360773308,-14.99164925576,4.1));
#1861 = CARTESIAN_POINT('',(9.979170937497,-14.86486814223,4.1));
#1862 = CARTESIAN_POINT('',(9.477533077031,-14.70067897037,4.1));
#1863 = CARTESIAN_POINT('',(8.533838389393,-14.30409978587,4.1));
#1864 = CARTESIAN_POINT('',(8.090647219466,-14.07342694024,4.1));
#1865 = CARTESIAN_POINT('',(7.669616722965,-13.81063519753,4.1));
#1866 = CARTESIAN_POINT('',(7.269937132639,-13.51837829208,4.1));
#1867 = CARTESIAN_POINT('',(6.89079868121,-13.19930995845,4.1));
#1868 = CARTESIAN_POINT('',(6.531391601468,-12.8560839308,4.1));
#1869 = CARTESIAN_POINT('',(6.190906126085,-12.49135394389,4.1));
#1870 = CARTESIAN_POINT('',(5.868532487891,-12.10777373172,4.1));
#1871 = CARTESIAN_POINT('',(5.563460919547,-11.70799702909,4.1));
#1872 = CARTESIAN_POINT('',(5.274881653861,-11.2946775701,4.1));
#1873 = CARTESIAN_POINT('',(5.001984923537,-10.87046908936,4.1));
#1874 = CARTESIAN_POINT('',(4.743960961337,-10.43802532118,4.1));
#1875 = CARTESIAN_POINT('',(4.257549647375,-9.564686935988,4.1));
#1876 = CARTESIAN_POINT('',(4.028988678318,-9.123861227029,4.1));
#1877 = CARTESIAN_POINT('',(3.814556542714,-8.677834258238,4.1));
#1878 = CARTESIAN_POINT('',(3.614492690429,-8.226917414667,4.1));
#1879 = CARTESIAN_POINT('',(3.429036571368,-7.771422081495,4.1));
#1880 = CARTESIAN_POINT('',(3.258427635384,-7.311659643701,4.1));
#1881 = CARTESIAN_POINT('',(3.102905332376,-6.847941486518,4.1));
#1882 = CARTESIAN_POINT('',(2.962709112223,-6.380578994916,4.1));
#1883 = CARTESIAN_POINT('',(2.83807842479,-5.909883554086,4.1));
#1884 = CARTESIAN_POINT('',(2.729252719979,-5.436166549071,4.1));
#1885 = CARTESIAN_POINT('',(2.636471447652,-4.959739364989,4.1));
#1886 = CARTESIAN_POINT('',(2.5599740577,-4.480913386934,4.1));
#1887 = CARTESIAN_POINT('',(2.424138150859,-3.391687336009,4.1));
#1888 = CARTESIAN_POINT('',(2.374713633315,-2.780034817818,4.1));
#1889 = CARTESIAN_POINT('',(2.347964531921,-2.165631862405,4.1));
#1890 = CARTESIAN_POINT('',(2.34012893112,-1.549067886791,4.1));
#1891 = CARTESIAN_POINT('',(2.347444915603,-0.930932307926,4.1));
#1892 = CARTESIAN_POINT('',(2.366150569623,-0.311814542846,4.1));
#1893 = CARTESIAN_POINT('',(2.392483978058,0.307695991481,4.1));
#1894 = CARTESIAN_POINT('',(2.422683225047,0.927009878075,4.1));
#1895 = CARTESIAN_POINT('',(2.452986395462,1.545537699897,4.1));
#1896 = CARTESIAN_POINT('',(2.479631573566,2.162690040016,4.1));
#1897 = CARTESIAN_POINT('',(2.498856844042,2.777877481387,4.1));
#1898 = CARTESIAN_POINT('',(2.506900291336,3.390510607051,4.1));
#1899 = CARTESIAN_POINT('',(2.5,4.,4.1));
#1900 = CARTESIAN_POINT('',(2.999967959387,4.005660352122,4.1));
#1901 = CARTESIAN_POINT('',(2.999953576785,4.006930739509,4.1));
#1902 = CARTESIAN_POINT('',(2.999946064299,4.007606357598,4.1));
#1903 = CARTESIAN_POINT('',(2.999911798375,4.010657107902,4.1));
#1904 = CARTESIAN_POINT('',(2.999948820655,4.007423164811,4.1));
#1905 = CARTESIAN_POINT('',(2.999849556051,4.016239226617,4.1));
#1906 = CARTESIAN_POINT('',(2.99994753605,4.007645112629,4.1));
#1907 = CARTESIAN_POINT('',(2.999827268585,4.01834041891,4.1));
#1908 = CARTESIAN_POINT('',(2.999893392147,4.012584224149,4.1));
#1909 = CARTESIAN_POINT('',(2.999838357747,4.017541722346,4.1));
#1910 = CARTESIAN_POINT('',(2.999842417701,4.017291583741,4.1));
#1911 = CARTESIAN_POINT('',(2.999826200085,4.018844570635,4.1));
#1912 = CARTESIAN_POINT('',(2.99981467738,4.0199949142,4.1));
#1913 = CARTESIAN_POINT('',(2.999790901481,4.022384218761,4.1));
#1914 = CARTESIAN_POINT('',(2.999779149754,4.023578887211,4.1));
#1915 = CARTESIAN_POINT('',(2.999767534202,4.024773571816,4.1));
#1916 = CARTESIAN_POINT('',(2.999756054928,4.025968272562,4.1));
#1917 = CARTESIAN_POINT('',(2.999744711699,4.027162989435,4.1));
#1918 = CARTESIAN_POINT('',(2.999733504881,4.028357722419,4.1));
#1919 = CARTESIAN_POINT('',(2.999722433965,4.029552471504,4.1));
#1920 = CARTESIAN_POINT('',(2.999711499504,4.03074723667,4.1));
#1921 = CARTESIAN_POINT('',(2.999700700972,4.031942017907,4.1));
#1922 = CARTESIAN_POINT('',(2.99969003876,4.033136815199,4.1));
#1923 = CARTESIAN_POINT('',(2.999679512614,4.034331628533,4.1));
#1924 = CARTESIAN_POINT('',(2.999669122648,4.035526457893,4.1));
#1925 = CARTESIAN_POINT('',(2.999638361137,4.039110994012,4.1));
#1926 = CARTESIAN_POINT('',(2.999618398025,4.041500748808,4.1));
#1927 = CARTESIAN_POINT('',(2.99959897939,4.043890567544,4.1));
#1928 = CARTESIAN_POINT('',(2.999580105243,4.046280450094,4.1));
#1929 = CARTESIAN_POINT('',(2.999561775415,4.048670396366,4.1));
#1930 = CARTESIAN_POINT('',(2.999543990015,4.051060406215,4.1));
#1931 = CARTESIAN_POINT('',(2.999526748791,4.053450479563,4.1));
#1932 = CARTESIAN_POINT('',(2.999510051886,4.05584061626,4.1));
#1933 = CARTESIAN_POINT('',(2.999493899081,4.058230816221,4.1));
#1934 = CARTESIAN_POINT('',(2.999478290434,4.060621079313,4.1));
#1935 = CARTESIAN_POINT('',(2.999463225827,4.063011405432,4.1));
#1936 = CARTESIAN_POINT('',(2.999448705233,4.06540179446,4.1));
#1937 = CARTESIAN_POINT('',(2.9994067753,4.072573149929,4.1));
#1938 = CARTESIAN_POINT('',(2.999380997816,4.077354304759,4.1));
#1939 = CARTESIAN_POINT('',(2.999357395695,4.082135709857,4.1));
#1940 = CARTESIAN_POINT('',(2.999335968506,4.086917364312,4.1));
#1941 = CARTESIAN_POINT('',(2.999316715794,4.091699267205,4.1));
#1942 = CARTESIAN_POINT('',(2.999299637148,4.096481417626,4.1));
#1943 = CARTESIAN_POINT('',(2.99928473209,4.101263814659,4.1));
#1944 = CARTESIAN_POINT('',(2.999272000227,4.106046457386,4.1));
#1945 = CARTESIAN_POINT('',(2.999261441076,4.110829344902,4.1));
#1946 = CARTESIAN_POINT('',(2.999253054233,4.115612476282,4.1));
#1947 = CARTESIAN_POINT('',(2.999246839236,4.120395850619,4.1));
#1948 = CARTESIAN_POINT('',(2.999242795659,4.125179466996,4.1));
#1949 = CARTESIAN_POINT('',(2.999237177857,4.139531039506,4.1));
#1950 = CARTESIAN_POINT('',(2.999242116572,4.149099719037,4.1));
#1951 = CARTESIAN_POINT('',(2.999255735683,4.158669355755,4.1));
#1952 = CARTESIAN_POINT('',(2.999278031676,4.168239942326,4.1));
#1953 = CARTESIAN_POINT('',(2.999309001023,4.177811471407,4.1));
#1954 = CARTESIAN_POINT('',(2.999348640212,4.187383935672,4.1));
#1955 = CARTESIAN_POINT('',(2.999396945723,4.196957327768,4.1));
#1956 = CARTESIAN_POINT('',(2.999453914032,4.206531640378,4.1));
#1957 = CARTESIAN_POINT('',(2.999519541624,4.216106866145,4.1));
#1958 = CARTESIAN_POINT('',(2.99959382498,4.225682997748,4.1));
#1959 = CARTESIAN_POINT('',(2.999676760578,4.23526002784,4.1));
#1960 = CARTESIAN_POINT('',(2.9997683449,4.24483794909,4.1));
#1961 = CARTESIAN_POINT('',(3.000069033483,4.273574364296,4.1));
#1962 = CARTESIAN_POINT('',(3.000304073502,4.292735510008,4.1));
#1963 = CARTESIAN_POINT('',(3.000573666183,4.31190013227,4.1));
#1964 = CARTESIAN_POINT('',(3.00087778322,4.331068172009,4.1));
#1965 = CARTESIAN_POINT('',(3.001216396323,4.350239570264,4.1));
#1966 = CARTESIAN_POINT('',(3.001589477156,4.369414267867,4.1));
#1967 = CARTESIAN_POINT('',(3.001996997478,4.388592205961,4.1));
#1968 = CARTESIAN_POINT('',(3.002438928898,4.407773325303,4.1));
#1969 = CARTESIAN_POINT('',(3.002915243212,4.426957567049,4.1));
#1970 = CARTESIAN_POINT('',(3.003425912032,4.446144872011,4.1));
#1971 = CARTESIAN_POINT('',(3.003970907111,4.465335181247,4.1));
#1972 = CARTESIAN_POINT('',(3.004550200119,4.484528435673,4.1));
#1973 = CARTESIAN_POINT('',(3.006390888049,4.542116857455,4.1));
#1974 = CARTESIAN_POINT('',(3.007755094546,4.580520687423,4.1));
#1975 = CARTESIAN_POINT('',(3.009256153106,4.618935588952,4.1));
#1976 = CARTESIAN_POINT('',(3.010893834709,4.657361084807,4.1));
#1977 = CARTESIAN_POINT('',(3.012667910043,4.69579669778,4.1));
#1978 = CARTESIAN_POINT('',(3.014578150319,4.73424195062,4.1));
#1979 = CARTESIAN_POINT('',(3.01662432599,4.772696366139,4.1));
#1980 = CARTESIAN_POINT('',(3.018806208412,4.811159467068,4.1));
#1981 = CARTESIAN_POINT('',(3.021123568048,4.849630776226,4.1));
#1982 = CARTESIAN_POINT('',(3.023576176096,4.888109816352,4.1));
#1983 = CARTESIAN_POINT('',(3.026163803254,4.926596110246,4.1));
#1984 = CARTESIAN_POINT('',(3.028886220497,4.96508918067,4.1));
#1985 = CARTESIAN_POINT('',(3.037457155042,5.08058728987,4.1));
#1986 = CARTESIAN_POINT('',(3.043709404413,5.157611271838,4.1));
#1987 = CARTESIAN_POINT('',(3.050498064133,5.234656616502,4.1));
#1988 = CARTESIAN_POINT('',(3.057821251499,5.311719444064,4.1));
#1989 = CARTESIAN_POINT('',(3.065677083917,5.388795874715,4.1));
#1990 = CARTESIAN_POINT('',(3.074063678596,5.465882028659,4.1));
#1991 = CARTESIAN_POINT('',(3.082979153028,5.542974026091,4.1));
#1992 = CARTESIAN_POINT('',(3.09242162437,5.620067987206,4.1));
#1993 = CARTESIAN_POINT('',(3.10238921011,5.697160032209,4.1));
#1994 = CARTESIAN_POINT('',(3.112880027463,5.774246281288,4.1));
#1995 = CARTESIAN_POINT('',(3.123892193832,5.851322854648,4.1));
#1996 = CARTESIAN_POINT('',(3.135423826513,5.928385872483,4.1));
#1997 = CARTESIAN_POINT('',(3.171571475524,6.159522620007,4.1));
#1998 = CARTESIAN_POINT('',(3.197741036928,6.313544262319,4.1));
#1999 = CARTESIAN_POINT('',(3.225965803534,6.467464798335,4.1));
#2000 = CARTESIAN_POINT('',(3.256229851799,6.621252644509,4.1));
#2001 = CARTESIAN_POINT('',(3.288517258199,6.774876217195,4.1));
#2002 = CARTESIAN_POINT('',(3.322812099189,6.928303932916,4.1));
#2003 = CARTESIAN_POINT('',(3.359098451244,7.081504207963,4.1));
#2004 = CARTESIAN_POINT('',(3.397360390827,7.234445458891,4.1));
#2005 = CARTESIAN_POINT('',(3.437581994397,7.387096102005,4.1));
#2006 = CARTESIAN_POINT('',(3.479747338432,7.539424553807,4.1));
#2007 = CARTESIAN_POINT('',(3.523840499388,7.691399230672,4.1));
#2008 = CARTESIAN_POINT('',(3.569845553736,7.842988549039,4.1));
#2009 = CARTESIAN_POINT('',(3.713548626345,8.296505677892,4.1));
#2010 = CARTESIAN_POINT('',(3.81693095812,8.597182392938,4.1));
#2011 = CARTESIAN_POINT('',(3.927761138756,8.895936077293,4.1));
#2012 = CARTESIAN_POINT('',(4.045905332457,9.192512215255,4.1));
#2013 = CARTESIAN_POINT('',(4.171228302255,9.486656768857,4.1));
#2014 = CARTESIAN_POINT('',(4.303593409789,9.778116177318,4.1));
#2015 = CARTESIAN_POINT('',(4.442862615645,10.066637357956,4.1));
#2016 = CARTESIAN_POINT('',(4.588896478923,10.351967704929,4.1));
#2017 = CARTESIAN_POINT('',(4.741554157696,10.633855090684,4.1));
#2018 = CARTESIAN_POINT('',(4.900693408603,10.912047864562,4.1));
#2019 = CARTESIAN_POINT('',(5.066170587152,11.186294853919,4.1));
#2020 = CARTESIAN_POINT('',(5.237840647531,11.456345363382,4.1));
#2021 = CARTESIAN_POINT('',(5.700819103377,12.148283624728,4.1));
#2022 = CARTESIAN_POINT('',(6.001546420662,12.563003687002,4.1));
#2023 = CARTESIAN_POINT('',(6.317360943366,12.964996116414,4.1));
#2024 = CARTESIAN_POINT('',(6.647871480959,13.353161238156,4.1));
#2025 = CARTESIAN_POINT('',(6.992678490306,13.726413518582,4.1));
#2026 = CARTESIAN_POINT('',(7.351378761713,14.083682135568,4.1));
#2027 = CARTESIAN_POINT('',(7.723570106083,14.423911548679,4.1));
#2028 = CARTESIAN_POINT('',(8.10885604058,14.746062069755,4.1));
#2029 = CARTESIAN_POINT('',(8.506850475974,15.04911043284,4.1));
#2030 = CARTESIAN_POINT('',(8.917182402395,15.332050364922,4.1));
#2031 = CARTESIAN_POINT('',(9.339500576349,15.593893155863,4.1));
#2032 = CARTESIAN_POINT('',(9.773478206899,15.833668228987,4.1));
#2033 = CARTESIAN_POINT('',(10.621518657502,16.246426233838,4.1));
#2034 = CARTESIAN_POINT('',(11.033992480384,16.423837653285,4.1));
#2035 = CARTESIAN_POINT('',(11.455251827013,16.582128147582,4.1));
#2036 = CARTESIAN_POINT('',(11.884305666513,16.72078135184,4.1));
#2037 = CARTESIAN_POINT('',(12.320162009606,16.839292673429,4.1));
#2038 = CARTESIAN_POINT('',(12.761830697238,16.93716760766,4.1));
#2039 = CARTESIAN_POINT('',(13.208326189071,17.013920052549,4.1));
#2040 = CARTESIAN_POINT('',(13.658670352135,17.06907062492,4.1));
#2041 = CARTESIAN_POINT('',(14.11189524933,17.102144974855,4.1));
#2042 = CARTESIAN_POINT('',(14.567045928033,17.112672101871,4.1));
#2043 = CARTESIAN_POINT('',(15.023183208658,17.100182669574,4.1));
#2044 = CARTESIAN_POINT('',(15.479386473219,17.064207321436,4.1));
#2045 = CARTESIAN_POINT('',(16.353249789239,16.949196093306,4.1));
#2046 = CARTESIAN_POINT('',(16.770927001441,16.873876174162,4.1));
#2047 = CARTESIAN_POINT('',(17.18528475866,16.778138811282,4.1));
#2048 = CARTESIAN_POINT('',(17.593800581467,16.661803055891,4.1));
#2049 = CARTESIAN_POINT('',(17.993960257849,16.524726446694,4.1));
#2050 = CARTESIAN_POINT('',(18.38328421514,16.36683020327,4.1));
#2051 = CARTESIAN_POINT('',(18.759352849628,16.188106606807,4.1));
#2052 = CARTESIAN_POINT('',(19.119830812441,15.988608563548,4.1));
#2053 = CARTESIAN_POINT('',(19.462490253834,15.768421356941,4.1));
#2054 = CARTESIAN_POINT('',(19.785233023225,15.527616581882,4.1));
#2055 = CARTESIAN_POINT('',(20.086111827748,15.266188267282,4.1));
#2056 = CARTESIAN_POINT('',(20.3633503469,14.983971181952,4.1));
#2057 = CARTESIAN_POINT('',(20.850693441082,14.397195675882,4.1));
#2058 = CARTESIAN_POINT('',(21.066101108781,14.092836066675,4.1));
#2059 = CARTESIAN_POINT('',(21.261130639826,13.769532561289,4.1));
#2060 = CARTESIAN_POINT('',(21.435298042156,13.429540024486,4.1));
#2061 = CARTESIAN_POINT('',(21.588122190446,13.075257244035,4.1));
#2062 = CARTESIAN_POINT('',(21.719151420789,12.709191121095,4.1));
#2063 = CARTESIAN_POINT('',(21.827984532001,12.333925931641,4.1));
#2064 = CARTESIAN_POINT('',(21.914286189807,11.952097658682,4.1));
#2065 = CARTESIAN_POINT('',(21.977796738759,11.566373394773,4.1));
#2066 = CARTESIAN_POINT('',(22.018336416586,11.179435816214,4.1));
#2067 = CARTESIAN_POINT('',(22.035803975858,10.793972726894,4.1));
#2068 = CARTESIAN_POINT('',(22.030169709188,10.412671673954,4.1));
#2069 = CARTESIAN_POINT('',(21.965612280207,9.570584197486,4.1));
#2070 = CARTESIAN_POINT('',(21.893752835858,9.113022830231,4.1));
#2071 = CARTESIAN_POINT('',(21.786188648604,8.666193600859,4.1));
#2072 = CARTESIAN_POINT('',(21.643149494401,8.230609707817,4.1));
#2073 = CARTESIAN_POINT('',(21.464705700728,7.806731423989,4.1));
#2074 = CARTESIAN_POINT('',(21.250745304863,7.395045197803,4.1));
#2075 = CARTESIAN_POINT('',(21.000997408102,6.996127198874,4.1));
#2076 = CARTESIAN_POINT('',(20.715085642587,6.610688598352,4.1));
#2077 = CARTESIAN_POINT('',(20.392595664806,6.239599872799,4.1));
#2078 = CARTESIAN_POINT('',(20.033140592381,5.883891421187,4.1));
#2079 = CARTESIAN_POINT('',(19.636408298718,5.544727784513,4.1));
#2080 = CARTESIAN_POINT('',(19.202174481389,5.223352757122,4.1));
#2081 = CARTESIAN_POINT('',(18.509364768967,4.779472596097,4.1));
#2082 = CARTESIAN_POINT('',(18.278476590919,4.641003478977,4.1));
#2083 = CARTESIAN_POINT('',(18.039272535604,4.505454659429,4.1));
#2084 = CARTESIAN_POINT('',(17.793418975342,4.372586521881,4.1));
#2085 = CARTESIAN_POINT('',(17.542570226961,4.242086319296,4.1));
#2086 = CARTESIAN_POINT('',(17.288362089115,4.113587378462,4.1));
#2087 = CARTESIAN_POINT('',(17.03240569526,3.986681695732,4.1));
#2088 = CARTESIAN_POINT('',(16.776281681141,3.86092592231,4.1));
#2089 = CARTESIAN_POINT('',(16.521534668221,3.735840740187,4.1));
#2090 = CARTESIAN_POINT('',(16.269668061549,3.610903627578,4.1));
#2091 = CARTESIAN_POINT('',(16.022139163406,3.485535014887,4.1));
#2092 = CARTESIAN_POINT('',(15.780354601718,3.35907783041,4.1));
#2093 = CARTESIAN_POINT('',(15.310977546035,3.102463042181,4.1));
#2094 = CARTESIAN_POINT('',(15.083445627043,2.972284114266,4.1));
#2095 = CARTESIAN_POINT('',(14.864029925381,2.839581509693,4.1));
#2096 = CARTESIAN_POINT('',(14.655012150601,2.703068846995,4.1));
#2097 = CARTESIAN_POINT('',(14.456454273322,2.562315860417,4.1));
#2098 = CARTESIAN_POINT('',(14.269760594921,2.415549613503,4.1));
#2099 = CARTESIAN_POINT('',(14.097079689921,2.260757946493,4.1));
#2100 = CARTESIAN_POINT('',(13.939236594888,2.096472852376,4.1));
#2101 = CARTESIAN_POINT('',(13.796677466015,1.919817121513,4.1));
#2102 = CARTESIAN_POINT('',(13.673352611978,1.725034531297,4.1));
#2103 = CARTESIAN_POINT('',(13.578373728204,1.508404059727,4.1));
#2104 = CARTESIAN_POINT('',(13.520471713469,1.277774037667,4.1));
#2105 = CARTESIAN_POINT('',(13.47234563199,0.6713336708,4.1));
#2106 = CARTESIAN_POINT('',(13.538274932363,0.307855250322,4.1));
#2107 = CARTESIAN_POINT('',(13.676857902889,-2.419608479908E-02,4.1));
#2108 = CARTESIAN_POINT('',(13.839182892345,-0.339728336082,4.1));
#2109 = CARTESIAN_POINT('',(14.047988032835,-0.668986296435,4.1));
#2110 = CARTESIAN_POINT('',(14.280730695061,-0.98861605388,4.1));
#2111 = CARTESIAN_POINT('',(14.532792327696,-1.312269456294,4.1));
#2112 = CARTESIAN_POINT('',(14.803120377787,-1.645040583118,4.1));
#2113 = CARTESIAN_POINT('',(15.076246104803,-1.970891573006,4.1));
#2114 = CARTESIAN_POINT('',(15.350680057674,-2.304053062571,4.1));
#2115 = CARTESIAN_POINT('',(15.615741551764,-2.633975205211,4.1));
#2116 = CARTESIAN_POINT('',(15.864647048082,-2.962352566229,4.1));
#2117 = CARTESIAN_POINT('',(16.384534027525,-3.709425267813,4.1));
#2118 = CARTESIAN_POINT('',(16.644238676705,-4.133076952054,4.1));
#2119 = CARTESIAN_POINT('',(16.869892260573,-4.556877606244,4.1));
#2120 = CARTESIAN_POINT('',(17.06277711957,-4.981214607073,4.1));
#2121 = CARTESIAN_POINT('',(17.224184583898,-5.4066211405,4.1));
#2122 = CARTESIAN_POINT('',(17.355344250041,-5.833787834125,4.1));
#2123 = CARTESIAN_POINT('',(17.457373482733,-6.263524864769,4.1));
#2124 = CARTESIAN_POINT('',(17.531248204593,-6.696693922553,4.1));
#2125 = CARTESIAN_POINT('',(17.577796034517,-7.134129418967,4.1));
#2126 = CARTESIAN_POINT('',(17.597712837435,-7.576568320462,4.1));
#2127 = CARTESIAN_POINT('',(17.591603746407,-8.024607993901,4.1));
#2128 = CARTESIAN_POINT('',(17.560049719474,-8.478711447001,4.1));
#2129 = CARTESIAN_POINT('',(17.452768108502,-9.355576039253,4.1));
#2130 = CARTESIAN_POINT('',(17.381767535597,-9.775601194236,4.1));
#2131 = CARTESIAN_POINT('',(17.290209482159,-10.19550007396,4.1));
#2132 = CARTESIAN_POINT('',(17.177726597655,-10.61157381774,4.1));
#2133 = CARTESIAN_POINT('',(17.044009592489,-11.02014350703,4.1));
#2134 = CARTESIAN_POINT('',(16.888811731614,-11.41750933814,4.1));
#2135 = CARTESIAN_POINT('',(16.711988537508,-11.79998137446,4.1));
#2136 = CARTESIAN_POINT('',(16.513539336684,-12.16395835283,4.1));
#2137 = CARTESIAN_POINT('',(16.293617285927,-12.50603101223,4.1));
#2138 = CARTESIAN_POINT('',(16.052474511804,-12.8230864209,4.1));
#2139 = CARTESIAN_POINT('',(15.790308999915,-13.11238976967,4.1));
#2140 = CARTESIAN_POINT('',(15.506979867627,-13.37162010666,4.1));
#2141 = CARTESIAN_POINT('',(14.845377211651,-13.86381403492,4.1));
#2142 = CARTESIAN_POINT('',(14.453095235479,-14.08978970097,4.1));
#2143 = CARTESIAN_POINT('',(14.028207988538,-14.27709384913,4.1));
#2144 = CARTESIAN_POINT('',(13.575341974185,-14.42543234231,4.1));
#2145 = CARTESIAN_POINT('',(13.099840313192,-14.53444367943,4.1));
#2146 = CARTESIAN_POINT('',(12.607463509506,-14.60400407728,4.1));
#2147 = CARTESIAN_POINT('',(12.104185029301,-14.63434178767,4.1));
#2148 = CARTESIAN_POINT('',(11.59606211586,-14.62602194137,4.1));
#2149 = CARTESIAN_POINT('',(11.089162263312,-14.57986321479,4.1));
#2150 = CARTESIAN_POINT('',(10.589525770998,-14.49684761012,4.1));
#2151 = CARTESIAN_POINT('',(10.10314480215,-14.37808464479,4.1));
#2152 = CARTESIAN_POINT('',(9.635939368394,-14.22489124179,4.1));
#2153 = CARTESIAN_POINT('',(8.762012724249,-13.85763144857,4.1));
#2154 = CARTESIAN_POINT('',(8.351049283578,-13.64377954683,4.1));
#2155 = CARTESIAN_POINT('',(7.959339590732,-13.39955698788,4.1));
#2156 = CARTESIAN_POINT('',(7.585754779419,-13.12686744325,4.1));
#2157 = CARTESIAN_POINT('',(7.229451170873,-12.82764578093,4.1));
#2158 = CARTESIAN_POINT('',(6.889793521196,-12.50396271829,4.1));
#2159 = CARTESIAN_POINT('',(6.566275720029,-12.15806173728,4.1));
#2160 = CARTESIAN_POINT('',(6.258446447852,-11.7923474834,4.1));
#2161 = CARTESIAN_POINT('',(5.96584729872,-11.40934485647,4.1));
#2162 = CARTESIAN_POINT('',(5.687970875873,-11.01164801727,4.1));
#2163 = CARTESIAN_POINT('',(5.424246367,-10.6018785177,4.1));
#2164 = CARTESIAN_POINT('',(5.174060106496,-10.18267177651,4.1));
#2165 = CARTESIAN_POINT('',(4.70104615842,-9.333388000154,4.1));
#2166 = CARTESIAN_POINT('',(4.478884541556,-8.90488386698,4.1));
#2167 = CARTESIAN_POINT('',(4.270555221098,-8.471516071213,4.1));
#2168 = CARTESIAN_POINT('',(4.076278800065,-8.033599131558,4.1));
#2169 = CARTESIAN_POINT('',(3.896275044688,-7.591444726701,4.1));
#2170 = CARTESIAN_POINT('',(3.730762884011,-7.145361695259,4.1));
#2171 = CARTESIAN_POINT('',(3.579960410485,-6.695656035833,4.1));
#2172 = CARTESIAN_POINT('',(3.444084879236,-6.242630906995,4.1));
#2173 = CARTESIAN_POINT('',(3.323352708819,-5.786586627226,4.1));
#2174 = CARTESIAN_POINT('',(3.217979480565,-5.327820675054,4.1));
#2175 = CARTESIAN_POINT('',(3.128179939054,-4.866627688879,4.1));
#2176 = CARTESIAN_POINT('',(3.054167991834,-4.403299467131,4.1));
#2177 = CARTESIAN_POINT('',(2.922777596757,-3.349720597697,4.1));
#2178 = CARTESIAN_POINT('',(2.874635520081,-2.755473529771,4.1));
#2179 = CARTESIAN_POINT('',(2.848352153534,-2.155818849061,4.1));
#2180 = CARTESIAN_POINT('',(2.840481454266,-1.551308740128,4.1));
#2181 = CARTESIAN_POINT('',(2.847513832236,-0.942563173546,4.1));
#2182 = CARTESIAN_POINT('',(2.865879447554,-0.330230212417,4.1));
#2183 = CARTESIAN_POINT('',(2.891950635965,0.285044061357,4.1));
#2184 = CARTESIAN_POINT('',(2.922043461766,0.902636000419,4.1));
#2185 = CARTESIAN_POINT('',(2.952418399087,1.521955225308,4.1));
#2186 = CARTESIAN_POINT('',(2.979280140482,2.142445837837,4.1));
#2187 = CARTESIAN_POINT('',(2.99877653385,2.763578014067,4.1));
#2188 = CARTESIAN_POINT('',(3.00699664685,3.384829977542,4.1));
#2189 = CARTESIAN_POINT('',(2.999967959387,4.005660352122,4.1));
#2190 = DEFINITIONAL_REPRESENTATION('',(#2191),#2195);
#2191 = LINE('',#2192,#2193);
#2192 = CARTESIAN_POINT('',(0.,0.));
#2193 = VECTOR('',#2194,1.);
#2194 = DIRECTION('',(0.,1.));
#2195 = ( GEOMETRIC_REPRESENTATION_CONTEXT(2) 
PARAMETRIC_REPRESENTATION_CONTEXT() REPRESENTATION_CONTEXT('2D SPACE',''
  ) );
#2196 = ORIENTED_EDGE('',*,*,#2197,.T.);
#2197 = EDGE_CURVE('',#730,#318,#2198,.T.);
#2198 = SURFACE_CURVE('',#2199,(#2207,#2218),.PCURVE_S1.);
#2199 = B_SPLINE_CURVE_WITH_KNOTS('',6,(#2200,#2201,#2202,#2203,#2204,
    #2205,#2206),.UNSPECIFIED.,.F.,.F.,(7,7),(0.,1.),
  .PIECEWISE_BEZIER_KNOTS.);
#2200 = CARTESIAN_POINT('',(3.907878214132,-8.839588706153,
    3.600000600035));
#2201 = CARTESIAN_POINT('',(3.923899472422,-8.874063339516,
    3.549056301556));
#2202 = CARTESIAN_POINT('',(3.938905472975,-8.906117990514,
    3.495636778666));
#2203 = CARTESIAN_POINT('',(3.952672485375,-8.935332553784,
    3.439626569726));
#2204 = CARTESIAN_POINT('',(3.964905069186,-8.961144646964,
    3.381031844715));
#2205 = CARTESIAN_POINT('',(3.975253003525,-8.982891636501,
    3.320015496079));
#2206 = CARTESIAN_POINT('',(3.983415689395,-9.0000012,3.25702568561));
#2207 = PCURVE('',#248,#2208);
#2208 = DEFINITIONAL_REPRESENTATION('',(#2209),#2217);
#2209 = B_SPLINE_CURVE_WITH_KNOTS('',6,(#2210,#2211,#2212,#2213,#2214,
    #2215,#2216),.UNSPECIFIED.,.F.,.F.,(7,7),(0.,1.),
  .PIECEWISE_BEZIER_KNOTS.);
#2210 = CARTESIAN_POINT('',(75.276956305451,-1.300000600035));
#2211 = CARTESIAN_POINT('',(75.239505454827,-1.249056301556));
#2212 = CARTESIAN_POINT('',(75.204649130868,-1.195636778666));
#2213 = CARTESIAN_POINT('',(75.172852429218,-1.139626569726));
#2214 = CARTESIAN_POINT('',(75.144736915151,-1.081031844715));
#2215 = CARTESIAN_POINT('',(75.121035860072,-1.020015496079));
#2216 = CARTESIAN_POINT('',(75.102382058306,-0.95702568561));
#2217 = ( GEOMETRIC_REPRESENTATION_CONTEXT(2) 
PARAMETRIC_REPRESENTATION_CONTEXT() REPRESENTATION_CONTEXT('2D SPACE',''
  ) );
#2218 = PCURVE('',#333,#2219);
#2219 = DEFINITIONAL_REPRESENTATION('',(#2220),#2228);
#2220 = B_SPLINE_CURVE_WITH_KNOTS('',6,(#2221,#2222,#2223,#2224,#2225,
    #2226,#2227),.UNSPECIFIED.,.F.,.F.,(7,7),(0.,1.),
  .PIECEWISE_BEZIER_KNOTS.);
#2221 = CARTESIAN_POINT('',(0.304692968519,18.839588706153));
#2222 = CARTESIAN_POINT('',(0.277990898072,18.874063339516));
#2223 = CARTESIAN_POINT('',(0.250260553448,18.906117990514));
#2224 = CARTESIAN_POINT('',(0.221445861863,18.935332553784));
#2225 = CARTESIAN_POINT('',(0.191547571399,18.961144646964));
#2226 = CARTESIAN_POINT('',(0.160627490933,18.982891636501));
#2227 = CARTESIAN_POINT('',(0.128869241361,19.0000012));
#2228 = ( GEOMETRIC_REPRESENTATION_CONTEXT(2) 
PARAMETRIC_REPRESENTATION_CONTEXT() REPRESENTATION_CONTEXT('2D SPACE',''
  ) );
#2229 = ORIENTED_EDGE('',*,*,#344,.F.);
#2230 = ORIENTED_EDGE('',*,*,#230,.T.);
#2231 = ORIENTED_EDGE('',*,*,#2232,.F.);
#2232 = EDGE_CURVE('',#2233,#202,#2235,.T.);
#2233 = VERTEX_POINT('',#2234);
#2234 = CARTESIAN_POINT('',(3.991843195598,10.255319215405,2.3));
#2235 = SURFACE_CURVE('',#2236,(#2254,#2261),.PCURVE_S1.);
#2236 = B_SPLINE_CURVE_WITH_KNOTS('',3,(#2237,#2238,#2239,#2240,#2241,
    #2242,#2243,#2244,#2245,#2246,#2247,#2248,#2249,#2250,#2251,#2252,
    #2253),.UNSPECIFIED.,.T.,.F.,(1,1,2,1,1,1,1,1,1,1,1,1,1,1,1,1,2,1,1)
  ,(-14.32455532033,-8.,0.,8.38152730712,15.108339330657,21.191101860955
    ,26.781271804705,32.00142505916,38.520627464363,44.623905272229,
    49.340895838258,55.525554276684,61.115724220434,67.634926625636,
    73.998887656315,80.323442976652,88.323442976652,96.704970283772,
    103.4317823073),.UNSPECIFIED.);
#2237 = CARTESIAN_POINT('',(2.529901262459,1.358879297217,2.3));
#2238 = CARTESIAN_POINT('',(2.468672719023,6.767078161472,2.3));
#2239 = CARTESIAN_POINT('',(4.161161485493,11.90986798088,2.3));
#2240 = CARTESIAN_POINT('',(9.513240301139,16.966948396853,2.3));
#2241 = CARTESIAN_POINT('',(15.848444806828,18.125149214497,2.3));
#2242 = CARTESIAN_POINT('',(21.568699983256,15.691520220368,2.3));
#2243 = CARTESIAN_POINT('',(23.276383539246,9.369038321172,2.3));
#2244 = CARTESIAN_POINT('',(20.050819261272,4.066298048918,2.3));
#2245 = CARTESIAN_POINT('',(11.891907143274,1.78315200199,2.3));
#2246 = CARTESIAN_POINT('',(17.525499534264,-3.422705101014,2.3));
#2247 = CARTESIAN_POINT('',(18.63158131579,-8.686450613918,2.3));
#2248 = CARTESIAN_POINT('',(16.077174769644,-15.22263309214,2.3));
#2249 = CARTESIAN_POINT('',(8.437476134967,-15.44685054077,2.3));
#2250 = CARTESIAN_POINT('',(4.143171982934,-10.15597490568,2.3));
#2251 = CARTESIAN_POINT('',(1.887738713446,-3.516586517278,2.3));
#2252 = CARTESIAN_POINT('',(2.529901262459,1.358879297217,2.3));
#2253 = CARTESIAN_POINT('',(2.468672719023,6.767078161472,2.3));
#2254 = PCURVE('',#248,#2255);
#2255 = DEFINITIONAL_REPRESENTATION('',(#2256),#2260);
#2256 = LINE('',#2257,#2258);
#2257 = CARTESIAN_POINT('',(0.,0.));
#2258 = VECTOR('',#2259,1.);
#2259 = DIRECTION('',(1.,0.));
#2260 = ( GEOMETRIC_REPRESENTATION_CONTEXT(2) 
PARAMETRIC_REPRESENTATION_CONTEXT() REPRESENTATION_CONTEXT('2D SPACE',''
  ) );
#2261 = PCURVE('',#218,#2262);
#2262 = DEFINITIONAL_REPRESENTATION('',(#2263),#2281);
#2263 = B_SPLINE_CURVE_WITH_KNOTS('',3,(#2264,#2265,#2266,#2267,#2268,
    #2269,#2270,#2271,#2272,#2273,#2274,#2275,#2276,#2277,#2278,#2279,
    #2280),.UNSPECIFIED.,.F.,.F.,(1,1,2,1,1,1,1,1,1,1,1,1,1,1,1,1,2,1,1)
  ,(-14.32455532033,-8.,0.,8.38152730712,15.108339330657,21.191101860955
    ,26.781271804705,32.00142505916,38.520627464363,44.623905272229,
    49.340895838258,55.525554276684,61.115724220434,67.634926625636,
    73.998887656315,80.323442976652,88.323442976652,96.704970283772,
    103.4317823073),.UNSPECIFIED.);
#2264 = CARTESIAN_POINT('',(9.412368860781,-0.486821732219));
#2265 = CARTESIAN_POINT('',(9.473597404216,4.921377132037));
#2266 = CARTESIAN_POINT('',(7.781108637746,10.064166951445));
#2267 = CARTESIAN_POINT('',(2.429029822101,15.121247367418));
#2268 = CARTESIAN_POINT('',(-3.906174683589,16.279448185062));
#2269 = CARTESIAN_POINT('',(-9.626429860017,13.845819190932));
#2270 = CARTESIAN_POINT('',(-11.334113416,7.523337291736));
#2271 = CARTESIAN_POINT('',(-8.108549138033,2.220597019483));
#2272 = CARTESIAN_POINT('',(5.036297996547E-02,-6.254902744572E-02));
#2273 = CARTESIAN_POINT('',(-5.583229411025,-5.26840613045));
#2274 = CARTESIAN_POINT('',(-6.68931119255,-10.53215164335));
#2275 = CARTESIAN_POINT('',(-4.134904646405,-17.06833412157));
#2276 = CARTESIAN_POINT('',(3.504793988273,-17.29255157021));
#2277 = CARTESIAN_POINT('',(7.799098140306,-12.00167593511));
#2278 = CARTESIAN_POINT('',(10.054531409794,-5.362287546713));
#2279 = CARTESIAN_POINT('',(9.412368860781,-0.486821732219));
#2280 = CARTESIAN_POINT('',(9.473597404216,4.921377132037));
#2281 = ( GEOMETRIC_REPRESENTATION_CONTEXT(2) 
PARAMETRIC_REPRESENTATION_CONTEXT() REPRESENTATION_CONTEXT('2D SPACE',''
  ) );
#2282 = ORIENTED_EDGE('',*,*,#2283,.F.);
#2283 = EDGE_CURVE('',#681,#2233,#2284,.T.);
#2284 = SURFACE_CURVE('',#2285,(#2291,#2300),.PCURVE_S1.);
#2285 = B_SPLINE_CURVE_WITH_KNOTS('',4,(#2286,#2287,#2288,#2289,#2290),
  .UNSPECIFIED.,.F.,.F.,(5,5),(0.,1.),.PIECEWISE_BEZIER_KNOTS.);
#2286 = CARTESIAN_POINT('',(3.991843195598,10.255319215405,3.0000006));
#2287 = CARTESIAN_POINT('',(3.991843195598,10.255319215405,2.8250003));
#2288 = CARTESIAN_POINT('',(3.991843195598,10.255319215405,2.65));
#2289 = CARTESIAN_POINT('',(3.991843195598,10.255319215405,2.4749997));
#2290 = CARTESIAN_POINT('',(3.991843195598,10.255319215405,2.2999994));
#2291 = PCURVE('',#248,#2292);
#2292 = DEFINITIONAL_REPRESENTATION('',(#2293),#2299);
#2293 = B_SPLINE_CURVE_WITH_KNOTS('',4,(#2294,#2295,#2296,#2297,#2298),
  .UNSPECIFIED.,.F.,.F.,(5,5),(0.,1.),.PIECEWISE_BEZIER_KNOTS.);
#2294 = CARTESIAN_POINT('',(6.416516153214,-0.7000006));
#2295 = CARTESIAN_POINT('',(6.416516153214,-0.5250003));
#2296 = CARTESIAN_POINT('',(6.416516153214,-0.35));
#2297 = CARTESIAN_POINT('',(6.416516153214,-0.1749997));
#2298 = CARTESIAN_POINT('',(6.416516153214,6.000000000173E-07));
#2299 = ( GEOMETRIC_REPRESENTATION_CONTEXT(2) 
PARAMETRIC_REPRESENTATION_CONTEXT() REPRESENTATION_CONTEXT('2D SPACE',''
  ) );
#2300 = PCURVE('',#2301,#2306);
#2301 = CYLINDRICAL_SURFACE('',#2302,4.);
#2302 = AXIS2_PLACEMENT_3D('',#2303,#2304,#2305);
#2303 = CARTESIAN_POINT('',(1.498801083244E-15,10.,0.));
#2304 = DIRECTION('',(0.,0.,-1.));
#2305 = DIRECTION('',(-1.,1.110223024625E-16,0.));
#2306 = DEFINITIONAL_REPRESENTATION('',(#2307),#2313);
#2307 = B_SPLINE_CURVE_WITH_KNOTS('',4,(#2308,#2309,#2310,#2311,#2312),
  .UNSPECIFIED.,.F.,.F.,(5,5),(0.,1.),.PIECEWISE_BEZIER_KNOTS.);
#2308 = CARTESIAN_POINT('',(3.077719427049,-3.0000006));
#2309 = CARTESIAN_POINT('',(3.077719427049,-2.8250003));
#2310 = CARTESIAN_POINT('',(3.077719427049,-2.65));
#2311 = CARTESIAN_POINT('',(3.077719427049,-2.4749997));
#2312 = CARTESIAN_POINT('',(3.077719427049,-2.2999994));
#2313 = ( GEOMETRIC_REPRESENTATION_CONTEXT(2) 
PARAMETRIC_REPRESENTATION_CONTEXT() REPRESENTATION_CONTEXT('2D SPACE',''
  ) );
#2314 = ADVANCED_FACE('',(#2315,#2362,#2397),#218,.T.);
#2315 = FACE_BOUND('',#2316,.T.);
#2316 = EDGE_LOOP('',(#2317,#2341,#2342,#2343));
#2317 = ORIENTED_EDGE('',*,*,#2318,.F.);
#2318 = EDGE_CURVE('',#2233,#2319,#2321,.T.);
#2319 = VERTEX_POINT('',#2320);
#2320 = CARTESIAN_POINT('',(4.,10.,2.3));
#2321 = SURFACE_CURVE('',#2322,(#2327,#2334),.PCURVE_S1.);
#2322 = CIRCLE('',#2323,4.);
#2323 = AXIS2_PLACEMENT_3D('',#2324,#2325,#2326);
#2324 = CARTESIAN_POINT('',(1.498801083244E-15,10.,2.3));
#2325 = DIRECTION('',(0.,0.,-1.));
#2326 = DIRECTION('',(-1.,1.110223024625E-16,0.));
#2327 = PCURVE('',#218,#2328);
#2328 = DEFINITIONAL_REPRESENTATION('',(#2329),#2333);
#2329 = CIRCLE('',#2330,4.);
#2330 = AXIS2_PLACEMENT_2D('',#2331,#2332);
#2331 = CARTESIAN_POINT('',(11.942270123239,8.154298970565));
#2332 = DIRECTION('',(1.,1.110223024625E-16));
#2333 = ( GEOMETRIC_REPRESENTATION_CONTEXT(2) 
PARAMETRIC_REPRESENTATION_CONTEXT() REPRESENTATION_CONTEXT('2D SPACE',''
  ) );
#2334 = PCURVE('',#2301,#2335);
#2335 = DEFINITIONAL_REPRESENTATION('',(#2336),#2340);
#2336 = LINE('',#2337,#2338);
#2337 = CARTESIAN_POINT('',(0.,-2.3));
#2338 = VECTOR('',#2339,1.);
#2339 = DIRECTION('',(1.,0.));
#2340 = ( GEOMETRIC_REPRESENTATION_CONTEXT(2) 
PARAMETRIC_REPRESENTATION_CONTEXT() REPRESENTATION_CONTEXT('2D SPACE',''
  ) );
#2341 = ORIENTED_EDGE('',*,*,#2232,.T.);
#2342 = ORIENTED_EDGE('',*,*,#201,.F.);
#2343 = ORIENTED_EDGE('',*,*,#2344,.T.);
#2344 = EDGE_CURVE('',#174,#2319,#2345,.T.);
#2345 = SURFACE_CURVE('',#2346,(#2350,#2356),.PCURVE_S1.);
#2346 = LINE('',#2347,#2348);
#2347 = CARTESIAN_POINT('',(4.,5.922850514718,2.3));
#2348 = VECTOR('',#2349,1.);
#2349 = DIRECTION('',(1.110223024625E-16,1.,-0.));
#2350 = PCURVE('',#218,#2351);
#2351 = DEFINITIONAL_REPRESENTATION('',(#2352),#2355);
#2352 = B_SPLINE_CURVE_WITH_KNOTS('',1,(#2353,#2354),.UNSPECIFIED.,.F.,
  .F.,(2,2),(-14.92285051471,4.077149485282),.PIECEWISE_BEZIER_KNOTS.);
#2353 = CARTESIAN_POINT('',(7.942270123239,-10.84570102943));
#2354 = CARTESIAN_POINT('',(7.942270123239,8.154298970565));
#2355 = ( GEOMETRIC_REPRESENTATION_CONTEXT(2) 
PARAMETRIC_REPRESENTATION_CONTEXT() REPRESENTATION_CONTEXT('2D SPACE',''
  ) );
#2356 = PCURVE('',#189,#2357);
#2357 = DEFINITIONAL_REPRESENTATION('',(#2358),#2361);
#2358 = B_SPLINE_CURVE_WITH_KNOTS('',1,(#2359,#2360),.UNSPECIFIED.,.F.,
  .F.,(2,2),(-14.92285051471,4.077149485282),.PIECEWISE_BEZIER_KNOTS.);
#2359 = CARTESIAN_POINT('',(19.,-2.3));
#2360 = CARTESIAN_POINT('',(0.,-2.3));
#2361 = ( GEOMETRIC_REPRESENTATION_CONTEXT(2) 
PARAMETRIC_REPRESENTATION_CONTEXT() REPRESENTATION_CONTEXT('2D SPACE',''
  ) );
#2362 = FACE_BOUND('',#2363,.T.);
#2363 = EDGE_LOOP('',(#2364));
#2364 = ORIENTED_EDGE('',*,*,#2365,.T.);
#2365 = EDGE_CURVE('',#2366,#2366,#2368,.T.);
#2366 = VERTEX_POINT('',#2367);
#2367 = CARTESIAN_POINT('',(12.996508987014,-6.,2.3));
#2368 = SURFACE_CURVE('',#2369,(#2374,#2385),.PCURVE_S1.);
#2369 = CIRCLE('',#2370,2.496508987014);
#2370 = AXIS2_PLACEMENT_3D('',#2371,#2372,#2373);
#2371 = CARTESIAN_POINT('',(10.5,-6.,2.3));
#2372 = DIRECTION('',(0.,0.,1.));
#2373 = DIRECTION('',(1.,0.,-0.));
#2374 = PCURVE('',#218,#2375);
#2375 = DEFINITIONAL_REPRESENTATION('',(#2376),#2384);
#2376 = ( BOUNDED_CURVE() B_SPLINE_CURVE(2,(#2377,#2378,#2379,#2380,
#2381,#2382,#2383),.UNSPECIFIED.,.T.,.F.) B_SPLINE_CURVE_WITH_KNOTS((1,2
    ,2,2,2,1),(-2.094395102393,0.,2.094395102393,4.188790204786,
6.28318530718,8.377580409573),.UNSPECIFIED.) CURVE() 
GEOMETRIC_REPRESENTATION_ITEM() RATIONAL_B_SPLINE_CURVE((1.,0.5,1.,0.5,
1.,0.5,1.)) REPRESENTATION_ITEM('') );
#2377 = CARTESIAN_POINT('',(-1.054238863775,-7.845701029435));
#2378 = CARTESIAN_POINT('',(-1.054238863775,-3.521620622374));
#2379 = CARTESIAN_POINT('',(2.690524616746,-5.683660825905));
#2380 = CARTESIAN_POINT('',(6.435288097268,-7.845701029435));
#2381 = CARTESIAN_POINT('',(2.690524616746,-10.00774123296));
#2382 = CARTESIAN_POINT('',(-1.054238863775,-12.16978143649));
#2383 = CARTESIAN_POINT('',(-1.054238863775,-7.845701029435));
#2384 = ( GEOMETRIC_REPRESENTATION_CONTEXT(2) 
PARAMETRIC_REPRESENTATION_CONTEXT() REPRESENTATION_CONTEXT('2D SPACE',''
  ) );
#2385 = PCURVE('',#2386,#2391);
#2386 = CONICAL_SURFACE('',#2387,2.468580883129,1.745329251994E-02);
#2387 = AXIS2_PLACEMENT_3D('',#2388,#2389,#2390);
#2388 = CARTESIAN_POINT('',(10.5,-6.,0.7));
#2389 = DIRECTION('',(0.,0.,1.));
#2390 = DIRECTION('',(1.,0.,-0.));
#2391 = DEFINITIONAL_REPRESENTATION('',(#2392),#2396);
#2392 = LINE('',#2393,#2394);
#2393 = CARTESIAN_POINT('',(0.,1.6));
#2394 = VECTOR('',#2395,1.);
#2395 = DIRECTION('',(1.,0.));
#2396 = ( GEOMETRIC_REPRESENTATION_CONTEXT(2) 
PARAMETRIC_REPRESENTATION_CONTEXT() REPRESENTATION_CONTEXT('2D SPACE',''
  ) );
#2397 = FACE_BOUND('',#2398,.T.);
#2398 = EDGE_LOOP('',(#2399));
#2399 = ORIENTED_EDGE('',*,*,#2400,.T.);
#2400 = EDGE_CURVE('',#2401,#2401,#2403,.T.);
#2401 = VERTEX_POINT('',#2402);
#2402 = CARTESIAN_POINT('',(12.996508987014,10.,2.3));
#2403 = SURFACE_CURVE('',#2404,(#2409,#2420),.PCURVE_S1.);
#2404 = CIRCLE('',#2405,2.496508987014);
#2405 = AXIS2_PLACEMENT_3D('',#2406,#2407,#2408);
#2406 = CARTESIAN_POINT('',(10.5,10.,2.3));
#2407 = DIRECTION('',(0.,0.,1.));
#2408 = DIRECTION('',(1.,0.,-0.));
#2409 = PCURVE('',#218,#2410);
#2410 = DEFINITIONAL_REPRESENTATION('',(#2411),#2419);
#2411 = ( BOUNDED_CURVE() B_SPLINE_CURVE(2,(#2412,#2413,#2414,#2415,
#2416,#2417,#2418),.UNSPECIFIED.,.T.,.F.) B_SPLINE_CURVE_WITH_KNOTS((1,2
    ,2,2,2,1),(-2.094395102393,0.,2.094395102393,4.188790204786,
6.28318530718,8.377580409573),.UNSPECIFIED.) CURVE() 
GEOMETRIC_REPRESENTATION_ITEM() RATIONAL_B_SPLINE_CURVE((1.,0.5,1.,0.5,
1.,0.5,1.)) REPRESENTATION_ITEM('') );
#2412 = CARTESIAN_POINT('',(-1.054238863775,8.154298970565));
#2413 = CARTESIAN_POINT('',(-1.054238863775,12.478379377626));
#2414 = CARTESIAN_POINT('',(2.690524616746,10.316339174095));
#2415 = CARTESIAN_POINT('',(6.435288097268,8.154298970565));
#2416 = CARTESIAN_POINT('',(2.690524616746,5.992258767034));
#2417 = CARTESIAN_POINT('',(-1.054238863775,3.830218563504));
#2418 = CARTESIAN_POINT('',(-1.054238863775,8.154298970565));
#2419 = ( GEOMETRIC_REPRESENTATION_CONTEXT(2) 
PARAMETRIC_REPRESENTATION_CONTEXT() REPRESENTATION_CONTEXT('2D SPACE',''
  ) );
#2420 = PCURVE('',#2421,#2426);
#2421 = CONICAL_SURFACE('',#2422,2.468580883129,1.745329251994E-02);
#2422 = AXIS2_PLACEMENT_3D('',#2423,#2424,#2425);
#2423 = CARTESIAN_POINT('',(10.5,10.,0.7));
#2424 = DIRECTION('',(0.,0.,1.));
#2425 = DIRECTION('',(1.,0.,-0.));
#2426 = DEFINITIONAL_REPRESENTATION('',(#2427),#2431);
#2427 = LINE('',#2428,#2429);
#2428 = CARTESIAN_POINT('',(0.,1.6));
#2429 = VECTOR('',#2430,1.);
#2430 = DIRECTION('',(1.,0.));
#2431 = ( GEOMETRIC_REPRESENTATION_CONTEXT(2) 
PARAMETRIC_REPRESENTATION_CONTEXT() REPRESENTATION_CONTEXT('2D SPACE',''
  ) );
#2432 = ADVANCED_FACE('',(#2433),#189,.T.);
#2433 = FACE_BOUND('',#2434,.T.);
#2434 = EDGE_LOOP('',(#2435,#2436,#2464,#2485));
#2435 = ORIENTED_EDGE('',*,*,#173,.F.);
#2436 = ORIENTED_EDGE('',*,*,#2437,.F.);
#2437 = EDGE_CURVE('',#2438,#145,#2440,.T.);
#2438 = VERTEX_POINT('',#2439);
#2439 = CARTESIAN_POINT('',(4.,10.,0.6));
#2440 = SURFACE_CURVE('',#2441,(#2445,#2452),.PCURVE_S1.);
#2441 = LINE('',#2442,#2443);
#2442 = CARTESIAN_POINT('',(4.,10.,0.6));
#2443 = VECTOR('',#2444,1.);
#2444 = DIRECTION('',(-1.110223024625E-16,-1.,0.));
#2445 = PCURVE('',#189,#2446);
#2446 = DEFINITIONAL_REPRESENTATION('',(#2447),#2451);
#2447 = LINE('',#2448,#2449);
#2448 = CARTESIAN_POINT('',(0.,-0.6));
#2449 = VECTOR('',#2450,1.);
#2450 = DIRECTION('',(1.,0.));
#2451 = ( GEOMETRIC_REPRESENTATION_CONTEXT(2) 
PARAMETRIC_REPRESENTATION_CONTEXT() REPRESENTATION_CONTEXT('2D SPACE',''
  ) );
#2452 = PCURVE('',#2453,#2458);
#2453 = CYLINDRICAL_SURFACE('',#2454,0.6);
#2454 = AXIS2_PLACEMENT_3D('',#2455,#2456,#2457);
#2455 = CARTESIAN_POINT('',(3.4,10.,0.6));
#2456 = DIRECTION('',(-1.110223024625E-16,-1.,0.));
#2457 = DIRECTION('',(1.,-1.110223024625E-16,0.));
#2458 = DEFINITIONAL_REPRESENTATION('',(#2459),#2463);
#2459 = LINE('',#2460,#2461);
#2460 = CARTESIAN_POINT('',(-0.,0.));
#2461 = VECTOR('',#2462,1.);
#2462 = DIRECTION('',(-0.,1.));
#2463 = ( GEOMETRIC_REPRESENTATION_CONTEXT(2) 
PARAMETRIC_REPRESENTATION_CONTEXT() REPRESENTATION_CONTEXT('2D SPACE',''
  ) );
#2464 = ORIENTED_EDGE('',*,*,#2465,.T.);
#2465 = EDGE_CURVE('',#2438,#2319,#2466,.T.);
#2466 = SURFACE_CURVE('',#2467,(#2471,#2478),.PCURVE_S1.);
#2467 = LINE('',#2468,#2469);
#2468 = CARTESIAN_POINT('',(4.,10.,0.6));
#2469 = VECTOR('',#2470,1.);
#2470 = DIRECTION('',(0.,0.,1.));
#2471 = PCURVE('',#189,#2472);
#2472 = DEFINITIONAL_REPRESENTATION('',(#2473),#2477);
#2473 = LINE('',#2474,#2475);
#2474 = CARTESIAN_POINT('',(0.,-0.6));
#2475 = VECTOR('',#2476,1.);
#2476 = DIRECTION('',(0.,-1.));
#2477 = ( GEOMETRIC_REPRESENTATION_CONTEXT(2) 
PARAMETRIC_REPRESENTATION_CONTEXT() REPRESENTATION_CONTEXT('2D SPACE',''
  ) );
#2478 = PCURVE('',#2301,#2479);
#2479 = DEFINITIONAL_REPRESENTATION('',(#2480),#2484);
#2480 = LINE('',#2481,#2482);
#2481 = CARTESIAN_POINT('',(3.14159265359,-0.6));
#2482 = VECTOR('',#2483,1.);
#2483 = DIRECTION('',(0.,-1.));
#2484 = ( GEOMETRIC_REPRESENTATION_CONTEXT(2) 
PARAMETRIC_REPRESENTATION_CONTEXT() REPRESENTATION_CONTEXT('2D SPACE',''
  ) );
#2485 = ORIENTED_EDGE('',*,*,#2344,.F.);
#2486 = ADVANCED_FACE('',(#2487),#161,.T.);
#2487 = FACE_BOUND('',#2488,.T.);
#2488 = EDGE_LOOP('',(#2489,#2511,#2512,#2539));
#2489 = ORIENTED_EDGE('',*,*,#2490,.F.);
#2490 = EDGE_CURVE('',#145,#2491,#2493,.T.);
#2491 = VERTEX_POINT('',#2492);
#2492 = CARTESIAN_POINT('',(3.4,-9.,-1.110223024625E-16));
#2493 = SURFACE_CURVE('',#2494,(#2499,#2505),.PCURVE_S1.);
#2494 = CIRCLE('',#2495,0.6);
#2495 = AXIS2_PLACEMENT_3D('',#2496,#2497,#2498);
#2496 = CARTESIAN_POINT('',(3.4,-9.,0.6));
#2497 = DIRECTION('',(1.110223024625E-16,1.,0.));
#2498 = DIRECTION('',(1.,-1.110223024625E-16,0.));
#2499 = PCURVE('',#161,#2500);
#2500 = DEFINITIONAL_REPRESENTATION('',(#2501),#2504);
#2501 = B_SPLINE_CURVE_WITH_KNOTS('',1,(#2502,#2503),.UNSPECIFIED.,.F.,
  .F.,(2,2),(0.,1.570796326795),.PIECEWISE_BEZIER_KNOTS.);
#2502 = CARTESIAN_POINT('',(0.,0.));
#2503 = CARTESIAN_POINT('',(0.,1.570796326795));
#2504 = ( GEOMETRIC_REPRESENTATION_CONTEXT(2) 
PARAMETRIC_REPRESENTATION_CONTEXT() REPRESENTATION_CONTEXT('2D SPACE',''
  ) );
#2505 = PCURVE('',#2453,#2506);
#2506 = DEFINITIONAL_REPRESENTATION('',(#2507),#2510);
#2507 = B_SPLINE_CURVE_WITH_KNOTS('',1,(#2508,#2509),.UNSPECIFIED.,.F.,
  .F.,(2,2),(0.,1.570796326795),.PIECEWISE_BEZIER_KNOTS.);
#2508 = CARTESIAN_POINT('',(0.,19.));
#2509 = CARTESIAN_POINT('',(-1.570796326795,19.));
#2510 = ( GEOMETRIC_REPRESENTATION_CONTEXT(2) 
PARAMETRIC_REPRESENTATION_CONTEXT() REPRESENTATION_CONTEXT('2D SPACE',''
  ) );
#2511 = ORIENTED_EDGE('',*,*,#144,.T.);
#2512 = ORIENTED_EDGE('',*,*,#2513,.T.);
#2513 = EDGE_CURVE('',#117,#2514,#2516,.T.);
#2514 = VERTEX_POINT('',#2515);
#2515 = CARTESIAN_POINT('',(-3.4,-9.,-1.110223024625E-16));
#2516 = SURFACE_CURVE('',#2517,(#2522,#2528),.PCURVE_S1.);
#2517 = CIRCLE('',#2518,0.6);
#2518 = AXIS2_PLACEMENT_3D('',#2519,#2520,#2521);
#2519 = CARTESIAN_POINT('',(-3.4,-9.,0.6));
#2520 = DIRECTION('',(-1.110223024625E-16,-1.,-0.));
#2521 = DIRECTION('',(-1.,1.110223024625E-16,0.));
#2522 = PCURVE('',#161,#2523);
#2523 = DEFINITIONAL_REPRESENTATION('',(#2524),#2527);
#2524 = B_SPLINE_CURVE_WITH_KNOTS('',1,(#2525,#2526),.UNSPECIFIED.,.F.,
  .F.,(2,2),(0.,1.570796326795),.PIECEWISE_BEZIER_KNOTS.);
#2525 = CARTESIAN_POINT('',(3.14159265359,0.));
#2526 = CARTESIAN_POINT('',(3.14159265359,1.570796326795));
#2527 = ( GEOMETRIC_REPRESENTATION_CONTEXT(2) 
PARAMETRIC_REPRESENTATION_CONTEXT() REPRESENTATION_CONTEXT('2D SPACE',''
  ) );
#2528 = PCURVE('',#2529,#2534);
#2529 = CYLINDRICAL_SURFACE('',#2530,0.6);
#2530 = AXIS2_PLACEMENT_3D('',#2531,#2532,#2533);
#2531 = CARTESIAN_POINT('',(-3.4,-9.,0.6));
#2532 = DIRECTION('',(1.110223024625E-16,1.,0.));
#2533 = DIRECTION('',(-1.,1.110223024625E-16,0.));
#2534 = DEFINITIONAL_REPRESENTATION('',(#2535),#2538);
#2535 = B_SPLINE_CURVE_WITH_KNOTS('',1,(#2536,#2537),.UNSPECIFIED.,.F.,
  .F.,(2,2),(0.,1.570796326795),.PIECEWISE_BEZIER_KNOTS.);
#2536 = CARTESIAN_POINT('',(0.,0.));
#2537 = CARTESIAN_POINT('',(-1.570796326795,0.));
#2538 = ( GEOMETRIC_REPRESENTATION_CONTEXT(2) 
PARAMETRIC_REPRESENTATION_CONTEXT() REPRESENTATION_CONTEXT('2D SPACE',''
  ) );
#2539 = ORIENTED_EDGE('',*,*,#2540,.F.);
#2540 = EDGE_CURVE('',#2491,#2514,#2541,.T.);
#2541 = SURFACE_CURVE('',#2542,(#2547,#2554),.PCURVE_S1.);
#2542 = CIRCLE('',#2543,3.4);
#2543 = AXIS2_PLACEMENT_3D('',#2544,#2545,#2546);
#2544 = CARTESIAN_POINT('',(-1.498801083244E-15,-9.,0.));
#2545 = DIRECTION('',(0.,0.,-1.));
#2546 = DIRECTION('',(1.,0.,0.));
#2547 = PCURVE('',#161,#2548);
#2548 = DEFINITIONAL_REPRESENTATION('',(#2549),#2553);
#2549 = LINE('',#2550,#2551);
#2550 = CARTESIAN_POINT('',(0.,1.570796326795));
#2551 = VECTOR('',#2552,1.);
#2552 = DIRECTION('',(1.,0.));
#2553 = ( GEOMETRIC_REPRESENTATION_CONTEXT(2) 
PARAMETRIC_REPRESENTATION_CONTEXT() REPRESENTATION_CONTEXT('2D SPACE',''
  ) );
#2554 = PCURVE('',#2555,#2560);
#2555 = PLANE('',#2556);
#2556 = AXIS2_PLACEMENT_3D('',#2557,#2558,#2559);
#2557 = CARTESIAN_POINT('',(-3.724619179388E-16,0.5,0.));
#2558 = DIRECTION('',(-0.,-0.,-1.));
#2559 = DIRECTION('',(-1.,0.,0.));
#2560 = DEFINITIONAL_REPRESENTATION('',(#2561),#2565);
#2561 = CIRCLE('',#2562,3.4);
#2562 = AXIS2_PLACEMENT_2D('',#2563,#2564);
#2563 = CARTESIAN_POINT('',(1.126339165305E-15,-9.5));
#2564 = DIRECTION('',(-1.,0.));
#2565 = ( GEOMETRIC_REPRESENTATION_CONTEXT(2) 
PARAMETRIC_REPRESENTATION_CONTEXT() REPRESENTATION_CONTEXT('2D SPACE',''
  ) );
#2566 = ADVANCED_FACE('',(#2567),#132,.T.);
#2567 = FACE_BOUND('',#2568,.T.);
#2568 = EDGE_LOOP('',(#2569,#2592,#2593,#2614));
#2569 = ORIENTED_EDGE('',*,*,#2570,.F.);
#2570 = EDGE_CURVE('',#117,#2571,#2573,.T.);
#2571 = VERTEX_POINT('',#2572);
#2572 = CARTESIAN_POINT('',(-4.,10.,0.6));
#2573 = SURFACE_CURVE('',#2574,(#2578,#2585),.PCURVE_S1.);
#2574 = LINE('',#2575,#2576);
#2575 = CARTESIAN_POINT('',(-4.,-9.,0.6));
#2576 = VECTOR('',#2577,1.);
#2577 = DIRECTION('',(1.110223024625E-16,1.,0.));
#2578 = PCURVE('',#132,#2579);
#2579 = DEFINITIONAL_REPRESENTATION('',(#2580),#2584);
#2580 = LINE('',#2581,#2582);
#2581 = CARTESIAN_POINT('',(0.,-0.6));
#2582 = VECTOR('',#2583,1.);
#2583 = DIRECTION('',(1.,0.));
#2584 = ( GEOMETRIC_REPRESENTATION_CONTEXT(2) 
PARAMETRIC_REPRESENTATION_CONTEXT() REPRESENTATION_CONTEXT('2D SPACE',''
  ) );
#2585 = PCURVE('',#2529,#2586);
#2586 = DEFINITIONAL_REPRESENTATION('',(#2587),#2591);
#2587 = LINE('',#2588,#2589);
#2588 = CARTESIAN_POINT('',(-0.,0.));
#2589 = VECTOR('',#2590,1.);
#2590 = DIRECTION('',(-0.,1.));
#2591 = ( GEOMETRIC_REPRESENTATION_CONTEXT(2) 
PARAMETRIC_REPRESENTATION_CONTEXT() REPRESENTATION_CONTEXT('2D SPACE',''
  ) );
#2592 = ORIENTED_EDGE('',*,*,#116,.T.);
#2593 = ORIENTED_EDGE('',*,*,#2594,.T.);
#2594 = EDGE_CURVE('',#84,#2595,#2597,.T.);
#2595 = VERTEX_POINT('',#2596);
#2596 = CARTESIAN_POINT('',(-4.,10.,2.2));
#2597 = SURFACE_CURVE('',#2598,(#2602,#2608),.PCURVE_S1.);
#2598 = LINE('',#2599,#2600);
#2599 = CARTESIAN_POINT('',(-4.,-19.5,2.2));
#2600 = VECTOR('',#2601,1.);
#2601 = DIRECTION('',(1.110223024625E-16,1.,-0.));
#2602 = PCURVE('',#132,#2603);
#2603 = DEFINITIONAL_REPRESENTATION('',(#2604),#2607);
#2604 = B_SPLINE_CURVE_WITH_KNOTS('',1,(#2605,#2606),.UNSPECIFIED.,.F.,
  .F.,(2,2),(10.5,29.5),.PIECEWISE_BEZIER_KNOTS.);
#2605 = CARTESIAN_POINT('',(0.,-2.2));
#2606 = CARTESIAN_POINT('',(19.,-2.2));
#2607 = ( GEOMETRIC_REPRESENTATION_CONTEXT(2) 
PARAMETRIC_REPRESENTATION_CONTEXT() REPRESENTATION_CONTEXT('2D SPACE',''
  ) );
#2608 = PCURVE('',#100,#2609);
#2609 = DEFINITIONAL_REPRESENTATION('',(#2610),#2613);
#2610 = B_SPLINE_CURVE_WITH_KNOTS('',1,(#2611,#2612),.UNSPECIFIED.,.F.,
  .F.,(2,2),(10.5,29.5),.PIECEWISE_BEZIER_KNOTS.);
#2611 = CARTESIAN_POINT('',(6.,21.));
#2612 = CARTESIAN_POINT('',(6.,40.));
#2613 = ( GEOMETRIC_REPRESENTATION_CONTEXT(2) 
PARAMETRIC_REPRESENTATION_CONTEXT() REPRESENTATION_CONTEXT('2D SPACE',''
  ) );
#2614 = ORIENTED_EDGE('',*,*,#2615,.F.);
#2615 = EDGE_CURVE('',#2571,#2595,#2616,.T.);
#2616 = SURFACE_CURVE('',#2617,(#2621,#2628),.PCURVE_S1.);
#2617 = LINE('',#2618,#2619);
#2618 = CARTESIAN_POINT('',(-4.,10.,0.));
#2619 = VECTOR('',#2620,1.);
#2620 = DIRECTION('',(0.,0.,1.));
#2621 = PCURVE('',#132,#2622);
#2622 = DEFINITIONAL_REPRESENTATION('',(#2623),#2627);
#2623 = LINE('',#2624,#2625);
#2624 = CARTESIAN_POINT('',(19.,0.));
#2625 = VECTOR('',#2626,1.);
#2626 = DIRECTION('',(0.,-1.));
#2627 = ( GEOMETRIC_REPRESENTATION_CONTEXT(2) 
PARAMETRIC_REPRESENTATION_CONTEXT() REPRESENTATION_CONTEXT('2D SPACE',''
  ) );
#2628 = PCURVE('',#2301,#2629);
#2629 = DEFINITIONAL_REPRESENTATION('',(#2630),#2634);
#2630 = LINE('',#2631,#2632);
#2631 = CARTESIAN_POINT('',(0.,0.));
#2632 = VECTOR('',#2633,1.);
#2633 = DIRECTION('',(0.,-1.));
#2634 = ( GEOMETRIC_REPRESENTATION_CONTEXT(2) 
PARAMETRIC_REPRESENTATION_CONTEXT() REPRESENTATION_CONTEXT('2D SPACE',''
  ) );
#2635 = ADVANCED_FACE('',(#2636,#2689,#2724),#100,.T.);
#2636 = FACE_BOUND('',#2637,.T.);
#2637 = EDGE_LOOP('',(#2638,#2639,#2640,#2663));
#2638 = ORIENTED_EDGE('',*,*,#2594,.F.);
#2639 = ORIENTED_EDGE('',*,*,#83,.F.);
#2640 = ORIENTED_EDGE('',*,*,#2641,.T.);
#2641 = EDGE_CURVE('',#58,#2642,#2644,.T.);
#2642 = VERTEX_POINT('',#2643);
#2643 = CARTESIAN_POINT('',(0.,14.,2.2));
#2644 = SURFACE_CURVE('',#2645,(#2649,#2656),.PCURVE_S1.);
#2645 = LINE('',#2646,#2647);
#2646 = CARTESIAN_POINT('',(0.,-30.,2.2));
#2647 = VECTOR('',#2648,1.);
#2648 = DIRECTION('',(0.,1.,0.));
#2649 = PCURVE('',#100,#2650);
#2650 = DEFINITIONAL_REPRESENTATION('',(#2651),#2655);
#2651 = LINE('',#2652,#2653);
#2652 = CARTESIAN_POINT('',(10.,0.));
#2653 = VECTOR('',#2654,1.);
#2654 = DIRECTION('',(0.,1.));
#2655 = ( GEOMETRIC_REPRESENTATION_CONTEXT(2) 
PARAMETRIC_REPRESENTATION_CONTEXT() REPRESENTATION_CONTEXT('2D SPACE',''
  ) );
#2656 = PCURVE('',#72,#2657);
#2657 = DEFINITIONAL_REPRESENTATION('',(#2658),#2662);
#2658 = LINE('',#2659,#2660);
#2659 = CARTESIAN_POINT('',(0.,0.));
#2660 = VECTOR('',#2661,1.);
#2661 = DIRECTION('',(0.,-1.));
#2662 = ( GEOMETRIC_REPRESENTATION_CONTEXT(2) 
PARAMETRIC_REPRESENTATION_CONTEXT() REPRESENTATION_CONTEXT('2D SPACE',''
  ) );
#2663 = ORIENTED_EDGE('',*,*,#2664,.F.);
#2664 = EDGE_CURVE('',#2595,#2642,#2665,.T.);
#2665 = SURFACE_CURVE('',#2666,(#2671,#2682),.PCURVE_S1.);
#2666 = CIRCLE('',#2667,4.);
#2667 = AXIS2_PLACEMENT_3D('',#2668,#2669,#2670);
#2668 = CARTESIAN_POINT('',(1.498801083244E-15,10.,2.2));
#2669 = DIRECTION('',(0.,0.,-1.));
#2670 = DIRECTION('',(-1.,1.110223024625E-16,0.));
#2671 = PCURVE('',#100,#2672);
#2672 = DEFINITIONAL_REPRESENTATION('',(#2673),#2681);
#2673 = ( BOUNDED_CURVE() B_SPLINE_CURVE(2,(#2674,#2675,#2676,#2677,
#2678,#2679,#2680),.UNSPECIFIED.,.T.,.F.) B_SPLINE_CURVE_WITH_KNOTS((1,2
    ,2,2,2,1),(-2.094395102393,0.,2.094395102393,4.188790204786,
6.28318530718,8.377580409573),.UNSPECIFIED.) CURVE() 
GEOMETRIC_REPRESENTATION_ITEM() RATIONAL_B_SPLINE_CURVE((1.,0.5,1.,0.5,
1.,0.5,1.)) REPRESENTATION_ITEM('') );
#2674 = CARTESIAN_POINT('',(6.,40.));
#2675 = CARTESIAN_POINT('',(6.,46.928203230276));
#2676 = CARTESIAN_POINT('',(12.,43.464101615138));
#2677 = CARTESIAN_POINT('',(18.,40.));
#2678 = CARTESIAN_POINT('',(12.,36.535898384862));
#2679 = CARTESIAN_POINT('',(6.,33.071796769724));
#2680 = CARTESIAN_POINT('',(6.,40.));
#2681 = ( GEOMETRIC_REPRESENTATION_CONTEXT(2) 
PARAMETRIC_REPRESENTATION_CONTEXT() REPRESENTATION_CONTEXT('2D SPACE',''
  ) );
#2682 = PCURVE('',#2301,#2683);
#2683 = DEFINITIONAL_REPRESENTATION('',(#2684),#2688);
#2684 = LINE('',#2685,#2686);
#2685 = CARTESIAN_POINT('',(0.,-2.2));
#2686 = VECTOR('',#2687,1.);
#2687 = DIRECTION('',(1.,0.));
#2688 = ( GEOMETRIC_REPRESENTATION_CONTEXT(2) 
PARAMETRIC_REPRESENTATION_CONTEXT() REPRESENTATION_CONTEXT('2D SPACE',''
  ) );
#2689 = FACE_BOUND('',#2690,.T.);
#2690 = EDGE_LOOP('',(#2691));
#2691 = ORIENTED_EDGE('',*,*,#2692,.T.);
#2692 = EDGE_CURVE('',#2693,#2693,#2695,.T.);
#2693 = VERTEX_POINT('',#2694);
#2694 = CARTESIAN_POINT('',(-0.975,-6.,2.2));
#2695 = SURFACE_CURVE('',#2696,(#2701,#2712),.PCURVE_S1.);
#2696 = CIRCLE('',#2697,1.025);
#2697 = AXIS2_PLACEMENT_3D('',#2698,#2699,#2700);
#2698 = CARTESIAN_POINT('',(-2.,-6.,2.2));
#2699 = DIRECTION('',(0.,0.,-1.));
#2700 = DIRECTION('',(1.,0.,0.));
#2701 = PCURVE('',#100,#2702);
#2702 = DEFINITIONAL_REPRESENTATION('',(#2703),#2711);
#2703 = ( BOUNDED_CURVE() B_SPLINE_CURVE(2,(#2704,#2705,#2706,#2707,
#2708,#2709,#2710),.UNSPECIFIED.,.T.,.F.) B_SPLINE_CURVE_WITH_KNOTS((1,2
    ,2,2,2,1),(-2.094395102393,0.,2.094395102393,4.188790204786,
6.28318530718,8.377580409573),.UNSPECIFIED.) CURVE() 
GEOMETRIC_REPRESENTATION_ITEM() RATIONAL_B_SPLINE_CURVE((1.,0.5,1.,0.5,
1.,0.5,1.)) REPRESENTATION_ITEM('') );
#2704 = CARTESIAN_POINT('',(9.025,24.));
#2705 = CARTESIAN_POINT('',(9.025,22.224647922242));
#2706 = CARTESIAN_POINT('',(7.4875,23.112323961121));
#2707 = CARTESIAN_POINT('',(5.95,24.));
#2708 = CARTESIAN_POINT('',(7.4875,24.887676038879));
#2709 = CARTESIAN_POINT('',(9.025,25.775352077758));
#2710 = CARTESIAN_POINT('',(9.025,24.));
#2711 = ( GEOMETRIC_REPRESENTATION_CONTEXT(2) 
PARAMETRIC_REPRESENTATION_CONTEXT() REPRESENTATION_CONTEXT('2D SPACE',''
  ) );
#2712 = PCURVE('',#2713,#2718);
#2713 = CONICAL_SURFACE('',#2714,1.025,8.726646259972E-03);
#2714 = AXIS2_PLACEMENT_3D('',#2715,#2716,#2717);
#2715 = CARTESIAN_POINT('',(-2.,-6.,2.2));
#2716 = DIRECTION('',(-0.,-0.,-1.));
#2717 = DIRECTION('',(1.,0.,0.));
#2718 = DEFINITIONAL_REPRESENTATION('',(#2719),#2723);
#2719 = LINE('',#2720,#2721);
#2720 = CARTESIAN_POINT('',(-6.28318530718,-0.));
#2721 = VECTOR('',#2722,1.);
#2722 = DIRECTION('',(1.,-0.));
#2723 = ( GEOMETRIC_REPRESENTATION_CONTEXT(2) 
PARAMETRIC_REPRESENTATION_CONTEXT() REPRESENTATION_CONTEXT('2D SPACE',''
  ) );
#2724 = FACE_BOUND('',#2725,.T.);
#2725 = EDGE_LOOP('',(#2726));
#2726 = ORIENTED_EDGE('',*,*,#2727,.T.);
#2727 = EDGE_CURVE('',#2728,#2728,#2730,.T.);
#2728 = VERTEX_POINT('',#2729);
#2729 = CARTESIAN_POINT('',(-0.975,6.,2.2));
#2730 = SURFACE_CURVE('',#2731,(#2736,#2747),.PCURVE_S1.);
#2731 = CIRCLE('',#2732,1.025);
#2732 = AXIS2_PLACEMENT_3D('',#2733,#2734,#2735);
#2733 = CARTESIAN_POINT('',(-2.,6.,2.2));
#2734 = DIRECTION('',(0.,0.,-1.));
#2735 = DIRECTION('',(1.,0.,0.));
#2736 = PCURVE('',#100,#2737);
#2737 = DEFINITIONAL_REPRESENTATION('',(#2738),#2746);
#2738 = ( BOUNDED_CURVE() B_SPLINE_CURVE(2,(#2739,#2740,#2741,#2742,
#2743,#2744,#2745),.UNSPECIFIED.,.T.,.F.) B_SPLINE_CURVE_WITH_KNOTS((1,2
    ,2,2,2,1),(-2.094395102393,0.,2.094395102393,4.188790204786,
6.28318530718,8.377580409573),.UNSPECIFIED.) CURVE() 
GEOMETRIC_REPRESENTATION_ITEM() RATIONAL_B_SPLINE_CURVE((1.,0.5,1.,0.5,
1.,0.5,1.)) REPRESENTATION_ITEM('') );
#2739 = CARTESIAN_POINT('',(9.025,36.));
#2740 = CARTESIAN_POINT('',(9.025,34.224647922242));
#2741 = CARTESIAN_POINT('',(7.4875,35.112323961121));
#2742 = CARTESIAN_POINT('',(5.95,36.));
#2743 = CARTESIAN_POINT('',(7.4875,36.887676038879));
#2744 = CARTESIAN_POINT('',(9.025,37.775352077758));
#2745 = CARTESIAN_POINT('',(9.025,36.));
#2746 = ( GEOMETRIC_REPRESENTATION_CONTEXT(2) 
PARAMETRIC_REPRESENTATION_CONTEXT() REPRESENTATION_CONTEXT('2D SPACE',''
  ) );
#2747 = PCURVE('',#2748,#2753);
#2748 = CONICAL_SURFACE('',#2749,1.025,8.726646259972E-03);
#2749 = AXIS2_PLACEMENT_3D('',#2750,#2751,#2752);
#2750 = CARTESIAN_POINT('',(-2.,6.,2.2));
#2751 = DIRECTION('',(-0.,-0.,-1.));
#2752 = DIRECTION('',(1.,0.,0.));
#2753 = DEFINITIONAL_REPRESENTATION('',(#2754),#2758);
#2754 = LINE('',#2755,#2756);
#2755 = CARTESIAN_POINT('',(-6.28318530718,-0.));
#2756 = VECTOR('',#2757,1.);
#2757 = DIRECTION('',(1.,-0.));
#2758 = ( GEOMETRIC_REPRESENTATION_CONTEXT(2) 
PARAMETRIC_REPRESENTATION_CONTEXT() REPRESENTATION_CONTEXT('2D SPACE',''
  ) );
#2759 = ADVANCED_FACE('',(#2760),#72,.F.);
#2760 = FACE_BOUND('',#2761,.F.);
#2761 = EDGE_LOOP('',(#2762,#2763,#2764,#2785,#3105,#3131,#3157,#3183,
    #3209,#3235,#3261,#3287,#3313,#3339,#3365,#3386,#3407,#3426));
#2762 = ORIENTED_EDGE('',*,*,#57,.T.);
#2763 = ORIENTED_EDGE('',*,*,#2641,.T.);
#2764 = ORIENTED_EDGE('',*,*,#2765,.F.);
#2765 = EDGE_CURVE('',#2766,#2642,#2768,.T.);
#2766 = VERTEX_POINT('',#2767);
#2767 = CARTESIAN_POINT('',(3.656933037144E-16,14.,3.));
#2768 = SURFACE_CURVE('',#2769,(#2773,#2779),.PCURVE_S1.);
#2769 = LINE('',#2770,#2771);
#2770 = CARTESIAN_POINT('',(0.,14.,0.));
#2771 = VECTOR('',#2772,1.);
#2772 = DIRECTION('',(0.,0.,-1.));
#2773 = PCURVE('',#72,#2774);
#2774 = DEFINITIONAL_REPRESENTATION('',(#2775),#2778);
#2775 = B_SPLINE_CURVE_WITH_KNOTS('',1,(#2776,#2777),.UNSPECIFIED.,.F.,
  .F.,(2,2),(-3.0000006,-1.42),.PIECEWISE_BEZIER_KNOTS.);
#2776 = CARTESIAN_POINT('',(0.8000006,-44.));
#2777 = CARTESIAN_POINT('',(-0.78,-44.));
#2778 = ( GEOMETRIC_REPRESENTATION_CONTEXT(2) 
PARAMETRIC_REPRESENTATION_CONTEXT() REPRESENTATION_CONTEXT('2D SPACE',''
  ) );
#2779 = PCURVE('',#2301,#2780);
#2780 = DEFINITIONAL_REPRESENTATION('',(#2781),#2784);
#2781 = B_SPLINE_CURVE_WITH_KNOTS('',1,(#2782,#2783),.UNSPECIFIED.,.F.,
  .F.,(2,2),(-3.0000006,-1.42),.PIECEWISE_BEZIER_KNOTS.);
#2782 = CARTESIAN_POINT('',(1.570796326795,-3.0000006));
#2783 = CARTESIAN_POINT('',(1.570796326795,-1.42));
#2784 = ( GEOMETRIC_REPRESENTATION_CONTEXT(2) 
PARAMETRIC_REPRESENTATION_CONTEXT() REPRESENTATION_CONTEXT('2D SPACE',''
  ) );
#2785 = ORIENTED_EDGE('',*,*,#2786,.T.);
#2786 = EDGE_CURVE('',#2766,#2787,#2789,.T.);
#2787 = VERTEX_POINT('',#2788);
#2788 = CARTESIAN_POINT('',(4.406877377904E-17,12.,5.));
#2789 = SURFACE_CURVE('',#2790,(#2893,#2999),.PCURVE_S1.);
#2790 = B_SPLINE_CURVE_WITH_KNOTS('',6,(#2791,#2792,#2793,#2794,#2795,
    #2796,#2797,#2798,#2799,#2800,#2801,#2802,#2803,#2804,#2805,#2806,
    #2807,#2808,#2809,#2810,#2811,#2812,#2813,#2814,#2815,#2816,#2817,
    #2818,#2819,#2820,#2821,#2822,#2823,#2824,#2825,#2826,#2827,#2828,
    #2829,#2830,#2831,#2832,#2833,#2834,#2835,#2836,#2837,#2838,#2839,
    #2840,#2841,#2842,#2843,#2844,#2845,#2846,#2847,#2848,#2849,#2850,
    #2851,#2852,#2853,#2854,#2855,#2856,#2857,#2858,#2859,#2860,#2861,
    #2862,#2863,#2864,#2865,#2866,#2867,#2868,#2869,#2870,#2871,#2872,
    #2873,#2874,#2875,#2876,#2877,#2878,#2879,#2880,#2881,#2882,#2883,
    #2884,#2885,#2886,#2887,#2888,#2889,#2890,#2891,#2892),
  .UNSPECIFIED.,.F.,.F.,(7,5,5,5,5,5,5,5,5,5,5,5,5,5,5,5,5,5,5,5,7),(0.,
    2.600100168428E-02,4.800184927986E-02,7.700296651854E-02,
    0.104004006722,0.130005008407,0.150005778953,0.171006588024,
    0.199007666746,0.22600870695,0.253009747154,0.30301167249,
    0.329012674174,0.350013483246,0.368014176741,0.406015640532,
    0.43801687331,0.467017990549,0.559021512818,0.58702259154,1.),
  .UNSPECIFIED.);
#2791 = CARTESIAN_POINT('',(0.,14.,3.));
#2792 = CARTESIAN_POINT('',(0.,14.,3.013613568145));
#2793 = CARTESIAN_POINT('',(0.,13.999888802456,3.027227136377));
#2794 = CARTESIAN_POINT('',(0.,13.999666407371,3.04083956915));
#2795 = CARTESIAN_POINT('',(0.,13.9993328302,3.05444973123));
#2796 = CARTESIAN_POINT('',(0.,13.998888101851,3.068056487699));
#2797 = CARTESIAN_POINT('',(0.,13.997861948314,3.093168271568));
#2798 = CARTESIAN_POINT('',(0.,13.99731207952,3.104674588597));
#2799 = CARTESIAN_POINT('',(0.,13.996682690392,3.116176967706));
#2800 = CARTESIAN_POINT('',(0.,13.995973816926,3.127674722019));
#2801 = CARTESIAN_POINT('',(0.,13.99518550303,3.139167165121));
#2802 = CARTESIAN_POINT('',(0.,13.993174010853,3.165794835218));
#2803 = CARTESIAN_POINT('',(0.,13.991892275251,3.180925638901));
#2804 = CARTESIAN_POINT('',(0.,13.99047271242,3.19604445079));
#2805 = CARTESIAN_POINT('',(0.,13.988915464869,3.211149701919));
#2806 = CARTESIAN_POINT('',(0.,13.987220698918,3.226239825663));
#2807 = CARTESIAN_POINT('',(0.,13.983682861789,3.255347142792));
#2808 = CARTESIAN_POINT('',(0.,13.981858079248,3.269366559323));
#2809 = CARTESIAN_POINT('',(0.,13.979914410508,3.283370244932));
#2810 = CARTESIAN_POINT('',(0.,13.977852026805,3.297356939763));
#2811 = CARTESIAN_POINT('',(0.,13.975671117167,3.311325386503));
#2812 = CARTESIAN_POINT('',(0.,13.971157816285,3.338706646728));
#2813 = CARTESIAN_POINT('',(0.,13.968834027086,3.352120878301));
#2814 = CARTESIAN_POINT('',(0.,13.966400705504,3.365515904678));
#2815 = CARTESIAN_POINT('',(0.,13.963858051419,3.378890608255));
#2816 = CARTESIAN_POINT('',(0.,13.961206279908,3.392243874252));
#2817 = CARTESIAN_POINT('',(0.,13.956322037654,3.415828988001));
#2818 = CARTESIAN_POINT('',(0.,13.95413402378,3.426070042443));
#2819 = CARTESIAN_POINT('',(0.,13.95188168443,3.436297247952));
#2820 = CARTESIAN_POINT('',(0.,13.949565129689,3.44651009962));
#2821 = CARTESIAN_POINT('',(0.,13.947184474928,3.456708093722));
#2822 = CARTESIAN_POINT('',(0.,13.942172974957,3.4775824934));
#2823 = CARTESIAN_POINT('',(0.,13.939535571848,3.488257324618));
#2824 = CARTESIAN_POINT('',(0.,13.936827771141,3.498914639602));
#2825 = CARTESIAN_POINT('',(0.,13.934049718873,3.509553858227));
#2826 = CARTESIAN_POINT('',(0.,13.931201567457,3.520174402009));
#2827 = CARTESIAN_POINT('',(0.,13.92439268663,3.544910750211));
#2828 = CARTESIAN_POINT('',(0.,13.920377559106,3.559011581273));
#2829 = CARTESIAN_POINT('',(0.,13.916238469505,3.573076819836));
#2830 = CARTESIAN_POINT('',(0.,13.911975814151,3.587105104403));
#2831 = CARTESIAN_POINT('',(0.,13.907590009287,3.601095079434));
#2832 = CARTESIAN_POINT('',(0.,13.898733991366,3.628497485692));
#2833 = CARTESIAN_POINT('',(0.,13.894272386956,3.641912699342));
#2834 = CARTESIAN_POINT('',(0.,13.889697068922,3.655289826228));
#2835 = CARTESIAN_POINT('',(0.,13.885008445325,3.668627662168));
#2836 = CARTESIAN_POINT('',(0.,13.880206941207,3.681925008874));
#2837 = CARTESIAN_POINT('',(0.,13.870379055982,3.708436339011));
#2838 = CARTESIAN_POINT('',(0.,13.865352674802,3.721650322643));
#2839 = CARTESIAN_POINT('',(0.,13.860214297085,3.734821432439));
#2840 = CARTESIAN_POINT('',(0.,13.854964381581,3.747948482603));
#2841 = CARTESIAN_POINT('',(0.,13.849603403757,3.761030293944));
#2842 = CARTESIAN_POINT('',(0.,13.833999359773,3.798205322907));
#2843 = CARTESIAN_POINT('',(0.,13.823487678404,3.822185793192));
#2844 = CARTESIAN_POINT('',(0.,13.812599938958,3.845999654601));
#2845 = CARTESIAN_POINT('',(0.,13.801339460269,3.869639546419));
#2846 = CARTESIAN_POINT('',(0.,13.789709752745,3.893098197342));
#2847 = CARTESIAN_POINT('',(0.,13.771476996356,3.928468944348));
#2848 = CARTESIAN_POINT('',(0.,13.765140635569,3.940518514337));
#2849 = CARTESIAN_POINT('',(0.,13.758705956289,3.952516126105));
#2850 = CARTESIAN_POINT('',(0.,13.752173492401,3.964460777674));
#2851 = CARTESIAN_POINT('',(0.,13.745543791379,3.976351474427));
#2852 = CARTESIAN_POINT('',(0.,13.733384571247,3.997746877127));
#2853 = CARTESIAN_POINT('',(0.,13.7278886599,4.007270682835));
#2854 = CARTESIAN_POINT('',(0.,13.72232997586,4.016758126068));
#2855 = CARTESIAN_POINT('',(0.,13.716708820408,4.026208690005));
#2856 = CARTESIAN_POINT('',(0.,13.711025500488,4.03562186117));
#2857 = CARTESIAN_POINT('',(0.,13.700355895753,4.053033073659));
#2858 = CARTESIAN_POINT('',(0.,13.695386020596,4.061041170885));
#2859 = CARTESIAN_POINT('',(0.,13.690370900093,4.069021099871));
#2860 = CARTESIAN_POINT('',(0.,13.685310734102,4.076972541277));
#2861 = CARTESIAN_POINT('',(0.,13.680205725479,4.084895177658));
#2862 = CARTESIAN_POINT('',(0.,13.664184606545,4.10945278229));
#2863 = CARTESIAN_POINT('',(0.,13.653114195917,4.125987087384));
#2864 = CARTESIAN_POINT('',(0.,13.641846785665,4.142388638985));
#2865 = CARTESIAN_POINT('',(0.,13.63038437115,4.158654507611));
#2866 = CARTESIAN_POINT('',(0.,13.618729005621,4.174781804062));
#2867 = CARTESIAN_POINT('',(0.,13.596907048276,4.204229469237));
#2868 = CARTESIAN_POINT('',(0.,13.586795963505,4.217590972058));
#2869 = CARTESIAN_POINT('',(0.,13.576550806503,4.230850486787));
#2870 = CARTESIAN_POINT('',(0.,13.566172865816,4.244006334155));
#2871 = CARTESIAN_POINT('',(0.,13.555663457947,4.257056856717));
#2872 = CARTESIAN_POINT('',(0.,13.535381852746,4.281730522061));
#2873 = CARTESIAN_POINT('',(0.,13.525632909541,4.293372780115));
#2874 = CARTESIAN_POINT('',(0.,13.51577809837,4.304925975707));
#2875 = CARTESIAN_POINT('',(0.,13.505818437994,4.316388907129));
#2876 = CARTESIAN_POINT('',(0.,13.495754965303,4.327760388283));
#2877 = CARTESIAN_POINT('',(0.,13.453337254822,4.374820452379));
#2878 = CARTESIAN_POINT('',(0.,13.420051568614,4.409669538063));
#2879 = CARTESIAN_POINT('',(0.,13.385765431747,4.443549062307));
#2880 = CARTESIAN_POINT('',(0.,13.350514277725,4.476423330122));
#2881 = CARTESIAN_POINT('',(0.,13.314335218498,4.508258394954));
#2882 = CARTESIAN_POINT('',(0.,13.26598542357,4.548384915116));
#2883 = CARTESIAN_POINT('',(0.,13.25462144259,4.557648533305));
#2884 = CARTESIAN_POINT('',(0.,13.243176192933,4.566812007474));
#2885 = CARTESIAN_POINT('',(0.,13.231650778931,4.575874448131));
#2886 = CARTESIAN_POINT('',(0.,13.220046317838,4.584834982066));
#2887 = CARTESIAN_POINT('',(0.,13.036064927967,4.724332684362));
#2888 = CARTESIAN_POINT('',(0.,12.846757401353,4.832664249714));
#2889 = CARTESIAN_POINT('',(0.,12.644182589155,4.915808826742));
#2890 = CARTESIAN_POINT('',(0.,12.432527129813,4.971947420927));
#2891 = CARTESIAN_POINT('',(0.,12.216226134688,5.));
#2892 = CARTESIAN_POINT('',(0.,12.,5.));
#2893 = PCURVE('',#72,#2894);
#2894 = DEFINITIONAL_REPRESENTATION('',(#2895),#2998);
#2895 = B_SPLINE_CURVE_WITH_KNOTS('',6,(#2896,#2897,#2898,#2899,#2900,
    #2901,#2902,#2903,#2904,#2905,#2906,#2907,#2908,#2909,#2910,#2911,
    #2912,#2913,#2914,#2915,#2916,#2917,#2918,#2919,#2920,#2921,#2922,
    #2923,#2924,#2925,#2926,#2927,#2928,#2929,#2930,#2931,#2932,#2933,
    #2934,#2935,#2936,#2937,#2938,#2939,#2940,#2941,#2942,#2943,#2944,
    #2945,#2946,#2947,#2948,#2949,#2950,#2951,#2952,#2953,#2954,#2955,
    #2956,#2957,#2958,#2959,#2960,#2961,#2962,#2963,#2964,#2965,#2966,
    #2967,#2968,#2969,#2970,#2971,#2972,#2973,#2974,#2975,#2976,#2977,
    #2978,#2979,#2980,#2981,#2982,#2983,#2984,#2985,#2986,#2987,#2988,
    #2989,#2990,#2991,#2992,#2993,#2994,#2995,#2996,#2997),
  .UNSPECIFIED.,.F.,.F.,(7,5,5,5,5,5,5,5,5,5,5,5,5,5,5,5,5,5,5,5,7),(0.,
    2.600100168428E-02,4.800184927986E-02,7.700296651854E-02,
    0.104004006722,0.130005008407,0.150005778953,0.171006588024,
    0.199007666746,0.22600870695,0.253009747154,0.30301167249,
    0.329012674174,0.350013483246,0.368014176741,0.406015640532,
    0.43801687331,0.467017990549,0.559021512818,0.58702259154,1.),
  .UNSPECIFIED.);
#2896 = CARTESIAN_POINT('',(0.8,-44.));
#2897 = CARTESIAN_POINT('',(0.813613568145,-44.));
#2898 = CARTESIAN_POINT('',(0.827227136377,-43.99988880245));
#2899 = CARTESIAN_POINT('',(0.84083956915,-43.99966640737));
#2900 = CARTESIAN_POINT('',(0.85444973123,-43.9993328302));
#2901 = CARTESIAN_POINT('',(0.868056487699,-43.99888810185));
#2902 = CARTESIAN_POINT('',(0.893168271568,-43.99786194831));
#2903 = CARTESIAN_POINT('',(0.904674588597,-43.99731207952));
#2904 = CARTESIAN_POINT('',(0.916176967706,-43.99668269039));
#2905 = CARTESIAN_POINT('',(0.927674722019,-43.99597381692));
#2906 = CARTESIAN_POINT('',(0.939167165121,-43.99518550303));
#2907 = CARTESIAN_POINT('',(0.965794835218,-43.99317401085));
#2908 = CARTESIAN_POINT('',(0.980925638901,-43.99189227525));
#2909 = CARTESIAN_POINT('',(0.99604445079,-43.99047271242));
#2910 = CARTESIAN_POINT('',(1.011149701919,-43.98891546486));
#2911 = CARTESIAN_POINT('',(1.026239825663,-43.98722069891));
#2912 = CARTESIAN_POINT('',(1.055347142792,-43.98368286178));
#2913 = CARTESIAN_POINT('',(1.069366559323,-43.98185807924));
#2914 = CARTESIAN_POINT('',(1.083370244932,-43.9799144105));
#2915 = CARTESIAN_POINT('',(1.097356939763,-43.9778520268));
#2916 = CARTESIAN_POINT('',(1.111325386503,-43.97567111716));
#2917 = CARTESIAN_POINT('',(1.138706646728,-43.97115781628));
#2918 = CARTESIAN_POINT('',(1.152120878301,-43.96883402708));
#2919 = CARTESIAN_POINT('',(1.165515904678,-43.9664007055));
#2920 = CARTESIAN_POINT('',(1.178890608255,-43.96385805141));
#2921 = CARTESIAN_POINT('',(1.192243874252,-43.9612062799));
#2922 = CARTESIAN_POINT('',(1.215828988001,-43.95632203765));
#2923 = CARTESIAN_POINT('',(1.226070042443,-43.95413402378));
#2924 = CARTESIAN_POINT('',(1.236297247952,-43.95188168443));
#2925 = CARTESIAN_POINT('',(1.24651009962,-43.94956512968));
#2926 = CARTESIAN_POINT('',(1.256708093722,-43.94718447492));
#2927 = CARTESIAN_POINT('',(1.2775824934,-43.94217297495));
#2928 = CARTESIAN_POINT('',(1.288257324618,-43.93953557184));
#2929 = CARTESIAN_POINT('',(1.298914639602,-43.93682777114));
#2930 = CARTESIAN_POINT('',(1.309553858227,-43.93404971887));
#2931 = CARTESIAN_POINT('',(1.320174402009,-43.93120156745));
#2932 = CARTESIAN_POINT('',(1.344910750211,-43.92439268663));
#2933 = CARTESIAN_POINT('',(1.359011581273,-43.9203775591));
#2934 = CARTESIAN_POINT('',(1.373076819836,-43.9162384695));
#2935 = CARTESIAN_POINT('',(1.387105104403,-43.91197581415));
#2936 = CARTESIAN_POINT('',(1.401095079434,-43.90759000928));
#2937 = CARTESIAN_POINT('',(1.428497485692,-43.89873399136));
#2938 = CARTESIAN_POINT('',(1.441912699342,-43.89427238695));
#2939 = CARTESIAN_POINT('',(1.455289826228,-43.88969706892));
#2940 = CARTESIAN_POINT('',(1.468627662168,-43.88500844532));
#2941 = CARTESIAN_POINT('',(1.481925008874,-43.8802069412));
#2942 = CARTESIAN_POINT('',(1.508436339011,-43.87037905598));
#2943 = CARTESIAN_POINT('',(1.521650322643,-43.8653526748));
#2944 = CARTESIAN_POINT('',(1.534821432439,-43.86021429708));
#2945 = CARTESIAN_POINT('',(1.547948482603,-43.85496438158));
#2946 = CARTESIAN_POINT('',(1.561030293944,-43.84960340375));
#2947 = CARTESIAN_POINT('',(1.598205322907,-43.83399935977));
#2948 = CARTESIAN_POINT('',(1.622185793192,-43.8234876784));
#2949 = CARTESIAN_POINT('',(1.645999654601,-43.81259993895));
#2950 = CARTESIAN_POINT('',(1.669639546419,-43.80133946026));
#2951 = CARTESIAN_POINT('',(1.693098197342,-43.78970975274));
#2952 = CARTESIAN_POINT('',(1.728468944348,-43.77147699635));
#2953 = CARTESIAN_POINT('',(1.740518514337,-43.76514063556));
#2954 = CARTESIAN_POINT('',(1.752516126105,-43.75870595628));
#2955 = CARTESIAN_POINT('',(1.764460777674,-43.7521734924));
#2956 = CARTESIAN_POINT('',(1.776351474427,-43.74554379137));
#2957 = CARTESIAN_POINT('',(1.797746877127,-43.73338457124));
#2958 = CARTESIAN_POINT('',(1.807270682835,-43.7278886599));
#2959 = CARTESIAN_POINT('',(1.816758126068,-43.72232997586));
#2960 = CARTESIAN_POINT('',(1.826208690005,-43.7167088204));
#2961 = CARTESIAN_POINT('',(1.83562186117,-43.71102550048));
#2962 = CARTESIAN_POINT('',(1.853033073659,-43.70035589575));
#2963 = CARTESIAN_POINT('',(1.861041170885,-43.69538602059));
#2964 = CARTESIAN_POINT('',(1.869021099871,-43.69037090009));
#2965 = CARTESIAN_POINT('',(1.876972541277,-43.6853107341));
#2966 = CARTESIAN_POINT('',(1.884895177658,-43.68020572547));
#2967 = CARTESIAN_POINT('',(1.90945278229,-43.66418460654));
#2968 = CARTESIAN_POINT('',(1.925987087384,-43.65311419591));
#2969 = CARTESIAN_POINT('',(1.942388638985,-43.64184678566));
#2970 = CARTESIAN_POINT('',(1.958654507611,-43.63038437115));
#2971 = CARTESIAN_POINT('',(1.974781804062,-43.61872900562));
#2972 = CARTESIAN_POINT('',(2.004229469237,-43.59690704827));
#2973 = CARTESIAN_POINT('',(2.017590972058,-43.5867959635));
#2974 = CARTESIAN_POINT('',(2.030850486787,-43.5765508065));
#2975 = CARTESIAN_POINT('',(2.044006334155,-43.56617286581));
#2976 = CARTESIAN_POINT('',(2.057056856717,-43.55566345794));
#2977 = CARTESIAN_POINT('',(2.081730522061,-43.53538185274));
#2978 = CARTESIAN_POINT('',(2.093372780115,-43.52563290954));
#2979 = CARTESIAN_POINT('',(2.104925975707,-43.51577809837));
#2980 = CARTESIAN_POINT('',(2.116388907129,-43.50581843799));
#2981 = CARTESIAN_POINT('',(2.127760388283,-43.4957549653));
#2982 = CARTESIAN_POINT('',(2.174820452379,-43.45333725482));
#2983 = CARTESIAN_POINT('',(2.209669538063,-43.42005156861));
#2984 = CARTESIAN_POINT('',(2.243549062307,-43.38576543174));
#2985 = CARTESIAN_POINT('',(2.276423330122,-43.35051427772));
#2986 = CARTESIAN_POINT('',(2.308258394954,-43.31433521849));
#2987 = CARTESIAN_POINT('',(2.348384915116,-43.26598542357));
#2988 = CARTESIAN_POINT('',(2.357648533305,-43.25462144259));
#2989 = CARTESIAN_POINT('',(2.366812007474,-43.24317619293));
#2990 = CARTESIAN_POINT('',(2.375874448131,-43.23165077893));
#2991 = CARTESIAN_POINT('',(2.384834982066,-43.22004631783));
#2992 = CARTESIAN_POINT('',(2.524332684362,-43.03606492796));
#2993 = CARTESIAN_POINT('',(2.632664249714,-42.84675740135));
#2994 = CARTESIAN_POINT('',(2.715808826742,-42.64418258915));
#2995 = CARTESIAN_POINT('',(2.771947420927,-42.43252712981));
#2996 = CARTESIAN_POINT('',(2.8,-42.21622613468));
#2997 = CARTESIAN_POINT('',(2.8,-42.));
#2998 = ( GEOMETRIC_REPRESENTATION_CONTEXT(2) 
PARAMETRIC_REPRESENTATION_CONTEXT() REPRESENTATION_CONTEXT('2D SPACE',''
  ) );
#2999 = PCURVE('',#710,#3000);
#3000 = DEFINITIONAL_REPRESENTATION('',(#3001),#3104);
#3001 = B_SPLINE_CURVE_WITH_KNOTS('',6,(#3002,#3003,#3004,#3005,#3006,
    #3007,#3008,#3009,#3010,#3011,#3012,#3013,#3014,#3015,#3016,#3017,
    #3018,#3019,#3020,#3021,#3022,#3023,#3024,#3025,#3026,#3027,#3028,
    #3029,#3030,#3031,#3032,#3033,#3034,#3035,#3036,#3037,#3038,#3039,
    #3040,#3041,#3042,#3043,#3044,#3045,#3046,#3047,#3048,#3049,#3050,
    #3051,#3052,#3053,#3054,#3055,#3056,#3057,#3058,#3059,#3060,#3061,
    #3062,#3063,#3064,#3065,#3066,#3067,#3068,#3069,#3070,#3071,#3072,
    #3073,#3074,#3075,#3076,#3077,#3078,#3079,#3080,#3081,#3082,#3083,
    #3084,#3085,#3086,#3087,#3088,#3089,#3090,#3091,#3092,#3093,#3094,
    #3095,#3096,#3097,#3098,#3099,#3100,#3101,#3102,#3103),
  .UNSPECIFIED.,.F.,.F.,(7,5,5,5,5,5,5,5,5,5,5,5,5,5,5,5,5,5,5,5,7),(0.,
    2.600100168428E-02,4.800184927986E-02,7.700296651854E-02,
    0.104004006722,0.130005008407,0.150005778953,0.171006588024,
    0.199007666746,0.22600870695,0.253009747154,0.30301167249,
    0.329012674174,0.350013483246,0.368014176741,0.406015640532,
    0.43801687331,0.467017990549,0.559021512818,0.58702259154,1.),
  .UNSPECIFIED.);
#3002 = CARTESIAN_POINT('',(-1.570796326795,0.));
#3003 = CARTESIAN_POINT('',(-1.570796326795,6.806784072256E-03));
#3004 = CARTESIAN_POINT('',(-1.570796326795,1.361356815714E-02));
#3005 = CARTESIAN_POINT('',(-1.570796326795,2.042035224833E-02));
#3006 = CARTESIAN_POINT('',(-1.570796326795,2.722713633953E-02));
#3007 = CARTESIAN_POINT('',(-1.570796326795,3.403392042441E-02));
#3008 = CARTESIAN_POINT('',(-1.570796326795,4.660029102368E-02));
#3009 = CARTESIAN_POINT('',(-1.570796326795,5.235987755618E-02));
#3010 = CARTESIAN_POINT('',(-1.570796326795,5.811946409141E-02));
#3011 = CARTESIAN_POINT('',(-1.570796326795,6.387905062664E-02));
#3012 = CARTESIAN_POINT('',(-1.570796326795,6.963863715914E-02));
#3013 = CARTESIAN_POINT('',(-1.570796326795,8.299040591417E-02));
#3014 = CARTESIAN_POINT('',(-1.570796326795,9.058258816398E-02));
#3015 = CARTESIAN_POINT('',(-1.570796326795,9.817477042468E-02));
#3016 = CARTESIAN_POINT('',(-1.570796326795,0.105766952685));
#3017 = CARTESIAN_POINT('',(-1.570796326795,0.113359134935));
#3018 = CARTESIAN_POINT('',(-1.570796326795,0.128019900621));
#3019 = CARTESIAN_POINT('',(-1.570796326795,0.135088484094));
#3020 = CARTESIAN_POINT('',(-1.570796326795,0.142157067575));
#3021 = CARTESIAN_POINT('',(-1.570796326795,0.149225651056));
#3022 = CARTESIAN_POINT('',(-1.570796326795,0.156294234529));
#3023 = CARTESIAN_POINT('',(-1.570796326795,0.170169602059));
#3024 = CARTESIAN_POINT('',(-1.570796326795,0.176976386144));
#3025 = CARTESIAN_POINT('',(-1.570796326795,0.183783170235));
#3026 = CARTESIAN_POINT('',(-1.570796326795,0.190589954326));
#3027 = CARTESIAN_POINT('',(-1.570796326795,0.197396738411));
#3028 = CARTESIAN_POINT('',(-1.570796326795,0.209439510236));
#3029 = CARTESIAN_POINT('',(-1.570796326795,0.214675497993));
#3030 = CARTESIAN_POINT('',(-1.570796326795,0.219911485751));
#3031 = CARTESIAN_POINT('',(-1.570796326795,0.22514747351));
#3032 = CARTESIAN_POINT('',(-1.570796326795,0.230383461266));
#3033 = CARTESIAN_POINT('',(-1.570796326795,0.241117236159));
#3034 = CARTESIAN_POINT('',(-1.570796326795,0.246615023304));
#3035 = CARTESIAN_POINT('',(-1.570796326795,0.252112810451));
#3036 = CARTESIAN_POINT('',(-1.570796326795,0.257610597597));
#3037 = CARTESIAN_POINT('',(-1.570796326795,0.263108384742));
#3038 = CARTESIAN_POINT('',(-1.570796326795,0.275936554725));
#3039 = CARTESIAN_POINT('',(-1.570796326795,0.283266937586));
#3040 = CARTESIAN_POINT('',(-1.570796326795,0.290597320457));
#3041 = CARTESIAN_POINT('',(-1.570796326795,0.297927703328));
#3042 = CARTESIAN_POINT('',(-1.570796326795,0.305258086189));
#3043 = CARTESIAN_POINT('',(-1.570796326795,0.31965705249));
#3044 = CARTESIAN_POINT('',(-1.570796326795,0.326725635963));
#3045 = CARTESIAN_POINT('',(-1.570796326795,0.333794219444));
#3046 = CARTESIAN_POINT('',(-1.570796326795,0.340862802925));
#3047 = CARTESIAN_POINT('',(-1.570796326795,0.347931386398));
#3048 = CARTESIAN_POINT('',(-1.570796326795,0.362068553314));
#3049 = CARTESIAN_POINT('',(-1.570796326795,0.369137136787));
#3050 = CARTESIAN_POINT('',(-1.570796326795,0.376205720267));
#3051 = CARTESIAN_POINT('',(-1.570796326795,0.383274303748));
#3052 = CARTESIAN_POINT('',(-1.570796326795,0.390342887221));
#3053 = CARTESIAN_POINT('',(-1.570796326795,0.410501439792));
#3054 = CARTESIAN_POINT('',(-1.570796326795,0.423591409238));
#3055 = CARTESIAN_POINT('',(-1.570796326795,0.436681378849));
#3056 = CARTESIAN_POINT('',(-1.570796326795,0.44977134846));
#3057 = CARTESIAN_POINT('',(-1.570796326795,0.462861317906));
#3058 = CARTESIAN_POINT('',(-1.570796326795,0.482758071091));
#3059 = CARTESIAN_POINT('',(-1.570796326795,0.489564855176));
#3060 = CARTESIAN_POINT('',(-1.570796326795,0.496371639267));
#3061 = CARTESIAN_POINT('',(-1.570796326795,0.503178423358));
#3062 = CARTESIAN_POINT('',(-1.570796326795,0.509985207443));
#3063 = CARTESIAN_POINT('',(-1.570796326795,0.522289778656));
#3064 = CARTESIAN_POINT('',(-1.570796326795,0.5277875658));
#3065 = CARTESIAN_POINT('',(-1.570796326795,0.533285352947));
#3066 = CARTESIAN_POINT('',(-1.570796326795,0.538783140094));
#3067 = CARTESIAN_POINT('',(-1.570796326795,0.544280927238));
#3068 = CARTESIAN_POINT('',(-1.570796326795,0.554491103357));
#3069 = CARTESIAN_POINT('',(-1.570796326795,0.559203492338));
#3070 = CARTESIAN_POINT('',(-1.570796326795,0.563915881319));
#3071 = CARTESIAN_POINT('',(-1.570796326795,0.568628270301));
#3072 = CARTESIAN_POINT('',(-1.570796326795,0.573340659282));
#3073 = CARTESIAN_POINT('',(-1.570796326795,0.588001424927));
#3074 = CARTESIAN_POINT('',(-1.570796326795,0.597949801677));
#3075 = CARTESIAN_POINT('',(-1.570796326795,0.60789817847));
#3076 = CARTESIAN_POINT('',(-1.570796326795,0.617846555262));
#3077 = CARTESIAN_POINT('',(-1.570796326795,0.627794932013));
#3078 = CARTESIAN_POINT('',(-1.570796326795,0.646120889059));
#3079 = CARTESIAN_POINT('',(-1.570796326795,0.654498469474));
#3080 = CARTESIAN_POINT('',(-1.570796326795,0.662876049907));
#3081 = CARTESIAN_POINT('',(-1.570796326795,0.671253630341));
#3082 = CARTESIAN_POINT('',(-1.570796326795,0.679631210756));
#3083 = CARTESIAN_POINT('',(-1.570796326795,0.695600973364));
#3084 = CARTESIAN_POINT('',(-1.570796326795,0.703193155614));
#3085 = CARTESIAN_POINT('',(-1.570796326795,0.710785337875));
#3086 = CARTESIAN_POINT('',(-1.570796326795,0.718377520135));
#3087 = CARTESIAN_POINT('',(-1.570796326795,0.725969702385));
#3088 = CARTESIAN_POINT('',(-1.570796326795,0.757647422454));
#3089 = CARTESIAN_POINT('',(-1.570796326795,0.781732967299));
#3090 = CARTESIAN_POINT('',(-1.570796326795,0.805818515646));
#3091 = CARTESIAN_POINT('',(-1.570796326795,0.829904063992));
#3092 = CARTESIAN_POINT('',(-1.570796326795,0.853989608837));
#3093 = CARTESIAN_POINT('',(-1.570796326795,0.885405529521));
#3094 = CARTESIAN_POINT('',(-1.570796326795,0.892735912383));
#3095 = CARTESIAN_POINT('',(-1.570796326795,0.900066295253));
#3096 = CARTESIAN_POINT('',(-1.570796326795,0.907396678124));
#3097 = CARTESIAN_POINT('',(-1.570796326795,0.914727060985));
#3098 = CARTESIAN_POINT('',(-1.570796326795,1.030170511173));
#3099 = CARTESIAN_POINT('',(-1.570796326795,1.138320104703));
#3100 = CARTESIAN_POINT('',(-1.570796326795,1.246426885312));
#3101 = CARTESIAN_POINT('',(-1.570796326795,1.35453366592));
#3102 = CARTESIAN_POINT('',(-1.570796326795,1.462683259451));
#3103 = CARTESIAN_POINT('',(-1.570796326795,1.570796326795));
#3104 = ( GEOMETRIC_REPRESENTATION_CONTEXT(2) 
PARAMETRIC_REPRESENTATION_CONTEXT() REPRESENTATION_CONTEXT('2D SPACE',''
  ) );
#3105 = ORIENTED_EDGE('',*,*,#3106,.T.);
#3106 = EDGE_CURVE('',#2787,#3107,#3109,.T.);
#3107 = VERTEX_POINT('',#3108);
#3108 = CARTESIAN_POINT('',(0.,-2.7,5.));
#3109 = SURFACE_CURVE('',#3110,(#3114,#3120),.PCURVE_S1.);
#3110 = LINE('',#3111,#3112);
#3111 = CARTESIAN_POINT('',(0.,-14.75,5.));
#3112 = VECTOR('',#3113,1.);
#3113 = DIRECTION('',(0.,-1.,0.));
#3114 = PCURVE('',#72,#3115);
#3115 = DEFINITIONAL_REPRESENTATION('',(#3116),#3119);
#3116 = B_SPLINE_CURVE_WITH_KNOTS('',1,(#3117,#3118),.UNSPECIFIED.,.F.,
  .F.,(2,2),(-26.75,-12.05),.PIECEWISE_BEZIER_KNOTS.);
#3117 = CARTESIAN_POINT('',(2.8,-42.));
#3118 = CARTESIAN_POINT('',(2.8,-27.3));
#3119 = ( GEOMETRIC_REPRESENTATION_CONTEXT(2) 
PARAMETRIC_REPRESENTATION_CONTEXT() REPRESENTATION_CONTEXT('2D SPACE',''
  ) );
#3120 = PCURVE('',#3121,#3126);
#3121 = PLANE('',#3122);
#3122 = AXIS2_PLACEMENT_3D('',#3123,#3124,#3125);
#3123 = CARTESIAN_POINT('',(-3.724619179388E-16,0.5,5.));
#3124 = DIRECTION('',(-0.,-0.,-1.));
#3125 = DIRECTION('',(-1.,0.,0.));
#3126 = DEFINITIONAL_REPRESENTATION('',(#3127),#3130);
#3127 = B_SPLINE_CURVE_WITH_KNOTS('',1,(#3128,#3129),.UNSPECIFIED.,.F.,
  .F.,(2,2),(-26.75,-12.05),.PIECEWISE_BEZIER_KNOTS.);
#3128 = CARTESIAN_POINT('',(-3.724619179388E-16,11.5));
#3129 = CARTESIAN_POINT('',(-3.724619179388E-16,-3.2));
#3130 = ( GEOMETRIC_REPRESENTATION_CONTEXT(2) 
PARAMETRIC_REPRESENTATION_CONTEXT() REPRESENTATION_CONTEXT('2D SPACE',''
  ) );
#3131 = ORIENTED_EDGE('',*,*,#3132,.T.);
#3132 = EDGE_CURVE('',#3107,#3133,#3135,.T.);
#3133 = VERTEX_POINT('',#3134);
#3134 = CARTESIAN_POINT('',(0.,-2.7,4.5));
#3135 = SURFACE_CURVE('',#3136,(#3140,#3146),.PCURVE_S1.);
#3136 = LINE('',#3137,#3138);
#3137 = CARTESIAN_POINT('',(0.,-2.7,3.35));
#3138 = VECTOR('',#3139,1.);
#3139 = DIRECTION('',(0.,0.,-1.));
#3140 = PCURVE('',#72,#3141);
#3141 = DEFINITIONAL_REPRESENTATION('',(#3142),#3145);
#3142 = B_SPLINE_CURVE_WITH_KNOTS('',1,(#3143,#3144),.UNSPECIFIED.,.F.,
  .F.,(2,2),(-1.65,-1.15),.PIECEWISE_BEZIER_KNOTS.);
#3143 = CARTESIAN_POINT('',(2.8,-27.3));
#3144 = CARTESIAN_POINT('',(2.3,-27.3));
#3145 = ( GEOMETRIC_REPRESENTATION_CONTEXT(2) 
PARAMETRIC_REPRESENTATION_CONTEXT() REPRESENTATION_CONTEXT('2D SPACE',''
  ) );
#3146 = PCURVE('',#3147,#3152);
#3147 = PLANE('',#3148);
#3148 = AXIS2_PLACEMENT_3D('',#3149,#3150,#3151);
#3149 = CARTESIAN_POINT('',(-5.,-2.7,4.5));
#3150 = DIRECTION('',(0.,1.,0.));
#3151 = DIRECTION('',(0.,0.,1.));
#3152 = DEFINITIONAL_REPRESENTATION('',(#3153),#3156);
#3153 = B_SPLINE_CURVE_WITH_KNOTS('',1,(#3154,#3155),.UNSPECIFIED.,.F.,
  .F.,(2,2),(-1.65,-1.15),.PIECEWISE_BEZIER_KNOTS.);
#3154 = CARTESIAN_POINT('',(0.5,5.));
#3155 = CARTESIAN_POINT('',(-1.33226762955E-15,5.));
#3156 = ( GEOMETRIC_REPRESENTATION_CONTEXT(2) 
PARAMETRIC_REPRESENTATION_CONTEXT() REPRESENTATION_CONTEXT('2D SPACE',''
  ) );
#3157 = ORIENTED_EDGE('',*,*,#3158,.F.);
#3158 = EDGE_CURVE('',#3159,#3133,#3161,.T.);
#3159 = VERTEX_POINT('',#3160);
#3160 = CARTESIAN_POINT('',(0.,-3.3,4.5));
#3161 = SURFACE_CURVE('',#3162,(#3166,#3172),.PCURVE_S1.);
#3162 = LINE('',#3163,#3164);
#3163 = CARTESIAN_POINT('',(0.,-16.65,4.5));
#3164 = VECTOR('',#3165,1.);
#3165 = DIRECTION('',(0.,1.,0.));
#3166 = PCURVE('',#72,#3167);
#3167 = DEFINITIONAL_REPRESENTATION('',(#3168),#3171);
#3168 = B_SPLINE_CURVE_WITH_KNOTS('',1,(#3169,#3170),.UNSPECIFIED.,.F.,
  .F.,(2,2),(13.35,13.95),.PIECEWISE_BEZIER_KNOTS.);
#3169 = CARTESIAN_POINT('',(2.3,-26.7));
#3170 = CARTESIAN_POINT('',(2.3,-27.3));
#3171 = ( GEOMETRIC_REPRESENTATION_CONTEXT(2) 
PARAMETRIC_REPRESENTATION_CONTEXT() REPRESENTATION_CONTEXT('2D SPACE',''
  ) );
#3172 = PCURVE('',#3173,#3178);
#3173 = PLANE('',#3174);
#3174 = AXIS2_PLACEMENT_3D('',#3175,#3176,#3177);
#3175 = CARTESIAN_POINT('',(-5.,-3.3,4.5));
#3176 = DIRECTION('',(0.,0.,1.));
#3177 = DIRECTION('',(1.,0.,0.));
#3178 = DEFINITIONAL_REPRESENTATION('',(#3179),#3182);
#3179 = B_SPLINE_CURVE_WITH_KNOTS('',1,(#3180,#3181),.UNSPECIFIED.,.F.,
  .F.,(2,2),(13.35,13.95),.PIECEWISE_BEZIER_KNOTS.);
#3180 = CARTESIAN_POINT('',(5.,0.));
#3181 = CARTESIAN_POINT('',(5.,0.6));
#3182 = ( GEOMETRIC_REPRESENTATION_CONTEXT(2) 
PARAMETRIC_REPRESENTATION_CONTEXT() REPRESENTATION_CONTEXT('2D SPACE',''
  ) );
#3183 = ORIENTED_EDGE('',*,*,#3184,.F.);
#3184 = EDGE_CURVE('',#3185,#3159,#3187,.T.);
#3185 = VERTEX_POINT('',#3186);
#3186 = CARTESIAN_POINT('',(0.,-3.3,5.));
#3187 = SURFACE_CURVE('',#3188,(#3192,#3198),.PCURVE_S1.);
#3188 = LINE('',#3189,#3190);
#3189 = CARTESIAN_POINT('',(0.,-3.3,3.35));
#3190 = VECTOR('',#3191,1.);
#3191 = DIRECTION('',(0.,0.,-1.));
#3192 = PCURVE('',#72,#3193);
#3193 = DEFINITIONAL_REPRESENTATION('',(#3194),#3197);
#3194 = B_SPLINE_CURVE_WITH_KNOTS('',1,(#3195,#3196),.UNSPECIFIED.,.F.,
  .F.,(2,2),(-1.65,-1.15),.PIECEWISE_BEZIER_KNOTS.);
#3195 = CARTESIAN_POINT('',(2.8,-26.7));
#3196 = CARTESIAN_POINT('',(2.3,-26.7));
#3197 = ( GEOMETRIC_REPRESENTATION_CONTEXT(2) 
PARAMETRIC_REPRESENTATION_CONTEXT() REPRESENTATION_CONTEXT('2D SPACE',''
  ) );
#3198 = PCURVE('',#3199,#3204);
#3199 = PLANE('',#3200);
#3200 = AXIS2_PLACEMENT_3D('',#3201,#3202,#3203);
#3201 = CARTESIAN_POINT('',(-5.,-3.3,4.5));
#3202 = DIRECTION('',(0.,1.,0.));
#3203 = DIRECTION('',(0.,0.,1.));
#3204 = DEFINITIONAL_REPRESENTATION('',(#3205),#3208);
#3205 = B_SPLINE_CURVE_WITH_KNOTS('',1,(#3206,#3207),.UNSPECIFIED.,.F.,
  .F.,(2,2),(-1.65,-1.15),.PIECEWISE_BEZIER_KNOTS.);
#3206 = CARTESIAN_POINT('',(0.5,5.));
#3207 = CARTESIAN_POINT('',(-1.554312234475E-15,5.));
#3208 = ( GEOMETRIC_REPRESENTATION_CONTEXT(2) 
PARAMETRIC_REPRESENTATION_CONTEXT() REPRESENTATION_CONTEXT('2D SPACE',''
  ) );
#3209 = ORIENTED_EDGE('',*,*,#3210,.T.);
#3210 = EDGE_CURVE('',#3185,#3211,#3213,.T.);
#3211 = VERTEX_POINT('',#3212);
#3212 = CARTESIAN_POINT('',(0.,-5.7,5.));
#3213 = SURFACE_CURVE('',#3214,(#3218,#3224),.PCURVE_S1.);
#3214 = LINE('',#3215,#3216);
#3215 = CARTESIAN_POINT('',(0.,-14.75,5.));
#3216 = VECTOR('',#3217,1.);
#3217 = DIRECTION('',(0.,-1.,0.));
#3218 = PCURVE('',#72,#3219);
#3219 = DEFINITIONAL_REPRESENTATION('',(#3220),#3223);
#3220 = B_SPLINE_CURVE_WITH_KNOTS('',1,(#3221,#3222),.UNSPECIFIED.,.F.,
  .F.,(2,2),(-11.45,-9.05),.PIECEWISE_BEZIER_KNOTS.);
#3221 = CARTESIAN_POINT('',(2.8,-26.7));
#3222 = CARTESIAN_POINT('',(2.8,-24.3));
#3223 = ( GEOMETRIC_REPRESENTATION_CONTEXT(2) 
PARAMETRIC_REPRESENTATION_CONTEXT() REPRESENTATION_CONTEXT('2D SPACE',''
  ) );
#3224 = PCURVE('',#3225,#3230);
#3225 = PLANE('',#3226);
#3226 = AXIS2_PLACEMENT_3D('',#3227,#3228,#3229);
#3227 = CARTESIAN_POINT('',(-3.724619179388E-16,0.5,5.));
#3228 = DIRECTION('',(-0.,-0.,-1.));
#3229 = DIRECTION('',(-1.,0.,0.));
#3230 = DEFINITIONAL_REPRESENTATION('',(#3231),#3234);
#3231 = B_SPLINE_CURVE_WITH_KNOTS('',1,(#3232,#3233),.UNSPECIFIED.,.F.,
  .F.,(2,2),(-11.45,-9.05),.PIECEWISE_BEZIER_KNOTS.);
#3232 = CARTESIAN_POINT('',(-3.724619179388E-16,-3.8));
#3233 = CARTESIAN_POINT('',(-3.724619179388E-16,-6.2));
#3234 = ( GEOMETRIC_REPRESENTATION_CONTEXT(2) 
PARAMETRIC_REPRESENTATION_CONTEXT() REPRESENTATION_CONTEXT('2D SPACE',''
  ) );
#3235 = ORIENTED_EDGE('',*,*,#3236,.T.);
#3236 = EDGE_CURVE('',#3211,#3237,#3239,.T.);
#3237 = VERTEX_POINT('',#3238);
#3238 = CARTESIAN_POINT('',(0.,-5.7,4.5));
#3239 = SURFACE_CURVE('',#3240,(#3244,#3250),.PCURVE_S1.);
#3240 = LINE('',#3241,#3242);
#3241 = CARTESIAN_POINT('',(0.,-5.7,3.35));
#3242 = VECTOR('',#3243,1.);
#3243 = DIRECTION('',(0.,0.,-1.));
#3244 = PCURVE('',#72,#3245);
#3245 = DEFINITIONAL_REPRESENTATION('',(#3246),#3249);
#3246 = B_SPLINE_CURVE_WITH_KNOTS('',1,(#3247,#3248),.UNSPECIFIED.,.F.,
  .F.,(2,2),(-1.65,-1.15),.PIECEWISE_BEZIER_KNOTS.);
#3247 = CARTESIAN_POINT('',(2.8,-24.3));
#3248 = CARTESIAN_POINT('',(2.3,-24.3));
#3249 = ( GEOMETRIC_REPRESENTATION_CONTEXT(2) 
PARAMETRIC_REPRESENTATION_CONTEXT() REPRESENTATION_CONTEXT('2D SPACE',''
  ) );
#3250 = PCURVE('',#3251,#3256);
#3251 = PLANE('',#3252);
#3252 = AXIS2_PLACEMENT_3D('',#3253,#3254,#3255);
#3253 = CARTESIAN_POINT('',(-5.,-5.7,4.5));
#3254 = DIRECTION('',(0.,1.,0.));
#3255 = DIRECTION('',(0.,0.,1.));
#3256 = DEFINITIONAL_REPRESENTATION('',(#3257),#3260);
#3257 = B_SPLINE_CURVE_WITH_KNOTS('',1,(#3258,#3259),.UNSPECIFIED.,.F.,
  .F.,(2,2),(-1.65,-1.15),.PIECEWISE_BEZIER_KNOTS.);
#3258 = CARTESIAN_POINT('',(0.5,5.));
#3259 = CARTESIAN_POINT('',(0.,5.));
#3260 = ( GEOMETRIC_REPRESENTATION_CONTEXT(2) 
PARAMETRIC_REPRESENTATION_CONTEXT() REPRESENTATION_CONTEXT('2D SPACE',''
  ) );
#3261 = ORIENTED_EDGE('',*,*,#3262,.F.);
#3262 = EDGE_CURVE('',#3263,#3237,#3265,.T.);
#3263 = VERTEX_POINT('',#3264);
#3264 = CARTESIAN_POINT('',(0.,-6.3,4.5));
#3265 = SURFACE_CURVE('',#3266,(#3270,#3276),.PCURVE_S1.);
#3266 = LINE('',#3267,#3268);
#3267 = CARTESIAN_POINT('',(0.,-18.15,4.5));
#3268 = VECTOR('',#3269,1.);
#3269 = DIRECTION('',(0.,1.,0.));
#3270 = PCURVE('',#72,#3271);
#3271 = DEFINITIONAL_REPRESENTATION('',(#3272),#3275);
#3272 = B_SPLINE_CURVE_WITH_KNOTS('',1,(#3273,#3274),.UNSPECIFIED.,.F.,
  .F.,(2,2),(11.85,12.45),.PIECEWISE_BEZIER_KNOTS.);
#3273 = CARTESIAN_POINT('',(2.3,-23.7));
#3274 = CARTESIAN_POINT('',(2.3,-24.3));
#3275 = ( GEOMETRIC_REPRESENTATION_CONTEXT(2) 
PARAMETRIC_REPRESENTATION_CONTEXT() REPRESENTATION_CONTEXT('2D SPACE',''
  ) );
#3276 = PCURVE('',#3277,#3282);
#3277 = PLANE('',#3278);
#3278 = AXIS2_PLACEMENT_3D('',#3279,#3280,#3281);
#3279 = CARTESIAN_POINT('',(-5.,-6.3,4.5));
#3280 = DIRECTION('',(0.,0.,1.));
#3281 = DIRECTION('',(1.,0.,0.));
#3282 = DEFINITIONAL_REPRESENTATION('',(#3283),#3286);
#3283 = B_SPLINE_CURVE_WITH_KNOTS('',1,(#3284,#3285),.UNSPECIFIED.,.F.,
  .F.,(2,2),(11.85,12.45),.PIECEWISE_BEZIER_KNOTS.);
#3284 = CARTESIAN_POINT('',(5.,0.));
#3285 = CARTESIAN_POINT('',(5.,0.6));
#3286 = ( GEOMETRIC_REPRESENTATION_CONTEXT(2) 
PARAMETRIC_REPRESENTATION_CONTEXT() REPRESENTATION_CONTEXT('2D SPACE',''
  ) );
#3287 = ORIENTED_EDGE('',*,*,#3288,.F.);
#3288 = EDGE_CURVE('',#3289,#3263,#3291,.T.);
#3289 = VERTEX_POINT('',#3290);
#3290 = CARTESIAN_POINT('',(0.,-6.3,5.));
#3291 = SURFACE_CURVE('',#3292,(#3296,#3302),.PCURVE_S1.);
#3292 = LINE('',#3293,#3294);
#3293 = CARTESIAN_POINT('',(0.,-6.3,3.35));
#3294 = VECTOR('',#3295,1.);
#3295 = DIRECTION('',(0.,0.,-1.));
#3296 = PCURVE('',#72,#3297);
#3297 = DEFINITIONAL_REPRESENTATION('',(#3298),#3301);
#3298 = B_SPLINE_CURVE_WITH_KNOTS('',1,(#3299,#3300),.UNSPECIFIED.,.F.,
  .F.,(2,2),(-1.65,-1.15),.PIECEWISE_BEZIER_KNOTS.);
#3299 = CARTESIAN_POINT('',(2.8,-23.7));
#3300 = CARTESIAN_POINT('',(2.3,-23.7));
#3301 = ( GEOMETRIC_REPRESENTATION_CONTEXT(2) 
PARAMETRIC_REPRESENTATION_CONTEXT() REPRESENTATION_CONTEXT('2D SPACE',''
  ) );
#3302 = PCURVE('',#3303,#3308);
#3303 = PLANE('',#3304);
#3304 = AXIS2_PLACEMENT_3D('',#3305,#3306,#3307);
#3305 = CARTESIAN_POINT('',(-5.,-6.3,4.5));
#3306 = DIRECTION('',(0.,1.,0.));
#3307 = DIRECTION('',(0.,0.,1.));
#3308 = DEFINITIONAL_REPRESENTATION('',(#3309),#3312);
#3309 = B_SPLINE_CURVE_WITH_KNOTS('',1,(#3310,#3311),.UNSPECIFIED.,.F.,
  .F.,(2,2),(-1.65,-1.15),.PIECEWISE_BEZIER_KNOTS.);
#3310 = CARTESIAN_POINT('',(0.5,5.));
#3311 = CARTESIAN_POINT('',(0.,5.));
#3312 = ( GEOMETRIC_REPRESENTATION_CONTEXT(2) 
PARAMETRIC_REPRESENTATION_CONTEXT() REPRESENTATION_CONTEXT('2D SPACE',''
  ) );
#3313 = ORIENTED_EDGE('',*,*,#3314,.T.);
#3314 = EDGE_CURVE('',#3289,#3315,#3317,.T.);
#3315 = VERTEX_POINT('',#3316);
#3316 = CARTESIAN_POINT('',(0.,-8.7,5.));
#3317 = SURFACE_CURVE('',#3318,(#3322,#3328),.PCURVE_S1.);
#3318 = LINE('',#3319,#3320);
#3319 = CARTESIAN_POINT('',(0.,-14.75,5.));
#3320 = VECTOR('',#3321,1.);
#3321 = DIRECTION('',(0.,-1.,0.));
#3322 = PCURVE('',#72,#3323);
#3323 = DEFINITIONAL_REPRESENTATION('',(#3324),#3327);
#3324 = B_SPLINE_CURVE_WITH_KNOTS('',1,(#3325,#3326),.UNSPECIFIED.,.F.,
  .F.,(2,2),(-8.45,-6.05),.PIECEWISE_BEZIER_KNOTS.);
#3325 = CARTESIAN_POINT('',(2.8,-23.7));
#3326 = CARTESIAN_POINT('',(2.8,-21.3));
#3327 = ( GEOMETRIC_REPRESENTATION_CONTEXT(2) 
PARAMETRIC_REPRESENTATION_CONTEXT() REPRESENTATION_CONTEXT('2D SPACE',''
  ) );
#3328 = PCURVE('',#3329,#3334);
#3329 = PLANE('',#3330);
#3330 = AXIS2_PLACEMENT_3D('',#3331,#3332,#3333);
#3331 = CARTESIAN_POINT('',(-3.724619179388E-16,0.5,5.));
#3332 = DIRECTION('',(-0.,-0.,-1.));
#3333 = DIRECTION('',(-1.,0.,0.));
#3334 = DEFINITIONAL_REPRESENTATION('',(#3335),#3338);
#3335 = B_SPLINE_CURVE_WITH_KNOTS('',1,(#3336,#3337),.UNSPECIFIED.,.F.,
  .F.,(2,2),(-8.45,-6.05),.PIECEWISE_BEZIER_KNOTS.);
#3336 = CARTESIAN_POINT('',(-3.724619179388E-16,-6.8));
#3337 = CARTESIAN_POINT('',(-3.724619179388E-16,-9.2));
#3338 = ( GEOMETRIC_REPRESENTATION_CONTEXT(2) 
PARAMETRIC_REPRESENTATION_CONTEXT() REPRESENTATION_CONTEXT('2D SPACE',''
  ) );
#3339 = ORIENTED_EDGE('',*,*,#3340,.T.);
#3340 = EDGE_CURVE('',#3315,#3341,#3343,.T.);
#3341 = VERTEX_POINT('',#3342);
#3342 = CARTESIAN_POINT('',(0.,-8.7,4.5));
#3343 = SURFACE_CURVE('',#3344,(#3348,#3354),.PCURVE_S1.);
#3344 = LINE('',#3345,#3346);
#3345 = CARTESIAN_POINT('',(0.,-8.7,3.35));
#3346 = VECTOR('',#3347,1.);
#3347 = DIRECTION('',(0.,0.,-1.));
#3348 = PCURVE('',#72,#3349);
#3349 = DEFINITIONAL_REPRESENTATION('',(#3350),#3353);
#3350 = B_SPLINE_CURVE_WITH_KNOTS('',1,(#3351,#3352),.UNSPECIFIED.,.F.,
  .F.,(2,2),(-1.65,-1.15),.PIECEWISE_BEZIER_KNOTS.);
#3351 = CARTESIAN_POINT('',(2.8,-21.3));
#3352 = CARTESIAN_POINT('',(2.3,-21.3));
#3353 = ( GEOMETRIC_REPRESENTATION_CONTEXT(2) 
PARAMETRIC_REPRESENTATION_CONTEXT() REPRESENTATION_CONTEXT('2D SPACE',''
  ) );
#3354 = PCURVE('',#3355,#3360);
#3355 = PLANE('',#3356);
#3356 = AXIS2_PLACEMENT_3D('',#3357,#3358,#3359);
#3357 = CARTESIAN_POINT('',(-5.,-8.7,4.5));
#3358 = DIRECTION('',(0.,1.,0.));
#3359 = DIRECTION('',(0.,0.,1.));
#3360 = DEFINITIONAL_REPRESENTATION('',(#3361),#3364);
#3361 = B_SPLINE_CURVE_WITH_KNOTS('',1,(#3362,#3363),.UNSPECIFIED.,.F.,
  .F.,(2,2),(-1.65,-1.15),.PIECEWISE_BEZIER_KNOTS.);
#3362 = CARTESIAN_POINT('',(0.5,5.));
#3363 = CARTESIAN_POINT('',(0.,5.));
#3364 = ( GEOMETRIC_REPRESENTATION_CONTEXT(2) 
PARAMETRIC_REPRESENTATION_CONTEXT() REPRESENTATION_CONTEXT('2D SPACE',''
  ) );
#3365 = ORIENTED_EDGE('',*,*,#3366,.F.);
#3366 = EDGE_CURVE('',#3367,#3341,#3369,.T.);
#3367 = VERTEX_POINT('',#3368);
#3368 = CARTESIAN_POINT('',(0.,-9.3,4.5));
#3369 = SURFACE_CURVE('',#3370,(#3374,#3380),.PCURVE_S1.);
#3370 = LINE('',#3371,#3372);
#3371 = CARTESIAN_POINT('',(0.,-19.65,4.5));
#3372 = VECTOR('',#3373,1.);
#3373 = DIRECTION('',(0.,1.,0.));
#3374 = PCURVE('',#72,#3375);
#3375 = DEFINITIONAL_REPRESENTATION('',(#3376),#3379);
#3376 = B_SPLINE_CURVE_WITH_KNOTS('',1,(#3377,#3378),.UNSPECIFIED.,.F.,
  .F.,(2,2),(10.35,10.95),.PIECEWISE_BEZIER_KNOTS.);
#3377 = CARTESIAN_POINT('',(2.3,-20.7));
#3378 = CARTESIAN_POINT('',(2.3,-21.3));
#3379 = ( GEOMETRIC_REPRESENTATION_CONTEXT(2) 
PARAMETRIC_REPRESENTATION_CONTEXT() REPRESENTATION_CONTEXT('2D SPACE',''
  ) );
#3380 = PCURVE('',#303,#3381);
#3381 = DEFINITIONAL_REPRESENTATION('',(#3382),#3385);
#3382 = B_SPLINE_CURVE_WITH_KNOTS('',1,(#3383,#3384),.UNSPECIFIED.,.F.,
  .F.,(2,2),(10.35,10.95),.PIECEWISE_BEZIER_KNOTS.);
#3383 = CARTESIAN_POINT('',(5.,0.));
#3384 = CARTESIAN_POINT('',(5.,0.6));
#3385 = ( GEOMETRIC_REPRESENTATION_CONTEXT(2) 
PARAMETRIC_REPRESENTATION_CONTEXT() REPRESENTATION_CONTEXT('2D SPACE',''
  ) );
#3386 = ORIENTED_EDGE('',*,*,#3387,.F.);
#3387 = EDGE_CURVE('',#3388,#3367,#3390,.T.);
#3388 = VERTEX_POINT('',#3389);
#3389 = CARTESIAN_POINT('',(0.,-9.3,5.));
#3390 = SURFACE_CURVE('',#3391,(#3395,#3401),.PCURVE_S1.);
#3391 = LINE('',#3392,#3393);
#3392 = CARTESIAN_POINT('',(0.,-9.3,3.35));
#3393 = VECTOR('',#3394,1.);
#3394 = DIRECTION('',(0.,0.,-1.));
#3395 = PCURVE('',#72,#3396);
#3396 = DEFINITIONAL_REPRESENTATION('',(#3397),#3400);
#3397 = B_SPLINE_CURVE_WITH_KNOTS('',1,(#3398,#3399),.UNSPECIFIED.,.F.,
  .F.,(2,2),(-1.65,-1.15),.PIECEWISE_BEZIER_KNOTS.);
#3398 = CARTESIAN_POINT('',(2.8,-20.7));
#3399 = CARTESIAN_POINT('',(2.3,-20.7));
#3400 = ( GEOMETRIC_REPRESENTATION_CONTEXT(2) 
PARAMETRIC_REPRESENTATION_CONTEXT() REPRESENTATION_CONTEXT('2D SPACE',''
  ) );
#3401 = PCURVE('',#654,#3402);
#3402 = DEFINITIONAL_REPRESENTATION('',(#3403),#3406);
#3403 = B_SPLINE_CURVE_WITH_KNOTS('',1,(#3404,#3405),.UNSPECIFIED.,.F.,
  .F.,(2,2),(-1.65,-1.15),.PIECEWISE_BEZIER_KNOTS.);
#3404 = CARTESIAN_POINT('',(0.5,5.));
#3405 = CARTESIAN_POINT('',(0.,5.));
#3406 = ( GEOMETRIC_REPRESENTATION_CONTEXT(2) 
PARAMETRIC_REPRESENTATION_CONTEXT() REPRESENTATION_CONTEXT('2D SPACE',''
  ) );
#3407 = ORIENTED_EDGE('',*,*,#3408,.T.);
#3408 = EDGE_CURVE('',#3388,#376,#3409,.T.);
#3409 = SURFACE_CURVE('',#3410,(#3414,#3420),.PCURVE_S1.);
#3410 = LINE('',#3411,#3412);
#3411 = CARTESIAN_POINT('',(0.,-14.75,5.));
#3412 = VECTOR('',#3413,1.);
#3413 = DIRECTION('',(0.,-1.,0.));
#3414 = PCURVE('',#72,#3415);
#3415 = DEFINITIONAL_REPRESENTATION('',(#3416),#3419);
#3416 = B_SPLINE_CURVE_WITH_KNOTS('',1,(#3417,#3418),.UNSPECIFIED.,.F.,
  .F.,(2,2),(-5.45,-3.75),.PIECEWISE_BEZIER_KNOTS.);
#3417 = CARTESIAN_POINT('',(2.8,-20.7));
#3418 = CARTESIAN_POINT('',(2.8,-19.));
#3419 = ( GEOMETRIC_REPRESENTATION_CONTEXT(2) 
PARAMETRIC_REPRESENTATION_CONTEXT() REPRESENTATION_CONTEXT('2D SPACE',''
  ) );
#3420 = PCURVE('',#610,#3421);
#3421 = DEFINITIONAL_REPRESENTATION('',(#3422),#3425);
#3422 = B_SPLINE_CURVE_WITH_KNOTS('',1,(#3423,#3424),.UNSPECIFIED.,.F.,
  .F.,(2,2),(-5.45,-3.75),.PIECEWISE_BEZIER_KNOTS.);
#3423 = CARTESIAN_POINT('',(-3.724619179388E-16,-9.8));
#3424 = CARTESIAN_POINT('',(-3.724619179388E-16,-11.5));
#3425 = ( GEOMETRIC_REPRESENTATION_CONTEXT(2) 
PARAMETRIC_REPRESENTATION_CONTEXT() REPRESENTATION_CONTEXT('2D SPACE',''
  ) );
#3426 = ORIENTED_EDGE('',*,*,#375,.F.);
#3427 = ADVANCED_FACE('',(#3428),#333,.T.);
#3428 = FACE_BOUND('',#3429,.T.);
#3429 = EDGE_LOOP('',(#3430,#3557,#3579,#3602,#3630,#3651,#3679,#3702,
    #3730,#3751,#3779,#3802,#3830,#3849,#3850,#3851,#3925));
#3430 = ORIENTED_EDGE('',*,*,#3431,.T.);
#3431 = EDGE_CURVE('',#3432,#3434,#3436,.T.);
#3432 = VERTEX_POINT('',#3433);
#3433 = CARTESIAN_POINT('',(3.670329308849,8.156689100145,4.1));
#3434 = VERTEX_POINT('',#3435);
#3435 = CARTESIAN_POINT('',(3.877598826148,10.,3.688928623334));
#3436 = SURFACE_CURVE('',#3437,(#3475,#3516),.PCURVE_S1.);
#3437 = B_SPLINE_CURVE_WITH_KNOTS('',6,(#3438,#3439,#3440,#3441,#3442,
    #3443,#3444,#3445,#3446,#3447,#3448,#3449,#3450,#3451,#3452,#3453,
    #3454,#3455,#3456,#3457,#3458,#3459,#3460,#3461,#3462,#3463,#3464,
    #3465,#3466,#3467,#3468,#3469,#3470,#3471,#3472,#3473,#3474),
  .UNSPECIFIED.,.F.,.F.,(7,5,5,5,5,5,5,7),(0.,0.297409858653,
    0.586845676062,0.873863709899,0.966088028991,0.983165336364,
    0.991134664644,1.),.UNSPECIFIED.);
#3438 = CARTESIAN_POINT('',(3.670329308849,8.156689100145,4.1));
#3439 = CARTESIAN_POINT('',(3.670329308849,8.254805397478,4.1));
#3440 = CARTESIAN_POINT('',(3.671825395697,8.358100850689,4.097728345419
    ));
#3441 = CARTESIAN_POINT('',(3.674987597832,8.465788302897,4.092925969244
    ));
#3442 = CARTESIAN_POINT('',(3.679932393019,8.57670106765,4.085368751305)
  );
#3443 = CARTESIAN_POINT('',(3.686647656859,8.689267451659,4.074926465323
    ));
#3444 = CARTESIAN_POINT('',(3.703115828361,8.911295814467,4.048632738465
    ));
#3445 = CARTESIAN_POINT('',(3.712782454435,9.020759427539,4.032933755286
    ));
#3446 = CARTESIAN_POINT('',(3.723866309084,9.128619081314,4.014505165923
    ));
#3447 = CARTESIAN_POINT('',(3.73612560559,9.233182476909,3.993463577305)
  );
#3448 = CARTESIAN_POINT('',(3.749228819533,9.332908942654,3.97006674056)
  );
#3449 = CARTESIAN_POINT('',(3.776345915403,9.519530757368,3.919463054484
    ));
#3450 = CARTESIAN_POINT('',(3.790351087088,9.606526047061,3.892289768209
    ));
#3451 = CARTESIAN_POINT('',(3.804535677712,9.686435481591,3.863473996552
    ));
#3452 = CARTESIAN_POINT('',(3.818569027926,9.758429463848,3.833438124191
    ));
#3453 = CARTESIAN_POINT('',(3.832191648128,9.822152770769,3.802630065674
    ));
#3454 = CARTESIAN_POINT('',(3.849409700971,9.895417845203,3.76144703563)
  );
#3455 = CARTESIAN_POINT('',(3.853535704475,9.912380075067,3.751394928498
    ));
#3456 = CARTESIAN_POINT('',(3.857594614967,9.928488045138,3.741319402291
    ));
#3457 = CARTESIAN_POINT('',(3.86158125772,9.943745304571,3.731233729838)
  );
#3458 = CARTESIAN_POINT('',(3.865491286283,9.958158808907,3.721150675754
    ));
#3459 = CARTESIAN_POINT('',(3.870030369759,9.974253568431,3.70921815747)
  );
#3460 = CARTESIAN_POINT('',(3.870736809284,9.976739638084,3.707354327564
    ));
#3461 = CARTESIAN_POINT('',(3.871440478626,9.979197193242,3.705491084041
    ));
#3462 = CARTESIAN_POINT('',(3.872141356294,9.981626301498,3.703628503439
    ));
#3463 = CARTESIAN_POINT('',(3.872839421722,9.984027033832,3.70176666152)
  );
#3464 = CARTESIAN_POINT('',(3.873859094268,9.987506587605,3.699037162341
    ));
#3465 = CARTESIAN_POINT('',(3.874182915944,9.988607545194,3.698168870234
    ));
#3466 = CARTESIAN_POINT('',(3.874506118318,9.989702344988,3.697300764558
    ));
#3467 = CARTESIAN_POINT('',(3.874828699444,9.990790994751,3.696432852881
    ));
#3468 = CARTESIAN_POINT('',(3.875150657422,9.9918735024,3.695565142732)
  );
#3469 = CARTESIAN_POINT('',(3.875829451457,9.994147268385,3.693732605633
    ));
#3470 = CARTESIAN_POINT('',(3.87618618766,9.995337229226,3.692767696042)
  );
#3471 = CARTESIAN_POINT('',(3.876542105541,9.996519471524,3.69180317063)
  );
#3472 = CARTESIAN_POINT('',(3.876897178675,9.997693928087,3.690839104832
    ));
#3473 = CARTESIAN_POINT('',(3.877251447669,9.99886075154,3.689875391718)
  );
#3474 = CARTESIAN_POINT('',(3.877605020166,10.000020314321,
    3.688911741988));
#3475 = PCURVE('',#333,#3476);
#3476 = DEFINITIONAL_REPRESENTATION('',(#3477),#3515);
#3477 = B_SPLINE_CURVE_WITH_KNOTS('',6,(#3478,#3479,#3480,#3481,#3482,
    #3483,#3484,#3485,#3486,#3487,#3488,#3489,#3490,#3491,#3492,#3493,
    #3494,#3495,#3496,#3497,#3498,#3499,#3500,#3501,#3502,#3503,#3504,
    #3505,#3506,#3507,#3508,#3509,#3510,#3511,#3512,#3513,#3514),
  .UNSPECIFIED.,.F.,.F.,(7,5,5,5,5,5,5,7),(0.,0.297409858653,
    0.586845676062,0.873863709899,0.966088028991,0.983165336364,
    0.991134664644,1.),.UNSPECIFIED.);
#3478 = CARTESIAN_POINT('',(0.582364237869,1.843310899855));
#3479 = CARTESIAN_POINT('',(0.582364237869,1.745194602522));
#3480 = CARTESIAN_POINT('',(0.581004211307,1.641899149311));
#3481 = CARTESIAN_POINT('',(0.578129219559,1.534211697103));
#3482 = CARTESIAN_POINT('',(0.573613626996,1.42329893235));
#3483 = CARTESIAN_POINT('',(0.567406493613,1.310732548341));
#3484 = CARTESIAN_POINT('',(0.551893912069,1.088704185533));
#3485 = CARTESIAN_POINT('',(0.542675976157,0.979240572461));
#3486 = CARTESIAN_POINT('',(0.531924385695,0.871380918686));
#3487 = CARTESIAN_POINT('',(0.519750475955,0.766817523091));
#3488 = CARTESIAN_POINT('',(0.506344724808,0.667091057346));
#3489 = CARTESIAN_POINT('',(0.477639020093,0.480469242632));
#3490 = CARTESIAN_POINT('',(0.462355913391,0.393473952939));
#3491 = CARTESIAN_POINT('',(0.44630138614,0.313564518409));
#3492 = CARTESIAN_POINT('',(0.429730507819,0.241570536152));
#3493 = CARTESIAN_POINT('',(0.412891230315,0.177847229231));
#3494 = CARTESIAN_POINT('',(0.390572497671,0.104582154797));
#3495 = CARTESIAN_POINT('',(0.385139642452,8.761992493344E-02));
#3496 = CARTESIAN_POINT('',(0.379708631361,7.151195486236E-02));
#3497 = CARTESIAN_POINT('',(0.374286299566,5.625469542894E-02));
#3498 = CARTESIAN_POINT('',(0.3688790971,4.184119109251E-02));
#3499 = CARTESIAN_POINT('',(0.362495754101,2.574643156935E-02));
#3500 = CARTESIAN_POINT('',(0.361499145725,2.326036191612E-02));
#3501 = CARTESIAN_POINT('',(0.360503302054,2.080280675845E-02));
#3502 = CARTESIAN_POINT('',(0.359508260906,1.837369850212E-02));
#3503 = CARTESIAN_POINT('',(0.358514059586,1.597296616757E-02));
#3504 = CARTESIAN_POINT('',(0.35705718812,1.249341239471E-02));
#3505 = CARTESIAN_POINT('',(0.356593833128,1.139245480591E-02));
#3506 = CARTESIAN_POINT('',(0.356130673641,1.029765501207E-02));
#3507 = CARTESIAN_POINT('',(0.355667713366,9.209005249139E-03));
#3508 = CARTESIAN_POINT('',(0.355204955984,8.126497600421E-03));
#3509 = CARTESIAN_POINT('',(0.35422784883,5.852731615205E-03));
#3510 = CARTESIAN_POINT('',(0.353713477652,4.662770773518E-03));
#3511 = CARTESIAN_POINT('',(0.35319942848,3.480528475946E-03));
#3512 = CARTESIAN_POINT('',(0.352685741029,2.306071912735E-03));
#3513 = CARTESIAN_POINT('',(0.352172357866,1.139248459943E-03));
#3514 = CARTESIAN_POINT('',(0.351659124412,-2.031432056273E-05));
#3515 = ( GEOMETRIC_REPRESENTATION_CONTEXT(2) 
PARAMETRIC_REPRESENTATION_CONTEXT() REPRESENTATION_CONTEXT('2D SPACE',''
  ) );
#3516 = PCURVE('',#1319,#3517);
#3517 = DEFINITIONAL_REPRESENTATION('',(#3518),#3556);
#3518 = B_SPLINE_CURVE_WITH_KNOTS('',6,(#3519,#3520,#3521,#3522,#3523,
    #3524,#3525,#3526,#3527,#3528,#3529,#3530,#3531,#3532,#3533,#3534,
    #3535,#3536,#3537,#3538,#3539,#3540,#3541,#3542,#3543,#3544,#3545,
    #3546,#3547,#3548,#3549,#3550,#3551,#3552,#3553,#3554,#3555),
  .UNSPECIFIED.,.F.,.F.,(7,5,5,5,5,5,5,7),(0.,0.297409858653,
    0.586845676062,0.873863709899,0.966088028991,0.983165336364,
    0.991134664644,1.),.UNSPECIFIED.);
#3519 = CARTESIAN_POINT('',(90.099773855045,4.452071321934));
#3520 = CARTESIAN_POINT('',(86.179688958522,4.54857051504));
#3521 = CARTESIAN_POINT('',(82.259987530518,4.650081376123));
#3522 = CARTESIAN_POINT('',(78.340638191746,4.755808470662));
#3523 = CARTESIAN_POINT('',(74.421565122081,4.864595470376));
#3524 = CARTESIAN_POINT('',(70.502646401533,4.974915813781));
#3525 = CARTESIAN_POINT('',(62.76990002653,5.192411704337));
#3526 = CARTESIAN_POINT('',(58.956077517811,5.299591608149));
#3527 = CARTESIAN_POINT('',(55.14213203751,5.405182734608));
#3528 = CARTESIAN_POINT('',(51.327931158159,5.507578650896));
#3529 = CARTESIAN_POINT('',(47.513370279602,5.605331557451));
#3530 = CARTESIAN_POINT('',(39.915277483524,5.788561392509));
#3531 = CARTESIAN_POINT('',(36.131750931667,5.874133810459));
#3532 = CARTESIAN_POINT('',(32.347769213913,5.952961271764));
#3533 = CARTESIAN_POINT('',(28.563325578777,6.02427486287));
#3534 = CARTESIAN_POINT('',(24.778457157535,6.087747236324));
#3535 = CARTESIAN_POINT('',(19.776976269866,6.161249684533));
#3536 = CARTESIAN_POINT('',(18.56067715669,6.178314100066));
#3537 = CARTESIAN_POINT('',(17.344343273024,6.194568738613));
#3538 = CARTESIAN_POINT('',(16.127976768115,6.210016908555));
#3539 = CARTESIAN_POINT('',(14.911579879018,6.224665062098));
#3540 = CARTESIAN_POINT('',(13.469907805485,6.24108885128));
#3541 = CARTESIAN_POINT('',(13.244659717401,6.243627802259));
#3542 = CARTESIAN_POINT('',(13.019410680776,6.246139707653));
#3543 = CARTESIAN_POINT('',(12.794160710039,6.248624630035));
#3544 = CARTESIAN_POINT('',(12.568909819614,6.251082635099));
#3545 = CARTESIAN_POINT('',(12.238541598587,6.254648319732));
#3546 = CARTESIAN_POINT('',(12.133425173389,6.255776998787));
#3547 = CARTESIAN_POINT('',(12.02830874833,6.256899835866));
#3548 = CARTESIAN_POINT('',(11.923192323407,6.258016838155));
#3549 = CARTESIAN_POINT('',(11.818075898623,6.259128012981));
#3550 = CARTESIAN_POINT('',(11.596024605285,6.261462999835));
#3551 = CARTESIAN_POINT('',(11.479089505318,6.262685581018));
#3552 = CARTESIAN_POINT('',(11.362154165209,6.263900838727));
#3553 = CARTESIAN_POINT('',(11.24521858419,6.26510870893));
#3554 = CARTESIAN_POINT('',(11.128282769586,6.2663093362));
#3555 = CARTESIAN_POINT('',(11.011346736815,6.267503073716));
#3556 = ( GEOMETRIC_REPRESENTATION_CONTEXT(2) 
PARAMETRIC_REPRESENTATION_CONTEXT() REPRESENTATION_CONTEXT('2D SPACE',''
  ) );
#3557 = ORIENTED_EDGE('',*,*,#3558,.T.);
#3558 = EDGE_CURVE('',#3434,#3559,#3561,.T.);
#3559 = VERTEX_POINT('',#3560);
#3560 = CARTESIAN_POINT('',(2.,10.,5.));
#3561 = SURFACE_CURVE('',#3562,(#3567,#3573),.PCURVE_S1.);
#3562 = CIRCLE('',#3563,2.);
#3563 = AXIS2_PLACEMENT_3D('',#3564,#3565,#3566);
#3564 = CARTESIAN_POINT('',(2.,10.,3.));
#3565 = DIRECTION('',(1.224646799147E-16,-1.,-0.));
#3566 = DIRECTION('',(1.,1.224646799147E-16,0.));
#3567 = PCURVE('',#333,#3568);
#3568 = DEFINITIONAL_REPRESENTATION('',(#3569),#3572);
#3569 = B_SPLINE_CURVE_WITH_KNOTS('',1,(#3570,#3571),.UNSPECIFIED.,.F.,
  .F.,(2,2),(0.,1.570796326795),.PIECEWISE_BEZIER_KNOTS.);
#3570 = CARTESIAN_POINT('',(0.,0.));
#3571 = CARTESIAN_POINT('',(1.570796326795,0.));
#3572 = ( GEOMETRIC_REPRESENTATION_CONTEXT(2) 
PARAMETRIC_REPRESENTATION_CONTEXT() REPRESENTATION_CONTEXT('2D SPACE',''
  ) );
#3573 = PCURVE('',#710,#3574);
#3574 = DEFINITIONAL_REPRESENTATION('',(#3575),#3578);
#3575 = B_SPLINE_CURVE_WITH_KNOTS('',1,(#3576,#3577),.UNSPECIFIED.,.F.,
  .F.,(2,2),(0.,1.570796326795),.PIECEWISE_BEZIER_KNOTS.);
#3576 = CARTESIAN_POINT('',(-3.14159265359,0.));
#3577 = CARTESIAN_POINT('',(-3.14159265359,1.570796326795));
#3578 = ( GEOMETRIC_REPRESENTATION_CONTEXT(2) 
PARAMETRIC_REPRESENTATION_CONTEXT() REPRESENTATION_CONTEXT('2D SPACE',''
  ) );
#3579 = ORIENTED_EDGE('',*,*,#3580,.T.);
#3580 = EDGE_CURVE('',#3559,#3581,#3583,.T.);
#3581 = VERTEX_POINT('',#3582);
#3582 = CARTESIAN_POINT('',(2.,-2.7,5.));
#3583 = SURFACE_CURVE('',#3584,(#3588,#3595),.PCURVE_S1.);
#3584 = LINE('',#3585,#3586);
#3585 = CARTESIAN_POINT('',(2.,10.,5.));
#3586 = VECTOR('',#3587,1.);
#3587 = DIRECTION('',(-1.110223024625E-16,-1.,0.));
#3588 = PCURVE('',#333,#3589);
#3589 = DEFINITIONAL_REPRESENTATION('',(#3590),#3594);
#3590 = LINE('',#3591,#3592);
#3591 = CARTESIAN_POINT('',(1.570796326795,0.));
#3592 = VECTOR('',#3593,1.);
#3593 = DIRECTION('',(0.,1.));
#3594 = ( GEOMETRIC_REPRESENTATION_CONTEXT(2) 
PARAMETRIC_REPRESENTATION_CONTEXT() REPRESENTATION_CONTEXT('2D SPACE',''
  ) );
#3595 = PCURVE('',#3121,#3596);
#3596 = DEFINITIONAL_REPRESENTATION('',(#3597),#3601);
#3597 = LINE('',#3598,#3599);
#3598 = CARTESIAN_POINT('',(-2.,9.5));
#3599 = VECTOR('',#3600,1.);
#3600 = DIRECTION('',(1.110223024625E-16,-1.));
#3601 = ( GEOMETRIC_REPRESENTATION_CONTEXT(2) 
PARAMETRIC_REPRESENTATION_CONTEXT() REPRESENTATION_CONTEXT('2D SPACE',''
  ) );
#3602 = ORIENTED_EDGE('',*,*,#3603,.F.);
#3603 = EDGE_CURVE('',#3604,#3581,#3606,.T.);
#3604 = VERTEX_POINT('',#3605);
#3605 = CARTESIAN_POINT('',(3.322875655532,-2.7,4.5));
#3606 = SURFACE_CURVE('',#3607,(#3612,#3619),.PCURVE_S1.);
#3607 = CIRCLE('',#3608,2.);
#3608 = AXIS2_PLACEMENT_3D('',#3609,#3610,#3611);
#3609 = CARTESIAN_POINT('',(2.,-2.7,3.));
#3610 = DIRECTION('',(-1.110223024625E-16,-1.,0.));
#3611 = DIRECTION('',(1.,-1.110223024625E-16,0.));
#3612 = PCURVE('',#333,#3613);
#3613 = DEFINITIONAL_REPRESENTATION('',(#3614),#3618);
#3614 = LINE('',#3615,#3616);
#3615 = CARTESIAN_POINT('',(0.,12.7));
#3616 = VECTOR('',#3617,1.);
#3617 = DIRECTION('',(1.,0.));
#3618 = ( GEOMETRIC_REPRESENTATION_CONTEXT(2) 
PARAMETRIC_REPRESENTATION_CONTEXT() REPRESENTATION_CONTEXT('2D SPACE',''
  ) );
#3619 = PCURVE('',#3147,#3620);
#3620 = DEFINITIONAL_REPRESENTATION('',(#3621),#3629);
#3621 = ( BOUNDED_CURVE() B_SPLINE_CURVE(2,(#3622,#3623,#3624,#3625,
#3626,#3627,#3628),.UNSPECIFIED.,.T.,.F.) B_SPLINE_CURVE_WITH_KNOTS((1,2
    ,2,2,2,1),(-2.094395102393,0.,2.094395102393,4.188790204786,
6.28318530718,8.377580409573),.UNSPECIFIED.) CURVE() 
GEOMETRIC_REPRESENTATION_ITEM() RATIONAL_B_SPLINE_CURVE((1.,0.5,1.,0.5,
1.,0.5,1.)) REPRESENTATION_ITEM('') );
#3622 = CARTESIAN_POINT('',(-1.5,9.));
#3623 = CARTESIAN_POINT('',(1.964101615138,9.));
#3624 = CARTESIAN_POINT('',(0.232050807569,6.));
#3625 = CARTESIAN_POINT('',(-1.5,3.));
#3626 = CARTESIAN_POINT('',(-3.232050807569,6.));
#3627 = CARTESIAN_POINT('',(-4.964101615138,9.));
#3628 = CARTESIAN_POINT('',(-1.5,9.));
#3629 = ( GEOMETRIC_REPRESENTATION_CONTEXT(2) 
PARAMETRIC_REPRESENTATION_CONTEXT() REPRESENTATION_CONTEXT('2D SPACE',''
  ) );
#3630 = ORIENTED_EDGE('',*,*,#3631,.T.);
#3631 = EDGE_CURVE('',#3604,#3632,#3634,.T.);
#3632 = VERTEX_POINT('',#3633);
#3633 = CARTESIAN_POINT('',(3.322875655532,-3.3,4.5));
#3634 = SURFACE_CURVE('',#3635,(#3639,#3645),.PCURVE_S1.);
#3635 = LINE('',#3636,#3637);
#3636 = CARTESIAN_POINT('',(3.322875655532,10.,4.5));
#3637 = VECTOR('',#3638,1.);
#3638 = DIRECTION('',(-1.110223024625E-16,-1.,0.));
#3639 = PCURVE('',#333,#3640);
#3640 = DEFINITIONAL_REPRESENTATION('',(#3641),#3644);
#3641 = B_SPLINE_CURVE_WITH_KNOTS('',1,(#3642,#3643),.UNSPECIFIED.,.F.,
  .F.,(2,2),(12.64,13.36),.PIECEWISE_BEZIER_KNOTS.);
#3642 = CARTESIAN_POINT('',(0.848062078981,12.64));
#3643 = CARTESIAN_POINT('',(0.848062078981,13.36));
#3644 = ( GEOMETRIC_REPRESENTATION_CONTEXT(2) 
PARAMETRIC_REPRESENTATION_CONTEXT() REPRESENTATION_CONTEXT('2D SPACE',''
  ) );
#3645 = PCURVE('',#3173,#3646);
#3646 = DEFINITIONAL_REPRESENTATION('',(#3647),#3650);
#3647 = B_SPLINE_CURVE_WITH_KNOTS('',1,(#3648,#3649),.UNSPECIFIED.,.F.,
  .F.,(2,2),(12.64,13.36),.PIECEWISE_BEZIER_KNOTS.);
#3648 = CARTESIAN_POINT('',(8.322875655532,0.66));
#3649 = CARTESIAN_POINT('',(8.322875655532,-6.E-02));
#3650 = ( GEOMETRIC_REPRESENTATION_CONTEXT(2) 
PARAMETRIC_REPRESENTATION_CONTEXT() REPRESENTATION_CONTEXT('2D SPACE',''
  ) );
#3651 = ORIENTED_EDGE('',*,*,#3652,.T.);
#3652 = EDGE_CURVE('',#3632,#3653,#3655,.T.);
#3653 = VERTEX_POINT('',#3654);
#3654 = CARTESIAN_POINT('',(2.,-3.3,5.));
#3655 = SURFACE_CURVE('',#3656,(#3661,#3668),.PCURVE_S1.);
#3656 = CIRCLE('',#3657,2.);
#3657 = AXIS2_PLACEMENT_3D('',#3658,#3659,#3660);
#3658 = CARTESIAN_POINT('',(2.,-3.3,3.));
#3659 = DIRECTION('',(-1.110223024625E-16,-1.,0.));
#3660 = DIRECTION('',(1.,-1.110223024625E-16,0.));
#3661 = PCURVE('',#333,#3662);
#3662 = DEFINITIONAL_REPRESENTATION('',(#3663),#3667);
#3663 = LINE('',#3664,#3665);
#3664 = CARTESIAN_POINT('',(0.,13.3));
#3665 = VECTOR('',#3666,1.);
#3666 = DIRECTION('',(1.,0.));
#3667 = ( GEOMETRIC_REPRESENTATION_CONTEXT(2) 
PARAMETRIC_REPRESENTATION_CONTEXT() REPRESENTATION_CONTEXT('2D SPACE',''
  ) );
#3668 = PCURVE('',#3199,#3669);
#3669 = DEFINITIONAL_REPRESENTATION('',(#3670),#3678);
#3670 = ( BOUNDED_CURVE() B_SPLINE_CURVE(2,(#3671,#3672,#3673,#3674,
#3675,#3676,#3677),.UNSPECIFIED.,.T.,.F.) B_SPLINE_CURVE_WITH_KNOTS((1,2
    ,2,2,2,1),(-2.094395102393,0.,2.094395102393,4.188790204786,
6.28318530718,8.377580409573),.UNSPECIFIED.) CURVE() 
GEOMETRIC_REPRESENTATION_ITEM() RATIONAL_B_SPLINE_CURVE((1.,0.5,1.,0.5,
1.,0.5,1.)) REPRESENTATION_ITEM('') );
#3671 = CARTESIAN_POINT('',(-1.5,9.));
#3672 = CARTESIAN_POINT('',(1.964101615138,9.));
#3673 = CARTESIAN_POINT('',(0.232050807569,6.));
#3674 = CARTESIAN_POINT('',(-1.5,3.));
#3675 = CARTESIAN_POINT('',(-3.232050807569,6.));
#3676 = CARTESIAN_POINT('',(-4.964101615138,9.));
#3677 = CARTESIAN_POINT('',(-1.5,9.));
#3678 = ( GEOMETRIC_REPRESENTATION_CONTEXT(2) 
PARAMETRIC_REPRESENTATION_CONTEXT() REPRESENTATION_CONTEXT('2D SPACE',''
  ) );
#3679 = ORIENTED_EDGE('',*,*,#3680,.T.);
#3680 = EDGE_CURVE('',#3653,#3681,#3683,.T.);
#3681 = VERTEX_POINT('',#3682);
#3682 = CARTESIAN_POINT('',(2.,-5.7,5.));
#3683 = SURFACE_CURVE('',#3684,(#3688,#3695),.PCURVE_S1.);
#3684 = LINE('',#3685,#3686);
#3685 = CARTESIAN_POINT('',(2.,10.,5.));
#3686 = VECTOR('',#3687,1.);
#3687 = DIRECTION('',(-1.110223024625E-16,-1.,0.));
#3688 = PCURVE('',#333,#3689);
#3689 = DEFINITIONAL_REPRESENTATION('',(#3690),#3694);
#3690 = LINE('',#3691,#3692);
#3691 = CARTESIAN_POINT('',(1.570796326795,0.));
#3692 = VECTOR('',#3693,1.);
#3693 = DIRECTION('',(0.,1.));
#3694 = ( GEOMETRIC_REPRESENTATION_CONTEXT(2) 
PARAMETRIC_REPRESENTATION_CONTEXT() REPRESENTATION_CONTEXT('2D SPACE',''
  ) );
#3695 = PCURVE('',#3225,#3696);
#3696 = DEFINITIONAL_REPRESENTATION('',(#3697),#3701);
#3697 = LINE('',#3698,#3699);
#3698 = CARTESIAN_POINT('',(-2.,9.5));
#3699 = VECTOR('',#3700,1.);
#3700 = DIRECTION('',(1.110223024625E-16,-1.));
#3701 = ( GEOMETRIC_REPRESENTATION_CONTEXT(2) 
PARAMETRIC_REPRESENTATION_CONTEXT() REPRESENTATION_CONTEXT('2D SPACE',''
  ) );
#3702 = ORIENTED_EDGE('',*,*,#3703,.F.);
#3703 = EDGE_CURVE('',#3704,#3681,#3706,.T.);
#3704 = VERTEX_POINT('',#3705);
#3705 = CARTESIAN_POINT('',(3.322875655532,-5.7,4.5));
#3706 = SURFACE_CURVE('',#3707,(#3712,#3719),.PCURVE_S1.);
#3707 = CIRCLE('',#3708,2.);
#3708 = AXIS2_PLACEMENT_3D('',#3709,#3710,#3711);
#3709 = CARTESIAN_POINT('',(2.,-5.7,3.));
#3710 = DIRECTION('',(-1.110223024625E-16,-1.,0.));
#3711 = DIRECTION('',(1.,-1.110223024625E-16,0.));
#3712 = PCURVE('',#333,#3713);
#3713 = DEFINITIONAL_REPRESENTATION('',(#3714),#3718);
#3714 = LINE('',#3715,#3716);
#3715 = CARTESIAN_POINT('',(0.,15.7));
#3716 = VECTOR('',#3717,1.);
#3717 = DIRECTION('',(1.,0.));
#3718 = ( GEOMETRIC_REPRESENTATION_CONTEXT(2) 
PARAMETRIC_REPRESENTATION_CONTEXT() REPRESENTATION_CONTEXT('2D SPACE',''
  ) );
#3719 = PCURVE('',#3251,#3720);
#3720 = DEFINITIONAL_REPRESENTATION('',(#3721),#3729);
#3721 = ( BOUNDED_CURVE() B_SPLINE_CURVE(2,(#3722,#3723,#3724,#3725,
#3726,#3727,#3728),.UNSPECIFIED.,.T.,.F.) B_SPLINE_CURVE_WITH_KNOTS((1,2
    ,2,2,2,1),(-2.094395102393,0.,2.094395102393,4.188790204786,
6.28318530718,8.377580409573),.UNSPECIFIED.) CURVE() 
GEOMETRIC_REPRESENTATION_ITEM() RATIONAL_B_SPLINE_CURVE((1.,0.5,1.,0.5,
1.,0.5,1.)) REPRESENTATION_ITEM('') );
#3722 = CARTESIAN_POINT('',(-1.5,9.));
#3723 = CARTESIAN_POINT('',(1.964101615138,9.));
#3724 = CARTESIAN_POINT('',(0.232050807569,6.));
#3725 = CARTESIAN_POINT('',(-1.5,3.));
#3726 = CARTESIAN_POINT('',(-3.232050807569,6.));
#3727 = CARTESIAN_POINT('',(-4.964101615138,9.));
#3728 = CARTESIAN_POINT('',(-1.5,9.));
#3729 = ( GEOMETRIC_REPRESENTATION_CONTEXT(2) 
PARAMETRIC_REPRESENTATION_CONTEXT() REPRESENTATION_CONTEXT('2D SPACE',''
  ) );
#3730 = ORIENTED_EDGE('',*,*,#3731,.T.);
#3731 = EDGE_CURVE('',#3704,#3732,#3734,.T.);
#3732 = VERTEX_POINT('',#3733);
#3733 = CARTESIAN_POINT('',(3.322875655532,-6.3,4.5));
#3734 = SURFACE_CURVE('',#3735,(#3739,#3745),.PCURVE_S1.);
#3735 = LINE('',#3736,#3737);
#3736 = CARTESIAN_POINT('',(3.322875655532,10.,4.5));
#3737 = VECTOR('',#3738,1.);
#3738 = DIRECTION('',(-1.110223024625E-16,-1.,0.));
#3739 = PCURVE('',#333,#3740);
#3740 = DEFINITIONAL_REPRESENTATION('',(#3741),#3744);
#3741 = B_SPLINE_CURVE_WITH_KNOTS('',1,(#3742,#3743),.UNSPECIFIED.,.F.,
  .F.,(2,2),(15.64,16.36),.PIECEWISE_BEZIER_KNOTS.);
#3742 = CARTESIAN_POINT('',(0.848062078981,15.64));
#3743 = CARTESIAN_POINT('',(0.848062078981,16.36));
#3744 = ( GEOMETRIC_REPRESENTATION_CONTEXT(2) 
PARAMETRIC_REPRESENTATION_CONTEXT() REPRESENTATION_CONTEXT('2D SPACE',''
  ) );
#3745 = PCURVE('',#3277,#3746);
#3746 = DEFINITIONAL_REPRESENTATION('',(#3747),#3750);
#3747 = B_SPLINE_CURVE_WITH_KNOTS('',1,(#3748,#3749),.UNSPECIFIED.,.F.,
  .F.,(2,2),(15.64,16.36),.PIECEWISE_BEZIER_KNOTS.);
#3748 = CARTESIAN_POINT('',(8.322875655532,0.66));
#3749 = CARTESIAN_POINT('',(8.322875655532,-6.E-02));
#3750 = ( GEOMETRIC_REPRESENTATION_CONTEXT(2) 
PARAMETRIC_REPRESENTATION_CONTEXT() REPRESENTATION_CONTEXT('2D SPACE',''
  ) );
#3751 = ORIENTED_EDGE('',*,*,#3752,.T.);
#3752 = EDGE_CURVE('',#3732,#3753,#3755,.T.);
#3753 = VERTEX_POINT('',#3754);
#3754 = CARTESIAN_POINT('',(2.,-6.3,5.));
#3755 = SURFACE_CURVE('',#3756,(#3761,#3768),.PCURVE_S1.);
#3756 = CIRCLE('',#3757,2.);
#3757 = AXIS2_PLACEMENT_3D('',#3758,#3759,#3760);
#3758 = CARTESIAN_POINT('',(2.,-6.3,3.));
#3759 = DIRECTION('',(-1.110223024625E-16,-1.,0.));
#3760 = DIRECTION('',(1.,-1.110223024625E-16,0.));
#3761 = PCURVE('',#333,#3762);
#3762 = DEFINITIONAL_REPRESENTATION('',(#3763),#3767);
#3763 = LINE('',#3764,#3765);
#3764 = CARTESIAN_POINT('',(0.,16.3));
#3765 = VECTOR('',#3766,1.);
#3766 = DIRECTION('',(1.,0.));
#3767 = ( GEOMETRIC_REPRESENTATION_CONTEXT(2) 
PARAMETRIC_REPRESENTATION_CONTEXT() REPRESENTATION_CONTEXT('2D SPACE',''
  ) );
#3768 = PCURVE('',#3303,#3769);
#3769 = DEFINITIONAL_REPRESENTATION('',(#3770),#3778);
#3770 = ( BOUNDED_CURVE() B_SPLINE_CURVE(2,(#3771,#3772,#3773,#3774,
#3775,#3776,#3777),.UNSPECIFIED.,.T.,.F.) B_SPLINE_CURVE_WITH_KNOTS((1,2
    ,2,2,2,1),(-2.094395102393,0.,2.094395102393,4.188790204786,
6.28318530718,8.377580409573),.UNSPECIFIED.) CURVE() 
GEOMETRIC_REPRESENTATION_ITEM() RATIONAL_B_SPLINE_CURVE((1.,0.5,1.,0.5,
1.,0.5,1.)) REPRESENTATION_ITEM('') );
#3771 = CARTESIAN_POINT('',(-1.5,9.));
#3772 = CARTESIAN_POINT('',(1.964101615138,9.));
#3773 = CARTESIAN_POINT('',(0.232050807569,6.));
#3774 = CARTESIAN_POINT('',(-1.5,3.));
#3775 = CARTESIAN_POINT('',(-3.232050807569,6.));
#3776 = CARTESIAN_POINT('',(-4.964101615138,9.));
#3777 = CARTESIAN_POINT('',(-1.5,9.));
#3778 = ( GEOMETRIC_REPRESENTATION_CONTEXT(2) 
PARAMETRIC_REPRESENTATION_CONTEXT() REPRESENTATION_CONTEXT('2D SPACE',''
  ) );
#3779 = ORIENTED_EDGE('',*,*,#3780,.T.);
#3780 = EDGE_CURVE('',#3753,#3781,#3783,.T.);
#3781 = VERTEX_POINT('',#3782);
#3782 = CARTESIAN_POINT('',(2.,-8.7,5.));
#3783 = SURFACE_CURVE('',#3784,(#3788,#3795),.PCURVE_S1.);
#3784 = LINE('',#3785,#3786);
#3785 = CARTESIAN_POINT('',(2.,10.,5.));
#3786 = VECTOR('',#3787,1.);
#3787 = DIRECTION('',(-1.110223024625E-16,-1.,0.));
#3788 = PCURVE('',#333,#3789);
#3789 = DEFINITIONAL_REPRESENTATION('',(#3790),#3794);
#3790 = LINE('',#3791,#3792);
#3791 = CARTESIAN_POINT('',(1.570796326795,0.));
#3792 = VECTOR('',#3793,1.);
#3793 = DIRECTION('',(0.,1.));
#3794 = ( GEOMETRIC_REPRESENTATION_CONTEXT(2) 
PARAMETRIC_REPRESENTATION_CONTEXT() REPRESENTATION_CONTEXT('2D SPACE',''
  ) );
#3795 = PCURVE('',#3329,#3796);
#3796 = DEFINITIONAL_REPRESENTATION('',(#3797),#3801);
#3797 = LINE('',#3798,#3799);
#3798 = CARTESIAN_POINT('',(-2.,9.5));
#3799 = VECTOR('',#3800,1.);
#3800 = DIRECTION('',(1.110223024625E-16,-1.));
#3801 = ( GEOMETRIC_REPRESENTATION_CONTEXT(2) 
PARAMETRIC_REPRESENTATION_CONTEXT() REPRESENTATION_CONTEXT('2D SPACE',''
  ) );
#3802 = ORIENTED_EDGE('',*,*,#3803,.F.);
#3803 = EDGE_CURVE('',#3804,#3781,#3806,.T.);
#3804 = VERTEX_POINT('',#3805);
#3805 = CARTESIAN_POINT('',(3.322875655532,-8.7,4.5));
#3806 = SURFACE_CURVE('',#3807,(#3812,#3819),.PCURVE_S1.);
#3807 = CIRCLE('',#3808,2.);
#3808 = AXIS2_PLACEMENT_3D('',#3809,#3810,#3811);
#3809 = CARTESIAN_POINT('',(2.,-8.7,3.));
#3810 = DIRECTION('',(-1.110223024625E-16,-1.,0.));
#3811 = DIRECTION('',(1.,-1.110223024625E-16,0.));
#3812 = PCURVE('',#333,#3813);
#3813 = DEFINITIONAL_REPRESENTATION('',(#3814),#3818);
#3814 = LINE('',#3815,#3816);
#3815 = CARTESIAN_POINT('',(0.,18.7));
#3816 = VECTOR('',#3817,1.);
#3817 = DIRECTION('',(1.,0.));
#3818 = ( GEOMETRIC_REPRESENTATION_CONTEXT(2) 
PARAMETRIC_REPRESENTATION_CONTEXT() REPRESENTATION_CONTEXT('2D SPACE',''
  ) );
#3819 = PCURVE('',#3355,#3820);
#3820 = DEFINITIONAL_REPRESENTATION('',(#3821),#3829);
#3821 = ( BOUNDED_CURVE() B_SPLINE_CURVE(2,(#3822,#3823,#3824,#3825,
#3826,#3827,#3828),.UNSPECIFIED.,.T.,.F.) B_SPLINE_CURVE_WITH_KNOTS((1,2
    ,2,2,2,1),(-2.094395102393,0.,2.094395102393,4.188790204786,
6.28318530718,8.377580409573),.UNSPECIFIED.) CURVE() 
GEOMETRIC_REPRESENTATION_ITEM() RATIONAL_B_SPLINE_CURVE((1.,0.5,1.,0.5,
1.,0.5,1.)) REPRESENTATION_ITEM('') );
#3822 = CARTESIAN_POINT('',(-1.5,9.));
#3823 = CARTESIAN_POINT('',(1.964101615138,9.));
#3824 = CARTESIAN_POINT('',(0.232050807569,6.));
#3825 = CARTESIAN_POINT('',(-1.5,3.));
#3826 = CARTESIAN_POINT('',(-3.232050807569,6.));
#3827 = CARTESIAN_POINT('',(-4.964101615138,9.));
#3828 = CARTESIAN_POINT('',(-1.5,9.));
#3829 = ( GEOMETRIC_REPRESENTATION_CONTEXT(2) 
PARAMETRIC_REPRESENTATION_CONTEXT() REPRESENTATION_CONTEXT('2D SPACE',''
  ) );
#3830 = ORIENTED_EDGE('',*,*,#3831,.T.);
#3831 = EDGE_CURVE('',#3804,#284,#3832,.T.);
#3832 = SURFACE_CURVE('',#3833,(#3837,#3843),.PCURVE_S1.);
#3833 = LINE('',#3834,#3835);
#3834 = CARTESIAN_POINT('',(3.322875655532,10.,4.5));
#3835 = VECTOR('',#3836,1.);
#3836 = DIRECTION('',(-1.110223024625E-16,-1.,0.));
#3837 = PCURVE('',#333,#3838);
#3838 = DEFINITIONAL_REPRESENTATION('',(#3839),#3842);
#3839 = B_SPLINE_CURVE_WITH_KNOTS('',1,(#3840,#3841),.UNSPECIFIED.,.F.,
  .F.,(2,2),(18.64,19.0000006),.PIECEWISE_BEZIER_KNOTS.);
#3840 = CARTESIAN_POINT('',(0.848062078981,18.64));
#3841 = CARTESIAN_POINT('',(0.848062078981,19.0000006));
#3842 = ( GEOMETRIC_REPRESENTATION_CONTEXT(2) 
PARAMETRIC_REPRESENTATION_CONTEXT() REPRESENTATION_CONTEXT('2D SPACE',''
  ) );
#3843 = PCURVE('',#303,#3844);
#3844 = DEFINITIONAL_REPRESENTATION('',(#3845),#3848);
#3845 = B_SPLINE_CURVE_WITH_KNOTS('',1,(#3846,#3847),.UNSPECIFIED.,.F.,
  .F.,(2,2),(18.64,19.0000006),.PIECEWISE_BEZIER_KNOTS.);
#3846 = CARTESIAN_POINT('',(8.322875655532,0.66));
#3847 = CARTESIAN_POINT('',(8.322875655532,0.2999994));
#3848 = ( GEOMETRIC_REPRESENTATION_CONTEXT(2) 
PARAMETRIC_REPRESENTATION_CONTEXT() REPRESENTATION_CONTEXT('2D SPACE',''
  ) );
#3849 = ORIENTED_EDGE('',*,*,#317,.F.);
#3850 = ORIENTED_EDGE('',*,*,#2197,.F.);
#3851 = ORIENTED_EDGE('',*,*,#3852,.F.);
#3852 = EDGE_CURVE('',#3853,#730,#3855,.T.);
#3853 = VERTEX_POINT('',#3854);
#3854 = CARTESIAN_POINT('',(3.670329308849,-6.893576184441,4.1));
#3855 = SURFACE_CURVE('',#3856,(#3877,#3901),.PCURVE_S1.);
#3856 = B_SPLINE_CURVE_WITH_KNOTS('',7,(#3857,#3858,#3859,#3860,#3861,
    #3862,#3863,#3864,#3865,#3866,#3867,#3868,#3869,#3870,#3871,#3872,
    #3873,#3874,#3875,#3876),.UNSPECIFIED.,.F.,.F.,(8,6,6,8),(0.,
    0.387137399669,0.773136147507,1.),.UNSPECIFIED.);
#3857 = CARTESIAN_POINT('',(3.670329308849,-6.893576184441,4.1));
#3858 = CARTESIAN_POINT('',(3.670329308849,-7.017219064111,4.1));
#3859 = CARTESIAN_POINT('',(3.672678996833,-7.149402547907,
    4.096432331556));
#3860 = CARTESIAN_POINT('',(3.677695564004,-7.28873050608,4.088813273819
    ));
#3861 = CARTESIAN_POINT('',(3.685581863865,-7.43300742893,4.076737419414
    ));
#3862 = CARTESIAN_POINT('',(3.696288875714,-7.579083306501,
    4.059975305713));
#3863 = CARTESIAN_POINT('',(3.709431392478,-7.723409078635,
    4.038616850861));
#3864 = CARTESIAN_POINT('',(3.739449564976,-8.001645255147,
    3.987517436132));
#3865 = CARTESIAN_POINT('',(3.756313689332,-8.135583627662,
    3.957801296806));
#3866 = CARTESIAN_POINT('',(3.774512215488,-8.261321648322,
    3.924246470762));
#3867 = CARTESIAN_POINT('',(3.793327436247,-8.375878607165,
    3.887492262265));
#3868 = CARTESIAN_POINT('',(3.812023375422,-8.477217717599,
    3.848430743003));
#3869 = CARTESIAN_POINT('',(3.830061245779,-8.564480938496,
    3.807988135652));
#3870 = CARTESIAN_POINT('',(3.857080213088,-8.680658668515,
    3.742922087881));
#3871 = CARTESIAN_POINT('',(3.866729460391,-8.718797270561,
    3.718650652233));
#3872 = CARTESIAN_POINT('',(3.875952950704,-8.752066350772,
    3.694364475511));
#3873 = CARTESIAN_POINT('',(3.884699781202,-8.780568349202,
    3.670224724878));
#3874 = CARTESIAN_POINT('',(3.892940957476,-8.804488356984,
    3.646374187803));
#3875 = CARTESIAN_POINT('',(3.900666240864,-8.824069942705,
    3.622933213434));
#3876 = CARTESIAN_POINT('',(3.907878402834,-8.839589112204,3.6));
#3877 = PCURVE('',#333,#3878);
#3878 = DEFINITIONAL_REPRESENTATION('',(#3879),#3900);
#3879 = B_SPLINE_CURVE_WITH_KNOTS('',7,(#3880,#3881,#3882,#3883,#3884,
    #3885,#3886,#3887,#3888,#3889,#3890,#3891,#3892,#3893,#3894,#3895,
    #3896,#3897,#3898,#3899),.UNSPECIFIED.,.F.,.F.,(8,6,6,8),(0.,
    0.387137399669,0.773136147507,1.),.UNSPECIFIED.);
#3880 = CARTESIAN_POINT('',(0.582364237869,16.893576184441));
#3881 = CARTESIAN_POINT('',(0.582364237869,17.017219064111));
#3882 = CARTESIAN_POINT('',(0.580228262327,17.149402547907));
#3883 = CARTESIAN_POINT('',(0.575667209128,17.28873050608));
#3884 = CARTESIAN_POINT('',(0.568455571622,17.433007428931));
#3885 = CARTESIAN_POINT('',(0.558512093156,17.579083306501));
#3886 = CARTESIAN_POINT('',(0.54597570939,17.723409078635));
#3887 = CARTESIAN_POINT('',(0.516343628524,18.001645255147));
#3888 = CARTESIAN_POINT('',(0.499261591247,18.135583627661));
#3889 = CARTESIAN_POINT('',(0.480181269661,18.261321648322));
#3890 = CARTESIAN_POINT('',(0.45954798604,18.375878607165));
#3891 = CARTESIAN_POINT('',(0.437907871755,18.477217717599));
#3892 = CARTESIAN_POINT('',(0.4157738816,18.564480938496));
#3893 = CARTESIAN_POINT('',(0.380547417234,18.680658668515));
#3894 = CARTESIAN_POINT('',(0.367489342774,18.718797270561));
#3895 = CARTESIAN_POINT('',(0.354502483008,18.752066350772));
#3896 = CARTESIAN_POINT('',(0.341667340893,18.780568349202));
#3897 = CARTESIAN_POINT('',(0.329052349706,18.804488356984));
#3898 = CARTESIAN_POINT('',(0.316712923965,18.824069942705));
#3899 = CARTESIAN_POINT('',(0.304692654015,18.839589112204));
#3900 = ( GEOMETRIC_REPRESENTATION_CONTEXT(2) 
PARAMETRIC_REPRESENTATION_CONTEXT() REPRESENTATION_CONTEXT('2D SPACE',''
  ) );
#3901 = PCURVE('',#1319,#3902);
#3902 = DEFINITIONAL_REPRESENTATION('',(#3903),#3924);
#3903 = B_SPLINE_CURVE_WITH_KNOTS('',7,(#3904,#3905,#3906,#3907,#3908,
    #3909,#3910,#3911,#3912,#3913,#3914,#3915,#3916,#3917,#3918,#3919,
    #3920,#3921,#3922,#3923),.UNSPECIFIED.,.F.,.F.,(8,6,6,8),(0.,
    0.387137399669,0.773136147507,1.),.UNSPECIFIED.);
#3904 = CARTESIAN_POINT('',(90.099773855045,78.736998094997));
#3905 = CARTESIAN_POINT('',(85.117331777765,78.614112614657));
#3906 = CARTESIAN_POINT('',(80.135535725351,78.48275683681));
#3907 = CARTESIAN_POINT('',(75.154324820629,78.344359390367));
#3908 = CARTESIAN_POINT('',(70.1735505896,78.201132502507));
#3909 = CARTESIAN_POINT('',(65.192964360113,78.056201022937));
#3910 = CARTESIAN_POINT('',(60.212266324244,77.913027090287));
#3911 = CARTESIAN_POINT('',(50.264714207004,77.636888627716));
#3912 = CARTESIAN_POINT('',(45.297863680552,77.503896628521));
#3913 = CARTESIAN_POINT('',(40.330387929112,77.378896036113));
#3914 = CARTESIAN_POINT('',(35.362121322371,77.264734548208));
#3915 = CARTESIAN_POINT('',(30.393006876274,77.163327043102));
#3916 = CARTESIAN_POINT('',(25.423118520298,77.075472797299));
#3917 = CARTESIAN_POINT('',(17.531330289046,76.957512215265));
#3918 = CARTESIAN_POINT('',(14.609806137251,76.91852995642));
#3919 = CARTESIAN_POINT('',(11.688097252412,76.884231687178));
#3920 = CARTESIAN_POINT('',(8.766233430668,76.854519431931));
#3921 = CARTESIAN_POINT('',(5.844244058516,76.829218097001));
#3922 = CARTESIAN_POINT('',(2.9221574437,76.808098266814));
#3923 = CARTESIAN_POINT('',(0.,76.790900255855));
#3924 = ( GEOMETRIC_REPRESENTATION_CONTEXT(2) 
PARAMETRIC_REPRESENTATION_CONTEXT() REPRESENTATION_CONTEXT('2D SPACE',''
  ) );
#3925 = ORIENTED_EDGE('',*,*,#3926,.F.);
#3926 = EDGE_CURVE('',#3432,#3853,#3927,.T.);
#3927 = SURFACE_CURVE('',#3928,(#3932,#3938),.PCURVE_S1.);
#3928 = LINE('',#3929,#3930);
#3929 = CARTESIAN_POINT('',(3.670329308849,10.,4.1));
#3930 = VECTOR('',#3931,1.);
#3931 = DIRECTION('',(-1.110223024625E-16,-1.,0.));
#3932 = PCURVE('',#333,#3933);
#3933 = DEFINITIONAL_REPRESENTATION('',(#3934),#3937);
#3934 = B_SPLINE_CURVE_WITH_KNOTS('',1,(#3935,#3936),.UNSPECIFIED.,.F.,
  .F.,(2,2),(-5.999999999062E-07,19.0000012),.PIECEWISE_BEZIER_KNOTS.);
#3935 = CARTESIAN_POINT('',(0.582364237869,-6.000000000917E-07));
#3936 = CARTESIAN_POINT('',(0.582364237869,19.0000012));
#3937 = ( GEOMETRIC_REPRESENTATION_CONTEXT(2) 
PARAMETRIC_REPRESENTATION_CONTEXT() REPRESENTATION_CONTEXT('2D SPACE',''
  ) );
#3938 = PCURVE('',#3939,#3944);
#3939 = PLANE('',#3940);
#3940 = AXIS2_PLACEMENT_3D('',#3941,#3942,#3943);
#3941 = CARTESIAN_POINT('',(11.942270123239,1.845701029435,4.1));
#3942 = DIRECTION('',(-0.,-0.,-1.));
#3943 = DIRECTION('',(-1.,0.,0.));
#3944 = DEFINITIONAL_REPRESENTATION('',(#3945),#3948);
#3945 = B_SPLINE_CURVE_WITH_KNOTS('',1,(#3946,#3947),.UNSPECIFIED.,.F.,
  .F.,(2,2),(-5.999999999062E-07,19.0000012),.PIECEWISE_BEZIER_KNOTS.);
#3946 = CARTESIAN_POINT('',(8.27194081439,8.154299570565));
#3947 = CARTESIAN_POINT('',(8.27194081439,-10.84570222943));
#3948 = ( GEOMETRIC_REPRESENTATION_CONTEXT(2) 
PARAMETRIC_REPRESENTATION_CONTEXT() REPRESENTATION_CONTEXT('2D SPACE',''
  ) );
#3949 = ADVANCED_FACE('',(#3950),#303,.T.);
#3950 = FACE_BOUND('',#3951,.T.);
#3951 = EDGE_LOOP('',(#3952,#3973,#3974,#3995,#3996));
#3952 = ORIENTED_EDGE('',*,*,#3953,.F.);
#3953 = EDGE_CURVE('',#3341,#3804,#3954,.T.);
#3954 = SURFACE_CURVE('',#3955,(#3959,#3966),.PCURVE_S1.);
#3955 = LINE('',#3956,#3957);
#3956 = CARTESIAN_POINT('',(-5.,-8.7,4.5));
#3957 = VECTOR('',#3958,1.);
#3958 = DIRECTION('',(1.,0.,0.));
#3959 = PCURVE('',#303,#3960);
#3960 = DEFINITIONAL_REPRESENTATION('',(#3961),#3965);
#3961 = LINE('',#3962,#3963);
#3962 = CARTESIAN_POINT('',(0.,0.6));
#3963 = VECTOR('',#3964,1.);
#3964 = DIRECTION('',(1.,0.));
#3965 = ( GEOMETRIC_REPRESENTATION_CONTEXT(2) 
PARAMETRIC_REPRESENTATION_CONTEXT() REPRESENTATION_CONTEXT('2D SPACE',''
  ) );
#3966 = PCURVE('',#3355,#3967);
#3967 = DEFINITIONAL_REPRESENTATION('',(#3968),#3972);
#3968 = LINE('',#3969,#3970);
#3969 = CARTESIAN_POINT('',(0.,0.));
#3970 = VECTOR('',#3971,1.);
#3971 = DIRECTION('',(0.,1.));
#3972 = ( GEOMETRIC_REPRESENTATION_CONTEXT(2) 
PARAMETRIC_REPRESENTATION_CONTEXT() REPRESENTATION_CONTEXT('2D SPACE',''
  ) );
#3973 = ORIENTED_EDGE('',*,*,#3366,.F.);
#3974 = ORIENTED_EDGE('',*,*,#3975,.T.);
#3975 = EDGE_CURVE('',#3367,#282,#3976,.T.);
#3976 = SURFACE_CURVE('',#3977,(#3981,#3988),.PCURVE_S1.);
#3977 = LINE('',#3978,#3979);
#3978 = CARTESIAN_POINT('',(-5.,-9.3,4.5));
#3979 = VECTOR('',#3980,1.);
#3980 = DIRECTION('',(1.,0.,0.));
#3981 = PCURVE('',#303,#3982);
#3982 = DEFINITIONAL_REPRESENTATION('',(#3983),#3987);
#3983 = LINE('',#3984,#3985);
#3984 = CARTESIAN_POINT('',(0.,0.));
#3985 = VECTOR('',#3986,1.);
#3986 = DIRECTION('',(1.,0.));
#3987 = ( GEOMETRIC_REPRESENTATION_CONTEXT(2) 
PARAMETRIC_REPRESENTATION_CONTEXT() REPRESENTATION_CONTEXT('2D SPACE',''
  ) );
#3988 = PCURVE('',#654,#3989);
#3989 = DEFINITIONAL_REPRESENTATION('',(#3990),#3994);
#3990 = LINE('',#3991,#3992);
#3991 = CARTESIAN_POINT('',(0.,0.));
#3992 = VECTOR('',#3993,1.);
#3993 = DIRECTION('',(0.,1.));
#3994 = ( GEOMETRIC_REPRESENTATION_CONTEXT(2) 
PARAMETRIC_REPRESENTATION_CONTEXT() REPRESENTATION_CONTEXT('2D SPACE',''
  ) );
#3995 = ORIENTED_EDGE('',*,*,#281,.T.);
#3996 = ORIENTED_EDGE('',*,*,#3831,.F.);
#3997 = ADVANCED_FACE('',(#3998),#654,.T.);
#3998 = FACE_BOUND('',#3999,.T.);
#3999 = EDGE_LOOP('',(#4000,#4001,#4002,#4023));
#4000 = ORIENTED_EDGE('',*,*,#3975,.F.);
#4001 = ORIENTED_EDGE('',*,*,#3387,.F.);
#4002 = ORIENTED_EDGE('',*,*,#4003,.T.);
#4003 = EDGE_CURVE('',#3388,#594,#4004,.T.);
#4004 = SURFACE_CURVE('',#4005,(#4009,#4016),.PCURVE_S1.);
#4005 = LINE('',#4006,#4007);
#4006 = CARTESIAN_POINT('',(-5.,-9.3,5.));
#4007 = VECTOR('',#4008,1.);
#4008 = DIRECTION('',(1.,0.,0.));
#4009 = PCURVE('',#654,#4010);
#4010 = DEFINITIONAL_REPRESENTATION('',(#4011),#4015);
#4011 = LINE('',#4012,#4013);
#4012 = CARTESIAN_POINT('',(0.5,0.));
#4013 = VECTOR('',#4014,1.);
#4014 = DIRECTION('',(0.,1.));
#4015 = ( GEOMETRIC_REPRESENTATION_CONTEXT(2) 
PARAMETRIC_REPRESENTATION_CONTEXT() REPRESENTATION_CONTEXT('2D SPACE',''
  ) );
#4016 = PCURVE('',#610,#4017);
#4017 = DEFINITIONAL_REPRESENTATION('',(#4018),#4022);
#4018 = LINE('',#4019,#4020);
#4019 = CARTESIAN_POINT('',(5.,-9.8));
#4020 = VECTOR('',#4021,1.);
#4021 = DIRECTION('',(-1.,0.));
#4022 = ( GEOMETRIC_REPRESENTATION_CONTEXT(2) 
PARAMETRIC_REPRESENTATION_CONTEXT() REPRESENTATION_CONTEXT('2D SPACE',''
  ) );
#4023 = ORIENTED_EDGE('',*,*,#622,.F.);
#4024 = ADVANCED_FACE('',(#4025),#610,.F.);
#4025 = FACE_BOUND('',#4026,.F.);
#4026 = EDGE_LOOP('',(#4027,#4028,#4029));
#4027 = ORIENTED_EDGE('',*,*,#4003,.T.);
#4028 = ORIENTED_EDGE('',*,*,#593,.T.);
#4029 = ORIENTED_EDGE('',*,*,#3408,.F.);
#4030 = ADVANCED_FACE('',(#4031,#4508),#710,.T.);
#4031 = FACE_BOUND('',#4032,.F.);
#4032 = EDGE_LOOP('',(#4033,#4063,#4064,#4086,#4087,#4111,#4435,#4485,
    #4507));
#4033 = ORIENTED_EDGE('',*,*,#4034,.F.);
#4034 = EDGE_CURVE('',#3434,#679,#4035,.T.);
#4035 = SURFACE_CURVE('',#4036,(#4043,#4053),.PCURVE_S1.);
#4036 = B_SPLINE_CURVE_WITH_KNOTS('',5,(#4037,#4038,#4039,#4040,#4041,
    #4042),.UNSPECIFIED.,.F.,.F.,(6,6),(0.,1.),
  .PIECEWISE_BEZIER_KNOTS.);
#4037 = CARTESIAN_POINT('',(3.877598826148,10.,3.688928623334));
#4038 = CARTESIAN_POINT('',(3.884258856808,10.021843370952,
    3.670777445691));
#4039 = CARTESIAN_POINT('',(3.890475914573,10.040572529712,
    3.652736279639));
#4040 = CARTESIAN_POINT('',(3.896320058863,10.056471750922,
    3.634884024656));
#4041 = CARTESIAN_POINT('',(3.901832948153,10.06977168119,3.617287379929
    ));
#4042 = CARTESIAN_POINT('',(3.907045434172,10.080682009441,3.6));
#4043 = PCURVE('',#710,#4044);
#4044 = DEFINITIONAL_REPRESENTATION('',(#4045),#4052);
#4045 = B_SPLINE_CURVE_WITH_KNOTS('',5,(#4046,#4047,#4048,#4049,#4050,
    #4051),.UNSPECIFIED.,.F.,.F.,(6,6),(0.,1.),
  .PIECEWISE_BEZIER_KNOTS.);
#4046 = CARTESIAN_POINT('',(-3.14159265359,0.35166811532));
#4047 = CARTESIAN_POINT('',(-3.13595943264,0.34200088642));
#4048 = CARTESIAN_POINT('',(-3.131153525587,0.332435114098));
#4049 = CARTESIAN_POINT('',(-3.127092066513,0.323009127709));
#4050 = CARTESIAN_POINT('',(-3.123708945512,0.313753703202));
#4051 = CARTESIAN_POINT('',(-3.120945198878,0.304692654078));
#4052 = ( GEOMETRIC_REPRESENTATION_CONTEXT(2) 
PARAMETRIC_REPRESENTATION_CONTEXT() REPRESENTATION_CONTEXT('2D SPACE',''
  ) );
#4053 = PCURVE('',#1319,#4054);
#4054 = DEFINITIONAL_REPRESENTATION('',(#4055),#4062);
#4055 = B_SPLINE_CURVE_WITH_KNOTS('',5,(#4056,#4057,#4058,#4059,#4060,
    #4061),.UNSPECIFIED.,.F.,.F.,(6,6),(0.,1.),
  .PIECEWISE_BEZIER_KNOTS.);
#4056 = CARTESIAN_POINT('',(11.013423738637,6.267482138381));
#4057 = CARTESIAN_POINT('',(8.810842385421,6.289969109255));
#4058 = CARTESIAN_POINT('',(6.608194863669,6.30945165936));
#4059 = CARTESIAN_POINT('',(4.405497868378,6.326225875177));
#4060 = CARTESIAN_POINT('',(2.202763519545,6.34052242878));
#4061 = CARTESIAN_POINT('',(0.,6.352545903756));
#4062 = ( GEOMETRIC_REPRESENTATION_CONTEXT(2) 
PARAMETRIC_REPRESENTATION_CONTEXT() REPRESENTATION_CONTEXT('2D SPACE',''
  ) );
#4063 = ORIENTED_EDGE('',*,*,#3558,.T.);
#4064 = ORIENTED_EDGE('',*,*,#4065,.F.);
#4065 = EDGE_CURVE('',#2787,#3559,#4066,.T.);
#4066 = SURFACE_CURVE('',#4067,(#4072,#4079),.PCURVE_S1.);
#4067 = CIRCLE('',#4068,2.);
#4068 = AXIS2_PLACEMENT_3D('',#4069,#4070,#4071);
#4069 = CARTESIAN_POINT('',(1.498801083244E-15,10.,5.));
#4070 = DIRECTION('',(0.,0.,-1.));
#4071 = DIRECTION('',(-1.,0.,0.));
#4072 = PCURVE('',#710,#4073);
#4073 = DEFINITIONAL_REPRESENTATION('',(#4074),#4078);
#4074 = LINE('',#4075,#4076);
#4075 = CARTESIAN_POINT('',(-0.,1.570796326795));
#4076 = VECTOR('',#4077,1.);
#4077 = DIRECTION('',(-1.,0.));
#4078 = ( GEOMETRIC_REPRESENTATION_CONTEXT(2) 
PARAMETRIC_REPRESENTATION_CONTEXT() REPRESENTATION_CONTEXT('2D SPACE',''
  ) );
#4079 = PCURVE('',#3121,#4080);
#4080 = DEFINITIONAL_REPRESENTATION('',(#4081),#4085);
#4081 = CIRCLE('',#4082,2.);
#4082 = AXIS2_PLACEMENT_2D('',#4083,#4084);
#4083 = CARTESIAN_POINT('',(-1.871263001183E-15,9.5));
#4084 = DIRECTION('',(1.,0.));
#4085 = ( GEOMETRIC_REPRESENTATION_CONTEXT(2) 
PARAMETRIC_REPRESENTATION_CONTEXT() REPRESENTATION_CONTEXT('2D SPACE',''
  ) );
#4086 = ORIENTED_EDGE('',*,*,#2786,.F.);
#4087 = ORIENTED_EDGE('',*,*,#4088,.T.);
#4088 = EDGE_CURVE('',#2766,#4089,#4091,.T.);
#4089 = VERTEX_POINT('',#4090);
#4090 = CARTESIAN_POINT('',(1.27691592584,13.790710450343,3.));
#4091 = SURFACE_CURVE('',#4092,(#4097,#4104),.PCURVE_S1.);
#4092 = CIRCLE('',#4093,4.);
#4093 = AXIS2_PLACEMENT_3D('',#4094,#4095,#4096);
#4094 = CARTESIAN_POINT('',(1.498801083244E-15,10.,3.));
#4095 = DIRECTION('',(0.,0.,-1.));
#4096 = DIRECTION('',(-1.,0.,0.));
#4097 = PCURVE('',#710,#4098);
#4098 = DEFINITIONAL_REPRESENTATION('',(#4099),#4103);
#4099 = LINE('',#4100,#4101);
#4100 = CARTESIAN_POINT('',(-0.,0.));
#4101 = VECTOR('',#4102,1.);
#4102 = DIRECTION('',(-1.,0.));
#4103 = ( GEOMETRIC_REPRESENTATION_CONTEXT(2) 
PARAMETRIC_REPRESENTATION_CONTEXT() REPRESENTATION_CONTEXT('2D SPACE',''
  ) );
#4104 = PCURVE('',#2301,#4105);
#4105 = DEFINITIONAL_REPRESENTATION('',(#4106),#4110);
#4106 = LINE('',#4107,#4108);
#4107 = CARTESIAN_POINT('',(0.,-3.));
#4108 = VECTOR('',#4109,1.);
#4109 = DIRECTION('',(1.,0.));
#4110 = ( GEOMETRIC_REPRESENTATION_CONTEXT(2) 
PARAMETRIC_REPRESENTATION_CONTEXT() REPRESENTATION_CONTEXT('2D SPACE',''
  ) );
#4111 = ORIENTED_EDGE('',*,*,#4112,.T.);
#4112 = EDGE_CURVE('',#4089,#4113,#4115,.T.);
#4113 = VERTEX_POINT('',#4114);
#4114 = CARTESIAN_POINT('',(2.594006869965,12.876651865738,3.7));
#4115 = SURFACE_CURVE('',#4116,(#4199,#4285),.PCURVE_S1.);
#4116 = B_SPLINE_CURVE_WITH_KNOTS('',6,(#4117,#4118,#4119,#4120,#4121,
    #4122,#4123,#4124,#4125,#4126,#4127,#4128,#4129,#4130,#4131,#4132,
    #4133,#4134,#4135,#4136,#4137,#4138,#4139,#4140,#4141,#4142,#4143,
    #4144,#4145,#4146,#4147,#4148,#4149,#4150,#4151,#4152,#4153,#4154,
    #4155,#4156,#4157,#4158,#4159,#4160,#4161,#4162,#4163,#4164,#4165,
    #4166,#4167,#4168,#4169,#4170,#4171,#4172,#4173,#4174,#4175,#4176,
    #4177,#4178,#4179,#4180,#4181,#4182,#4183,#4184,#4185,#4186,#4187,
    #4188,#4189,#4190,#4191,#4192,#4193,#4194,#4195,#4196,#4197,#4198),
  .UNSPECIFIED.,.F.,.F.,(7,5,5,5,5,5,5,5,5,5,5,5,5,5,5,5,7),(0.,
    6.936792228871E-02,0.16519749851,0.205949625274,0.271841193892,
    0.35301318333,0.448953790814,0.531880063779,0.560254937358,
    0.598845594191,0.630793944048,0.686616247313,0.743480920872,
    0.779014674965,0.892101491362,0.990113800328,1.),.UNSPECIFIED.);
#4117 = CARTESIAN_POINT('',(1.27691592584,13.790710450343,3.));
#4118 = CARTESIAN_POINT('',(1.242923301785,13.802161001258,
    3.028866734535));
#4119 = CARTESIAN_POINT('',(1.210431592886,13.812171076751,
    3.059912221581));
#4120 = CARTESIAN_POINT('',(1.179604641222,13.820616376454,
    3.092979504798));
#4121 = CARTESIAN_POINT('',(1.150587570423,13.827384757242,
    3.127885609013));
#4122 = CARTESIAN_POINT('',(1.123504139457,13.832382890973,
    3.164423771979));
#4123 = CARTESIAN_POINT('',(1.063848259515,13.839908404812,
    3.254781208798));
#4124 = CARTESIAN_POINT('',(1.033116505704,13.840766848229,
    3.309886134145));
#4125 = CARTESIAN_POINT('',(1.006529843909,13.83793633186,3.367068450921
    ));
#4126 = CARTESIAN_POINT('',(0.984236646761,13.83133761787,3.425685120362
    ));
#4127 = CARTESIAN_POINT('',(0.966276758703,13.820994269838,
    3.485092696128));
#4128 = CARTESIAN_POINT('',(0.94677760747,13.801095556853,3.570016958002
    ));
#4129 = CARTESIAN_POINT('',(0.941733012255,13.794503496775,
    3.595390041998));
#4130 = CARTESIAN_POINT('',(0.937457095749,13.787266009032,
    3.620751339778));
#4131 = CARTESIAN_POINT('',(0.933942509632,13.77939494025,3.646057419024
    ));
#4132 = CARTESIAN_POINT('',(0.931179279934,13.770904565821,
    3.671267281548));
#4133 = CARTESIAN_POINT('',(0.925881463896,13.747109278777,
    3.736885927543));
#4134 = CARTESIAN_POINT('',(0.924539741261,13.730831190365,
    3.777077718601));
#4135 = CARTESIAN_POINT('',(0.925077569484,13.713046993554,
    3.816755245811));
#4136 = CARTESIAN_POINT('',(0.927428722779,13.693838787409,
    3.855777798159));
#4137 = CARTESIAN_POINT('',(0.93151880802,13.673296800618,3.894025581131
    ));
#4138 = CARTESIAN_POINT('',(0.944357705649,13.624682147906,
    3.977439082063));
#4139 = CARTESIAN_POINT('',(0.9539668987,13.595967898991,4.022151954628)
  );
#4140 = CARTESIAN_POINT('',(0.965955530514,13.565547140953,
    4.065353492698));
#4141 = CARTESIAN_POINT('',(0.980176317482,13.533601929878,
    4.106905590797));
#4142 = CARTESIAN_POINT('',(0.996489734249,13.500315529822,
    4.146707495509));
#4143 = CARTESIAN_POINT('',(1.036388772836,13.425149432317,
    4.229577203382));
#4144 = CARTESIAN_POINT('',(1.060755364188,13.382811525162,4.27191799206
    ));
#4145 = CARTESIAN_POINT('',(1.087679955098,13.339144252634,
    4.311595857771));
#4146 = CARTESIAN_POINT('',(1.116997188517,13.294440096068,
    4.348539459184));
#4147 = CARTESIAN_POINT('',(1.148591568064,13.248999145591,
    4.382697781258));
#4148 = CARTESIAN_POINT('',(1.211654207948,13.163493887994,
    4.441089652864));
#4149 = CARTESIAN_POINT('',(1.242552557213,13.123544243982,
    4.466035858509));
#4150 = CARTESIAN_POINT('',(1.275087131435,13.08348563183,4.488824940625
    ));
#4151 = CARTESIAN_POINT('',(1.3092566464,13.043548090024,4.50940959774)
  );
#4152 = CARTESIAN_POINT('',(1.345092562542,13.004006052923,
    4.527712423141));
#4153 = CARTESIAN_POINT('',(1.395525309505,12.951910237193,
    4.549051570801));
#4154 = CARTESIAN_POINT('',(1.408585482493,12.938714963384,
    4.554209914898));
#4155 = CARTESIAN_POINT('',(1.421851151411,12.925619341729,
    4.559081361097));
#4156 = CARTESIAN_POINT('',(1.435324823205,12.912638430701,
    4.563659923496));
#4157 = CARTESIAN_POINT('',(1.449008973387,12.899788615866,
    4.567938716128));
#4158 = CARTESIAN_POINT('',(1.481806470749,12.869813870783,
    4.577310951052));
#4159 = CARTESIAN_POINT('',(1.501100222757,12.85281585609,4.582142904892
    ));
#4160 = CARTESIAN_POINT('',(1.520793678105,12.836137522877,
    4.586386383816));
#4161 = CARTESIAN_POINT('',(1.540890943253,12.819829618973,4.59001793347
    ));
#4162 = CARTESIAN_POINT('',(1.561392365699,12.803948280622,
    4.593010757345));
#4163 = CARTESIAN_POINT('',(1.599596253639,12.775808740037,
    4.597259917064));
#4164 = CARTESIAN_POINT('',(1.617172700944,12.763397707258,
    4.598726425722));
#4165 = CARTESIAN_POINT('',(1.635019073218,12.751354786796,
    4.599718282833));
#4166 = CARTESIAN_POINT('',(1.653128353567,12.739716922426,
    4.600217464147));
#4167 = CARTESIAN_POINT('',(1.671488676516,12.728521933982,
    4.600205733995));
#4168 = CARTESIAN_POINT('',(1.722570006776,12.699084336022,
    4.598722436883));
#4169 = CARTESIAN_POINT('',(1.75577889761,12.681820957661,4.596166022025
    ));
#4170 = CARTESIAN_POINT('',(1.789597069327,12.666225941408,4.59190486519
    ));
#4171 = CARTESIAN_POINT('',(1.823867667697,12.652480821206,
    4.585859300676));
#4172 = CARTESIAN_POINT('',(1.858384001582,12.640707898254,4.57798875107
    ));
#4173 = CARTESIAN_POINT('',(1.928029779737,12.620987376549,
    4.558468230027));
#4174 = CARTESIAN_POINT('',(1.963173686665,12.613111507168,
    4.546746575598));
#4175 = CARTESIAN_POINT('',(1.998043011553,12.607349202274,
    4.533178882454));
#4176 = CARTESIAN_POINT('',(2.032392328047,12.603622909292,4.51784149568
    ));
#4177 = CARTESIAN_POINT('',(2.066009777953,12.601785768517,
    4.500846437339));
#4178 = CARTESIAN_POINT('',(2.119164250002,12.601594120528,
    4.470752588924));
#4179 = CARTESIAN_POINT('',(2.139256096354,12.60219169329,4.45858170903)
  );
#4180 = CARTESIAN_POINT('',(2.158959957828,12.603419089296,
    4.445842634863));
#4181 = CARTESIAN_POINT('',(2.178245138831,12.605232295674,
    4.432565748323));
#4182 = CARTESIAN_POINT('',(2.197087456639,12.607587545083,
    4.418780829422));
#4183 = CARTESIAN_POINT('',(2.273965609229,12.619535231227,4.35911598644
    ));
#4184 = CARTESIAN_POINT('',(2.327726791871,12.633694823789,
    4.308899152496));
#4185 = CARTESIAN_POINT('',(2.376299695287,12.65159926096,4.254676447278
    ));
#4186 = CARTESIAN_POINT('',(2.419431682368,12.672257315545,
    4.197206896387));
#4187 = CARTESIAN_POINT('',(2.457022251151,12.695024355526,
    4.137135839663));
#4188 = CARTESIAN_POINT('',(2.516735205299,12.740695267325,
    4.021020533261));
#4189 = CARTESIAN_POINT('',(2.540232387552,12.763162126867,
    3.965544150927));
#4190 = CARTESIAN_POINT('',(2.559448607905,12.786605176748,
    3.908860114731));
#4191 = CARTESIAN_POINT('',(2.574328335585,12.810836032562,
    3.851329021485));
#4192 = CARTESIAN_POINT('',(2.584838035751,12.835720685422,
    3.793316182457));
#4193 = CARTESIAN_POINT('',(2.591584842572,12.863734487214,
    3.729324995336));
#4194 = CARTESIAN_POINT('',(2.592158439885,12.866306949855,
    3.723460684554));
#4195 = CARTESIAN_POINT('',(2.592687447636,12.868885012338,3.71759564112
    ));
#4196 = CARTESIAN_POINT('',(2.593171857998,12.871468579617,
    3.711730252809));
#4197 = CARTESIAN_POINT('',(2.593611666088,12.874057560117,
    3.705864908866));
#4198 = CARTESIAN_POINT('',(2.594006869965,12.876651865738,3.7));
#4199 = PCURVE('',#710,#4200);
#4200 = DEFINITIONAL_REPRESENTATION('',(#4201),#4284);
#4201 = B_SPLINE_CURVE_WITH_KNOTS('',6,(#4202,#4203,#4204,#4205,#4206,
    #4207,#4208,#4209,#4210,#4211,#4212,#4213,#4214,#4215,#4216,#4217,
    #4218,#4219,#4220,#4221,#4222,#4223,#4224,#4225,#4226,#4227,#4228,
    #4229,#4230,#4231,#4232,#4233,#4234,#4235,#4236,#4237,#4238,#4239,
    #4240,#4241,#4242,#4243,#4244,#4245,#4246,#4247,#4248,#4249,#4250,
    #4251,#4252,#4253,#4254,#4255,#4256,#4257,#4258,#4259,#4260,#4261,
    #4262,#4263,#4264,#4265,#4266,#4267,#4268,#4269,#4270,#4271,#4272,
    #4273,#4274,#4275,#4276,#4277,#4278,#4279,#4280,#4281,#4282,#4283),
  .UNSPECIFIED.,.F.,.F.,(7,5,5,5,5,5,5,5,5,5,5,5,5,5,5,5,7),(0.,
    6.936792228871E-02,0.16519749851,0.205949625274,0.271841193892,
    0.35301318333,0.448953790814,0.531880063779,0.560254937358,
    0.598845594191,0.630793944048,0.686616247313,0.743480920872,
    0.779014674965,0.892101491362,0.990113800328,1.),.UNSPECIFIED.);
#4202 = CARTESIAN_POINT('',(-1.895712115109,0.));
#4203 = CARTESIAN_POINT('',(-1.886744765981,1.443336726741E-02));
#4204 = CARTESIAN_POINT('',(-1.878247965823,2.995614946715E-02));
#4205 = CARTESIAN_POINT('',(-1.870264147778,4.649509871964E-02));
#4206 = CARTESIAN_POINT('',(-1.862829241946,6.396856575477E-02));
#4207 = CARTESIAN_POINT('',(-1.855972929136,8.228747329791E-02));
#4208 = CARTESIAN_POINT('',(-1.841079145057,0.127699251896));
#4209 = CARTESIAN_POINT('',(-1.833587308955,0.155478677043));
#4210 = CARTESIAN_POINT('',(-1.827307427034,0.184436532117));
#4211 = CARTESIAN_POINT('',(-1.822274333413,0.214315138412));
#4212 = CARTESIAN_POINT('',(-1.818500353924,0.244860071008));
#4213 = CARTESIAN_POINT('',(-1.814911060521,0.288990262613));
#4214 = CARTESIAN_POINT('',(-1.814067097041,0.302234032354));
#4215 = CARTESIAN_POINT('',(-1.81344970674,0.315536017753));
#4216 = CARTESIAN_POINT('',(-1.813058042398,0.328878651756));
#4217 = CARTESIAN_POINT('',(-1.8128908168,0.342245150216));
#4218 = CARTESIAN_POINT('',(-1.813036017211,0.377244338379));
#4219 = CARTESIAN_POINT('',(-1.813708042544,0.398889943724));
#4220 = CARTESIAN_POINT('',(-1.8149553015,0.420488686982));
#4221 = CARTESIAN_POINT('',(-1.816768623793,0.44197986205));
#4222 = CARTESIAN_POINT('',(-1.819137726174,0.463308606545));
#4223 = CARTESIAN_POINT('',(-1.825642530961,0.510437915792));
#4224 = CARTESIAN_POINT('',(-1.830060481739,0.536128355423));
#4225 = CARTESIAN_POINT('',(-1.835286624907,0.561404095198));
#4226 = CARTESIAN_POINT('',(-1.841301482368,0.586184212589));
#4227 = CARTESIAN_POINT('',(-1.848086769561,0.610394758859));
#4228 = CARTESIAN_POINT('',(-1.864538347365,0.661822837954));
#4229 = CARTESIAN_POINT('',(-1.874503420517,0.688783800759));
#4230 = CARTESIAN_POINT('',(-1.885496491256,0.714733024066));
#4231 = CARTESIAN_POINT('',(-1.897494917437,0.739554216776));
#4232 = CARTESIAN_POINT('',(-1.910477428159,0.763116211939));
#4233 = CARTESIAN_POINT('',(-1.936476412234,0.804399792566));
#4234 = CARTESIAN_POINT('',(-1.949247063955,0.822476305843));
#4235 = CARTESIAN_POINT('',(-1.96272211965,0.839388832864));
#4236 = CARTESIAN_POINT('',(-1.976883125912,0.855009290092));
#4237 = CARTESIAN_POINT('',(-1.99169948451,0.86917408258));
#4238 = CARTESIAN_POINT('',(-2.012399340062,0.885953877));
#4239 = CARTESIAN_POINT('',(-2.017747192536,0.890036752928));
#4240 = CARTESIAN_POINT('',(-2.023163604547,0.893916239403));
#4241 = CARTESIAN_POINT('',(-2.02864590588,0.897583170295));
#4242 = CARTESIAN_POINT('',(-2.034190872641,0.901027674224));
#4243 = CARTESIAN_POINT('',(-2.047416133204,0.90860690882));
#4244 = CARTESIAN_POINT('',(-2.055146232021,0.912543552823));
#4245 = CARTESIAN_POINT('',(-2.06297562795,0.916022823294));
#4246 = CARTESIAN_POINT('',(-2.070891893399,0.919015483126));
#4247 = CARTESIAN_POINT('',(-2.078879311232,0.921490809457));
#4248 = CARTESIAN_POINT('',(-2.093574180249,0.925013591245));
#4249 = CARTESIAN_POINT('',(-2.100265151968,0.926233446977));
#4250 = CARTESIAN_POINT('',(-2.106980477418,0.927060269278));
#4251 = CARTESIAN_POINT('',(-2.113706955561,0.927476644624));
#4252 = CARTESIAN_POINT('',(-2.12042943386,0.927466547722));
#4253 = CARTESIAN_POINT('',(-2.1388404349,0.926230925467));
#4254 = CARTESIAN_POINT('',(-2.150489401906,0.924102737557));
#4255 = CARTESIAN_POINT('',(-2.161981464528,0.920560362796));
#4256 = CARTESIAN_POINT('',(-2.173209933108,0.915565652679));
#4257 = CARTESIAN_POINT('',(-2.184070028454,0.909131698146));
#4258 = CARTESIAN_POINT('',(-2.205066274655,0.893403535098));
#4259 = CARTESIAN_POINT('',(-2.215189729595,0.88405446153));
#4260 = CARTESIAN_POINT('',(-2.22474437148,0.873376908601));
#4261 = CARTESIAN_POINT('',(-2.233675293558,0.86150475815));
#4262 = CARTESIAN_POINT('',(-2.24196010641,0.84859503861));
#4263 = CARTESIAN_POINT('',(-2.254372943024,0.826181275798));
#4264 = CARTESIAN_POINT('',(-2.258895221665,0.817214879421));
#4265 = CARTESIAN_POINT('',(-2.263167059886,0.807937475336));
#4266 = CARTESIAN_POINT('',(-2.267192692039,0.79838304809));
#4267 = CARTESIAN_POINT('',(-2.270978480471,0.788582772322));
#4268 = CARTESIAN_POINT('',(-2.285839914331,0.746678758478));
#4269 = CARTESIAN_POINT('',(-2.29478042949,0.712613437543));
#4270 = CARTESIAN_POINT('',(-2.301626133975,0.677190195733));
#4271 = CARTESIAN_POINT('',(-2.306650876408,0.640968976967));
#4272 = CARTESIAN_POINT('',(-2.310052537516,0.604311154673));
#4273 = CARTESIAN_POINT('',(-2.313636830433,0.535464168002));
#4274 = CARTESIAN_POINT('',(-2.314186774379,0.503352644961));
#4275 = CARTESIAN_POINT('',(-2.313714724494,0.471261118997));
#4276 = CARTESIAN_POINT('',(-2.312280094824,0.439326143988));
#4277 = CARTESIAN_POINT('',(-2.309924516933,0.407672729165));
#4278 = CARTESIAN_POINT('',(-2.306348593067,0.373268359581));
#4279 = CARTESIAN_POINT('',(-2.306011869697,0.370120171313));
#4280 = CARTESIAN_POINT('',(-2.305666096839,0.36697622303));
#4281 = CARTESIAN_POINT('',(-2.305311303302,0.363836643197));
#4282 = CARTESIAN_POINT('',(-2.304947516802,0.360701560472));
#4283 = CARTESIAN_POINT('',(-2.304574763968,0.357571103708));
#4284 = ( GEOMETRIC_REPRESENTATION_CONTEXT(2) 
PARAMETRIC_REPRESENTATION_CONTEXT() REPRESENTATION_CONTEXT('2D SPACE',''
  ) );
#4285 = PCURVE('',#4286,#4350);
#4286 = ( BOUNDED_SURFACE() B_SPLINE_SURFACE(6,8,(
    (#4287,#4288,#4289,#4290,#4291,#4292,#4293,#4294,#4295)
    ,(#4296,#4297,#4298,#4299,#4300,#4301,#4302,#4303,#4304)
    ,(#4305,#4306,#4307,#4308,#4309,#4310,#4311,#4312,#4313)
    ,(#4314,#4315,#4316,#4317,#4318,#4319,#4320,#4321,#4322)
    ,(#4323,#4324,#4325,#4326,#4327,#4328,#4329,#4330,#4331)
    ,(#4332,#4333,#4334,#4335,#4336,#4337,#4338,#4339,#4340)
    ,(#4341,#4342,#4343,#4344,#4345,#4346,#4347,#4348,#4349
)),.UNSPECIFIED.,.T.,.F.,.F.) B_SPLINE_SURFACE_WITH_KNOTS((1,6,6,1),(9,9
    ),(-6.28318530718,0.,6.28318530718,12.566370614359),(0.,
8.602478734935),.UNSPECIFIED.) GEOMETRIC_REPRESENTATION_ITEM() 
RATIONAL_B_SPLINE_SURFACE((
    (1.669078461068,1.669078461068,1.669078461068,1.669078461068
      ,1.669078461068,1.669078461068,1.669078461068,1.669078461068
      ,1.669078461068)
    ,(1.03672962321,1.03672962321,1.03672962321,1.03672962321
      ,1.03672962321,1.03672962321,1.03672962321,1.03672962321
      ,1.03672962321)
    ,(1.038346699848,1.038346699848,1.038346699848,1.038346699848
      ,1.038346699848,1.038346699848,1.038346699848,1.038346699848
      ,1.038346699848)
    ,(0.853534330196,0.853534330196,0.853534330196,0.853534330196
      ,0.853534330196,0.853534330196,0.853534330196,0.853534330196
      ,0.853534330196)
    ,(1.038346699848,1.038346699848,1.038346699847,1.038346699848
      ,1.038346699847,1.038346699848,1.038346699847,1.038346699848
      ,1.038346699848)
    ,(1.03672962321,1.03672962321,1.03672962321,1.03672962321
      ,1.03672962321,1.03672962321,1.03672962321,1.03672962321
      ,1.03672962321)
    ,(1.669078461068,1.669078461068,1.669078461068,1.669078461068
      ,1.669078461068,1.669078461068,1.669078461068,1.669078461068
,1.669078461068))) REPRESENTATION_ITEM('') SURFACE() );
#4287 = CARTESIAN_POINT('',(2.5,12.,3.7));
#4288 = CARTESIAN_POINT('',(2.570382932262,13.09082844683,3.7));
#4289 = CARTESIAN_POINT('',(2.760478427577,14.090617848334,3.7));
#4290 = CARTESIAN_POINT('',(3.065921783009,15.001326562661,3.7));
#4291 = CARTESIAN_POINT('',(3.48232690722,15.82642262378,3.7));
#4292 = CARTESIAN_POINT('',(4.005457188549,16.581061554037,3.7));
#4293 = CARTESIAN_POINT('',(4.649756208822,17.274020696472,3.7));
#4294 = CARTESIAN_POINT('',(5.421549751903,17.904132639818,3.7));
#4295 = CARTESIAN_POINT('',(6.325535101812,18.469375023173,3.7));
#4296 = CARTESIAN_POINT('',(2.5,12.,5.195388768014));
#4297 = CARTESIAN_POINT('',(2.570382932262,13.09082844683,5.195388768014
    ));
#4298 = CARTESIAN_POINT('',(2.760478427577,14.090617848334,
    5.195388768014));
#4299 = CARTESIAN_POINT('',(3.065921783009,15.001326562661,
    5.195388768014));
#4300 = CARTESIAN_POINT('',(3.48232690722,15.82642262378,5.195388768014)
  );
#4301 = CARTESIAN_POINT('',(4.005457188549,16.581061554037,
    5.195388768014));
#4302 = CARTESIAN_POINT('',(4.649756208822,17.274020696472,
    5.195388768014));
#4303 = CARTESIAN_POINT('',(5.421549751903,17.904132639818,
    5.195388768014));
#4304 = CARTESIAN_POINT('',(6.325535101812,18.469375023173,
    5.195388768014));
#4305 = CARTESIAN_POINT('',(0.650906628507,12.,5.410101144921));
#4306 = CARTESIAN_POINT('',(0.721289560768,13.274767280529,
    5.410101144921));
#4307 = CARTESIAN_POINT('',(0.932296304537,14.480966743335,
    5.410101144921));
#4308 = CARTESIAN_POINT('',(1.288529649397,15.616533205377,
    5.410101144921));
#4309 = CARTESIAN_POINT('',(1.794614940033,16.677809457709,
    5.410101144921));
#4310 = CARTESIAN_POINT('',(2.455019887605,17.648813271663,
    5.410101144921));
#4311 = CARTESIAN_POINT('',(3.254513039034,18.520288516018,
    5.410101144921));
#4312 = CARTESIAN_POINT('',(4.186423550391,19.293466282215,
    5.410101144921));
#4313 = CARTESIAN_POINT('',(5.245797909315,19.970479247282,
    5.410101144921));
#4314 = CARTESIAN_POINT('',(-0.874205228908,12.,3.7));
#4315 = CARTESIAN_POINT('',(-0.803822296646,13.426478005708,3.7));
#4316 = CARTESIAN_POINT('',(-0.57556818535,14.80292221485,3.7));
#4317 = CARTESIAN_POINT('',(-0.177443816322,16.123948871903,3.7));
#4318 = CARTESIAN_POINT('',(0.402608688354,17.380023946003,3.7));
#4319 = CARTESIAN_POINT('',(1.176236269482,18.529483134219,3.7));
#4320 = CARTESIAN_POINT('',(2.103731831862,19.548196494278,3.7));
#4321 = CARTESIAN_POINT('',(3.167705056036,20.439373376249,3.7));
#4322 = CARTESIAN_POINT('',(4.355242559025,21.208573486707,3.7));
#4323 = CARTESIAN_POINT('',(0.650906628507,12.,1.989898855079));
#4324 = CARTESIAN_POINT('',(0.721289560768,13.274767280529,
    1.989898855079));
#4325 = CARTESIAN_POINT('',(0.932296304537,14.480966743335,
    1.989898855079));
#4326 = CARTESIAN_POINT('',(1.288529649397,15.616533205377,
    1.989898855079));
#4327 = CARTESIAN_POINT('',(1.794614940033,16.677809457709,
    1.989898855079));
#4328 = CARTESIAN_POINT('',(2.455019887605,17.648813271663,
    1.989898855079));
#4329 = CARTESIAN_POINT('',(3.254513039034,18.520288516018,
    1.989898855079));
#4330 = CARTESIAN_POINT('',(4.186423550391,19.293466282215,
    1.989898855079));
#4331 = CARTESIAN_POINT('',(5.245797909315,19.970479247282,
    1.989898855079));
#4332 = CARTESIAN_POINT('',(2.5,12.,2.204611231986));
#4333 = CARTESIAN_POINT('',(2.570382932262,13.09082844683,2.204611231986
    ));
#4334 = CARTESIAN_POINT('',(2.760478427577,14.090617848334,
    2.204611231986));
#4335 = CARTESIAN_POINT('',(3.065921783009,15.001326562661,
    2.204611231986));
#4336 = CARTESIAN_POINT('',(3.48232690722,15.82642262378,2.204611231986)
  );
#4337 = CARTESIAN_POINT('',(4.005457188549,16.581061554037,
    2.204611231986));
#4338 = CARTESIAN_POINT('',(4.649756208822,17.274020696472,
    2.204611231986));
#4339 = CARTESIAN_POINT('',(5.421549751903,17.904132639818,
    2.204611231986));
#4340 = CARTESIAN_POINT('',(6.325535101812,18.469375023173,
    2.204611231986));
#4341 = CARTESIAN_POINT('',(2.5,12.,3.7));
#4342 = CARTESIAN_POINT('',(2.570382932262,13.09082844683,3.7));
#4343 = CARTESIAN_POINT('',(2.760478427577,14.090617848334,3.7));
#4344 = CARTESIAN_POINT('',(3.065921783009,15.001326562661,3.7));
#4345 = CARTESIAN_POINT('',(3.48232690722,15.82642262378,3.7));
#4346 = CARTESIAN_POINT('',(4.005457188549,16.581061554037,3.7));
#4347 = CARTESIAN_POINT('',(4.649756208822,17.274020696472,3.7));
#4348 = CARTESIAN_POINT('',(5.421549751903,17.904132639818,3.7));
#4349 = CARTESIAN_POINT('',(6.325535101812,18.469375023173,3.7));
#4350 = DEFINITIONAL_REPRESENTATION('',(#4351),#4434);
#4351 = B_SPLINE_CURVE_WITH_KNOTS('',6,(#4352,#4353,#4354,#4355,#4356,
    #4357,#4358,#4359,#4360,#4361,#4362,#4363,#4364,#4365,#4366,#4367,
    #4368,#4369,#4370,#4371,#4372,#4373,#4374,#4375,#4376,#4377,#4378,
    #4379,#4380,#4381,#4382,#4383,#4384,#4385,#4386,#4387,#4388,#4389,
    #4390,#4391,#4392,#4393,#4394,#4395,#4396,#4397,#4398,#4399,#4400,
    #4401,#4402,#4403,#4404,#4405,#4406,#4407,#4408,#4409,#4410,#4411,
    #4412,#4413,#4414,#4415,#4416,#4417,#4418,#4419,#4420,#4421,#4422,
    #4423,#4424,#4425,#4426,#4427,#4428,#4429,#4430,#4431,#4432,#4433),
  .UNSPECIFIED.,.F.,.F.,(7,5,5,5,5,5,5,5,5,5,5,5,5,5,5,5,7),(0.,
    6.936792228871E-02,0.16519749851,0.205949625274,0.271841193892,
    0.35301318333,0.448953790814,0.531880063779,0.560254937358,
    0.598845594191,0.630793944048,0.686616247313,0.743480920872,
    0.779014674965,0.892101491362,0.990113800328,1.),.UNSPECIFIED.);
#4352 = CARTESIAN_POINT('',(4.032659958788,1.620944064237));
#4353 = CARTESIAN_POINT('',(3.981645359509,1.626327815025));
#4354 = CARTESIAN_POINT('',(3.930642241615,1.630577608742));
#4355 = CARTESIAN_POINT('',(3.879685234391,1.633625672935));
#4356 = CARTESIAN_POINT('',(3.828808671192,1.635412514369));
#4357 = CARTESIAN_POINT('',(3.778050874545,1.635890530882));
#4358 = CARTESIAN_POINT('',(3.657566605353,1.633835543788));
#4359 = CARTESIAN_POINT('',(3.587977104544,1.630084029016));
#4360 = CARTESIAN_POINT('',(3.518825867685,1.623687974019));
#4361 = CARTESIAN_POINT('',(3.450219549539,1.61462019434));
#4362 = CARTESIAN_POINT('',(3.38225538789,1.602911829698));
#4363 = CARTESIAN_POINT('',(3.286457747526,1.582588983935));
#4364 = CARTESIAN_POINT('',(3.258007848148,1.576063470277));
#4365 = CARTESIAN_POINT('',(3.2296977823,1.569082794616));
#4366 = CARTESIAN_POINT('',(3.201533031217,1.561654864305));
#4367 = CARTESIAN_POINT('',(3.173518137588,1.553788906196));
#4368 = CARTESIAN_POINT('',(3.100607928816,1.532085915169));
#4369 = CARTESIAN_POINT('',(3.055959986841,1.517558536455));
#4370 = CARTESIAN_POINT('',(3.01172816868,1.501957457402));
#4371 = CARTESIAN_POINT('',(2.967919251656,1.485333301849));
#4372 = CARTESIAN_POINT('',(2.924532802623,1.467741290697));
#4373 = CARTESIAN_POINT('',(2.828627229512,1.426446744857));
#4374 = CARTESIAN_POINT('',(2.776323777577,1.402273331563));
#4375 = CARTESIAN_POINT('',(2.724636041074,1.376826253246));
#4376 = CARTESIAN_POINT('',(2.673534331329,1.350217905734));
#4377 = CARTESIAN_POINT('',(2.622973952747,1.322563772222));
#4378 = CARTESIAN_POINT('',(2.51370195423,1.260196210846));
#4379 = CARTESIAN_POINT('',(2.455186208677,1.225116621327));
#4380 = CARTESIAN_POINT('',(2.397235704728,1.188930864365));
#4381 = CARTESIAN_POINT('',(2.339727328325,1.151838179551));
#4382 = CARTESIAN_POINT('',(2.282504808657,1.114056178019));
#4383 = CARTESIAN_POINT('',(2.175962805014,1.042787971661));
#4384 = CARTESIAN_POINT('',(2.126633738556,1.009420759726));
#4385 = CARTESIAN_POINT('',(2.077225584724,0.97588219349));
#4386 = CARTESIAN_POINT('',(2.027590506525,0.942360551063));
#4387 = CARTESIAN_POINT('',(1.977554496049,0.909091939896));
#4388 = CARTESIAN_POINT('',(1.909559517167,0.865179356953));
#4389 = CARTESIAN_POINT('',(1.892152839199,0.854049536874));
#4390 = CARTESIAN_POINT('',(1.874665608827,0.842997174426));
#4391 = CARTESIAN_POINT('',(1.857089366057,0.832035907514));
#4392 = CARTESIAN_POINT('',(1.839415558185,0.821180713162));
#4393 = CARTESIAN_POINT('',(1.797454195485,0.79585097835));
#4394 = CARTESIAN_POINT('',(1.773076986694,0.781480843043));
#4395 = CARTESIAN_POINT('',(1.748481565709,0.76737806667));
#4396 = CARTESIAN_POINT('',(1.723647497219,0.753589814852));
#4397 = CARTESIAN_POINT('',(1.698556768378,0.740168731733));
#4398 = CARTESIAN_POINT('',(1.652197272249,0.716411960983));
#4399 = CARTESIAN_POINT('',(1.631014485273,0.705943067858));
#4400 = CARTESIAN_POINT('',(1.609638034426,0.695797578246));
#4401 = CARTESIAN_POINT('',(1.588062806737,0.686010681862));
#4402 = CARTESIAN_POINT('',(1.5662873735,0.67661867276));
#4403 = CARTESIAN_POINT('',(1.505923074163,0.651999397386));
#4404 = CARTESIAN_POINT('',(1.466918457806,0.637651499656));
#4405 = CARTESIAN_POINT('',(1.427339578574,0.624814629891));
#4406 = CARTESIAN_POINT('',(1.387249463937,0.613668940513));
#4407 = CARTESIAN_POINT('',(1.346751603482,0.604341541515));
#4408 = CARTESIAN_POINT('',(1.264499406596,0.589267673264));
#4409 = CARTESIAN_POINT('',(1.222718646902,0.583588308684));
#4410 = CARTESIAN_POINT('',(1.180830207518,0.579884778986));
#4411 = CARTESIAN_POINT('',(1.138968392993,0.578098846958));
#4412 = CARTESIAN_POINT('',(1.097242299063,0.578105230186));
#4413 = CARTESIAN_POINT('',(1.029810573863,0.580779966793));
#4414 = CARTESIAN_POINT('',(1.003962371233,0.582449054378));
#4415 = CARTESIAN_POINT('',(0.978214794962,0.584721742046));
#4416 = CARTESIAN_POINT('',(0.952578823463,0.58755817852));
#4417 = CARTESIAN_POINT('',(0.927060461832,0.59091820149));
#4418 = CARTESIAN_POINT('',(0.820828150626,0.607003392253));
#4419 = CARTESIAN_POINT('',(0.741288001607,0.624150510364));
#4420 = CARTESIAN_POINT('',(0.662908208577,0.64498497457));
#4421 = CARTESIAN_POINT('',(0.58552655438,0.668532010231));
#4422 = CARTESIAN_POINT('',(0.508932027132,0.694117573829));
#4423 = CARTESIAN_POINT('',(0.366786204661,0.744824080016));
#4424 = CARTESIAN_POINT('',(0.301169304783,0.769536434058));
#4425 = CARTESIAN_POINT('',(0.235768557857,0.795097405235));
#4426 = CARTESIAN_POINT('',(0.170458914287,0.821267228032));
#4427 = CARTESIAN_POINT('',(0.10512395556,0.847854551202));
#4428 = CARTESIAN_POINT('',(3.304420941945E-02,0.87741812947));
#4429 = CARTESIAN_POINT('',(2.643853291243E-02,0.880129588875));
#4430 = CARTESIAN_POINT('',(1.983137869297E-02,0.882843586349));
#4431 = CARTESIAN_POINT('',(1.322264105844E-02,0.885559966517));
#4432 = CARTESIAN_POINT('',(6.61221575947E-03,0.888278577427));
#4433 = CARTESIAN_POINT('',(0.,0.890999270557));
#4434 = ( GEOMETRIC_REPRESENTATION_CONTEXT(2) 
PARAMETRIC_REPRESENTATION_CONTEXT() REPRESENTATION_CONTEXT('2D SPACE',''
  ) );
#4435 = ORIENTED_EDGE('',*,*,#4436,.T.);
#4436 = EDGE_CURVE('',#4113,#4437,#4439,.T.);
#4437 = VERTEX_POINT('',#4438);
#4438 = CARTESIAN_POINT('',(2.320522990356,13.258093468768,3.));
#4439 = SURFACE_CURVE('',#4440,(#4453,#4469),.PCURVE_S1.);
#4440 = B_SPLINE_CURVE_WITH_KNOTS('',6,(#4441,#4442,#4443,#4444,#4445,
    #4446,#4447,#4448,#4449,#4450,#4451,#4452),.UNSPECIFIED.,.F.,.F.,(7,
    5,7),(0.,0.444034577931,1.),.UNSPECIFIED.);
#4441 = CARTESIAN_POINT('',(2.594006869965,12.876651865738,3.7));
#4442 = CARTESIAN_POINT('',(2.597912169893,12.902288106166,
    3.642044525303));
#4443 = CARTESIAN_POINT('',(2.597473341609,12.928518748878,
    3.583963293048));
#4444 = CARTESIAN_POINT('',(2.592641053936,12.955266105102,
    3.526129904211));
#4445 = CARTESIAN_POINT('',(2.583394721538,12.982481523373,
    3.468942361159));
#4446 = CARTESIAN_POINT('',(2.569755098925,13.010135206642,
    3.412817228787));
#4447 = CARTESIAN_POINT('',(2.52931179706,13.073352857081,3.289778538016
    ));
#4448 = CARTESIAN_POINT('',(2.50005593673,13.109154318177,3.223710348499
    ));
#4449 = CARTESIAN_POINT('',(2.464177478252,13.145565183885,3.16082928152
    ));
#4450 = CARTESIAN_POINT('',(2.421961574894,13.182558885099,
    3.102014708842));
#4451 = CARTESIAN_POINT('',(2.373865367609,13.220101246027,3.04813880352
    ));
#4452 = CARTESIAN_POINT('',(2.320522990356,13.258093468768,3.));
#4453 = PCURVE('',#710,#4454);
#4454 = DEFINITIONAL_REPRESENTATION('',(#4455),#4468);
#4455 = B_SPLINE_CURVE_WITH_KNOTS('',6,(#4456,#4457,#4458,#4459,#4460,
    #4461,#4462,#4463,#4464,#4465,#4466,#4467),.UNSPECIFIED.,.F.,.F.,(7,
    5,7),(0.,0.444034577931,1.),.UNSPECIFIED.);
#4456 = CARTESIAN_POINT('',(-2.304574763947,0.357571103535));
#4457 = CARTESIAN_POINT('',(-2.300891319245,0.326636759649));
#4458 = CARTESIAN_POINT('',(-2.296321628656,0.296064361667));
#4459 = CARTESIAN_POINT('',(-2.290881671937,0.265981120405));
#4460 = CARTESIAN_POINT('',(-2.284578234087,0.236521127145));
#4461 = CARTESIAN_POINT('',(-2.277415056958,0.207828969661));
#4462 = CARTESIAN_POINT('',(-2.259362259968,0.145298656025));
#4463 = CARTESIAN_POINT('',(-2.247988265416,0.111985679487));
#4464 = CARTESIAN_POINT('',(-2.235291711043,8.043964710362E-02));
#4465 = CARTESIAN_POINT('',(-2.221296558853,5.100738018993E-02));
#4466 = CARTESIAN_POINT('',(-2.206057795988,2.406940175992E-02));
#4467 = CARTESIAN_POINT('',(-2.189685528659,0.));
#4468 = ( GEOMETRIC_REPRESENTATION_CONTEXT(2) 
PARAMETRIC_REPRESENTATION_CONTEXT() REPRESENTATION_CONTEXT('2D SPACE',''
  ) );
#4469 = PCURVE('',#4286,#4470);
#4470 = DEFINITIONAL_REPRESENTATION('',(#4471),#4484);
#4471 = B_SPLINE_CURVE_WITH_KNOTS('',6,(#4472,#4473,#4474,#4475,#4476,
    #4477,#4478,#4479,#4480,#4481,#4482,#4483),.UNSPECIFIED.,.F.,.F.,(7,
    5,7),(0.,0.444034577931,1.),.UNSPECIFIED.);
#4472 = CARTESIAN_POINT('',(6.28318530718,0.890999270557));
#4473 = CARTESIAN_POINT('',(6.217845143862,0.917884438846));
#4474 = CARTESIAN_POINT('',(6.152585706555,0.945050989907));
#4475 = CARTESIAN_POINT('',(6.087306244767,0.972359512074));
#4476 = CARTESIAN_POINT('',(6.021925031862,0.999698230176));
#4477 = CARTESIAN_POINT('',(5.956374803745,1.026978007823));
#4478 = CARTESIAN_POINT('',(5.808240830696,1.088120412549));
#4479 = CARTESIAN_POINT('',(5.725527188193,1.121909635567));
#4480 = CARTESIAN_POINT('',(5.642355340774,1.155350772737));
#4481 = CARTESIAN_POINT('',(5.558655899676,1.188340600881));
#4482 = CARTESIAN_POINT('',(5.474382289056,1.220804850707));
#4483 = CARTESIAN_POINT('',(5.389523625451,1.25265151423));
#4484 = ( GEOMETRIC_REPRESENTATION_CONTEXT(2) 
PARAMETRIC_REPRESENTATION_CONTEXT() REPRESENTATION_CONTEXT('2D SPACE',''
  ) );
#4485 = ORIENTED_EDGE('',*,*,#4486,.T.);
#4486 = EDGE_CURVE('',#4437,#681,#4487,.T.);
#4487 = SURFACE_CURVE('',#4488,(#4493,#4500),.PCURVE_S1.);
#4488 = CIRCLE('',#4489,4.);
#4489 = AXIS2_PLACEMENT_3D('',#4490,#4491,#4492);
#4490 = CARTESIAN_POINT('',(1.498801083244E-15,10.,3.));
#4491 = DIRECTION('',(0.,0.,-1.));
#4492 = DIRECTION('',(-1.,0.,0.));
#4493 = PCURVE('',#710,#4494);
#4494 = DEFINITIONAL_REPRESENTATION('',(#4495),#4499);
#4495 = LINE('',#4496,#4497);
#4496 = CARTESIAN_POINT('',(-0.,0.));
#4497 = VECTOR('',#4498,1.);
#4498 = DIRECTION('',(-1.,0.));
#4499 = ( GEOMETRIC_REPRESENTATION_CONTEXT(2) 
PARAMETRIC_REPRESENTATION_CONTEXT() REPRESENTATION_CONTEXT('2D SPACE',''
  ) );
#4500 = PCURVE('',#2301,#4501);
#4501 = DEFINITIONAL_REPRESENTATION('',(#4502),#4506);
#4502 = LINE('',#4503,#4504);
#4503 = CARTESIAN_POINT('',(0.,-3.));
#4504 = VECTOR('',#4505,1.);
#4505 = DIRECTION('',(1.,0.));
#4506 = ( GEOMETRIC_REPRESENTATION_CONTEXT(2) 
PARAMETRIC_REPRESENTATION_CONTEXT() REPRESENTATION_CONTEXT('2D SPACE',''
  ) );
#4507 = ORIENTED_EDGE('',*,*,#678,.F.);
#4508 = FACE_BOUND('',#4509,.F.);
#4509 = EDGE_LOOP('',(#4510,#4567,#4604));
#4510 = ORIENTED_EDGE('',*,*,#4511,.F.);
#4511 = EDGE_CURVE('',#4512,#4514,#4516,.T.);
#4512 = VERTEX_POINT('',#4513);
#4513 = CARTESIAN_POINT('',(2.766432600453,10.770694376511,4.8));
#4514 = VERTEX_POINT('',#4515);
#4515 = CARTESIAN_POINT('',(2.27641506148,11.750729454455,4.8));
#4516 = SURFACE_CURVE('',#4517,(#4530,#4546),.PCURVE_S1.);
#4517 = B_SPLINE_CURVE_WITH_KNOTS('',6,(#4518,#4519,#4520,#4521,#4522,
    #4523,#4524,#4525,#4526,#4527,#4528,#4529),.UNSPECIFIED.,.F.,.F.,(7,
    5,7),(0.,0.172872869271,1.),.UNSPECIFIED.);
#4518 = CARTESIAN_POINT('',(2.871501202304,10.04,4.8));
#4519 = CARTESIAN_POINT('',(2.87065158428,10.100991904718,4.8));
#4520 = CARTESIAN_POINT('',(2.868247373048,10.161962200281,4.8));
#4521 = CARTESIAN_POINT('',(2.864289260882,10.222861261388,4.8));
#4522 = CARTESIAN_POINT('',(2.858780039325,10.28363963108,4.8));
#4523 = CARTESIAN_POINT('',(2.851724599194,10.344248020739,4.8));
#4524 = CARTESIAN_POINT('',(2.802007898959,10.693575764289,4.8));
#4525 = CARTESIAN_POINT('',(2.725636501218,10.977586031782,4.8));
#4526 = CARTESIAN_POINT('',(2.614771447345,11.251094205557,4.8));
#4527 = CARTESIAN_POINT('',(2.471356468888,11.509028161011,4.8));
#4528 = CARTESIAN_POINT('',(2.298121565838,11.746691980514,4.8));
#4529 = CARTESIAN_POINT('',(2.098932860964,11.96,4.8));
#4530 = PCURVE('',#710,#4531);
#4531 = DEFINITIONAL_REPRESENTATION('',(#4532),#4545);
#4532 = B_SPLINE_CURVE_WITH_KNOTS('',6,(#4533,#4534,#4535,#4536,#4537,
    #4538,#4539,#4540,#4541,#4542,#4543,#4544),.UNSPECIFIED.,.F.,.F.,(7,
    5,7),(0.,0.172872869271,1.),.UNSPECIFIED.);
#4533 = CARTESIAN_POINT('',(-3.127663541538,1.119769514999));
#4534 = CARTESIAN_POINT('',(-3.106423116954,1.119769514999));
#4535 = CARTESIAN_POINT('',(-3.085182700923,1.119769514999));
#4536 = CARTESIAN_POINT('',(-3.063942278906,1.119769514999));
#4537 = CARTESIAN_POINT('',(-3.042701846537,1.119769514999));
#4538 = CARTESIAN_POINT('',(-3.021461409631,1.119769514999));
#4539 = CARTESIAN_POINT('',(-2.898594093652,1.119769514999));
#4540 = CARTESIAN_POINT('',(-2.796937338795,1.119769514999));
#4541 = CARTESIAN_POINT('',(-2.695315514631,1.119769514999));
#4542 = CARTESIAN_POINT('',(-2.593693690419,1.119769514999));
#4543 = CARTESIAN_POINT('',(-2.492036935375,1.119769514999));
#4544 = CARTESIAN_POINT('',(-2.390410045133,1.119769514999));
#4545 = ( GEOMETRIC_REPRESENTATION_CONTEXT(2) 
PARAMETRIC_REPRESENTATION_CONTEXT() REPRESENTATION_CONTEXT('2D SPACE',''
  ) );
#4546 = PCURVE('',#4547,#4552);
#4547 = PLANE('',#4548);
#4548 = AXIS2_PLACEMENT_3D('',#4549,#4550,#4551);
#4549 = CARTESIAN_POINT('',(2.,11.,4.8));
#4550 = DIRECTION('',(0.,0.,1.));
#4551 = DIRECTION('',(1.,0.,-0.));
#4552 = DEFINITIONAL_REPRESENTATION('',(#4553),#4566);
#4553 = B_SPLINE_CURVE_WITH_KNOTS('',6,(#4554,#4555,#4556,#4557,#4558,
    #4559,#4560,#4561,#4562,#4563,#4564,#4565),.UNSPECIFIED.,.F.,.F.,(7,
    5,7),(0.,0.172872869271,1.),.UNSPECIFIED.);
#4554 = CARTESIAN_POINT('',(0.871501202304,-0.96));
#4555 = CARTESIAN_POINT('',(0.87065158428,-0.899008095282));
#4556 = CARTESIAN_POINT('',(0.868247373048,-0.838037799719));
#4557 = CARTESIAN_POINT('',(0.864289260882,-0.777138738612));
#4558 = CARTESIAN_POINT('',(0.858780039325,-0.71636036892));
#4559 = CARTESIAN_POINT('',(0.851724599194,-0.655751979261));
#4560 = CARTESIAN_POINT('',(0.802007898959,-0.306424235711));
#4561 = CARTESIAN_POINT('',(0.725636501218,-2.241396821808E-02));
#4562 = CARTESIAN_POINT('',(0.614771447345,0.251094205557));
#4563 = CARTESIAN_POINT('',(0.471356468888,0.509028161011));
#4564 = CARTESIAN_POINT('',(0.298121565838,0.746691980514));
#4565 = CARTESIAN_POINT('',(9.893286096353E-02,0.96));
#4566 = ( GEOMETRIC_REPRESENTATION_CONTEXT(2) 
PARAMETRIC_REPRESENTATION_CONTEXT() REPRESENTATION_CONTEXT('2D SPACE',''
  ) );
#4567 = ORIENTED_EDGE('',*,*,#4568,.T.);
#4568 = EDGE_CURVE('',#4512,#4569,#4571,.T.);
#4569 = VERTEX_POINT('',#4570);
#4570 = CARTESIAN_POINT('',(2.8,11.,4.747242111974));
#4571 = SURFACE_CURVE('',#4572,(#4579,#4589),.PCURVE_S1.);
#4572 = B_SPLINE_CURVE_WITH_KNOTS('',5,(#4573,#4574,#4575,#4576,#4577,
    #4578),.UNSPECIFIED.,.F.,.F.,(6,6),(0.,1.),
  .PIECEWISE_BEZIER_KNOTS.);
#4573 = CARTESIAN_POINT('',(2.766431934516,10.770692150692,4.8000006));
#4574 = CARTESIAN_POINT('',(2.779650650078,10.814874003911,4.78809076091
    ));
#4575 = CARTESIAN_POINT('',(2.789734888232,10.860172860526,
    4.776658895214));
#4576 = CARTESIAN_POINT('',(2.796556411862,10.906331754598,4.76590485242
    ));
#4577 = CARTESIAN_POINT('',(2.8,10.953054817056,4.756036792152));
#4578 = CARTESIAN_POINT('',(2.8,11.,4.747242111974));
#4579 = PCURVE('',#710,#4580);
#4580 = DEFINITIONAL_REPRESENTATION('',(#4581),#4588);
#4581 = B_SPLINE_CURVE_WITH_KNOTS('',5,(#4582,#4583,#4584,#4585,#4586,
    #4587),.UNSPECIFIED.,.F.,.F.,(6,6),(0.,1.),
  .PIECEWISE_BEZIER_KNOTS.);
#4582 = CARTESIAN_POINT('',(-2.869894645628,1.119770203246));
#4583 = CARTESIAN_POINT('',(-2.856309462256,1.106108661457));
#4584 = CARTESIAN_POINT('',(-2.84234748168,1.093477032006));
#4585 = CARTESIAN_POINT('',(-2.828045241695,1.08195439048));
#4586 = CARTESIAN_POINT('',(-2.813438228129,1.071631512965));
#4587 = CARTESIAN_POINT('',(-2.798568713169,1.06259477239));
#4588 = ( GEOMETRIC_REPRESENTATION_CONTEXT(2) 
PARAMETRIC_REPRESENTATION_CONTEXT() REPRESENTATION_CONTEXT('2D SPACE',''
  ) );
#4589 = PCURVE('',#4590,#4595);
#4590 = CYLINDRICAL_SURFACE('',#4591,0.8);
#4591 = AXIS2_PLACEMENT_3D('',#4592,#4593,#4594);
#4592 = CARTESIAN_POINT('',(2.,11.,4.4));
#4593 = DIRECTION('',(-0.,-0.,-1.));
#4594 = DIRECTION('',(1.,0.,0.));
#4595 = DEFINITIONAL_REPRESENTATION('',(#4596),#4603);
#4596 = B_SPLINE_CURVE_WITH_KNOTS('',5,(#4597,#4598,#4599,#4600,#4601,
    #4602),.UNSPECIFIED.,.F.,.F.,(6,6),(0.,1.),
  .PIECEWISE_BEZIER_KNOTS.);
#4597 = CARTESIAN_POINT('',(-5.992472900694,-0.4000006));
#4598 = CARTESIAN_POINT('',(-6.050119054552,-0.38809076091));
#4599 = CARTESIAN_POINT('',(-6.107979947869,-0.376658895214));
#4600 = CARTESIAN_POINT('',(-6.16610013241,-0.36590485242));
#4601 = CARTESIAN_POINT('',(-6.2245038285,-0.356036792152));
#4602 = CARTESIAN_POINT('',(-6.28318530718,-0.347242111974));
#4603 = ( GEOMETRIC_REPRESENTATION_CONTEXT(2) 
PARAMETRIC_REPRESENTATION_CONTEXT() REPRESENTATION_CONTEXT('2D SPACE',''
  ) );
#4604 = ORIENTED_EDGE('',*,*,#4605,.T.);
#4605 = EDGE_CURVE('',#4569,#4514,#4606,.T.);
#4606 = SURFACE_CURVE('',#4607,(#4625,#4646),.PCURVE_S1.);
#4607 = B_SPLINE_CURVE_WITH_KNOTS('',6,(#4608,#4609,#4610,#4611,#4612,
    #4613,#4614,#4615,#4616,#4617,#4618,#4619,#4620,#4621,#4622,#4623,
    #4624),.UNSPECIFIED.,.F.,.F.,(7,5,5,7),(0.,0.384425970861,
    0.743407037836,1.),.UNSPECIFIED.);
#4608 = CARTESIAN_POINT('',(2.8,11.,4.747242111974));
#4609 = CARTESIAN_POINT('',(2.8,11.062013080155,4.735624621688));
#4610 = CARTESIAN_POINT('',(2.794231562556,11.124418434717,
    4.725801404246));
#4611 = CARTESIAN_POINT('',(2.782557898154,11.186494383397,
    4.718153549645));
#4612 = CARTESIAN_POINT('',(2.76497603084,11.247458255473,4.713002684049
    ));
#4613 = CARTESIAN_POINT('',(2.741658267074,11.306483053278,
    4.710531520375));
#4614 = CARTESIAN_POINT('',(2.686274412133,11.415338073394,
    4.710913056911));
#4615 = CARTESIAN_POINT('',(2.654878601538,11.465539770214,
    4.713424304152));
#4616 = CARTESIAN_POINT('',(2.619159056997,11.512731658905,
    4.718258153765));
#4617 = CARTESIAN_POINT('',(2.579569391021,11.556399336004,4.72526478834
    ));
#4618 = CARTESIAN_POINT('',(2.536618179011,11.596155833167,
    4.734188717214));
#4619 = CARTESIAN_POINT('',(2.458117892907,11.657149217942,
    4.752256586373));
#4620 = CARTESIAN_POINT('',(2.423946009846,11.680438368307,
    4.760613151111));
#4621 = CARTESIAN_POINT('',(2.388509696463,11.701497223167,
    4.769685599837));
#4622 = CARTESIAN_POINT('',(2.351992283212,11.720259571986,
    4.779354996934));
#4623 = CARTESIAN_POINT('',(2.314570928454,11.736680769161,
    4.789499427847));
#4624 = CARTESIAN_POINT('',(2.276412881263,11.750730257197,4.8000006));
#4625 = PCURVE('',#710,#4626);
#4626 = DEFINITIONAL_REPRESENTATION('',(#4627),#4645);
#4627 = B_SPLINE_CURVE_WITH_KNOTS('',6,(#4628,#4629,#4630,#4631,#4632,
    #4633,#4634,#4635,#4636,#4637,#4638,#4639,#4640,#4641,#4642,#4643,
    #4644),.UNSPECIFIED.,.F.,.F.,(7,5,5,7),(0.,0.384425970861,
    0.743407037836,1.),.UNSPECIFIED.);
#4628 = CARTESIAN_POINT('',(-2.798568713169,1.06259477239));
#4629 = CARTESIAN_POINT('',(-2.778926561084,1.050657528088));
#4630 = CARTESIAN_POINT('',(-2.758838337669,1.040870848453));
#4631 = CARTESIAN_POINT('',(-2.738400814202,1.033416462166));
#4632 = CARTESIAN_POINT('',(-2.717716524309,1.028448786857));
#4633 = CARTESIAN_POINT('',(-2.696901755621,1.026063455609));
#4634 = CARTESIAN_POINT('',(-2.65667431158,1.026431715092));
#4635 = CARTESIAN_POINT('',(-2.637252112881,1.028855692169));
#4636 = CARTESIAN_POINT('',(-2.61794798301,1.033524144647));
#4637 = CARTESIAN_POINT('',(-2.598857078381,1.040359297981));
#4638 = CARTESIAN_POINT('',(-2.580063745737,1.049237959568));
#4639 = CARTESIAN_POINT('',(-2.54848354162,1.067717579574));
#4640 = CARTESIAN_POINT('',(-2.535510117816,1.07639159645));
#4641 = CARTESIAN_POINT('',(-2.522752563302,1.085985929233));
#4642 = CARTESIAN_POINT('',(-2.510233389772,1.096447492205));
#4643 = CARTESIAN_POINT('',(-2.49797380432,1.107724515548));
#4644 = CARTESIAN_POINT('',(-2.48599544355,1.119770203246));
#4645 = ( GEOMETRIC_REPRESENTATION_CONTEXT(2) 
PARAMETRIC_REPRESENTATION_CONTEXT() REPRESENTATION_CONTEXT('2D SPACE',''
  ) );
#4646 = PCURVE('',#4590,#4647);
#4647 = DEFINITIONAL_REPRESENTATION('',(#4648),#4666);
#4648 = B_SPLINE_CURVE_WITH_KNOTS('',6,(#4649,#4650,#4651,#4652,#4653,
    #4654,#4655,#4656,#4657,#4658,#4659,#4660,#4661,#4662,#4663,#4664,
    #4665),.UNSPECIFIED.,.F.,.F.,(7,5,5,7),(0.,0.384425970861,
    0.743407037836,1.),.UNSPECIFIED.);
#4649 = CARTESIAN_POINT('',(0.,-0.347242111974));
#4650 = CARTESIAN_POINT('',(-7.751635019376E-02,-0.335624621688));
#4651 = CARTESIAN_POINT('',(-0.155522926463,-0.325801404246));
#4652 = CARTESIAN_POINT('',(-0.233956827284,-0.318153549645));
#4653 = CARTESIAN_POINT('',(-0.312728435328,-0.313002684049));
#4654 = CARTESIAN_POINT('',(-0.391704625274,-0.310531520375));
#4655 = CARTESIAN_POINT('',(-0.544372498001,-0.310913056911));
#4656 = CARTESIAN_POINT('',(-0.61809790266,-0.313424304152));
#4657 = CARTESIAN_POINT('',(-0.691642583123,-0.318258153765));
#4658 = CARTESIAN_POINT('',(-0.764896041273,-0.32526478834));
#4659 = CARTESIAN_POINT('',(-0.83778255967,-0.334188717214));
#4660 = CARTESIAN_POINT('',(-0.962045938632,-0.352256586373));
#4661 = CARTESIAN_POINT('',(-1.013637172922,-0.360613151111));
#4662 = CARTESIAN_POINT('',(-1.065016622284,-0.369685599837));
#4663 = CARTESIAN_POINT('',(-1.116191505846,-0.379354996934));
#4664 = CARTESIAN_POINT('',(-1.167179718158,-0.389499427847));
#4665 = CARTESIAN_POINT('',(-1.218007624487,-0.4000006));
#4666 = ( GEOMETRIC_REPRESENTATION_CONTEXT(2) 
PARAMETRIC_REPRESENTATION_CONTEXT() REPRESENTATION_CONTEXT('2D SPACE',''
  ) );
#4667 = ADVANCED_FACE('',(#4668),#2301,.T.);
#4668 = FACE_BOUND('',#4669,.T.);
#4669 = EDGE_LOOP('',(#4670,#4671,#4672,#4750,#4751,#4752,#4753,#4754,
    #4781,#4782));
#4670 = ORIENTED_EDGE('',*,*,#2765,.F.);
#4671 = ORIENTED_EDGE('',*,*,#4088,.T.);
#4672 = ORIENTED_EDGE('',*,*,#4673,.F.);
#4673 = EDGE_CURVE('',#4437,#4089,#4674,.T.);
#4674 = SURFACE_CURVE('',#4675,(#4698,#4724),.PCURVE_S1.);
#4675 = B_SPLINE_CURVE_WITH_KNOTS('',5,(#4676,#4677,#4678,#4679,#4680,
    #4681,#4682,#4683,#4684,#4685,#4686,#4687,#4688,#4689,#4690,#4691,
    #4692,#4693,#4694,#4695,#4696,#4697),.UNSPECIFIED.,.F.,.F.,(6,4,4,4,
    4,6),(0.,0.26748392345,0.383618815364,0.600949373171,0.858274668707,
    1.),.UNSPECIFIED.);
#4676 = CARTESIAN_POINT('',(2.320523655212,13.258092995235,3.0000006));
#4677 = CARTESIAN_POINT('',(2.277892307925,13.288456477793,
    2.961527875685));
#4678 = CARTESIAN_POINT('',(2.231732308371,13.320281872843,
    2.926668259143));
#4679 = CARTESIAN_POINT('',(2.182179473866,13.353175531525,
    2.895881775657));
#4680 = CARTESIAN_POINT('',(2.129462897443,13.386678006681,
    2.869737305507));
#4681 = CARTESIAN_POINT('',(2.049986774714,13.434872048035,
    2.839672848629));
#4682 = CARTESIAN_POINT('',(2.025419076734,13.449480580757,
    2.831548163305));
#4683 = CARTESIAN_POINT('',(2.000383308515,13.464064952497,
    2.824445631305));
#4684 = CARTESIAN_POINT('',(1.974929276519,13.478581330734,
    2.818406137763));
#4685 = CARTESIAN_POINT('',(1.900813374382,13.519938676953,
    2.804221729532));
#4686 = CARTESIAN_POINT('',(1.851247916986,13.546501836355,
    2.798825482652));
#4687 = CARTESIAN_POINT('',(1.800835990059,13.572369382023,
    2.797515224034));
#4688 = CARTESIAN_POINT('',(1.750094599449,13.597259861636,
    2.800423035238));
#4689 = CARTESIAN_POINT('',(1.639845592714,13.649008888829,
    2.815843327888));
#4690 = CARTESIAN_POINT('',(1.58041864434,13.675398060407,2.830028344196
    ));
#4691 = CARTESIAN_POINT('',(1.522328205416,13.699747153033,
    2.849934112473));
#4692 = CARTESIAN_POINT('',(1.466440032057,13.721930535318,
    2.875095681014));
#4693 = CARTESIAN_POINT('',(1.384204625508,13.752992442171,
    2.921300063202));
#4694 = CARTESIAN_POINT('',(1.355860275067,13.763373035628,
    2.939118131595));
#4695 = CARTESIAN_POINT('',(1.328481612194,13.773106582668,
    2.958244971527));
#4696 = CARTESIAN_POINT('',(1.302147077552,13.782211241548,
    2.978573513276));
#4697 = CARTESIAN_POINT('',(1.276915219298,13.790710688344,3.0000006));
#4698 = PCURVE('',#2301,#4699);
#4699 = DEFINITIONAL_REPRESENTATION('',(#4700),#4723);
#4700 = B_SPLINE_CURVE_WITH_KNOTS('',5,(#4701,#4702,#4703,#4704,#4705,
    #4706,#4707,#4708,#4709,#4710,#4711,#4712,#4713,#4714,#4715,#4716,
    #4717,#4718,#4719,#4720,#4721,#4722),.UNSPECIFIED.,.F.,.F.,(6,4,4,4,
    4,6),(0.,0.26748392345,0.383618815364,0.600949373171,0.858274668707,
    1.),.UNSPECIFIED.);
#4701 = CARTESIAN_POINT('',(2.189685732722,-3.0000006));
#4702 = CARTESIAN_POINT('',(2.176600978128,-2.961527875685));
#4703 = CARTESIAN_POINT('',(2.162585630349,-2.926668259143));
#4704 = CARTESIAN_POINT('',(2.147719930323,-2.895881775657));
#4705 = CARTESIAN_POINT('',(2.132108000125,-2.869737305507));
#4706 = CARTESIAN_POINT('',(2.108871283885,-2.839672848629));
#4707 = CARTESIAN_POINT('',(2.101725836043,-2.831548163305));
#4708 = CARTESIAN_POINT('',(2.094482723557,-2.824445631305));
#4709 = CARTESIAN_POINT('',(2.087157436016,-2.818406137763));
#4710 = CARTESIAN_POINT('',(2.065938934308,-2.804221729532));
#4711 = CARTESIAN_POINT('',(2.051882299024,-2.798825482652));
#4712 = CARTESIAN_POINT('',(2.037720125233,-2.797515224034));
#4713 = CARTESIAN_POINT('',(2.023592850294,-2.800423035238));
#4714 = CARTESIAN_POINT('',(1.993145349061,-2.815843327888));
#4715 = CARTESIAN_POINT('',(1.976893283133,-2.830028344196));
#4716 = CARTESIAN_POINT('',(1.961150809309,-2.849934112473));
#4717 = CARTESIAN_POINT('',(1.946120422085,-2.875095681014));
#4718 = CARTESIAN_POINT('',(1.924143866185,-2.921300063202));
#4719 = CARTESIAN_POINT('',(1.916597898886,-2.939118131595));
#4720 = CARTESIAN_POINT('',(1.909333943675,-2.958244971527));
#4721 = CARTESIAN_POINT('',(1.902368162955,-2.978573513276));
#4722 = CARTESIAN_POINT('',(1.895711928722,-3.0000006));
#4723 = ( GEOMETRIC_REPRESENTATION_CONTEXT(2) 
PARAMETRIC_REPRESENTATION_CONTEXT() REPRESENTATION_CONTEXT('2D SPACE',''
  ) );
#4724 = PCURVE('',#4286,#4725);
#4725 = DEFINITIONAL_REPRESENTATION('',(#4726),#4749);
#4726 = B_SPLINE_CURVE_WITH_KNOTS('',5,(#4727,#4728,#4729,#4730,#4731,
    #4732,#4733,#4734,#4735,#4736,#4737,#4738,#4739,#4740,#4741,#4742,
    #4743,#4744,#4745,#4746,#4747,#4748),.UNSPECIFIED.,.F.,.F.,(6,4,4,4,
    4,6),(0.,0.26748392345,0.383618815364,0.600949373171,0.858274668707,
    1.),.UNSPECIFIED.);
#4727 = CARTESIAN_POINT('',(5.389524683125,1.252651117295));
#4728 = CARTESIAN_POINT('',(5.321705388567,1.278103058814));
#4729 = CARTESIAN_POINT('',(5.253135990365,1.304318427831));
#4730 = CARTESIAN_POINT('',(5.183646098672,1.330848007075));
#4731 = CARTESIAN_POINT('',(5.113135035302,1.357202468663));
#4732 = CARTESIAN_POINT('',(5.010555663914,1.39408674876));
#4733 = CARTESIAN_POINT('',(4.979311926386,1.405132527015));
#4734 = CARTESIAN_POINT('',(4.947881466114,1.416019159973));
#4735 = CARTESIAN_POINT('',(4.916272971289,1.426709883212));
#4736 = CARTESIAN_POINT('',(4.825044628532,1.456744459262));
#4737 = CARTESIAN_POINT('',(4.76500631355,1.47551497061));
#4738 = CARTESIAN_POINT('',(4.704510874688,1.493246572613));
#4739 = CARTESIAN_POINT('',(4.643711905006,1.509766232817));
#4740 = CARTESIAN_POINT('',(4.510770673066,1.543008052606));
#4741 = CARTESIAN_POINT('',(4.438571578448,1.559215053998));
#4742 = CARTESIAN_POINT('',(4.366645827265,1.573454230561));
#4743 = CARTESIAN_POINT('',(4.295258595994,1.585814431759));
#4744 = CARTESIAN_POINT('',(4.185747219774,1.60233049583));
#4745 = CARTESIAN_POINT('',(4.147079850249,1.607678661292));
#4746 = CARTESIAN_POINT('',(4.108667713456,1.612538687903));
#4747 = CARTESIAN_POINT('',(4.070525765867,1.616947960519));
#4748 = CARTESIAN_POINT('',(4.032658898441,1.620944176139));
#4749 = ( GEOMETRIC_REPRESENTATION_CONTEXT(2) 
PARAMETRIC_REPRESENTATION_CONTEXT() REPRESENTATION_CONTEXT('2D SPACE',''
  ) );
#4750 = ORIENTED_EDGE('',*,*,#4486,.T.);
#4751 = ORIENTED_EDGE('',*,*,#2283,.T.);
#4752 = ORIENTED_EDGE('',*,*,#2318,.T.);
#4753 = ORIENTED_EDGE('',*,*,#2465,.F.);
#4754 = ORIENTED_EDGE('',*,*,#4755,.F.);
#4755 = EDGE_CURVE('',#2571,#2438,#4756,.T.);
#4756 = SURFACE_CURVE('',#4757,(#4762,#4769),.PCURVE_S1.);
#4757 = CIRCLE('',#4758,4.);
#4758 = AXIS2_PLACEMENT_3D('',#4759,#4760,#4761);
#4759 = CARTESIAN_POINT('',(1.498801083244E-15,10.,0.6));
#4760 = DIRECTION('',(0.,0.,-1.));
#4761 = DIRECTION('',(-1.,0.,0.));
#4762 = PCURVE('',#2301,#4763);
#4763 = DEFINITIONAL_REPRESENTATION('',(#4764),#4768);
#4764 = LINE('',#4765,#4766);
#4765 = CARTESIAN_POINT('',(0.,-0.6));
#4766 = VECTOR('',#4767,1.);
#4767 = DIRECTION('',(1.,0.));
#4768 = ( GEOMETRIC_REPRESENTATION_CONTEXT(2) 
PARAMETRIC_REPRESENTATION_CONTEXT() REPRESENTATION_CONTEXT('2D SPACE',''
  ) );
#4769 = PCURVE('',#4770,#4775);
#4770 = TOROIDAL_SURFACE('',#4771,3.4,0.6);
#4771 = AXIS2_PLACEMENT_3D('',#4772,#4773,#4774);
#4772 = CARTESIAN_POINT('',(1.498801083244E-15,10.,0.6));
#4773 = DIRECTION('',(-0.,0.,-1.));
#4774 = DIRECTION('',(-1.,0.,0.));
#4775 = DEFINITIONAL_REPRESENTATION('',(#4776),#4780);
#4776 = LINE('',#4777,#4778);
#4777 = CARTESIAN_POINT('',(0.,0.));
#4778 = VECTOR('',#4779,1.);
#4779 = DIRECTION('',(1.,0.));
#4780 = ( GEOMETRIC_REPRESENTATION_CONTEXT(2) 
PARAMETRIC_REPRESENTATION_CONTEXT() REPRESENTATION_CONTEXT('2D SPACE',''
  ) );
#4781 = ORIENTED_EDGE('',*,*,#2615,.T.);
#4782 = ORIENTED_EDGE('',*,*,#2664,.T.);
#4783 = ADVANCED_FACE('',(#4784),#1319,.T.);
#4784 = FACE_BOUND('',#4785,.T.);
#4785 = EDGE_LOOP('',(#4786,#4787,#4788,#4789,#5384));
#4786 = ORIENTED_EDGE('',*,*,#729,.F.);
#4787 = ORIENTED_EDGE('',*,*,#4034,.F.);
#4788 = ORIENTED_EDGE('',*,*,#3431,.F.);
#4789 = ORIENTED_EDGE('',*,*,#4790,.T.);
#4790 = EDGE_CURVE('',#3432,#3853,#4791,.T.);
#4791 = SURFACE_CURVE('',#4792,(#5083,#5090),.PCURVE_S1.);
#4792 = ( BOUNDED_CURVE() B_SPLINE_CURVE(13,(#4793,#4794,#4795,#4796,
    #4797,#4798,#4799,#4800,#4801,#4802,#4803,#4804,#4805,#4806,#4807,
    #4808,#4809,#4810,#4811,#4812,#4813,#4814,#4815,#4816,#4817,#4818,
    #4819,#4820,#4821,#4822,#4823,#4824,#4825,#4826,#4827,#4828,#4829,
    #4830,#4831,#4832,#4833,#4834,#4835,#4836,#4837,#4838,#4839,#4840,
    #4841,#4842,#4843,#4844,#4845,#4846,#4847,#4848,#4849,#4850,#4851,
    #4852,#4853,#4854,#4855,#4856,#4857,#4858,#4859,#4860,#4861,#4862,
    #4863,#4864,#4865,#4866,#4867,#4868,#4869,#4870,#4871,#4872,#4873,
    #4874,#4875,#4876,#4877,#4878,#4879,#4880,#4881,#4882,#4883,#4884,
    #4885,#4886,#4887,#4888,#4889,#4890,#4891,#4892,#4893,#4894,#4895,
    #4896,#4897,#4898,#4899,#4900,#4901,#4902,#4903,#4904,#4905,#4906,
    #4907,#4908,#4909,#4910,#4911,#4912,#4913,#4914,#4915,#4916,#4917,
    #4918,#4919,#4920,#4921,#4922,#4923,#4924,#4925,#4926,#4927,#4928,
    #4929,#4930,#4931,#4932,#4933,#4934,#4935,#4936,#4937,#4938,#4939,
    #4940,#4941,#4942,#4943,#4944,#4945,#4946,#4947,#4948,#4949,#4950,
    #4951,#4952,#4953,#4954,#4955,#4956,#4957,#4958,#4959,#4960,#4961,
    #4962,#4963,#4964,#4965,#4966,#4967,#4968,#4969,#4970,#4971,#4972,
    #4973,#4974,#4975,#4976,#4977,#4978,#4979,#4980,#4981,#4982,#4983,
    #4984,#4985,#4986,#4987,#4988,#4989,#4990,#4991,#4992,#4993,#4994,
    #4995,#4996,#4997,#4998,#4999,#5000,#5001,#5002,#5003,#5004,#5005,
    #5006,#5007,#5008,#5009,#5010,#5011,#5012,#5013,#5014,#5015,#5016,
    #5017,#5018,#5019,#5020,#5021,#5022,#5023,#5024,#5025,#5026,#5027,
    #5028,#5029,#5030,#5031,#5032,#5033,#5034,#5035,#5036,#5037,#5038,
    #5039,#5040,#5041,#5042,#5043,#5044,#5045,#5046,#5047,#5048,#5049,
    #5050,#5051,#5052,#5053,#5054,#5055,#5056,#5057,#5058,#5059,#5060,
    #5061,#5062,#5063,#5064,#5065,#5066,#5067,#5068,#5069,#5070,#5071,
    #5072,#5073,#5074,#5075,#5076,#5077,#5078,#5079,#5080,#5081,#5082),
.UNSPECIFIED.,.T.,.F.) B_SPLINE_CURVE_WITH_KNOTS((14,12,12,12,12,12,12,
    12,12,12,12,12,12,12,12,12,12,12,12,12,12,12,12,12,14),(
    -3.318067981453E-15,1.669940179262E-02,3.339880358525E-02,
    6.679760717051E-02,0.133595214341,0.267190428682,0.534380857364,
    1.068761714728,2.137523429456,4.275046858913,8.550093717826,
    15.4121930842,21.617290054193,27.319887584005,32.645026775413,
    39.295341149812,42.408353571716,45.52136599362,50.333223060695,
    56.642265234472,62.344862764283,68.995177138682,75.487127977126,
81.938880591057,90.099773855045),.UNSPECIFIED.) CURVE() 
GEOMETRIC_REPRESENTATION_ITEM() RATIONAL_B_SPLINE_CURVE((1.,1.,
    0.999999999999,1.000000000003,0.999999999994,1.000000000009,
    0.999999999989,1.000000000011,0.999999999992,1.000000000005,
    0.999999999997,1.000000000001,1.,1.,1.,0.999999999999,1.000000000003
    ,0.999999999996,1.000000000005,0.999999999995,1.000000000004,
    0.999999999997,1.000000000001,1.,1.,1.,1.000000000001,0.999999999998
    ,1.000000000004,0.999999999994,1.000000000007,0.999999999993,
    1.000000000005,0.999999999997,1.000000000002,1.,1.,1.,0.999999999999
    ,1.000000000002,0.999999999997,1.000000000004,0.999999999995,
    1.000000000004,0.999999999997,1.000000000002,0.999999999999,1.,1.,1.
    ,1.,0.999999999999,1.000000000001,0.999999999998,1.000000000002,
    0.999999999998,1.000000000002,0.999999999999,1.000000000001,1.,1.,1.
    ,1.000000000001,0.999999999996,1.000000000007,0.99999999999,
    1.000000000012,0.999999999989,1.000000000008,0.999999999995,
    1.000000000002,0.999999999999,1.,1.,1.000000000001,0.999999999998,
    1.000000000004,0.999999999995,1.000000000006,0.999999999994,
    1.000000000005,0.999999999997,1.000000000001,0.999999999999,1.,1.,
    1.000000000001,0.999999999999,1.000000000003,0.999999999996,
    1.000000000004,0.999999999996,1.000000000003,0.999999999998,
    1.000000000001,1.,1.,1.,1.,0.999999999999,1.000000000002,
    0.999999999998,1.000000000003,0.999999999998,1.000000000002,
    0.999999999999,1.000000000001,1.,1.,1.,1.000000000001,0.999999999997
    ,1.000000000006,0.999999999992,1.000000000009,0.999999999991,
    1.000000000006,0.999999999996,1.000000000002,0.999999999999,1.,1.,1.
    ,1.000000000001,0.999999999999,1.000000000003,0.999999999996,
    1.000000000004,0.999999999997,1.000000000002,0.999999999999,1.,1.,1.
    ,1.,0.999999999999,1.000000000001,0.999999999998,1.000000000003,
    0.999999999996,1.000000000003,0.999999999998,1.000000000001,1.,1.,1.
    ,1.000000000001,0.999999999996,1.000000000007,0.999999999989,
    1.000000000014,0.999999999987,1.000000000011,0.999999999993,
    1.000000000004,0.999999999999,1.,1.,1.000000000003,0.999999999993,
    1.000000000014,0.999999999979,1.000000000025,0.999999999977,
    1.000000000018,0.999999999989,1.000000000005,0.999999999999,1.,1.,
    0.999999999999,1.000000000003,0.999999999994,1.000000000008,
    0.999999999991,1.000000000008,0.999999999994,1.000000000003,
    0.999999999998,1.,1.,1.,1.,0.999999999999,1.000000000001,
    0.999999999997,1.000000000004,0.999999999996,1.000000000003,
    0.999999999998,1.000000000001,1.,1.,1.,1.000000000001,0.999999999997
    ,1.000000000005,0.999999999992,1.00000000001,0.999999999991,
    1.000000000007,0.999999999996,1.000000000002,0.999999999999,1.,1.,
    1.000000000001,0.999999999998,1.000000000003,0.999999999995,
    1.000000000006,0.999999999994,1.000000000004,0.999999999998,
    1.000000000001,1.,1.,1.,0.999999999998,1.000000000007,0.999999999987
    ,1.00000000002,0.999999999977,1.000000000022,0.999999999983,
    1.00000000001,0.999999999995,1.000000000002,1.,1.,0.999999999999,
    1.000000000002,0.999999999996,1.000000000005,0.999999999994,
    1.000000000006,0.999999999995,1.000000000003,0.999999999998,
    1.000000000001,1.,1.,0.999999999999,1.000000000003,0.999999999994,
    1.000000000009,0.99999999999,1.00000000001,0.999999999992,
    1.000000000005,0.999999999998,1.000000000001,1.,1.,1.,1.,1.,
    1.000000000001,0.999999999999,1.000000000002,0.999999999998,
    1.000000000001,0.999999999999,1.,1.,1.,1.,0.999999999999,
    1.000000000003,0.999999999995,1.000000000007,0.999999999992,
    1.000000000006,0.999999999996,1.000000000002,0.999999999999,1.,1.,
    0.999999999999,1.000000000002,0.999999999996,1.000000000007,
    0.999999999992,1.000000000008,0.999999999993,1.000000000004,
0.999999999998,1.000000000001,1.,1.)) REPRESENTATION_ITEM('') );
#4793 = CARTESIAN_POINT('',(2.999967959387,4.005660352122,4.1));
#4794 = CARTESIAN_POINT('',(2.999953576785,4.006930739509,4.1));
#4795 = CARTESIAN_POINT('',(2.999946064299,4.007606357598,4.1));
#4796 = CARTESIAN_POINT('',(2.999911798375,4.010657107902,4.1));
#4797 = CARTESIAN_POINT('',(2.999948820655,4.007423164811,4.1));
#4798 = CARTESIAN_POINT('',(2.999849556051,4.016239226617,4.1));
#4799 = CARTESIAN_POINT('',(2.99994753605,4.007645112629,4.1));
#4800 = CARTESIAN_POINT('',(2.999827268585,4.01834041891,4.1));
#4801 = CARTESIAN_POINT('',(2.999893392147,4.012584224149,4.1));
#4802 = CARTESIAN_POINT('',(2.999838357747,4.017541722346,4.1));
#4803 = CARTESIAN_POINT('',(2.999842417701,4.017291583741,4.1));
#4804 = CARTESIAN_POINT('',(2.999826200085,4.018844570635,4.1));
#4805 = CARTESIAN_POINT('',(2.99981467738,4.0199949142,4.1));
#4806 = CARTESIAN_POINT('',(2.999790901481,4.022384218761,4.1));
#4807 = CARTESIAN_POINT('',(2.999779149754,4.023578887211,4.1));
#4808 = CARTESIAN_POINT('',(2.999767534202,4.024773571816,4.1));
#4809 = CARTESIAN_POINT('',(2.999756054928,4.025968272562,4.1));
#4810 = CARTESIAN_POINT('',(2.999744711699,4.027162989435,4.1));
#4811 = CARTESIAN_POINT('',(2.999733504881,4.028357722419,4.1));
#4812 = CARTESIAN_POINT('',(2.999722433965,4.029552471504,4.1));
#4813 = CARTESIAN_POINT('',(2.999711499504,4.03074723667,4.1));
#4814 = CARTESIAN_POINT('',(2.999700700972,4.031942017907,4.1));
#4815 = CARTESIAN_POINT('',(2.99969003876,4.033136815199,4.1));
#4816 = CARTESIAN_POINT('',(2.999679512614,4.034331628533,4.1));
#4817 = CARTESIAN_POINT('',(2.999669122648,4.035526457893,4.1));
#4818 = CARTESIAN_POINT('',(2.999638361137,4.039110994012,4.1));
#4819 = CARTESIAN_POINT('',(2.999618398025,4.041500748808,4.1));
#4820 = CARTESIAN_POINT('',(2.99959897939,4.043890567544,4.1));
#4821 = CARTESIAN_POINT('',(2.999580105243,4.046280450094,4.1));
#4822 = CARTESIAN_POINT('',(2.999561775415,4.048670396366,4.1));
#4823 = CARTESIAN_POINT('',(2.999543990015,4.051060406215,4.1));
#4824 = CARTESIAN_POINT('',(2.999526748791,4.053450479563,4.1));
#4825 = CARTESIAN_POINT('',(2.999510051886,4.05584061626,4.1));
#4826 = CARTESIAN_POINT('',(2.999493899081,4.058230816221,4.1));
#4827 = CARTESIAN_POINT('',(2.999478290434,4.060621079313,4.1));
#4828 = CARTESIAN_POINT('',(2.999463225827,4.063011405432,4.1));
#4829 = CARTESIAN_POINT('',(2.999448705233,4.06540179446,4.1));
#4830 = CARTESIAN_POINT('',(2.9994067753,4.072573149929,4.1));
#4831 = CARTESIAN_POINT('',(2.999380997816,4.077354304759,4.1));
#4832 = CARTESIAN_POINT('',(2.999357395695,4.082135709857,4.1));
#4833 = CARTESIAN_POINT('',(2.999335968506,4.086917364312,4.1));
#4834 = CARTESIAN_POINT('',(2.999316715794,4.091699267205,4.1));
#4835 = CARTESIAN_POINT('',(2.999299637148,4.096481417626,4.1));
#4836 = CARTESIAN_POINT('',(2.99928473209,4.101263814659,4.1));
#4837 = CARTESIAN_POINT('',(2.999272000227,4.106046457386,4.1));
#4838 = CARTESIAN_POINT('',(2.999261441076,4.110829344902,4.1));
#4839 = CARTESIAN_POINT('',(2.999253054233,4.115612476282,4.1));
#4840 = CARTESIAN_POINT('',(2.999246839236,4.120395850619,4.1));
#4841 = CARTESIAN_POINT('',(2.999242795659,4.125179466996,4.1));
#4842 = CARTESIAN_POINT('',(2.999237177857,4.139531039506,4.1));
#4843 = CARTESIAN_POINT('',(2.999242116572,4.149099719037,4.1));
#4844 = CARTESIAN_POINT('',(2.999255735683,4.158669355755,4.1));
#4845 = CARTESIAN_POINT('',(2.999278031676,4.168239942326,4.1));
#4846 = CARTESIAN_POINT('',(2.999309001023,4.177811471407,4.1));
#4847 = CARTESIAN_POINT('',(2.999348640212,4.187383935672,4.1));
#4848 = CARTESIAN_POINT('',(2.999396945723,4.196957327768,4.1));
#4849 = CARTESIAN_POINT('',(2.999453914032,4.206531640378,4.1));
#4850 = CARTESIAN_POINT('',(2.999519541624,4.216106866145,4.1));
#4851 = CARTESIAN_POINT('',(2.99959382498,4.225682997748,4.1));
#4852 = CARTESIAN_POINT('',(2.999676760578,4.23526002784,4.1));
#4853 = CARTESIAN_POINT('',(2.9997683449,4.24483794909,4.1));
#4854 = CARTESIAN_POINT('',(3.000069033483,4.273574364296,4.1));
#4855 = CARTESIAN_POINT('',(3.000304073502,4.292735510008,4.1));
#4856 = CARTESIAN_POINT('',(3.000573666183,4.31190013227,4.1));
#4857 = CARTESIAN_POINT('',(3.00087778322,4.331068172009,4.1));
#4858 = CARTESIAN_POINT('',(3.001216396323,4.350239570264,4.1));
#4859 = CARTESIAN_POINT('',(3.001589477156,4.369414267867,4.1));
#4860 = CARTESIAN_POINT('',(3.001996997478,4.388592205961,4.1));
#4861 = CARTESIAN_POINT('',(3.002438928898,4.407773325303,4.1));
#4862 = CARTESIAN_POINT('',(3.002915243212,4.426957567049,4.1));
#4863 = CARTESIAN_POINT('',(3.003425912032,4.446144872011,4.1));
#4864 = CARTESIAN_POINT('',(3.003970907111,4.465335181247,4.1));
#4865 = CARTESIAN_POINT('',(3.004550200119,4.484528435673,4.1));
#4866 = CARTESIAN_POINT('',(3.006390888049,4.542116857455,4.1));
#4867 = CARTESIAN_POINT('',(3.007755094546,4.580520687423,4.1));
#4868 = CARTESIAN_POINT('',(3.009256153106,4.618935588952,4.1));
#4869 = CARTESIAN_POINT('',(3.010893834709,4.657361084807,4.1));
#4870 = CARTESIAN_POINT('',(3.012667910043,4.69579669778,4.1));
#4871 = CARTESIAN_POINT('',(3.014578150319,4.73424195062,4.1));
#4872 = CARTESIAN_POINT('',(3.01662432599,4.772696366139,4.1));
#4873 = CARTESIAN_POINT('',(3.018806208412,4.811159467068,4.1));
#4874 = CARTESIAN_POINT('',(3.021123568048,4.849630776226,4.1));
#4875 = CARTESIAN_POINT('',(3.023576176096,4.888109816352,4.1));
#4876 = CARTESIAN_POINT('',(3.026163803254,4.926596110246,4.1));
#4877 = CARTESIAN_POINT('',(3.028886220497,4.96508918067,4.1));
#4878 = CARTESIAN_POINT('',(3.037457155042,5.08058728987,4.1));
#4879 = CARTESIAN_POINT('',(3.043709404413,5.157611271838,4.1));
#4880 = CARTESIAN_POINT('',(3.050498064133,5.234656616502,4.1));
#4881 = CARTESIAN_POINT('',(3.057821251499,5.311719444064,4.1));
#4882 = CARTESIAN_POINT('',(3.065677083917,5.388795874715,4.1));
#4883 = CARTESIAN_POINT('',(3.074063678596,5.465882028659,4.1));
#4884 = CARTESIAN_POINT('',(3.082979153028,5.542974026091,4.1));
#4885 = CARTESIAN_POINT('',(3.09242162437,5.620067987206,4.1));
#4886 = CARTESIAN_POINT('',(3.10238921011,5.697160032209,4.1));
#4887 = CARTESIAN_POINT('',(3.112880027463,5.774246281288,4.1));
#4888 = CARTESIAN_POINT('',(3.123892193832,5.851322854648,4.1));
#4889 = CARTESIAN_POINT('',(3.135423826513,5.928385872483,4.1));
#4890 = CARTESIAN_POINT('',(3.171571475524,6.159522620007,4.1));
#4891 = CARTESIAN_POINT('',(3.197741036928,6.313544262319,4.1));
#4892 = CARTESIAN_POINT('',(3.225965803534,6.467464798335,4.1));
#4893 = CARTESIAN_POINT('',(3.256229851799,6.621252644509,4.1));
#4894 = CARTESIAN_POINT('',(3.288517258199,6.774876217195,4.1));
#4895 = CARTESIAN_POINT('',(3.322812099189,6.928303932916,4.1));
#4896 = CARTESIAN_POINT('',(3.359098451244,7.081504207963,4.1));
#4897 = CARTESIAN_POINT('',(3.397360390827,7.234445458891,4.1));
#4898 = CARTESIAN_POINT('',(3.437581994397,7.387096102005,4.1));
#4899 = CARTESIAN_POINT('',(3.479747338432,7.539424553807,4.1));
#4900 = CARTESIAN_POINT('',(3.523840499388,7.691399230672,4.1));
#4901 = CARTESIAN_POINT('',(3.569845553736,7.842988549039,4.1));
#4902 = CARTESIAN_POINT('',(3.713548626345,8.296505677892,4.1));
#4903 = CARTESIAN_POINT('',(3.81693095812,8.597182392938,4.1));
#4904 = CARTESIAN_POINT('',(3.927761138756,8.895936077293,4.1));
#4905 = CARTESIAN_POINT('',(4.045905332457,9.192512215255,4.1));
#4906 = CARTESIAN_POINT('',(4.171228302255,9.486656768857,4.1));
#4907 = CARTESIAN_POINT('',(4.303593409789,9.778116177318,4.1));
#4908 = CARTESIAN_POINT('',(4.442862615645,10.066637357956,4.1));
#4909 = CARTESIAN_POINT('',(4.588896478923,10.351967704929,4.1));
#4910 = CARTESIAN_POINT('',(4.741554157696,10.633855090684,4.1));
#4911 = CARTESIAN_POINT('',(4.900693408603,10.912047864562,4.1));
#4912 = CARTESIAN_POINT('',(5.066170587152,11.186294853919,4.1));
#4913 = CARTESIAN_POINT('',(5.237840647531,11.456345363382,4.1));
#4914 = CARTESIAN_POINT('',(5.700819103377,12.148283624728,4.1));
#4915 = CARTESIAN_POINT('',(6.001546420662,12.563003687002,4.1));
#4916 = CARTESIAN_POINT('',(6.317360943366,12.964996116414,4.1));
#4917 = CARTESIAN_POINT('',(6.647871480959,13.353161238156,4.1));
#4918 = CARTESIAN_POINT('',(6.992678490306,13.726413518582,4.1));
#4919 = CARTESIAN_POINT('',(7.351378761713,14.083682135568,4.1));
#4920 = CARTESIAN_POINT('',(7.723570106083,14.423911548679,4.1));
#4921 = CARTESIAN_POINT('',(8.10885604058,14.746062069755,4.1));
#4922 = CARTESIAN_POINT('',(8.506850475974,15.04911043284,4.1));
#4923 = CARTESIAN_POINT('',(8.917182402395,15.332050364922,4.1));
#4924 = CARTESIAN_POINT('',(9.339500576349,15.593893155863,4.1));
#4925 = CARTESIAN_POINT('',(9.773478206899,15.833668228987,4.1));
#4926 = CARTESIAN_POINT('',(10.621518657502,16.246426233838,4.1));
#4927 = CARTESIAN_POINT('',(11.033992480384,16.423837653285,4.1));
#4928 = CARTESIAN_POINT('',(11.455251827013,16.582128147582,4.1));
#4929 = CARTESIAN_POINT('',(11.884305666513,16.72078135184,4.1));
#4930 = CARTESIAN_POINT('',(12.320162009606,16.839292673429,4.1));
#4931 = CARTESIAN_POINT('',(12.761830697238,16.93716760766,4.1));
#4932 = CARTESIAN_POINT('',(13.208326189071,17.013920052549,4.1));
#4933 = CARTESIAN_POINT('',(13.658670352135,17.06907062492,4.1));
#4934 = CARTESIAN_POINT('',(14.11189524933,17.102144974855,4.1));
#4935 = CARTESIAN_POINT('',(14.567045928033,17.112672101871,4.1));
#4936 = CARTESIAN_POINT('',(15.023183208658,17.100182669574,4.1));
#4937 = CARTESIAN_POINT('',(15.479386473219,17.064207321436,4.1));
#4938 = CARTESIAN_POINT('',(16.353249789239,16.949196093306,4.1));
#4939 = CARTESIAN_POINT('',(16.770927001441,16.873876174162,4.1));
#4940 = CARTESIAN_POINT('',(17.18528475866,16.778138811282,4.1));
#4941 = CARTESIAN_POINT('',(17.593800581467,16.661803055891,4.1));
#4942 = CARTESIAN_POINT('',(17.993960257849,16.524726446694,4.1));
#4943 = CARTESIAN_POINT('',(18.38328421514,16.36683020327,4.1));
#4944 = CARTESIAN_POINT('',(18.759352849628,16.188106606807,4.1));
#4945 = CARTESIAN_POINT('',(19.119830812441,15.988608563548,4.1));
#4946 = CARTESIAN_POINT('',(19.462490253834,15.768421356941,4.1));
#4947 = CARTESIAN_POINT('',(19.785233023225,15.527616581882,4.1));
#4948 = CARTESIAN_POINT('',(20.086111827748,15.266188267282,4.1));
#4949 = CARTESIAN_POINT('',(20.3633503469,14.983971181952,4.1));
#4950 = CARTESIAN_POINT('',(20.850693441082,14.397195675882,4.1));
#4951 = CARTESIAN_POINT('',(21.066101108781,14.092836066675,4.1));
#4952 = CARTESIAN_POINT('',(21.261130639826,13.769532561289,4.1));
#4953 = CARTESIAN_POINT('',(21.435298042156,13.429540024486,4.1));
#4954 = CARTESIAN_POINT('',(21.588122190446,13.075257244035,4.1));
#4955 = CARTESIAN_POINT('',(21.719151420789,12.709191121095,4.1));
#4956 = CARTESIAN_POINT('',(21.827984532001,12.333925931641,4.1));
#4957 = CARTESIAN_POINT('',(21.914286189807,11.952097658682,4.1));
#4958 = CARTESIAN_POINT('',(21.977796738759,11.566373394773,4.1));
#4959 = CARTESIAN_POINT('',(22.018336416586,11.179435816214,4.1));
#4960 = CARTESIAN_POINT('',(22.035803975858,10.793972726894,4.1));
#4961 = CARTESIAN_POINT('',(22.030169709188,10.412671673954,4.1));
#4962 = CARTESIAN_POINT('',(21.965612280207,9.570584197486,4.1));
#4963 = CARTESIAN_POINT('',(21.893752835858,9.113022830231,4.1));
#4964 = CARTESIAN_POINT('',(21.786188648604,8.666193600859,4.1));
#4965 = CARTESIAN_POINT('',(21.643149494401,8.230609707817,4.1));
#4966 = CARTESIAN_POINT('',(21.464705700728,7.806731423989,4.1));
#4967 = CARTESIAN_POINT('',(21.250745304863,7.395045197803,4.1));
#4968 = CARTESIAN_POINT('',(21.000997408102,6.996127198874,4.1));
#4969 = CARTESIAN_POINT('',(20.715085642587,6.610688598352,4.1));
#4970 = CARTESIAN_POINT('',(20.392595664806,6.239599872799,4.1));
#4971 = CARTESIAN_POINT('',(20.033140592381,5.883891421187,4.1));
#4972 = CARTESIAN_POINT('',(19.636408298718,5.544727784513,4.1));
#4973 = CARTESIAN_POINT('',(19.202174481389,5.223352757122,4.1));
#4974 = CARTESIAN_POINT('',(18.509364768967,4.779472596097,4.1));
#4975 = CARTESIAN_POINT('',(18.278476590919,4.641003478977,4.1));
#4976 = CARTESIAN_POINT('',(18.039272535604,4.505454659429,4.1));
#4977 = CARTESIAN_POINT('',(17.793418975342,4.372586521881,4.1));
#4978 = CARTESIAN_POINT('',(17.542570226961,4.242086319296,4.1));
#4979 = CARTESIAN_POINT('',(17.288362089115,4.113587378462,4.1));
#4980 = CARTESIAN_POINT('',(17.03240569526,3.986681695732,4.1));
#4981 = CARTESIAN_POINT('',(16.776281681141,3.86092592231,4.1));
#4982 = CARTESIAN_POINT('',(16.521534668221,3.735840740187,4.1));
#4983 = CARTESIAN_POINT('',(16.269668061549,3.610903627578,4.1));
#4984 = CARTESIAN_POINT('',(16.022139163406,3.485535014887,4.1));
#4985 = CARTESIAN_POINT('',(15.780354601718,3.35907783041,4.1));
#4986 = CARTESIAN_POINT('',(15.310977546035,3.102463042181,4.1));
#4987 = CARTESIAN_POINT('',(15.083445627043,2.972284114266,4.1));
#4988 = CARTESIAN_POINT('',(14.864029925381,2.839581509693,4.1));
#4989 = CARTESIAN_POINT('',(14.655012150601,2.703068846995,4.1));
#4990 = CARTESIAN_POINT('',(14.456454273322,2.562315860417,4.1));
#4991 = CARTESIAN_POINT('',(14.269760594921,2.415549613503,4.1));
#4992 = CARTESIAN_POINT('',(14.097079689921,2.260757946493,4.1));
#4993 = CARTESIAN_POINT('',(13.939236594888,2.096472852376,4.1));
#4994 = CARTESIAN_POINT('',(13.796677466015,1.919817121513,4.1));
#4995 = CARTESIAN_POINT('',(13.673352611978,1.725034531297,4.1));
#4996 = CARTESIAN_POINT('',(13.578373728204,1.508404059727,4.1));
#4997 = CARTESIAN_POINT('',(13.520471713469,1.277774037667,4.1));
#4998 = CARTESIAN_POINT('',(13.47234563199,0.6713336708,4.1));
#4999 = CARTESIAN_POINT('',(13.538274932363,0.307855250322,4.1));
#5000 = CARTESIAN_POINT('',(13.676857902889,-2.419608479908E-02,4.1));
#5001 = CARTESIAN_POINT('',(13.839182892345,-0.339728336082,4.1));
#5002 = CARTESIAN_POINT('',(14.047988032835,-0.668986296435,4.1));
#5003 = CARTESIAN_POINT('',(14.280730695061,-0.98861605388,4.1));
#5004 = CARTESIAN_POINT('',(14.532792327696,-1.312269456294,4.1));
#5005 = CARTESIAN_POINT('',(14.803120377787,-1.645040583118,4.1));
#5006 = CARTESIAN_POINT('',(15.076246104803,-1.970891573006,4.1));
#5007 = CARTESIAN_POINT('',(15.350680057674,-2.304053062571,4.1));
#5008 = CARTESIAN_POINT('',(15.615741551764,-2.633975205211,4.1));
#5009 = CARTESIAN_POINT('',(15.864647048082,-2.962352566229,4.1));
#5010 = CARTESIAN_POINT('',(16.384534027525,-3.709425267813,4.1));
#5011 = CARTESIAN_POINT('',(16.644238676705,-4.133076952054,4.1));
#5012 = CARTESIAN_POINT('',(16.869892260573,-4.556877606244,4.1));
#5013 = CARTESIAN_POINT('',(17.06277711957,-4.981214607073,4.1));
#5014 = CARTESIAN_POINT('',(17.224184583898,-5.4066211405,4.1));
#5015 = CARTESIAN_POINT('',(17.355344250041,-5.833787834125,4.1));
#5016 = CARTESIAN_POINT('',(17.457373482733,-6.263524864769,4.1));
#5017 = CARTESIAN_POINT('',(17.531248204593,-6.696693922553,4.1));
#5018 = CARTESIAN_POINT('',(17.577796034517,-7.134129418967,4.1));
#5019 = CARTESIAN_POINT('',(17.597712837435,-7.576568320462,4.1));
#5020 = CARTESIAN_POINT('',(17.591603746407,-8.024607993901,4.1));
#5021 = CARTESIAN_POINT('',(17.560049719474,-8.478711447001,4.1));
#5022 = CARTESIAN_POINT('',(17.452768108502,-9.355576039253,4.1));
#5023 = CARTESIAN_POINT('',(17.381767535597,-9.775601194236,4.1));
#5024 = CARTESIAN_POINT('',(17.290209482159,-10.19550007396,4.1));
#5025 = CARTESIAN_POINT('',(17.177726597655,-10.61157381774,4.1));
#5026 = CARTESIAN_POINT('',(17.044009592489,-11.02014350703,4.1));
#5027 = CARTESIAN_POINT('',(16.888811731614,-11.41750933814,4.1));
#5028 = CARTESIAN_POINT('',(16.711988537508,-11.79998137446,4.1));
#5029 = CARTESIAN_POINT('',(16.513539336684,-12.16395835283,4.1));
#5030 = CARTESIAN_POINT('',(16.293617285927,-12.50603101223,4.1));
#5031 = CARTESIAN_POINT('',(16.052474511804,-12.8230864209,4.1));
#5032 = CARTESIAN_POINT('',(15.790308999915,-13.11238976967,4.1));
#5033 = CARTESIAN_POINT('',(15.506979867627,-13.37162010666,4.1));
#5034 = CARTESIAN_POINT('',(14.845377211651,-13.86381403492,4.1));
#5035 = CARTESIAN_POINT('',(14.453095235479,-14.08978970097,4.1));
#5036 = CARTESIAN_POINT('',(14.028207988538,-14.27709384913,4.1));
#5037 = CARTESIAN_POINT('',(13.575341974185,-14.42543234231,4.1));
#5038 = CARTESIAN_POINT('',(13.099840313192,-14.53444367943,4.1));
#5039 = CARTESIAN_POINT('',(12.607463509506,-14.60400407728,4.1));
#5040 = CARTESIAN_POINT('',(12.104185029301,-14.63434178767,4.1));
#5041 = CARTESIAN_POINT('',(11.59606211586,-14.62602194137,4.1));
#5042 = CARTESIAN_POINT('',(11.089162263312,-14.57986321479,4.1));
#5043 = CARTESIAN_POINT('',(10.589525770998,-14.49684761012,4.1));
#5044 = CARTESIAN_POINT('',(10.10314480215,-14.37808464479,4.1));
#5045 = CARTESIAN_POINT('',(9.635939368394,-14.22489124179,4.1));
#5046 = CARTESIAN_POINT('',(8.762012724249,-13.85763144857,4.1));
#5047 = CARTESIAN_POINT('',(8.351049283578,-13.64377954683,4.1));
#5048 = CARTESIAN_POINT('',(7.959339590732,-13.39955698788,4.1));
#5049 = CARTESIAN_POINT('',(7.585754779419,-13.12686744325,4.1));
#5050 = CARTESIAN_POINT('',(7.229451170873,-12.82764578093,4.1));
#5051 = CARTESIAN_POINT('',(6.889793521196,-12.50396271829,4.1));
#5052 = CARTESIAN_POINT('',(6.566275720029,-12.15806173728,4.1));
#5053 = CARTESIAN_POINT('',(6.258446447852,-11.7923474834,4.1));
#5054 = CARTESIAN_POINT('',(5.96584729872,-11.40934485647,4.1));
#5055 = CARTESIAN_POINT('',(5.687970875873,-11.01164801727,4.1));
#5056 = CARTESIAN_POINT('',(5.424246367,-10.6018785177,4.1));
#5057 = CARTESIAN_POINT('',(5.174060106496,-10.18267177651,4.1));
#5058 = CARTESIAN_POINT('',(4.70104615842,-9.333388000154,4.1));
#5059 = CARTESIAN_POINT('',(4.478884541556,-8.90488386698,4.1));
#5060 = CARTESIAN_POINT('',(4.270555221098,-8.471516071213,4.1));
#5061 = CARTESIAN_POINT('',(4.076278800065,-8.033599131558,4.1));
#5062 = CARTESIAN_POINT('',(3.896275044688,-7.591444726701,4.1));
#5063 = CARTESIAN_POINT('',(3.730762884011,-7.145361695259,4.1));
#5064 = CARTESIAN_POINT('',(3.579960410485,-6.695656035833,4.1));
#5065 = CARTESIAN_POINT('',(3.444084879236,-6.242630906995,4.1));
#5066 = CARTESIAN_POINT('',(3.323352708819,-5.786586627226,4.1));
#5067 = CARTESIAN_POINT('',(3.217979480565,-5.327820675054,4.1));
#5068 = CARTESIAN_POINT('',(3.128179939054,-4.866627688879,4.1));
#5069 = CARTESIAN_POINT('',(3.054167991834,-4.403299467131,4.1));
#5070 = CARTESIAN_POINT('',(2.922777596757,-3.349720597697,4.1));
#5071 = CARTESIAN_POINT('',(2.874635520081,-2.755473529771,4.1));
#5072 = CARTESIAN_POINT('',(2.848352153534,-2.155818849061,4.1));
#5073 = CARTESIAN_POINT('',(2.840481454266,-1.551308740128,4.1));
#5074 = CARTESIAN_POINT('',(2.847513832236,-0.942563173546,4.1));
#5075 = CARTESIAN_POINT('',(2.865879447554,-0.330230212417,4.1));
#5076 = CARTESIAN_POINT('',(2.891950635965,0.285044061357,4.1));
#5077 = CARTESIAN_POINT('',(2.922043461766,0.902636000419,4.1));
#5078 = CARTESIAN_POINT('',(2.952418399087,1.521955225308,4.1));
#5079 = CARTESIAN_POINT('',(2.979280140482,2.142445837837,4.1));
#5080 = CARTESIAN_POINT('',(2.99877653385,2.763578014067,4.1));
#5081 = CARTESIAN_POINT('',(3.00699664685,3.384829977542,4.1));
#5082 = CARTESIAN_POINT('',(2.999967959387,4.005660352122,4.1));
#5083 = PCURVE('',#1319,#5084);
#5084 = DEFINITIONAL_REPRESENTATION('',(#5085),#5089);
#5085 = LINE('',#5086,#5087);
#5086 = CARTESIAN_POINT('',(90.099773855045,0.));
#5087 = VECTOR('',#5088,1.);
#5088 = DIRECTION('',(0.,1.));
#5089 = ( GEOMETRIC_REPRESENTATION_CONTEXT(2) 
PARAMETRIC_REPRESENTATION_CONTEXT() REPRESENTATION_CONTEXT('2D SPACE',''
  ) );
#5090 = PCURVE('',#3939,#5091);
#5091 = DEFINITIONAL_REPRESENTATION('',(#5092),#5383);
#5092 = B_SPLINE_CURVE_WITH_KNOTS('',13,(#5093,#5094,#5095,#5096,#5097,
    #5098,#5099,#5100,#5101,#5102,#5103,#5104,#5105,#5106,#5107,#5108,
    #5109,#5110,#5111,#5112,#5113,#5114,#5115,#5116,#5117,#5118,#5119,
    #5120,#5121,#5122,#5123,#5124,#5125,#5126,#5127,#5128,#5129,#5130,
    #5131,#5132,#5133,#5134,#5135,#5136,#5137,#5138,#5139,#5140,#5141,
    #5142,#5143,#5144,#5145,#5146,#5147,#5148,#5149,#5150,#5151,#5152,
    #5153,#5154,#5155,#5156,#5157,#5158,#5159,#5160,#5161,#5162,#5163,
    #5164,#5165,#5166,#5167,#5168,#5169,#5170,#5171,#5172,#5173,#5174,
    #5175,#5176,#5177,#5178,#5179,#5180,#5181,#5182,#5183,#5184,#5185,
    #5186,#5187,#5188,#5189,#5190,#5191,#5192,#5193,#5194,#5195,#5196,
    #5197,#5198,#5199,#5200,#5201,#5202,#5203,#5204,#5205,#5206,#5207,
    #5208,#5209,#5210,#5211,#5212,#5213,#5214,#5215,#5216,#5217,#5218,
    #5219,#5220,#5221,#5222,#5223,#5224,#5225,#5226,#5227,#5228,#5229,
    #5230,#5231,#5232,#5233,#5234,#5235,#5236,#5237,#5238,#5239,#5240,
    #5241,#5242,#5243,#5244,#5245,#5246,#5247,#5248,#5249,#5250,#5251,
    #5252,#5253,#5254,#5255,#5256,#5257,#5258,#5259,#5260,#5261,#5262,
    #5263,#5264,#5265,#5266,#5267,#5268,#5269,#5270,#5271,#5272,#5273,
    #5274,#5275,#5276,#5277,#5278,#5279,#5280,#5281,#5282,#5283,#5284,
    #5285,#5286,#5287,#5288,#5289,#5290,#5291,#5292,#5293,#5294,#5295,
    #5296,#5297,#5298,#5299,#5300,#5301,#5302,#5303,#5304,#5305,#5306,
    #5307,#5308,#5309,#5310,#5311,#5312,#5313,#5314,#5315,#5316,#5317,
    #5318,#5319,#5320,#5321,#5322,#5323,#5324,#5325,#5326,#5327,#5328,
    #5329,#5330,#5331,#5332,#5333,#5334,#5335,#5336,#5337,#5338,#5339,
    #5340,#5341,#5342,#5343,#5344,#5345,#5346,#5347,#5348,#5349,#5350,
    #5351,#5352,#5353,#5354,#5355,#5356,#5357,#5358,#5359,#5360,#5361,
    #5362,#5363,#5364,#5365,#5366,#5367,#5368,#5369,#5370,#5371,#5372,
    #5373,#5374,#5375,#5376,#5377,#5378,#5379,#5380,#5381,#5382),
  .UNSPECIFIED.,.F.,.F.,(14,12,12,12,12,12,12,12,12,12,12,12,12,12,12,12
    ,12,12,12,12,12,12,12,12,14),(-3.318067981453E-15,1.669940179262E-02
    ,3.339880358525E-02,6.679760717051E-02,0.133595214341,0.267190428682
    ,0.534380857364,1.068761714728,2.137523429456,4.275046858913,
    8.550093717826,15.4121930842,21.617290054193,27.319887584005,
    32.645026775413,39.295341149812,42.408353571716,45.52136599362,
    50.333223060695,56.642265234472,62.344862764283,68.995177138682,
    75.487127977126,81.938880591057,90.099773855045),.UNSPECIFIED.);
#5093 = CARTESIAN_POINT('',(8.942302163852,2.159959322687));
#5094 = CARTESIAN_POINT('',(8.942316546456,2.161229710075));
#5095 = CARTESIAN_POINT('',(8.94232405893,2.161905328159));
#5096 = CARTESIAN_POINT('',(8.94235832489,2.164956078475));
#5097 = CARTESIAN_POINT('',(8.942321302533,2.161722135358));
#5098 = CARTESIAN_POINT('',(8.942420567268,2.170538197208));
#5099 = CARTESIAN_POINT('',(8.942322587088,2.161944083161));
#5100 = CARTESIAN_POINT('',(8.942442854757,2.172639389506));
#5101 = CARTESIAN_POINT('',(8.942376731009,2.166883194689));
#5102 = CARTESIAN_POINT('',(8.942431765545,2.171840692927));
#5103 = CARTESIAN_POINT('',(8.942427705512,2.171590554298));
#5104 = CARTESIAN_POINT('',(8.942443923163,2.173143541202));
#5105 = CARTESIAN_POINT('',(8.942455445858,2.174293884764));
#5106 = CARTESIAN_POINT('',(8.942479221758,2.176683189325));
#5107 = CARTESIAN_POINT('',(8.942490973491,2.177877857776));
#5108 = CARTESIAN_POINT('',(8.942502589019,2.179072542379));
#5109 = CARTESIAN_POINT('',(8.94251406835,2.180267243131));
#5110 = CARTESIAN_POINT('',(8.94252541148,2.181461959992));
#5111 = CARTESIAN_POINT('',(8.942536618432,2.182656692994));
#5112 = CARTESIAN_POINT('',(8.942547689201,2.183851442058));
#5113 = CARTESIAN_POINT('',(8.942558623795,2.185046207242));
#5114 = CARTESIAN_POINT('',(8.942569422228,2.186240988467));
#5115 = CARTESIAN_POINT('',(8.942580084499,2.187435785766));
#5116 = CARTESIAN_POINT('',(8.942590610618,2.188630599097));
#5117 = CARTESIAN_POINT('',(8.942601000593,2.189825428458));
#5118 = CARTESIAN_POINT('',(8.9426317621,2.193409964576));
#5119 = CARTESIAN_POINT('',(8.942651725224,2.195799719376));
#5120 = CARTESIAN_POINT('',(8.942671143826,2.1981895381));
#5121 = CARTESIAN_POINT('',(8.942690018038,2.200579420675));
#5122 = CARTESIAN_POINT('',(8.942708347765,2.202969366908));
#5123 = CARTESIAN_POINT('',(8.942726133293,2.205359376807));
#5124 = CARTESIAN_POINT('',(8.942743374385,2.207749450102));
#5125 = CARTESIAN_POINT('',(8.9427600714,2.210139586845));
#5126 = CARTESIAN_POINT('',(8.94277622413,2.212529786774));
#5127 = CARTESIAN_POINT('',(8.942791832818,2.214920049884));
#5128 = CARTESIAN_POINT('',(8.942806897408,2.217310375995));
#5129 = CARTESIAN_POINT('',(8.942821418006,2.219700765025));
#5130 = CARTESIAN_POINT('',(8.94286334794,2.226872120494));
#5131 = CARTESIAN_POINT('',(8.942889125421,2.231653275323));
#5132 = CARTESIAN_POINT('',(8.942912727553,2.236434680425));
#5133 = CARTESIAN_POINT('',(8.942934154719,2.241216334872));
#5134 = CARTESIAN_POINT('',(8.942953407465,2.245998237776));
#5135 = CARTESIAN_POINT('',(8.94297048607,2.250780388184));
#5136 = CARTESIAN_POINT('',(8.942985391168,2.255562785228));
#5137 = CARTESIAN_POINT('',(8.942998122998,2.260345427948));
#5138 = CARTESIAN_POINT('',(8.943008682173,2.265128315467));
#5139 = CARTESIAN_POINT('',(8.943017069001,2.269911446846));
#5140 = CARTESIAN_POINT('',(8.943023284005,2.274694821184));
#5141 = CARTESIAN_POINT('',(8.94302732758,2.279478437561));
#5142 = CARTESIAN_POINT('',(8.943032945383,2.293830010071));
#5143 = CARTESIAN_POINT('',(8.943028006666,2.303398689601));
#5144 = CARTESIAN_POINT('',(8.94301438756,2.312968326322));
#5145 = CARTESIAN_POINT('',(8.942992091555,2.322538912886));
#5146 = CARTESIAN_POINT('',(8.942961122233,2.33211044198));
#5147 = CARTESIAN_POINT('',(8.942921483003,2.341682906225));
#5148 = CARTESIAN_POINT('',(8.942873177543,2.351256298345));
#5149 = CARTESIAN_POINT('',(8.942816209186,2.360830610932));
#5150 = CARTESIAN_POINT('',(8.942750581628,2.370405836716));
#5151 = CARTESIAN_POINT('',(8.942676298254,2.379981968309));
#5152 = CARTESIAN_POINT('',(8.942593362663,2.389558998406));
#5153 = CARTESIAN_POINT('',(8.942501778339,2.399136919655));
#5154 = CARTESIAN_POINT('',(8.942201089754,2.42787333486));
#5155 = CARTESIAN_POINT('',(8.941966049749,2.447034480578));
#5156 = CARTESIAN_POINT('',(8.941696457023,2.46619910282));
#5157 = CARTESIAN_POINT('',(8.941392340083,2.485367142603));
#5158 = CARTESIAN_POINT('',(8.941053726824,2.504538540783));
#5159 = CARTESIAN_POINT('',(8.940680646188,2.523713238487));
#5160 = CARTESIAN_POINT('',(8.940273125667,2.542891176471));
#5161 = CARTESIAN_POINT('',(8.939831194409,2.562072295911));
#5162 = CARTESIAN_POINT('',(8.939354879988,2.581256537586));
#5163 = CARTESIAN_POINT('',(8.938844211225,2.600443842589));
#5164 = CARTESIAN_POINT('',(8.938299216123,2.619634151807));
#5165 = CARTESIAN_POINT('',(8.937719923122,2.638827406238));
#5166 = CARTESIAN_POINT('',(8.935879235189,2.696415828019));
#5167 = CARTESIAN_POINT('',(8.934515028702,2.73481965799));
#5168 = CARTESIAN_POINT('',(8.93301397011,2.773234559512));
#5169 = CARTESIAN_POINT('',(8.931376288576,2.811660055381));
#5170 = CARTESIAN_POINT('',(8.929602213125,2.850095668331));
#5171 = CARTESIAN_POINT('',(8.927691973005,2.888540921203));
#5172 = CARTESIAN_POINT('',(8.925645797168,2.926995336686));
#5173 = CARTESIAN_POINT('',(8.92346391489,2.965458437648));
#5174 = CARTESIAN_POINT('',(8.921146555153,3.003929746781));
#5175 = CARTESIAN_POINT('',(8.918693947161,3.042408786922));
#5176 = CARTESIAN_POINT('',(8.916106319979,3.080895080809));
#5177 = CARTESIAN_POINT('',(8.913383902744,3.119388151234));
#5178 = CARTESIAN_POINT('',(8.904812968196,3.234886260435));
#5179 = CARTESIAN_POINT('',(8.898560718832,3.311910242403));
#5180 = CARTESIAN_POINT('',(8.891772059091,3.388955587065));
#5181 = CARTESIAN_POINT('',(8.884448871769,3.46601841463));
#5182 = CARTESIAN_POINT('',(8.876593039278,3.543094845277));
#5183 = CARTESIAN_POINT('',(8.868206444696,3.620180999227));
#5184 = CARTESIAN_POINT('',(8.859290970162,3.697272996653));
#5185 = CARTESIAN_POINT('',(8.849848498908,3.774366957773));
#5186 = CARTESIAN_POINT('',(8.839880913106,3.851459002772));
#5187 = CARTESIAN_POINT('',(8.829390095787,3.928545251853));
#5188 = CARTESIAN_POINT('',(8.818377929404,4.005621825212));
#5189 = CARTESIAN_POINT('',(8.806846296727,4.082684843047));
#5190 = CARTESIAN_POINT('',(8.770698647715,4.313821590572));
#5191 = CARTESIAN_POINT('',(8.744529086312,4.467843232883));
#5192 = CARTESIAN_POINT('',(8.716304319704,4.621763768903));
#5193 = CARTESIAN_POINT('',(8.686040271442,4.775551615068));
#5194 = CARTESIAN_POINT('',(8.653752865041,4.929175187768));
#5195 = CARTESIAN_POINT('',(8.619458024045,5.082602903471));
#5196 = CARTESIAN_POINT('',(8.583171672003,5.235803178535));
#5197 = CARTESIAN_POINT('',(8.544909732406,5.388744429452));
#5198 = CARTESIAN_POINT('',(8.504688128846,5.54139507257));
#5199 = CARTESIAN_POINT('',(8.462522784806,5.693723524373));
#5200 = CARTESIAN_POINT('',(8.418429623851,5.845698201235));
#5201 = CARTESIAN_POINT('',(8.372424569504,5.997287519604));
#5202 = CARTESIAN_POINT('',(8.228721496893,6.450804648455));
#5203 = CARTESIAN_POINT('',(8.125339165126,6.751481363513));
#5204 = CARTESIAN_POINT('',(8.014508984465,7.050235047828));
#5205 = CARTESIAN_POINT('',(7.896364790817,7.346811185878));
#5206 = CARTESIAN_POINT('',(7.771041820935,7.640955739333));
#5207 = CARTESIAN_POINT('',(7.638676713506,7.93241514799));
#5208 = CARTESIAN_POINT('',(7.499407507543,8.220936328418));
#5209 = CARTESIAN_POINT('',(7.353373644353,8.506266675572));
#5210 = CARTESIAN_POINT('',(7.200715965522,8.788154061201));
#5211 = CARTESIAN_POINT('',(7.041576714645,9.066346835149));
#5212 = CARTESIAN_POINT('',(6.876099536084,9.340593824477));
#5213 = CARTESIAN_POINT('',(6.704429475708,9.610644333947));
#5214 = CARTESIAN_POINT('',(6.241451019862,10.302582595293));
#5215 = CARTESIAN_POINT('',(5.940723702575,10.717302657565));
#5216 = CARTESIAN_POINT('',(5.624909179881,11.119295086986));
#5217 = CARTESIAN_POINT('',(5.294398642264,11.5074602087));
#5218 = CARTESIAN_POINT('',(4.949591632959,11.880712489187));
#5219 = CARTESIAN_POINT('',(4.590891361495,12.237981106076));
#5220 = CARTESIAN_POINT('',(4.218700017187,12.578210519308));
#5221 = CARTESIAN_POINT('',(3.833414082637,12.900361040263));
#5222 = CARTESIAN_POINT('',(3.435419647279,13.203409403444));
#5223 = CARTESIAN_POINT('',(3.025087720838,13.486349335466));
#5224 = CARTESIAN_POINT('',(2.602769546892,13.748192126435));
#5225 = CARTESIAN_POINT('',(2.16879191634,13.987967199551));
#5226 = CARTESIAN_POINT('',(1.320751465738,14.400725204403));
#5227 = CARTESIAN_POINT('',(0.908277642855,14.578136623849));
#5228 = CARTESIAN_POINT('',(0.487018296227,14.736427118145));
#5229 = CARTESIAN_POINT('',(5.79644567241E-02,14.875080322411));
#5230 = CARTESIAN_POINT('',(-0.377891886363,14.993591643981));
#5231 = CARTESIAN_POINT('',(-0.819560574005,15.091466578246));
#5232 = CARTESIAN_POINT('',(-1.266056065824,15.168219023087));
#5233 = CARTESIAN_POINT('',(-1.716400228904,15.223369595512));
#5234 = CARTESIAN_POINT('',(-2.169625126084,15.256443945398));
#5235 = CARTESIAN_POINT('',(-2.624775804798,15.266971072449));
#5236 = CARTESIAN_POINT('',(-3.080913085417,15.254481640132));
#5237 = CARTESIAN_POINT('',(-3.53711634998,15.218506292004));
#5238 = CARTESIAN_POINT('',(-4.410979665999,15.103495063867));
#5239 = CARTESIAN_POINT('',(-4.828656878209,15.02817514475));
#5240 = CARTESIAN_POINT('',(-5.243014635397,14.932437781778));
#5241 = CARTESIAN_POINT('',(-5.651530458279,14.816102026594));
#5242 = CARTESIAN_POINT('',(-6.051690134527,14.679025417045));
#5243 = CARTESIAN_POINT('',(-6.441014092007,14.521129174096));
#5244 = CARTESIAN_POINT('',(-6.81708272628,14.342405577113));
#5245 = CARTESIAN_POINT('',(-7.177560689292,14.142907534319));
#5246 = CARTESIAN_POINT('',(-7.520220130534,13.922720327373));
#5247 = CARTESIAN_POINT('',(-7.842962900018,13.681915552514));
#5248 = CARTESIAN_POINT('',(-8.143841704496,13.420487237822));
#5249 = CARTESIAN_POINT('',(-8.421080223664,13.138270152522));
#5250 = CARTESIAN_POINT('',(-8.908423317838,12.55149464644));
#5251 = CARTESIAN_POINT('',(-9.123830985566,12.247135037269));
#5252 = CARTESIAN_POINT('',(-9.318860516518,11.923831531777));
#5253 = CARTESIAN_POINT('',(-9.493027919055,11.583838995195));
#5254 = CARTESIAN_POINT('',(-9.645852066996,11.229556214392));
#5255 = CARTESIAN_POINT('',(-9.776881297802,10.863490091894));
#5256 = CARTESIAN_POINT('',(-9.88571440852,10.488224901995));
#5257 = CARTESIAN_POINT('',(-9.972016066751,10.106396629398));
#5258 = CARTESIAN_POINT('',(-10.0355266154,9.720672365252));
#5259 = CARTESIAN_POINT('',(-10.07606629339,9.333734786815));
#5260 = CARTESIAN_POINT('',(-10.0935338526,8.948271697448));
#5261 = CARTESIAN_POINT('',(-10.08789958595,8.566970644519));
#5262 = CARTESIAN_POINT('',(-10.02334215696,7.724883168052));
#5263 = CARTESIAN_POINT('',(-9.95148271261,7.267321800788));
#5264 = CARTESIAN_POINT('',(-9.843918525388,6.820492571445));
#5265 = CARTESIAN_POINT('',(-9.700879371118,6.384908678345));
#5266 = CARTESIAN_POINT('',(-9.522435577547,5.961030394603));
#5267 = CARTESIAN_POINT('',(-9.308475181565,5.549344168318));
#5268 = CARTESIAN_POINT('',(-9.058727284908,5.150426169481));
#5269 = CARTESIAN_POINT('',(-8.772815519321,4.764987568889));
#5270 = CARTESIAN_POINT('',(-8.450325541578,4.393898843379));
#5271 = CARTESIAN_POINT('',(-8.090870469139,4.038190391745));
#5272 = CARTESIAN_POINT('',(-7.694138175479,3.699026755079));
#5273 = CARTESIAN_POINT('',(-7.25990435815,3.377651727686));
#5274 = CARTESIAN_POINT('',(-6.567094645728,2.933771566662));
#5275 = CARTESIAN_POINT('',(-6.336206467683,2.795302449542));
#5276 = CARTESIAN_POINT('',(-6.097002412353,2.659753629993));
#5277 = CARTESIAN_POINT('',(-5.851148852129,2.526885492448));
#5278 = CARTESIAN_POINT('',(-5.600300103678,2.396385289856));
#5279 = CARTESIAN_POINT('',(-5.346091965933,2.267886349032));
#5280 = CARTESIAN_POINT('',(-5.090135571962,2.140980666291));
#5281 = CARTESIAN_POINT('',(-4.83401155795,2.01522489288));
#5282 = CARTESIAN_POINT('',(-4.579264544951,1.890139710748));
#5283 = CARTESIAN_POINT('',(-4.327397938325,1.765202598144));
#5284 = CARTESIAN_POINT('',(-4.079869040161,1.639833985451));
#5285 = CARTESIAN_POINT('',(-3.83808447848,1.513376800975));
#5286 = CARTESIAN_POINT('',(-3.368707422795,1.256762012745));
#5287 = CARTESIAN_POINT('',(-3.141175503807,1.126583084832));
#5288 = CARTESIAN_POINT('',(-2.921759802133,0.993880480254));
#5289 = CARTESIAN_POINT('',(-2.712742027376,0.857367817566));
#5290 = CARTESIAN_POINT('',(-2.514184150063,0.716614830973));
#5291 = CARTESIAN_POINT('',(-2.327490471704,0.569848584076));
#5292 = CARTESIAN_POINT('',(-2.154809566662,0.415056917051));
#5293 = CARTESIAN_POINT('',(-1.996966471662,0.250771822945));
#5294 = CARTESIAN_POINT('',(-1.854407342768,7.411609207525E-02));
#5295 = CARTESIAN_POINT('',(-1.731082488743,-0.120666498138));
#5296 = CARTESIAN_POINT('',(-1.636103604964,-0.337296969709));
#5297 = CARTESIAN_POINT('',(-1.57820159023,-0.567926991768));
#5298 = CARTESIAN_POINT('',(-1.53007550875,-1.174367358636));
#5299 = CARTESIAN_POINT('',(-1.596004809125,-1.537845779113));
#5300 = CARTESIAN_POINT('',(-1.734587779646,-1.869897114236));
#5301 = CARTESIAN_POINT('',(-1.896912769114,-2.185429365515));
#5302 = CARTESIAN_POINT('',(-2.105717909584,-2.514687325873));
#5303 = CARTESIAN_POINT('',(-2.338460571838,-2.834317083314));
#5304 = CARTESIAN_POINT('',(-2.59052220444,-3.15797048573));
#5305 = CARTESIAN_POINT('',(-2.860850254561,-3.490741612553));
#5306 = CARTESIAN_POINT('',(-3.133975981556,-3.816592602441));
#5307 = CARTESIAN_POINT('',(-3.408409934437,-4.149754092005));
#5308 = CARTESIAN_POINT('',(-3.673471428525,-4.479676234647));
#5309 = CARTESIAN_POINT('',(-3.922376924842,-4.808053595664));
#5310 = CARTESIAN_POINT('',(-4.442263904287,-5.55512629725));
#5311 = CARTESIAN_POINT('',(-4.701968553452,-5.978777981475));
#5312 = CARTESIAN_POINT('',(-4.927622137375,-6.402578635722));
#5313 = CARTESIAN_POINT('',(-5.120506996248,-6.82691563642));
#5314 = CARTESIAN_POINT('',(-5.281914460784,-7.252322170076));
#5315 = CARTESIAN_POINT('',(-5.413074126652,-7.679488863385));
#5316 = CARTESIAN_POINT('',(-5.515103359636,-8.109225894379));
#5317 = CARTESIAN_POINT('',(-5.588978081245,-8.542394951846));
#5318 = CARTESIAN_POINT('',(-5.635525911344,-8.979830448495));
#5319 = CARTESIAN_POINT('',(-5.655442714165,-9.42226934985));
#5320 = CARTESIAN_POINT('',(-5.649333623178,-9.870309023353));
#5321 = CARTESIAN_POINT('',(-5.617779596233,-10.32441247643));
#5322 = CARTESIAN_POINT('',(-5.510497985264,-11.20127706869));
#5323 = CARTESIAN_POINT('',(-5.439497412357,-11.62130222366));
#5324 = CARTESIAN_POINT('',(-5.347939358919,-12.04120110343));
#5325 = CARTESIAN_POINT('',(-5.235456474419,-12.45727484712));
#5326 = CARTESIAN_POINT('',(-5.101739469242,-12.86584453655));
#5327 = CARTESIAN_POINT('',(-4.946541608387,-13.26321036747));
#5328 = CARTESIAN_POINT('',(-4.769718414254,-13.645682404));
#5329 = CARTESIAN_POINT('',(-4.571269213459,-14.00965938219));
#5330 = CARTESIAN_POINT('',(-4.351347162678,-14.35173204171));
#5331 = CARTESIAN_POINT('',(-4.11020438857,-14.66878745031));
#5332 = CARTESIAN_POINT('',(-3.848038876674,-14.95809079912));
#5333 = CARTESIAN_POINT('',(-3.564709744388,-15.21732113609));
#5334 = CARTESIAN_POINT('',(-2.903107088411,-15.70951506436));
#5335 = CARTESIAN_POINT('',(-2.510825112238,-15.93549073038));
#5336 = CARTESIAN_POINT('',(-2.085937865305,-16.12279487863));
#5337 = CARTESIAN_POINT('',(-1.633071850936,-16.27113337162));
#5338 = CARTESIAN_POINT('',(-1.157570189963,-16.38014470906));
#5339 = CARTESIAN_POINT('',(-0.665193386259,-16.44970510649));
#5340 = CARTESIAN_POINT('',(-0.161914906064,-16.48004281733));
#5341 = CARTESIAN_POINT('',(0.346208007378,-16.47172297062));
#5342 = CARTESIAN_POINT('',(0.853107859931,-16.42556424434));
#5343 = CARTESIAN_POINT('',(1.352744352238,-16.34254863951));
#5344 = CARTESIAN_POINT('',(1.839125321091,-16.22378567425));
#5345 = CARTESIAN_POINT('',(2.306330754845,-16.07059227123));
#5346 = CARTESIAN_POINT('',(3.180257398991,-15.70333247801));
#5347 = CARTESIAN_POINT('',(3.591220839661,-15.48948057626));
#5348 = CARTESIAN_POINT('',(3.982930532508,-15.24525801733));
#5349 = CARTESIAN_POINT('',(4.35651534382,-14.97256847266));
#5350 = CARTESIAN_POINT('',(4.712818952368,-14.67334681041));
#5351 = CARTESIAN_POINT('',(5.05247660204,-14.34966374767));
#5352 = CARTESIAN_POINT('',(5.375994403214,-14.00376276677));
#5353 = CARTESIAN_POINT('',(5.683823675383,-13.63804851278));
#5354 = CARTESIAN_POINT('',(5.976422824523,-13.25504588594));
#5355 = CARTESIAN_POINT('',(6.254299247365,-12.85734904669));
#5356 = CARTESIAN_POINT('',(6.51802375624,-12.44757954714));
#5357 = CARTESIAN_POINT('',(6.768210016744,-12.02837280595));
#5358 = CARTESIAN_POINT('',(7.241223964819,-11.17908902959));
#5359 = CARTESIAN_POINT('',(7.463385581682,-10.75058489641));
#5360 = CARTESIAN_POINT('',(7.671714902142,-10.31721710064));
#5361 = CARTESIAN_POINT('',(7.865991323176,-9.879300161007));
#5362 = CARTESIAN_POINT('',(8.045995078546,-9.43714575611));
#5363 = CARTESIAN_POINT('',(8.211507239239,-8.991062724731));
#5364 = CARTESIAN_POINT('',(8.362309712742,-8.541357065229));
#5365 = CARTESIAN_POINT('',(8.498185244014,-8.088331936462));
#5366 = CARTESIAN_POINT('',(8.618917414413,-7.632287656641));
#5367 = CARTESIAN_POINT('',(8.724290642678,-7.173521704499));
#5368 = CARTESIAN_POINT('',(8.814090184184,-6.712328718311));
#5369 = CARTESIAN_POINT('',(8.888102131406,-6.249000496567));
#5370 = CARTESIAN_POINT('',(9.019492526483,-5.195421627133));
#5371 = CARTESIAN_POINT('',(9.067634603154,-4.601174559204));
#5372 = CARTESIAN_POINT('',(9.093917969718,-4.001519878503));
#5373 = CARTESIAN_POINT('',(9.101788668946,-3.397009769552));
#5374 = CARTESIAN_POINT('',(9.094756291047,-2.788264202996));
#5375 = CARTESIAN_POINT('',(9.07639067563,-2.175931241839));
#5376 = CARTESIAN_POINT('',(9.050319487329,-1.560656968087));
#5377 = CARTESIAN_POINT('',(9.020226661431,-0.943065029014));
#5378 = CARTESIAN_POINT('',(8.989851724178,-0.323745804126));
#5379 = CARTESIAN_POINT('',(8.962989982745,0.2967448084));
#5380 = CARTESIAN_POINT('',(8.943493589393,0.917876984633));
#5381 = CARTESIAN_POINT('',(8.935273476388,1.539128948106));
#5382 = CARTESIAN_POINT('',(8.942302163852,2.159959322687));
#5383 = ( GEOMETRIC_REPRESENTATION_CONTEXT(2) 
PARAMETRIC_REPRESENTATION_CONTEXT() REPRESENTATION_CONTEXT('2D SPACE',''
  ) );
#5384 = ORIENTED_EDGE('',*,*,#3852,.T.);
#5385 = ADVANCED_FACE('',(#5386),#2386,.T.);
#5386 = FACE_BOUND('',#5387,.T.);
#5387 = EDGE_LOOP('',(#5388,#5389,#5412,#5439));
#5388 = ORIENTED_EDGE('',*,*,#2365,.F.);
#5389 = ORIENTED_EDGE('',*,*,#5390,.F.);
#5390 = EDGE_CURVE('',#5391,#2366,#5393,.T.);
#5391 = VERTEX_POINT('',#5392);
#5392 = CARTESIAN_POINT('',(12.968580883129,-6.,0.7));
#5393 = SEAM_CURVE('',#5394,(#5398,#5405),.PCURVE_S1.);
#5394 = LINE('',#5395,#5396);
#5395 = CARTESIAN_POINT('',(12.968580883129,-6.,0.7));
#5396 = VECTOR('',#5397,1.);
#5397 = DIRECTION('',(1.745240643728E-02,-4.274606736168E-18,
    0.999847695156));
#5398 = PCURVE('',#2386,#5399);
#5399 = DEFINITIONAL_REPRESENTATION('',(#5400),#5404);
#5400 = LINE('',#5401,#5402);
#5401 = CARTESIAN_POINT('',(6.28318530718,-0.));
#5402 = VECTOR('',#5403,1.);
#5403 = DIRECTION('',(0.,1.));
#5404 = ( GEOMETRIC_REPRESENTATION_CONTEXT(2) 
PARAMETRIC_REPRESENTATION_CONTEXT() REPRESENTATION_CONTEXT('2D SPACE',''
  ) );
#5405 = PCURVE('',#2386,#5406);
#5406 = DEFINITIONAL_REPRESENTATION('',(#5407),#5411);
#5407 = LINE('',#5408,#5409);
#5408 = CARTESIAN_POINT('',(0.,-0.));
#5409 = VECTOR('',#5410,1.);
#5410 = DIRECTION('',(0.,1.));
#5411 = ( GEOMETRIC_REPRESENTATION_CONTEXT(2) 
PARAMETRIC_REPRESENTATION_CONTEXT() REPRESENTATION_CONTEXT('2D SPACE',''
  ) );
#5412 = ORIENTED_EDGE('',*,*,#5413,.T.);
#5413 = EDGE_CURVE('',#5391,#5391,#5414,.T.);
#5414 = SURFACE_CURVE('',#5415,(#5420,#5427),.PCURVE_S1.);
#5415 = CIRCLE('',#5416,2.468580883129);
#5416 = AXIS2_PLACEMENT_3D('',#5417,#5418,#5419);
#5417 = CARTESIAN_POINT('',(10.5,-6.,0.7));
#5418 = DIRECTION('',(0.,0.,1.));
#5419 = DIRECTION('',(1.,0.,-0.));
#5420 = PCURVE('',#2386,#5421);
#5421 = DEFINITIONAL_REPRESENTATION('',(#5422),#5426);
#5422 = LINE('',#5423,#5424);
#5423 = CARTESIAN_POINT('',(0.,0.));
#5424 = VECTOR('',#5425,1.);
#5425 = DIRECTION('',(1.,0.));
#5426 = ( GEOMETRIC_REPRESENTATION_CONTEXT(2) 
PARAMETRIC_REPRESENTATION_CONTEXT() REPRESENTATION_CONTEXT('2D SPACE',''
  ) );
#5427 = PCURVE('',#5428,#5433);
#5428 = PLANE('',#5429);
#5429 = AXIS2_PLACEMENT_3D('',#5430,#5431,#5432);
#5430 = CARTESIAN_POINT('',(10.5,-6.,0.7));
#5431 = DIRECTION('',(0.,0.,1.));
#5432 = DIRECTION('',(1.,0.,-0.));
#5433 = DEFINITIONAL_REPRESENTATION('',(#5434),#5438);
#5434 = CIRCLE('',#5435,2.468580883129);
#5435 = AXIS2_PLACEMENT_2D('',#5436,#5437);
#5436 = CARTESIAN_POINT('',(0.,0.));
#5437 = DIRECTION('',(1.,0.));
#5438 = ( GEOMETRIC_REPRESENTATION_CONTEXT(2) 
PARAMETRIC_REPRESENTATION_CONTEXT() REPRESENTATION_CONTEXT('2D SPACE',''
  ) );
#5439 = ORIENTED_EDGE('',*,*,#5390,.T.);
#5440 = ADVANCED_FACE('',(#5441),#2421,.T.);
#5441 = FACE_BOUND('',#5442,.T.);
#5442 = EDGE_LOOP('',(#5443,#5444,#5467,#5494));
#5443 = ORIENTED_EDGE('',*,*,#2400,.F.);
#5444 = ORIENTED_EDGE('',*,*,#5445,.F.);
#5445 = EDGE_CURVE('',#5446,#2401,#5448,.T.);
#5446 = VERTEX_POINT('',#5447);
#5447 = CARTESIAN_POINT('',(12.968580883129,10.,0.7));
#5448 = SEAM_CURVE('',#5449,(#5453,#5460),.PCURVE_S1.);
#5449 = LINE('',#5450,#5451);
#5450 = CARTESIAN_POINT('',(12.968580883129,10.,0.7));
#5451 = VECTOR('',#5452,1.);
#5452 = DIRECTION('',(1.745240643728E-02,-4.274606736168E-18,
    0.999847695156));
#5453 = PCURVE('',#2421,#5454);
#5454 = DEFINITIONAL_REPRESENTATION('',(#5455),#5459);
#5455 = LINE('',#5456,#5457);
#5456 = CARTESIAN_POINT('',(6.28318530718,-0.));
#5457 = VECTOR('',#5458,1.);
#5458 = DIRECTION('',(0.,1.));
#5459 = ( GEOMETRIC_REPRESENTATION_CONTEXT(2) 
PARAMETRIC_REPRESENTATION_CONTEXT() REPRESENTATION_CONTEXT('2D SPACE',''
  ) );
#5460 = PCURVE('',#2421,#5461);
#5461 = DEFINITIONAL_REPRESENTATION('',(#5462),#5466);
#5462 = LINE('',#5463,#5464);
#5463 = CARTESIAN_POINT('',(0.,-0.));
#5464 = VECTOR('',#5465,1.);
#5465 = DIRECTION('',(0.,1.));
#5466 = ( GEOMETRIC_REPRESENTATION_CONTEXT(2) 
PARAMETRIC_REPRESENTATION_CONTEXT() REPRESENTATION_CONTEXT('2D SPACE',''
  ) );
#5467 = ORIENTED_EDGE('',*,*,#5468,.T.);
#5468 = EDGE_CURVE('',#5446,#5446,#5469,.T.);
#5469 = SURFACE_CURVE('',#5470,(#5475,#5482),.PCURVE_S1.);
#5470 = CIRCLE('',#5471,2.468580883129);
#5471 = AXIS2_PLACEMENT_3D('',#5472,#5473,#5474);
#5472 = CARTESIAN_POINT('',(10.5,10.,0.7));
#5473 = DIRECTION('',(0.,0.,1.));
#5474 = DIRECTION('',(1.,0.,-0.));
#5475 = PCURVE('',#2421,#5476);
#5476 = DEFINITIONAL_REPRESENTATION('',(#5477),#5481);
#5477 = LINE('',#5478,#5479);
#5478 = CARTESIAN_POINT('',(0.,0.));
#5479 = VECTOR('',#5480,1.);
#5480 = DIRECTION('',(1.,0.));
#5481 = ( GEOMETRIC_REPRESENTATION_CONTEXT(2) 
PARAMETRIC_REPRESENTATION_CONTEXT() REPRESENTATION_CONTEXT('2D SPACE',''
  ) );
#5482 = PCURVE('',#5483,#5488);
#5483 = PLANE('',#5484);
#5484 = AXIS2_PLACEMENT_3D('',#5485,#5486,#5487);
#5485 = CARTESIAN_POINT('',(10.5,10.,0.7));
#5486 = DIRECTION('',(0.,0.,1.));
#5487 = DIRECTION('',(1.,0.,-0.));
#5488 = DEFINITIONAL_REPRESENTATION('',(#5489),#5493);
#5489 = CIRCLE('',#5490,2.468580883129);
#5490 = AXIS2_PLACEMENT_2D('',#5491,#5492);
#5491 = CARTESIAN_POINT('',(0.,0.));
#5492 = DIRECTION('',(1.,0.));
#5493 = ( GEOMETRIC_REPRESENTATION_CONTEXT(2) 
PARAMETRIC_REPRESENTATION_CONTEXT() REPRESENTATION_CONTEXT('2D SPACE',''
  ) );
#5494 = ORIENTED_EDGE('',*,*,#5445,.T.);
#5495 = ADVANCED_FACE('',(#5496),#2453,.T.);
#5496 = FACE_BOUND('',#5497,.F.);
#5497 = EDGE_LOOP('',(#5498,#5520,#5541,#5542));
#5498 = ORIENTED_EDGE('',*,*,#5499,.T.);
#5499 = EDGE_CURVE('',#2438,#5500,#5502,.T.);
#5500 = VERTEX_POINT('',#5501);
#5501 = CARTESIAN_POINT('',(3.4,10.,0.));
#5502 = SURFACE_CURVE('',#5503,(#5508,#5514),.PCURVE_S1.);
#5503 = CIRCLE('',#5504,0.6);
#5504 = AXIS2_PLACEMENT_3D('',#5505,#5506,#5507);
#5505 = CARTESIAN_POINT('',(3.4,10.,0.6));
#5506 = DIRECTION('',(-1.224646799147E-16,1.,0.));
#5507 = DIRECTION('',(1.,1.224646799147E-16,0.));
#5508 = PCURVE('',#2453,#5509);
#5509 = DEFINITIONAL_REPRESENTATION('',(#5510),#5513);
#5510 = B_SPLINE_CURVE_WITH_KNOTS('',1,(#5511,#5512),.UNSPECIFIED.,.F.,
  .F.,(2,2),(0.,1.570796326795),.PIECEWISE_BEZIER_KNOTS.);
#5511 = CARTESIAN_POINT('',(0.,0.));
#5512 = CARTESIAN_POINT('',(-1.570796326795,0.));
#5513 = ( GEOMETRIC_REPRESENTATION_CONTEXT(2) 
PARAMETRIC_REPRESENTATION_CONTEXT() REPRESENTATION_CONTEXT('2D SPACE',''
  ) );
#5514 = PCURVE('',#4770,#5515);
#5515 = DEFINITIONAL_REPRESENTATION('',(#5516),#5519);
#5516 = B_SPLINE_CURVE_WITH_KNOTS('',1,(#5517,#5518),.UNSPECIFIED.,.F.,
  .F.,(2,2),(0.,1.570796326795),.PIECEWISE_BEZIER_KNOTS.);
#5517 = CARTESIAN_POINT('',(3.14159265359,0.));
#5518 = CARTESIAN_POINT('',(3.14159265359,1.570796326795));
#5519 = ( GEOMETRIC_REPRESENTATION_CONTEXT(2) 
PARAMETRIC_REPRESENTATION_CONTEXT() REPRESENTATION_CONTEXT('2D SPACE',''
  ) );
#5520 = ORIENTED_EDGE('',*,*,#5521,.T.);
#5521 = EDGE_CURVE('',#5500,#2491,#5522,.T.);
#5522 = SURFACE_CURVE('',#5523,(#5527,#5534),.PCURVE_S1.);
#5523 = LINE('',#5524,#5525);
#5524 = CARTESIAN_POINT('',(3.4,10.,-1.110223024625E-16));
#5525 = VECTOR('',#5526,1.);
#5526 = DIRECTION('',(-1.110223024625E-16,-1.,0.));
#5527 = PCURVE('',#2453,#5528);
#5528 = DEFINITIONAL_REPRESENTATION('',(#5529),#5533);
#5529 = LINE('',#5530,#5531);
#5530 = CARTESIAN_POINT('',(-1.570796326795,0.));
#5531 = VECTOR('',#5532,1.);
#5532 = DIRECTION('',(-0.,1.));
#5533 = ( GEOMETRIC_REPRESENTATION_CONTEXT(2) 
PARAMETRIC_REPRESENTATION_CONTEXT() REPRESENTATION_CONTEXT('2D SPACE',''
  ) );
#5534 = PCURVE('',#2555,#5535);
#5535 = DEFINITIONAL_REPRESENTATION('',(#5536),#5540);
#5536 = LINE('',#5537,#5538);
#5537 = CARTESIAN_POINT('',(-3.4,9.5));
#5538 = VECTOR('',#5539,1.);
#5539 = DIRECTION('',(1.110223024625E-16,-1.));
#5540 = ( GEOMETRIC_REPRESENTATION_CONTEXT(2) 
PARAMETRIC_REPRESENTATION_CONTEXT() REPRESENTATION_CONTEXT('2D SPACE',''
  ) );
#5541 = ORIENTED_EDGE('',*,*,#2490,.F.);
#5542 = ORIENTED_EDGE('',*,*,#2437,.F.);
#5543 = ADVANCED_FACE('',(#5544,#5593),#2555,.T.);
#5544 = FACE_BOUND('',#5545,.T.);
#5545 = EDGE_LOOP('',(#5546,#5569,#5591,#5592));
#5546 = ORIENTED_EDGE('',*,*,#5547,.T.);
#5547 = EDGE_CURVE('',#2514,#5548,#5550,.T.);
#5548 = VERTEX_POINT('',#5549);
#5549 = CARTESIAN_POINT('',(-3.4,10.,-1.110223024625E-16));
#5550 = SURFACE_CURVE('',#5551,(#5555,#5562),.PCURVE_S1.);
#5551 = LINE('',#5552,#5553);
#5552 = CARTESIAN_POINT('',(-3.4,-9.,-1.110223024625E-16));
#5553 = VECTOR('',#5554,1.);
#5554 = DIRECTION('',(1.110223024625E-16,1.,0.));
#5555 = PCURVE('',#2555,#5556);
#5556 = DEFINITIONAL_REPRESENTATION('',(#5557),#5561);
#5557 = LINE('',#5558,#5559);
#5558 = CARTESIAN_POINT('',(3.4,-9.5));
#5559 = VECTOR('',#5560,1.);
#5560 = DIRECTION('',(-1.110223024625E-16,1.));
#5561 = ( GEOMETRIC_REPRESENTATION_CONTEXT(2) 
PARAMETRIC_REPRESENTATION_CONTEXT() REPRESENTATION_CONTEXT('2D SPACE',''
  ) );
#5562 = PCURVE('',#2529,#5563);
#5563 = DEFINITIONAL_REPRESENTATION('',(#5564),#5568);
#5564 = LINE('',#5565,#5566);
#5565 = CARTESIAN_POINT('',(-1.570796326795,0.));
#5566 = VECTOR('',#5567,1.);
#5567 = DIRECTION('',(-0.,1.));
#5568 = ( GEOMETRIC_REPRESENTATION_CONTEXT(2) 
PARAMETRIC_REPRESENTATION_CONTEXT() REPRESENTATION_CONTEXT('2D SPACE',''
  ) );
#5569 = ORIENTED_EDGE('',*,*,#5570,.T.);
#5570 = EDGE_CURVE('',#5548,#5500,#5571,.T.);
#5571 = SURFACE_CURVE('',#5572,(#5577,#5584),.PCURVE_S1.);
#5572 = CIRCLE('',#5573,3.4);
#5573 = AXIS2_PLACEMENT_3D('',#5574,#5575,#5576);
#5574 = CARTESIAN_POINT('',(1.498801083244E-15,10.,0.));
#5575 = DIRECTION('',(0.,0.,-1.));
#5576 = DIRECTION('',(-1.,0.,0.));
#5577 = PCURVE('',#2555,#5578);
#5578 = DEFINITIONAL_REPRESENTATION('',(#5579),#5583);
#5579 = CIRCLE('',#5580,3.4);
#5580 = AXIS2_PLACEMENT_2D('',#5581,#5582);
#5581 = CARTESIAN_POINT('',(-1.871263001183E-15,9.5));
#5582 = DIRECTION('',(1.,0.));
#5583 = ( GEOMETRIC_REPRESENTATION_CONTEXT(2) 
PARAMETRIC_REPRESENTATION_CONTEXT() REPRESENTATION_CONTEXT('2D SPACE',''
  ) );
#5584 = PCURVE('',#4770,#5585);
#5585 = DEFINITIONAL_REPRESENTATION('',(#5586),#5590);
#5586 = LINE('',#5587,#5588);
#5587 = CARTESIAN_POINT('',(0.,1.570796326795));
#5588 = VECTOR('',#5589,1.);
#5589 = DIRECTION('',(1.,0.));
#5590 = ( GEOMETRIC_REPRESENTATION_CONTEXT(2) 
PARAMETRIC_REPRESENTATION_CONTEXT() REPRESENTATION_CONTEXT('2D SPACE',''
  ) );
#5591 = ORIENTED_EDGE('',*,*,#5521,.T.);
#5592 = ORIENTED_EDGE('',*,*,#2540,.T.);
#5593 = FACE_BOUND('',#5594,.T.);
#5594 = EDGE_LOOP('',(#5595,#5625,#5653,#5681));
#5595 = ORIENTED_EDGE('',*,*,#5596,.T.);
#5596 = EDGE_CURVE('',#5597,#5599,#5601,.T.);
#5597 = VERTEX_POINT('',#5598);
#5598 = CARTESIAN_POINT('',(0.8,7.5,0.));
#5599 = VERTEX_POINT('',#5600);
#5600 = CARTESIAN_POINT('',(0.8,-9.5,0.));
#5601 = SURFACE_CURVE('',#5602,(#5606,#5613),.PCURVE_S1.);
#5602 = LINE('',#5603,#5604);
#5603 = CARTESIAN_POINT('',(0.8,7.5,0.));
#5604 = VECTOR('',#5605,1.);
#5605 = DIRECTION('',(0.,-1.,0.));
#5606 = PCURVE('',#2555,#5607);
#5607 = DEFINITIONAL_REPRESENTATION('',(#5608),#5612);
#5608 = LINE('',#5609,#5610);
#5609 = CARTESIAN_POINT('',(-0.8,7.));
#5610 = VECTOR('',#5611,1.);
#5611 = DIRECTION('',(0.,-1.));
#5612 = ( GEOMETRIC_REPRESENTATION_CONTEXT(2) 
PARAMETRIC_REPRESENTATION_CONTEXT() REPRESENTATION_CONTEXT('2D SPACE',''
  ) );
#5613 = PCURVE('',#5614,#5619);
#5614 = PLANE('',#5615);
#5615 = AXIS2_PLACEMENT_3D('',#5616,#5617,#5618);
#5616 = CARTESIAN_POINT('',(0.8,7.5,0.));
#5617 = DIRECTION('',(1.,0.,-0.));
#5618 = DIRECTION('',(0.,-1.,0.));
#5619 = DEFINITIONAL_REPRESENTATION('',(#5620),#5624);
#5620 = LINE('',#5621,#5622);
#5621 = CARTESIAN_POINT('',(0.,0.));
#5622 = VECTOR('',#5623,1.);
#5623 = DIRECTION('',(1.,0.));
#5624 = ( GEOMETRIC_REPRESENTATION_CONTEXT(2) 
PARAMETRIC_REPRESENTATION_CONTEXT() REPRESENTATION_CONTEXT('2D SPACE',''
  ) );
#5625 = ORIENTED_EDGE('',*,*,#5626,.T.);
#5626 = EDGE_CURVE('',#5599,#5627,#5629,.T.);
#5627 = VERTEX_POINT('',#5628);
#5628 = CARTESIAN_POINT('',(2.6,-9.5,0.));
#5629 = SURFACE_CURVE('',#5630,(#5634,#5641),.PCURVE_S1.);
#5630 = LINE('',#5631,#5632);
#5631 = CARTESIAN_POINT('',(0.8,-9.5,0.));
#5632 = VECTOR('',#5633,1.);
#5633 = DIRECTION('',(1.,0.,0.));
#5634 = PCURVE('',#2555,#5635);
#5635 = DEFINITIONAL_REPRESENTATION('',(#5636),#5640);
#5636 = LINE('',#5637,#5638);
#5637 = CARTESIAN_POINT('',(-0.8,-10.));
#5638 = VECTOR('',#5639,1.);
#5639 = DIRECTION('',(-1.,0.));
#5640 = ( GEOMETRIC_REPRESENTATION_CONTEXT(2) 
PARAMETRIC_REPRESENTATION_CONTEXT() REPRESENTATION_CONTEXT('2D SPACE',''
  ) );
#5641 = PCURVE('',#5642,#5647);
#5642 = PLANE('',#5643);
#5643 = AXIS2_PLACEMENT_3D('',#5644,#5645,#5646);
#5644 = CARTESIAN_POINT('',(0.8,-9.5,0.));
#5645 = DIRECTION('',(0.,1.,0.));
#5646 = DIRECTION('',(1.,0.,0.));
#5647 = DEFINITIONAL_REPRESENTATION('',(#5648),#5652);
#5648 = LINE('',#5649,#5650);
#5649 = CARTESIAN_POINT('',(0.,0.));
#5650 = VECTOR('',#5651,1.);
#5651 = DIRECTION('',(1.,0.));
#5652 = ( GEOMETRIC_REPRESENTATION_CONTEXT(2) 
PARAMETRIC_REPRESENTATION_CONTEXT() REPRESENTATION_CONTEXT('2D SPACE',''
  ) );
#5653 = ORIENTED_EDGE('',*,*,#5654,.T.);
#5654 = EDGE_CURVE('',#5627,#5655,#5657,.T.);
#5655 = VERTEX_POINT('',#5656);
#5656 = CARTESIAN_POINT('',(2.6,7.5,0.));
#5657 = SURFACE_CURVE('',#5658,(#5662,#5669),.PCURVE_S1.);
#5658 = LINE('',#5659,#5660);
#5659 = CARTESIAN_POINT('',(2.6,-9.5,0.));
#5660 = VECTOR('',#5661,1.);
#5661 = DIRECTION('',(0.,1.,0.));
#5662 = PCURVE('',#2555,#5663);
#5663 = DEFINITIONAL_REPRESENTATION('',(#5664),#5668);
#5664 = LINE('',#5665,#5666);
#5665 = CARTESIAN_POINT('',(-2.6,-10.));
#5666 = VECTOR('',#5667,1.);
#5667 = DIRECTION('',(0.,1.));
#5668 = ( GEOMETRIC_REPRESENTATION_CONTEXT(2) 
PARAMETRIC_REPRESENTATION_CONTEXT() REPRESENTATION_CONTEXT('2D SPACE',''
  ) );
#5669 = PCURVE('',#5670,#5675);
#5670 = PLANE('',#5671);
#5671 = AXIS2_PLACEMENT_3D('',#5672,#5673,#5674);
#5672 = CARTESIAN_POINT('',(2.6,-9.5,0.));
#5673 = DIRECTION('',(-1.,0.,0.));
#5674 = DIRECTION('',(0.,1.,0.));
#5675 = DEFINITIONAL_REPRESENTATION('',(#5676),#5680);
#5676 = LINE('',#5677,#5678);
#5677 = CARTESIAN_POINT('',(0.,0.));
#5678 = VECTOR('',#5679,1.);
#5679 = DIRECTION('',(1.,0.));
#5680 = ( GEOMETRIC_REPRESENTATION_CONTEXT(2) 
PARAMETRIC_REPRESENTATION_CONTEXT() REPRESENTATION_CONTEXT('2D SPACE',''
  ) );
#5681 = ORIENTED_EDGE('',*,*,#5682,.T.);
#5682 = EDGE_CURVE('',#5655,#5597,#5683,.T.);
#5683 = SURFACE_CURVE('',#5684,(#5688,#5695),.PCURVE_S1.);
#5684 = LINE('',#5685,#5686);
#5685 = CARTESIAN_POINT('',(2.6,7.5,0.));
#5686 = VECTOR('',#5687,1.);
#5687 = DIRECTION('',(-1.,0.,0.));
#5688 = PCURVE('',#2555,#5689);
#5689 = DEFINITIONAL_REPRESENTATION('',(#5690),#5694);
#5690 = LINE('',#5691,#5692);
#5691 = CARTESIAN_POINT('',(-2.6,7.));
#5692 = VECTOR('',#5693,1.);
#5693 = DIRECTION('',(1.,0.));
#5694 = ( GEOMETRIC_REPRESENTATION_CONTEXT(2) 
PARAMETRIC_REPRESENTATION_CONTEXT() REPRESENTATION_CONTEXT('2D SPACE',''
  ) );
#5695 = PCURVE('',#5696,#5701);
#5696 = PLANE('',#5697);
#5697 = AXIS2_PLACEMENT_3D('',#5698,#5699,#5700);
#5698 = CARTESIAN_POINT('',(2.6,7.5,0.));
#5699 = DIRECTION('',(0.,-1.,0.));
#5700 = DIRECTION('',(-1.,0.,0.));
#5701 = DEFINITIONAL_REPRESENTATION('',(#5702),#5706);
#5702 = LINE('',#5703,#5704);
#5703 = CARTESIAN_POINT('',(0.,-0.));
#5704 = VECTOR('',#5705,1.);
#5705 = DIRECTION('',(1.,0.));
#5706 = ( GEOMETRIC_REPRESENTATION_CONTEXT(2) 
PARAMETRIC_REPRESENTATION_CONTEXT() REPRESENTATION_CONTEXT('2D SPACE',''
  ) );
#5707 = ADVANCED_FACE('',(#5708),#2529,.T.);
#5708 = FACE_BOUND('',#5709,.F.);
#5709 = EDGE_LOOP('',(#5710,#5711,#5712,#5732));
#5710 = ORIENTED_EDGE('',*,*,#2513,.T.);
#5711 = ORIENTED_EDGE('',*,*,#5547,.T.);
#5712 = ORIENTED_EDGE('',*,*,#5713,.F.);
#5713 = EDGE_CURVE('',#2571,#5548,#5714,.T.);
#5714 = SURFACE_CURVE('',#5715,(#5720,#5726),.PCURVE_S1.);
#5715 = CIRCLE('',#5716,0.6);
#5716 = AXIS2_PLACEMENT_3D('',#5717,#5718,#5719);
#5717 = CARTESIAN_POINT('',(-3.4,10.,0.6));
#5718 = DIRECTION('',(-1.110223024625E-16,-1.,-0.));
#5719 = DIRECTION('',(-1.,1.110223024625E-16,0.));
#5720 = PCURVE('',#2529,#5721);
#5721 = DEFINITIONAL_REPRESENTATION('',(#5722),#5725);
#5722 = B_SPLINE_CURVE_WITH_KNOTS('',1,(#5723,#5724),.UNSPECIFIED.,.F.,
  .F.,(2,2),(0.,1.570796326795),.PIECEWISE_BEZIER_KNOTS.);
#5723 = CARTESIAN_POINT('',(0.,19.));
#5724 = CARTESIAN_POINT('',(-1.570796326795,19.));
#5725 = ( GEOMETRIC_REPRESENTATION_CONTEXT(2) 
PARAMETRIC_REPRESENTATION_CONTEXT() REPRESENTATION_CONTEXT('2D SPACE',''
  ) );
#5726 = PCURVE('',#4770,#5727);
#5727 = DEFINITIONAL_REPRESENTATION('',(#5728),#5731);
#5728 = B_SPLINE_CURVE_WITH_KNOTS('',1,(#5729,#5730),.UNSPECIFIED.,.F.,
  .F.,(2,2),(0.,1.570796326795),.PIECEWISE_BEZIER_KNOTS.);
#5729 = CARTESIAN_POINT('',(0.,0.));
#5730 = CARTESIAN_POINT('',(0.,1.570796326795));
#5731 = ( GEOMETRIC_REPRESENTATION_CONTEXT(2) 
PARAMETRIC_REPRESENTATION_CONTEXT() REPRESENTATION_CONTEXT('2D SPACE',''
  ) );
#5732 = ORIENTED_EDGE('',*,*,#2570,.F.);
#5733 = ADVANCED_FACE('',(#5734),#2713,.T.);
#5734 = FACE_BOUND('',#5735,.T.);
#5735 = EDGE_LOOP('',(#5736,#5737,#5758,#5789));
#5736 = ORIENTED_EDGE('',*,*,#2692,.F.);
#5737 = ORIENTED_EDGE('',*,*,#5738,.T.);
#5738 = EDGE_CURVE('',#2693,#5739,#5741,.T.);
#5739 = VERTEX_POINT('',#5740);
#5740 = CARTESIAN_POINT('',(-0.988090301686,-6.,3.7));
#5741 = SEAM_CURVE('',#5742,(#5746,#5752),.PCURVE_S1.);
#5742 = LINE('',#5743,#5744);
#5743 = CARTESIAN_POINT('',(-0.975,-6.,2.2));
#5744 = VECTOR('',#5745,1.);
#5745 = DIRECTION('',(-8.726535498374E-03,2.137384753146E-18,
    0.999961923064));
#5746 = PCURVE('',#2713,#5747);
#5747 = DEFINITIONAL_REPRESENTATION('',(#5748),#5751);
#5748 = B_SPLINE_CURVE_WITH_KNOTS('',1,(#5749,#5750),.UNSPECIFIED.,.F.,
  .F.,(2,2),(0.,1.500057117579),.PIECEWISE_BEZIER_KNOTS.);
#5749 = CARTESIAN_POINT('',(-6.28318530718,0.));
#5750 = CARTESIAN_POINT('',(-6.28318530718,-1.5));
#5751 = ( GEOMETRIC_REPRESENTATION_CONTEXT(2) 
PARAMETRIC_REPRESENTATION_CONTEXT() REPRESENTATION_CONTEXT('2D SPACE',''
  ) );
#5752 = PCURVE('',#2713,#5753);
#5753 = DEFINITIONAL_REPRESENTATION('',(#5754),#5757);
#5754 = B_SPLINE_CURVE_WITH_KNOTS('',1,(#5755,#5756),.UNSPECIFIED.,.F.,
  .F.,(2,2),(0.,1.500057117579),.PIECEWISE_BEZIER_KNOTS.);
#5755 = CARTESIAN_POINT('',(0.,0.));
#5756 = CARTESIAN_POINT('',(0.,-1.5));
#5757 = ( GEOMETRIC_REPRESENTATION_CONTEXT(2) 
PARAMETRIC_REPRESENTATION_CONTEXT() REPRESENTATION_CONTEXT('2D SPACE',''
  ) );
#5758 = ORIENTED_EDGE('',*,*,#5759,.T.);
#5759 = EDGE_CURVE('',#5739,#5739,#5760,.T.);
#5760 = SURFACE_CURVE('',#5761,(#5766,#5773),.PCURVE_S1.);
#5761 = CIRCLE('',#5762,1.011909698314);
#5762 = AXIS2_PLACEMENT_3D('',#5763,#5764,#5765);
#5763 = CARTESIAN_POINT('',(-2.,-6.,3.7));
#5764 = DIRECTION('',(0.,0.,-1.));
#5765 = DIRECTION('',(1.,0.,0.));
#5766 = PCURVE('',#2713,#5767);
#5767 = DEFINITIONAL_REPRESENTATION('',(#5768),#5772);
#5768 = LINE('',#5769,#5770);
#5769 = CARTESIAN_POINT('',(-6.28318530718,-1.5));
#5770 = VECTOR('',#5771,1.);
#5771 = DIRECTION('',(1.,-0.));
#5772 = ( GEOMETRIC_REPRESENTATION_CONTEXT(2) 
PARAMETRIC_REPRESENTATION_CONTEXT() REPRESENTATION_CONTEXT('2D SPACE',''
  ) );
#5773 = PCURVE('',#5774,#5779);
#5774 = PLANE('',#5775);
#5775 = AXIS2_PLACEMENT_3D('',#5776,#5777,#5778);
#5776 = CARTESIAN_POINT('',(-2.,-6.,3.7));
#5777 = DIRECTION('',(0.,0.,1.));
#5778 = DIRECTION('',(1.,0.,0.));
#5779 = DEFINITIONAL_REPRESENTATION('',(#5780),#5788);
#5780 = ( BOUNDED_CURVE() B_SPLINE_CURVE(2,(#5781,#5782,#5783,#5784,
#5785,#5786,#5787),.UNSPECIFIED.,.T.,.F.) B_SPLINE_CURVE_WITH_KNOTS((1,2
    ,2,2,2,1),(-2.094395102393,0.,2.094395102393,4.188790204786,
6.28318530718,8.377580409573),.UNSPECIFIED.) CURVE() 
GEOMETRIC_REPRESENTATION_ITEM() RATIONAL_B_SPLINE_CURVE((1.,0.5,1.,0.5,
1.,0.5,1.)) REPRESENTATION_ITEM('') );
#5781 = CARTESIAN_POINT('',(1.011909698314,0.));
#5782 = CARTESIAN_POINT('',(1.011909698314,-1.752679010151));
#5783 = CARTESIAN_POINT('',(-0.505954849157,-0.876339505076));
#5784 = CARTESIAN_POINT('',(-2.023819396628,-2.478463946132E-16));
#5785 = CARTESIAN_POINT('',(-0.505954849157,0.876339505076));
#5786 = CARTESIAN_POINT('',(1.011909698314,1.752679010151));
#5787 = CARTESIAN_POINT('',(1.011909698314,0.));
#5788 = ( GEOMETRIC_REPRESENTATION_CONTEXT(2) 
PARAMETRIC_REPRESENTATION_CONTEXT() REPRESENTATION_CONTEXT('2D SPACE',''
  ) );
#5789 = ORIENTED_EDGE('',*,*,#5738,.F.);
#5790 = ADVANCED_FACE('',(#5791),#2748,.T.);
#5791 = FACE_BOUND('',#5792,.T.);
#5792 = EDGE_LOOP('',(#5793,#5794,#5815,#5846));
#5793 = ORIENTED_EDGE('',*,*,#2727,.F.);
#5794 = ORIENTED_EDGE('',*,*,#5795,.T.);
#5795 = EDGE_CURVE('',#2728,#5796,#5798,.T.);
#5796 = VERTEX_POINT('',#5797);
#5797 = CARTESIAN_POINT('',(-0.988090301686,6.,3.7));
#5798 = SEAM_CURVE('',#5799,(#5803,#5809),.PCURVE_S1.);
#5799 = LINE('',#5800,#5801);
#5800 = CARTESIAN_POINT('',(-0.975,6.,2.2));
#5801 = VECTOR('',#5802,1.);
#5802 = DIRECTION('',(-8.726535498374E-03,2.137384753146E-18,
    0.999961923064));
#5803 = PCURVE('',#2748,#5804);
#5804 = DEFINITIONAL_REPRESENTATION('',(#5805),#5808);
#5805 = B_SPLINE_CURVE_WITH_KNOTS('',1,(#5806,#5807),.UNSPECIFIED.,.F.,
  .F.,(2,2),(0.,1.500057117579),.PIECEWISE_BEZIER_KNOTS.);
#5806 = CARTESIAN_POINT('',(-6.28318530718,0.));
#5807 = CARTESIAN_POINT('',(-6.28318530718,-1.5));
#5808 = ( GEOMETRIC_REPRESENTATION_CONTEXT(2) 
PARAMETRIC_REPRESENTATION_CONTEXT() REPRESENTATION_CONTEXT('2D SPACE',''
  ) );
#5809 = PCURVE('',#2748,#5810);
#5810 = DEFINITIONAL_REPRESENTATION('',(#5811),#5814);
#5811 = B_SPLINE_CURVE_WITH_KNOTS('',1,(#5812,#5813),.UNSPECIFIED.,.F.,
  .F.,(2,2),(0.,1.500057117579),.PIECEWISE_BEZIER_KNOTS.);
#5812 = CARTESIAN_POINT('',(0.,0.));
#5813 = CARTESIAN_POINT('',(0.,-1.5));
#5814 = ( GEOMETRIC_REPRESENTATION_CONTEXT(2) 
PARAMETRIC_REPRESENTATION_CONTEXT() REPRESENTATION_CONTEXT('2D SPACE',''
  ) );
#5815 = ORIENTED_EDGE('',*,*,#5816,.T.);
#5816 = EDGE_CURVE('',#5796,#5796,#5817,.T.);
#5817 = SURFACE_CURVE('',#5818,(#5823,#5830),.PCURVE_S1.);
#5818 = CIRCLE('',#5819,1.011909698314);
#5819 = AXIS2_PLACEMENT_3D('',#5820,#5821,#5822);
#5820 = CARTESIAN_POINT('',(-2.,6.,3.7));
#5821 = DIRECTION('',(0.,0.,-1.));
#5822 = DIRECTION('',(1.,0.,0.));
#5823 = PCURVE('',#2748,#5824);
#5824 = DEFINITIONAL_REPRESENTATION('',(#5825),#5829);
#5825 = LINE('',#5826,#5827);
#5826 = CARTESIAN_POINT('',(-6.28318530718,-1.5));
#5827 = VECTOR('',#5828,1.);
#5828 = DIRECTION('',(1.,-0.));
#5829 = ( GEOMETRIC_REPRESENTATION_CONTEXT(2) 
PARAMETRIC_REPRESENTATION_CONTEXT() REPRESENTATION_CONTEXT('2D SPACE',''
  ) );
#5830 = PCURVE('',#5831,#5836);
#5831 = PLANE('',#5832);
#5832 = AXIS2_PLACEMENT_3D('',#5833,#5834,#5835);
#5833 = CARTESIAN_POINT('',(-2.,6.,3.7));
#5834 = DIRECTION('',(0.,0.,1.));
#5835 = DIRECTION('',(1.,0.,0.));
#5836 = DEFINITIONAL_REPRESENTATION('',(#5837),#5845);
#5837 = ( BOUNDED_CURVE() B_SPLINE_CURVE(2,(#5838,#5839,#5840,#5841,
#5842,#5843,#5844),.UNSPECIFIED.,.T.,.F.) B_SPLINE_CURVE_WITH_KNOTS((1,2
    ,2,2,2,1),(-2.094395102393,0.,2.094395102393,4.188790204786,
6.28318530718,8.377580409573),.UNSPECIFIED.) CURVE() 
GEOMETRIC_REPRESENTATION_ITEM() RATIONAL_B_SPLINE_CURVE((1.,0.5,1.,0.5,
1.,0.5,1.)) REPRESENTATION_ITEM('') );
#5838 = CARTESIAN_POINT('',(1.011909698314,0.));
#5839 = CARTESIAN_POINT('',(1.011909698314,-1.752679010151));
#5840 = CARTESIAN_POINT('',(-0.505954849157,-0.876339505076));
#5841 = CARTESIAN_POINT('',(-2.023819396628,-2.478463946132E-16));
#5842 = CARTESIAN_POINT('',(-0.505954849157,0.876339505076));
#5843 = CARTESIAN_POINT('',(1.011909698314,1.752679010151));
#5844 = CARTESIAN_POINT('',(1.011909698314,0.));
#5845 = ( GEOMETRIC_REPRESENTATION_CONTEXT(2) 
PARAMETRIC_REPRESENTATION_CONTEXT() REPRESENTATION_CONTEXT('2D SPACE',''
  ) );
#5846 = ORIENTED_EDGE('',*,*,#5795,.F.);
#5847 = ADVANCED_FACE('',(#5848),#3355,.F.);
#5848 = FACE_BOUND('',#5849,.F.);
#5849 = EDGE_LOOP('',(#5850,#5851,#5852,#5873));
#5850 = ORIENTED_EDGE('',*,*,#3953,.F.);
#5851 = ORIENTED_EDGE('',*,*,#3340,.F.);
#5852 = ORIENTED_EDGE('',*,*,#5853,.T.);
#5853 = EDGE_CURVE('',#3315,#3781,#5854,.T.);
#5854 = SURFACE_CURVE('',#5855,(#5859,#5866),.PCURVE_S1.);
#5855 = LINE('',#5856,#5857);
#5856 = CARTESIAN_POINT('',(-5.,-8.7,5.));
#5857 = VECTOR('',#5858,1.);
#5858 = DIRECTION('',(1.,0.,0.));
#5859 = PCURVE('',#3355,#5860);
#5860 = DEFINITIONAL_REPRESENTATION('',(#5861),#5865);
#5861 = LINE('',#5862,#5863);
#5862 = CARTESIAN_POINT('',(0.5,0.));
#5863 = VECTOR('',#5864,1.);
#5864 = DIRECTION('',(0.,1.));
#5865 = ( GEOMETRIC_REPRESENTATION_CONTEXT(2) 
PARAMETRIC_REPRESENTATION_CONTEXT() REPRESENTATION_CONTEXT('2D SPACE',''
  ) );
#5866 = PCURVE('',#3329,#5867);
#5867 = DEFINITIONAL_REPRESENTATION('',(#5868),#5872);
#5868 = LINE('',#5869,#5870);
#5869 = CARTESIAN_POINT('',(5.,-9.2));
#5870 = VECTOR('',#5871,1.);
#5871 = DIRECTION('',(-1.,0.));
#5872 = ( GEOMETRIC_REPRESENTATION_CONTEXT(2) 
PARAMETRIC_REPRESENTATION_CONTEXT() REPRESENTATION_CONTEXT('2D SPACE',''
  ) );
#5873 = ORIENTED_EDGE('',*,*,#3803,.F.);
#5874 = ADVANCED_FACE('',(#5875),#3329,.F.);
#5875 = FACE_BOUND('',#5876,.F.);
#5876 = EDGE_LOOP('',(#5877,#5878,#5879,#5900));
#5877 = ORIENTED_EDGE('',*,*,#5853,.F.);
#5878 = ORIENTED_EDGE('',*,*,#3314,.F.);
#5879 = ORIENTED_EDGE('',*,*,#5880,.T.);
#5880 = EDGE_CURVE('',#3289,#3753,#5881,.T.);
#5881 = SURFACE_CURVE('',#5882,(#5886,#5893),.PCURVE_S1.);
#5882 = LINE('',#5883,#5884);
#5883 = CARTESIAN_POINT('',(-5.,-6.3,5.));
#5884 = VECTOR('',#5885,1.);
#5885 = DIRECTION('',(1.,0.,0.));
#5886 = PCURVE('',#3329,#5887);
#5887 = DEFINITIONAL_REPRESENTATION('',(#5888),#5892);
#5888 = LINE('',#5889,#5890);
#5889 = CARTESIAN_POINT('',(5.,-6.8));
#5890 = VECTOR('',#5891,1.);
#5891 = DIRECTION('',(-1.,0.));
#5892 = ( GEOMETRIC_REPRESENTATION_CONTEXT(2) 
PARAMETRIC_REPRESENTATION_CONTEXT() REPRESENTATION_CONTEXT('2D SPACE',''
  ) );
#5893 = PCURVE('',#3303,#5894);
#5894 = DEFINITIONAL_REPRESENTATION('',(#5895),#5899);
#5895 = LINE('',#5896,#5897);
#5896 = CARTESIAN_POINT('',(0.5,0.));
#5897 = VECTOR('',#5898,1.);
#5898 = DIRECTION('',(0.,1.));
#5899 = ( GEOMETRIC_REPRESENTATION_CONTEXT(2) 
PARAMETRIC_REPRESENTATION_CONTEXT() REPRESENTATION_CONTEXT('2D SPACE',''
  ) );
#5900 = ORIENTED_EDGE('',*,*,#3780,.T.);
#5901 = ADVANCED_FACE('',(#5902),#3303,.T.);
#5902 = FACE_BOUND('',#5903,.T.);
#5903 = EDGE_LOOP('',(#5904,#5925,#5926,#5927));
#5904 = ORIENTED_EDGE('',*,*,#5905,.F.);
#5905 = EDGE_CURVE('',#3263,#3732,#5906,.T.);
#5906 = SURFACE_CURVE('',#5907,(#5911,#5918),.PCURVE_S1.);
#5907 = LINE('',#5908,#5909);
#5908 = CARTESIAN_POINT('',(-5.,-6.3,4.5));
#5909 = VECTOR('',#5910,1.);
#5910 = DIRECTION('',(1.,0.,0.));
#5911 = PCURVE('',#3303,#5912);
#5912 = DEFINITIONAL_REPRESENTATION('',(#5913),#5917);
#5913 = LINE('',#5914,#5915);
#5914 = CARTESIAN_POINT('',(0.,0.));
#5915 = VECTOR('',#5916,1.);
#5916 = DIRECTION('',(0.,1.));
#5917 = ( GEOMETRIC_REPRESENTATION_CONTEXT(2) 
PARAMETRIC_REPRESENTATION_CONTEXT() REPRESENTATION_CONTEXT('2D SPACE',''
  ) );
#5918 = PCURVE('',#3277,#5919);
#5919 = DEFINITIONAL_REPRESENTATION('',(#5920),#5924);
#5920 = LINE('',#5921,#5922);
#5921 = CARTESIAN_POINT('',(0.,0.));
#5922 = VECTOR('',#5923,1.);
#5923 = DIRECTION('',(1.,0.));
#5924 = ( GEOMETRIC_REPRESENTATION_CONTEXT(2) 
PARAMETRIC_REPRESENTATION_CONTEXT() REPRESENTATION_CONTEXT('2D SPACE',''
  ) );
#5925 = ORIENTED_EDGE('',*,*,#3288,.F.);
#5926 = ORIENTED_EDGE('',*,*,#5880,.T.);
#5927 = ORIENTED_EDGE('',*,*,#3752,.F.);
#5928 = ADVANCED_FACE('',(#5929),#3277,.T.);
#5929 = FACE_BOUND('',#5930,.T.);
#5930 = EDGE_LOOP('',(#5931,#5952,#5953,#5954));
#5931 = ORIENTED_EDGE('',*,*,#5932,.F.);
#5932 = EDGE_CURVE('',#3237,#3704,#5933,.T.);
#5933 = SURFACE_CURVE('',#5934,(#5938,#5945),.PCURVE_S1.);
#5934 = LINE('',#5935,#5936);
#5935 = CARTESIAN_POINT('',(-5.,-5.7,4.5));
#5936 = VECTOR('',#5937,1.);
#5937 = DIRECTION('',(1.,0.,0.));
#5938 = PCURVE('',#3277,#5939);
#5939 = DEFINITIONAL_REPRESENTATION('',(#5940),#5944);
#5940 = LINE('',#5941,#5942);
#5941 = CARTESIAN_POINT('',(0.,0.6));
#5942 = VECTOR('',#5943,1.);
#5943 = DIRECTION('',(1.,0.));
#5944 = ( GEOMETRIC_REPRESENTATION_CONTEXT(2) 
PARAMETRIC_REPRESENTATION_CONTEXT() REPRESENTATION_CONTEXT('2D SPACE',''
  ) );
#5945 = PCURVE('',#3251,#5946);
#5946 = DEFINITIONAL_REPRESENTATION('',(#5947),#5951);
#5947 = LINE('',#5948,#5949);
#5948 = CARTESIAN_POINT('',(0.,0.));
#5949 = VECTOR('',#5950,1.);
#5950 = DIRECTION('',(0.,1.));
#5951 = ( GEOMETRIC_REPRESENTATION_CONTEXT(2) 
PARAMETRIC_REPRESENTATION_CONTEXT() REPRESENTATION_CONTEXT('2D SPACE',''
  ) );
#5952 = ORIENTED_EDGE('',*,*,#3262,.F.);
#5953 = ORIENTED_EDGE('',*,*,#5905,.T.);
#5954 = ORIENTED_EDGE('',*,*,#3731,.F.);
#5955 = ADVANCED_FACE('',(#5956),#3251,.F.);
#5956 = FACE_BOUND('',#5957,.F.);
#5957 = EDGE_LOOP('',(#5958,#5959,#5960,#5981));
#5958 = ORIENTED_EDGE('',*,*,#5932,.F.);
#5959 = ORIENTED_EDGE('',*,*,#3236,.F.);
#5960 = ORIENTED_EDGE('',*,*,#5961,.T.);
#5961 = EDGE_CURVE('',#3211,#3681,#5962,.T.);
#5962 = SURFACE_CURVE('',#5963,(#5967,#5974),.PCURVE_S1.);
#5963 = LINE('',#5964,#5965);
#5964 = CARTESIAN_POINT('',(-5.,-5.7,5.));
#5965 = VECTOR('',#5966,1.);
#5966 = DIRECTION('',(1.,0.,0.));
#5967 = PCURVE('',#3251,#5968);
#5968 = DEFINITIONAL_REPRESENTATION('',(#5969),#5973);
#5969 = LINE('',#5970,#5971);
#5970 = CARTESIAN_POINT('',(0.5,0.));
#5971 = VECTOR('',#5972,1.);
#5972 = DIRECTION('',(0.,1.));
#5973 = ( GEOMETRIC_REPRESENTATION_CONTEXT(2) 
PARAMETRIC_REPRESENTATION_CONTEXT() REPRESENTATION_CONTEXT('2D SPACE',''
  ) );
#5974 = PCURVE('',#3225,#5975);
#5975 = DEFINITIONAL_REPRESENTATION('',(#5976),#5980);
#5976 = LINE('',#5977,#5978);
#5977 = CARTESIAN_POINT('',(5.,-6.2));
#5978 = VECTOR('',#5979,1.);
#5979 = DIRECTION('',(-1.,0.));
#5980 = ( GEOMETRIC_REPRESENTATION_CONTEXT(2) 
PARAMETRIC_REPRESENTATION_CONTEXT() REPRESENTATION_CONTEXT('2D SPACE',''
  ) );
#5981 = ORIENTED_EDGE('',*,*,#3703,.F.);
#5982 = ADVANCED_FACE('',(#5983),#3225,.F.);
#5983 = FACE_BOUND('',#5984,.F.);
#5984 = EDGE_LOOP('',(#5985,#5986,#5987,#6008));
#5985 = ORIENTED_EDGE('',*,*,#5961,.F.);
#5986 = ORIENTED_EDGE('',*,*,#3210,.F.);
#5987 = ORIENTED_EDGE('',*,*,#5988,.T.);
#5988 = EDGE_CURVE('',#3185,#3653,#5989,.T.);
#5989 = SURFACE_CURVE('',#5990,(#5994,#6001),.PCURVE_S1.);
#5990 = LINE('',#5991,#5992);
#5991 = CARTESIAN_POINT('',(-5.,-3.3,5.));
#5992 = VECTOR('',#5993,1.);
#5993 = DIRECTION('',(1.,0.,0.));
#5994 = PCURVE('',#3225,#5995);
#5995 = DEFINITIONAL_REPRESENTATION('',(#5996),#6000);
#5996 = LINE('',#5997,#5998);
#5997 = CARTESIAN_POINT('',(5.,-3.8));
#5998 = VECTOR('',#5999,1.);
#5999 = DIRECTION('',(-1.,0.));
#6000 = ( GEOMETRIC_REPRESENTATION_CONTEXT(2) 
PARAMETRIC_REPRESENTATION_CONTEXT() REPRESENTATION_CONTEXT('2D SPACE',''
  ) );
#6001 = PCURVE('',#3199,#6002);
#6002 = DEFINITIONAL_REPRESENTATION('',(#6003),#6007);
#6003 = LINE('',#6004,#6005);
#6004 = CARTESIAN_POINT('',(0.5,0.));
#6005 = VECTOR('',#6006,1.);
#6006 = DIRECTION('',(0.,1.));
#6007 = ( GEOMETRIC_REPRESENTATION_CONTEXT(2) 
PARAMETRIC_REPRESENTATION_CONTEXT() REPRESENTATION_CONTEXT('2D SPACE',''
  ) );
#6008 = ORIENTED_EDGE('',*,*,#3680,.T.);
#6009 = ADVANCED_FACE('',(#6010),#3199,.T.);
#6010 = FACE_BOUND('',#6011,.T.);
#6011 = EDGE_LOOP('',(#6012,#6033,#6034,#6035));
#6012 = ORIENTED_EDGE('',*,*,#6013,.F.);
#6013 = EDGE_CURVE('',#3159,#3632,#6014,.T.);
#6014 = SURFACE_CURVE('',#6015,(#6019,#6026),.PCURVE_S1.);
#6015 = LINE('',#6016,#6017);
#6016 = CARTESIAN_POINT('',(-5.,-3.3,4.5));
#6017 = VECTOR('',#6018,1.);
#6018 = DIRECTION('',(1.,0.,0.));
#6019 = PCURVE('',#3199,#6020);
#6020 = DEFINITIONAL_REPRESENTATION('',(#6021),#6025);
#6021 = LINE('',#6022,#6023);
#6022 = CARTESIAN_POINT('',(0.,0.));
#6023 = VECTOR('',#6024,1.);
#6024 = DIRECTION('',(0.,1.));
#6025 = ( GEOMETRIC_REPRESENTATION_CONTEXT(2) 
PARAMETRIC_REPRESENTATION_CONTEXT() REPRESENTATION_CONTEXT('2D SPACE',''
  ) );
#6026 = PCURVE('',#3173,#6027);
#6027 = DEFINITIONAL_REPRESENTATION('',(#6028),#6032);
#6028 = LINE('',#6029,#6030);
#6029 = CARTESIAN_POINT('',(0.,0.));
#6030 = VECTOR('',#6031,1.);
#6031 = DIRECTION('',(1.,0.));
#6032 = ( GEOMETRIC_REPRESENTATION_CONTEXT(2) 
PARAMETRIC_REPRESENTATION_CONTEXT() REPRESENTATION_CONTEXT('2D SPACE',''
  ) );
#6033 = ORIENTED_EDGE('',*,*,#3184,.F.);
#6034 = ORIENTED_EDGE('',*,*,#5988,.T.);
#6035 = ORIENTED_EDGE('',*,*,#3652,.F.);
#6036 = ADVANCED_FACE('',(#6037),#3173,.T.);
#6037 = FACE_BOUND('',#6038,.T.);
#6038 = EDGE_LOOP('',(#6039,#6060,#6061,#6062));
#6039 = ORIENTED_EDGE('',*,*,#6040,.F.);
#6040 = EDGE_CURVE('',#3133,#3604,#6041,.T.);
#6041 = SURFACE_CURVE('',#6042,(#6046,#6053),.PCURVE_S1.);
#6042 = LINE('',#6043,#6044);
#6043 = CARTESIAN_POINT('',(-5.,-2.7,4.5));
#6044 = VECTOR('',#6045,1.);
#6045 = DIRECTION('',(1.,0.,0.));
#6046 = PCURVE('',#3173,#6047);
#6047 = DEFINITIONAL_REPRESENTATION('',(#6048),#6052);
#6048 = LINE('',#6049,#6050);
#6049 = CARTESIAN_POINT('',(0.,0.6));
#6050 = VECTOR('',#6051,1.);
#6051 = DIRECTION('',(1.,0.));
#6052 = ( GEOMETRIC_REPRESENTATION_CONTEXT(2) 
PARAMETRIC_REPRESENTATION_CONTEXT() REPRESENTATION_CONTEXT('2D SPACE',''
  ) );
#6053 = PCURVE('',#3147,#6054);
#6054 = DEFINITIONAL_REPRESENTATION('',(#6055),#6059);
#6055 = LINE('',#6056,#6057);
#6056 = CARTESIAN_POINT('',(0.,0.));
#6057 = VECTOR('',#6058,1.);
#6058 = DIRECTION('',(0.,1.));
#6059 = ( GEOMETRIC_REPRESENTATION_CONTEXT(2) 
PARAMETRIC_REPRESENTATION_CONTEXT() REPRESENTATION_CONTEXT('2D SPACE',''
  ) );
#6060 = ORIENTED_EDGE('',*,*,#3158,.F.);
#6061 = ORIENTED_EDGE('',*,*,#6013,.T.);
#6062 = ORIENTED_EDGE('',*,*,#3631,.F.);
#6063 = ADVANCED_FACE('',(#6064),#3147,.F.);
#6064 = FACE_BOUND('',#6065,.F.);
#6065 = EDGE_LOOP('',(#6066,#6067,#6068,#6089));
#6066 = ORIENTED_EDGE('',*,*,#6040,.F.);
#6067 = ORIENTED_EDGE('',*,*,#3132,.F.);
#6068 = ORIENTED_EDGE('',*,*,#6069,.T.);
#6069 = EDGE_CURVE('',#3107,#3581,#6070,.T.);
#6070 = SURFACE_CURVE('',#6071,(#6075,#6082),.PCURVE_S1.);
#6071 = LINE('',#6072,#6073);
#6072 = CARTESIAN_POINT('',(-5.,-2.7,5.));
#6073 = VECTOR('',#6074,1.);
#6074 = DIRECTION('',(1.,0.,0.));
#6075 = PCURVE('',#3147,#6076);
#6076 = DEFINITIONAL_REPRESENTATION('',(#6077),#6081);
#6077 = LINE('',#6078,#6079);
#6078 = CARTESIAN_POINT('',(0.5,0.));
#6079 = VECTOR('',#6080,1.);
#6080 = DIRECTION('',(0.,1.));
#6081 = ( GEOMETRIC_REPRESENTATION_CONTEXT(2) 
PARAMETRIC_REPRESENTATION_CONTEXT() REPRESENTATION_CONTEXT('2D SPACE',''
  ) );
#6082 = PCURVE('',#3121,#6083);
#6083 = DEFINITIONAL_REPRESENTATION('',(#6084),#6088);
#6084 = LINE('',#6085,#6086);
#6085 = CARTESIAN_POINT('',(5.,-3.2));
#6086 = VECTOR('',#6087,1.);
#6087 = DIRECTION('',(-1.,0.));
#6088 = ( GEOMETRIC_REPRESENTATION_CONTEXT(2) 
PARAMETRIC_REPRESENTATION_CONTEXT() REPRESENTATION_CONTEXT('2D SPACE',''
  ) );
#6089 = ORIENTED_EDGE('',*,*,#3603,.F.);
#6090 = ADVANCED_FACE('',(#6091),#3121,.F.);
#6091 = FACE_BOUND('',#6092,.F.);
#6092 = EDGE_LOOP('',(#6093,#6094,#6095,#6096));
#6093 = ORIENTED_EDGE('',*,*,#6069,.F.);
#6094 = ORIENTED_EDGE('',*,*,#3106,.F.);
#6095 = ORIENTED_EDGE('',*,*,#4065,.T.);
#6096 = ORIENTED_EDGE('',*,*,#3580,.T.);
#6097 = ADVANCED_FACE('',(#6098,#6102,#6137,#6172),#3939,.F.);
#6098 = FACE_BOUND('',#6099,.F.);
#6099 = EDGE_LOOP('',(#6100,#6101));
#6100 = ORIENTED_EDGE('',*,*,#3926,.F.);
#6101 = ORIENTED_EDGE('',*,*,#4790,.T.);
#6102 = FACE_BOUND('',#6103,.F.);
#6103 = EDGE_LOOP('',(#6104));
#6104 = ORIENTED_EDGE('',*,*,#6105,.T.);
#6105 = EDGE_CURVE('',#6106,#6106,#6108,.T.);
#6106 = VERTEX_POINT('',#6107);
#6107 = CARTESIAN_POINT('',(14.9,-8.5,4.1));
#6108 = SURFACE_CURVE('',#6109,(#6114,#6125),.PCURVE_S1.);
#6109 = CIRCLE('',#6110,2.4);
#6110 = AXIS2_PLACEMENT_3D('',#6111,#6112,#6113);
#6111 = CARTESIAN_POINT('',(12.5,-8.5,4.1));
#6112 = DIRECTION('',(0.,0.,1.));
#6113 = DIRECTION('',(1.,0.,0.));
#6114 = PCURVE('',#3939,#6115);
#6115 = DEFINITIONAL_REPRESENTATION('',(#6116),#6124);
#6116 = ( BOUNDED_CURVE() B_SPLINE_CURVE(2,(#6117,#6118,#6119,#6120,
#6121,#6122,#6123),.UNSPECIFIED.,.T.,.F.) B_SPLINE_CURVE_WITH_KNOTS((1,2
    ,2,2,2,1),(-2.094395102393,0.,2.094395102393,4.188790204786,
6.28318530718,8.377580409573),.UNSPECIFIED.) CURVE() 
GEOMETRIC_REPRESENTATION_ITEM() RATIONAL_B_SPLINE_CURVE((1.,0.5,1.,0.5,
1.,0.5,1.)) REPRESENTATION_ITEM('') );
#6117 = CARTESIAN_POINT('',(-2.957729876761,-10.34570102943));
#6118 = CARTESIAN_POINT('',(-2.957729876761,-6.18877909127));
#6119 = CARTESIAN_POINT('',(0.642270123239,-8.267240060353));
#6120 = CARTESIAN_POINT('',(4.242270123239,-10.34570102943));
#6121 = CARTESIAN_POINT('',(0.642270123239,-12.42416199851));
#6122 = CARTESIAN_POINT('',(-2.957729876761,-14.5026229676));
#6123 = CARTESIAN_POINT('',(-2.957729876761,-10.34570102943));
#6124 = ( GEOMETRIC_REPRESENTATION_CONTEXT(2) 
PARAMETRIC_REPRESENTATION_CONTEXT() REPRESENTATION_CONTEXT('2D SPACE',''
  ) );
#6125 = PCURVE('',#6126,#6131);
#6126 = CYLINDRICAL_SURFACE('',#6127,2.4);
#6127 = AXIS2_PLACEMENT_3D('',#6128,#6129,#6130);
#6128 = CARTESIAN_POINT('',(12.5,-8.5,4.1));
#6129 = DIRECTION('',(-0.,-0.,-1.));
#6130 = DIRECTION('',(1.,0.,0.));
#6131 = DEFINITIONAL_REPRESENTATION('',(#6132),#6136);
#6132 = LINE('',#6133,#6134);
#6133 = CARTESIAN_POINT('',(-0.,0.));
#6134 = VECTOR('',#6135,1.);
#6135 = DIRECTION('',(-1.,0.));
#6136 = ( GEOMETRIC_REPRESENTATION_CONTEXT(2) 
PARAMETRIC_REPRESENTATION_CONTEXT() REPRESENTATION_CONTEXT('2D SPACE',''
  ) );
#6137 = FACE_BOUND('',#6138,.F.);
#6138 = EDGE_LOOP('',(#6139));
#6139 = ORIENTED_EDGE('',*,*,#6140,.T.);
#6140 = EDGE_CURVE('',#6141,#6141,#6143,.T.);
#6141 = VERTEX_POINT('',#6142);
#6142 = CARTESIAN_POINT('',(18.7,11.,4.1));
#6143 = SURFACE_CURVE('',#6144,(#6149,#6160),.PCURVE_S1.);
#6144 = CIRCLE('',#6145,3.2);
#6145 = AXIS2_PLACEMENT_3D('',#6146,#6147,#6148);
#6146 = CARTESIAN_POINT('',(15.5,11.,4.1));
#6147 = DIRECTION('',(0.,0.,1.));
#6148 = DIRECTION('',(1.,0.,0.));
#6149 = PCURVE('',#3939,#6150);
#6150 = DEFINITIONAL_REPRESENTATION('',(#6151),#6159);
#6151 = ( BOUNDED_CURVE() B_SPLINE_CURVE(2,(#6152,#6153,#6154,#6155,
#6156,#6157,#6158),.UNSPECIFIED.,.T.,.F.) B_SPLINE_CURVE_WITH_KNOTS((1,2
    ,2,2,2,1),(-2.094395102393,0.,2.094395102393,4.188790204786,
6.28318530718,8.377580409573),.UNSPECIFIED.) CURVE() 
GEOMETRIC_REPRESENTATION_ITEM() RATIONAL_B_SPLINE_CURVE((1.,0.5,1.,0.5,
1.,0.5,1.)) REPRESENTATION_ITEM('') );
#6152 = CARTESIAN_POINT('',(-6.757729876761,9.154298970565));
#6153 = CARTESIAN_POINT('',(-6.757729876761,14.696861554785));
#6154 = CARTESIAN_POINT('',(-1.957729876761,11.925580262675));
#6155 = CARTESIAN_POINT('',(2.842270123239,9.154298970565));
#6156 = CARTESIAN_POINT('',(-1.957729876761,6.383017678454));
#6157 = CARTESIAN_POINT('',(-6.757729876761,3.611736386344));
#6158 = CARTESIAN_POINT('',(-6.757729876761,9.154298970565));
#6159 = ( GEOMETRIC_REPRESENTATION_CONTEXT(2) 
PARAMETRIC_REPRESENTATION_CONTEXT() REPRESENTATION_CONTEXT('2D SPACE',''
  ) );
#6160 = PCURVE('',#6161,#6166);
#6161 = CYLINDRICAL_SURFACE('',#6162,3.2);
#6162 = AXIS2_PLACEMENT_3D('',#6163,#6164,#6165);
#6163 = CARTESIAN_POINT('',(15.5,11.,4.1));
#6164 = DIRECTION('',(-0.,-0.,-1.));
#6165 = DIRECTION('',(1.,0.,0.));
#6166 = DEFINITIONAL_REPRESENTATION('',(#6167),#6171);
#6167 = LINE('',#6168,#6169);
#6168 = CARTESIAN_POINT('',(-0.,0.));
#6169 = VECTOR('',#6170,1.);
#6170 = DIRECTION('',(-1.,0.));
#6171 = ( GEOMETRIC_REPRESENTATION_CONTEXT(2) 
PARAMETRIC_REPRESENTATION_CONTEXT() REPRESENTATION_CONTEXT('2D SPACE',''
  ) );
#6172 = FACE_BOUND('',#6173,.F.);
#6173 = EDGE_LOOP('',(#6174));
#6174 = ORIENTED_EDGE('',*,*,#6175,.T.);
#6175 = EDGE_CURVE('',#6176,#6176,#6178,.T.);
#6176 = VERTEX_POINT('',#6177);
#6177 = CARTESIAN_POINT('',(9.1,7.,4.1));
#6178 = SURFACE_CURVE('',#6179,(#6184,#6195),.PCURVE_S1.);
#6179 = CIRCLE('',#6180,1.6);
#6180 = AXIS2_PLACEMENT_3D('',#6181,#6182,#6183);
#6181 = CARTESIAN_POINT('',(7.5,7.,4.1));
#6182 = DIRECTION('',(0.,0.,1.));
#6183 = DIRECTION('',(1.,0.,0.));
#6184 = PCURVE('',#3939,#6185);
#6185 = DEFINITIONAL_REPRESENTATION('',(#6186),#6194);
#6186 = ( BOUNDED_CURVE() B_SPLINE_CURVE(2,(#6187,#6188,#6189,#6190,
#6191,#6192,#6193),.UNSPECIFIED.,.T.,.F.) B_SPLINE_CURVE_WITH_KNOTS((1,2
    ,2,2,2,1),(-2.094395102393,0.,2.094395102393,4.188790204786,
6.28318530718,8.377580409573),.UNSPECIFIED.) CURVE() 
GEOMETRIC_REPRESENTATION_ITEM() RATIONAL_B_SPLINE_CURVE((1.,0.5,1.,0.5,
1.,0.5,1.)) REPRESENTATION_ITEM('') );
#6187 = CARTESIAN_POINT('',(2.842270123239,5.154298970565));
#6188 = CARTESIAN_POINT('',(2.842270123239,7.925580262675));
#6189 = CARTESIAN_POINT('',(5.242270123239,6.53993961662));
#6190 = CARTESIAN_POINT('',(7.642270123239,5.154298970565));
#6191 = CARTESIAN_POINT('',(5.242270123239,3.76865832451));
#6192 = CARTESIAN_POINT('',(2.842270123239,2.383017678454));
#6193 = CARTESIAN_POINT('',(2.842270123239,5.154298970565));
#6194 = ( GEOMETRIC_REPRESENTATION_CONTEXT(2) 
PARAMETRIC_REPRESENTATION_CONTEXT() REPRESENTATION_CONTEXT('2D SPACE',''
  ) );
#6195 = PCURVE('',#6196,#6201);
#6196 = CYLINDRICAL_SURFACE('',#6197,1.6);
#6197 = AXIS2_PLACEMENT_3D('',#6198,#6199,#6200);
#6198 = CARTESIAN_POINT('',(7.5,7.,4.1));
#6199 = DIRECTION('',(-0.,-0.,-1.));
#6200 = DIRECTION('',(1.,0.,0.));
#6201 = DEFINITIONAL_REPRESENTATION('',(#6202),#6206);
#6202 = LINE('',#6203,#6204);
#6203 = CARTESIAN_POINT('',(-0.,0.));
#6204 = VECTOR('',#6205,1.);
#6205 = DIRECTION('',(-1.,0.));
#6206 = ( GEOMETRIC_REPRESENTATION_CONTEXT(2) 
PARAMETRIC_REPRESENTATION_CONTEXT() REPRESENTATION_CONTEXT('2D SPACE',''
  ) );
#6207 = ADVANCED_FACE('',(#6208),#4286,.F.);
#6208 = FACE_BOUND('',#6209,.F.);
#6209 = EDGE_LOOP('',(#6210,#6211,#6239,#6532,#6533,#6534));
#6210 = ORIENTED_EDGE('',*,*,#4436,.F.);
#6211 = ORIENTED_EDGE('',*,*,#6212,.T.);
#6212 = EDGE_CURVE('',#4113,#6213,#6215,.T.);
#6213 = VERTEX_POINT('',#6214);
#6214 = CARTESIAN_POINT('',(5.3468721007,17.770078636122,3.7));
#6215 = SEAM_CURVE('',#6216,(#6226,#6233),.PCURVE_S1.);
#6216 = ( BOUNDED_CURVE() B_SPLINE_CURVE(8,(#6217,#6218,#6219,#6220,
    #6221,#6222,#6223,#6224,#6225),.UNSPECIFIED.,.F.,.F.) 
B_SPLINE_CURVE_WITH_KNOTS((9,9),(0.,8.602478734935),
.PIECEWISE_BEZIER_KNOTS.) CURVE() GEOMETRIC_REPRESENTATION_ITEM() 
RATIONAL_B_SPLINE_CURVE((1.669078461068,1.669078461068,1.669078461068,
    1.669078461068,1.669078461068,1.669078461068,1.669078461068,
1.669078461068,1.669078461068)) REPRESENTATION_ITEM('') );
#6217 = CARTESIAN_POINT('',(2.5,12.,3.7));
#6218 = CARTESIAN_POINT('',(2.570382932262,13.09082844683,3.7));
#6219 = CARTESIAN_POINT('',(2.760478427577,14.090617848334,3.7));
#6220 = CARTESIAN_POINT('',(3.065921783009,15.001326562661,3.7));
#6221 = CARTESIAN_POINT('',(3.48232690722,15.82642262378,3.7));
#6222 = CARTESIAN_POINT('',(4.005457188549,16.581061554037,3.7));
#6223 = CARTESIAN_POINT('',(4.649756208822,17.274020696472,3.7));
#6224 = CARTESIAN_POINT('',(5.421549751903,17.904132639818,3.7));
#6225 = CARTESIAN_POINT('',(6.325535101812,18.469375023173,3.7));
#6226 = PCURVE('',#4286,#6227);
#6227 = DEFINITIONAL_REPRESENTATION('',(#6228),#6232);
#6228 = LINE('',#6229,#6230);
#6229 = CARTESIAN_POINT('',(0.,0.));
#6230 = VECTOR('',#6231,1.);
#6231 = DIRECTION('',(0.,1.));
#6232 = ( GEOMETRIC_REPRESENTATION_CONTEXT(2) 
PARAMETRIC_REPRESENTATION_CONTEXT() REPRESENTATION_CONTEXT('2D SPACE',''
  ) );
#6233 = PCURVE('',#4286,#6234);
#6234 = DEFINITIONAL_REPRESENTATION('',(#6235),#6238);
#6235 = B_SPLINE_CURVE_WITH_KNOTS('',1,(#6236,#6237),.UNSPECIFIED.,.F.,
  .F.,(2,2),(0.,8.602478734935),.PIECEWISE_BEZIER_KNOTS.);
#6236 = CARTESIAN_POINT('',(6.28318530718,0.));
#6237 = CARTESIAN_POINT('',(6.28318530718,8.602478734935));
#6238 = ( GEOMETRIC_REPRESENTATION_CONTEXT(2) 
PARAMETRIC_REPRESENTATION_CONTEXT() REPRESENTATION_CONTEXT('2D SPACE',''
  ) );
#6239 = ORIENTED_EDGE('',*,*,#6240,.T.);
#6240 = EDGE_CURVE('',#6213,#6213,#6241,.T.);
#6241 = SURFACE_CURVE('',#6242,(#6335,#6431),.PCURVE_S1.);
#6242 = B_SPLINE_CURVE_WITH_KNOTS('',6,(#6243,#6244,#6245,#6246,#6247,
    #6248,#6249,#6250,#6251,#6252,#6253,#6254,#6255,#6256,#6257,#6258,
    #6259,#6260,#6261,#6262,#6263,#6264,#6265,#6266,#6267,#6268,#6269,
    #6270,#6271,#6272,#6273,#6274,#6275,#6276,#6277,#6278,#6279,#6280,
    #6281,#6282,#6283,#6284,#6285,#6286,#6287,#6288,#6289,#6290,#6291,
    #6292,#6293,#6294,#6295,#6296,#6297,#6298,#6299,#6300,#6301,#6302,
    #6303,#6304,#6305,#6306,#6307,#6308,#6309,#6310,#6311,#6312,#6313,
    #6314,#6315,#6316,#6317,#6318,#6319,#6320,#6321,#6322,#6323,#6324,
    #6325,#6326,#6327,#6328,#6329,#6330,#6331,#6332,#6333,#6334),
  .UNSPECIFIED.,.T.,.F.,(7,5,5,5,5,5,5,5,5,5,5,5,5,5,5,5,5,5,7),(0.,
    8.407626795148E-02,0.157647629218,0.205327372965,0.249604816975,
    0.29488333611,0.342477509902,0.411000595397,0.438601865528,
    0.500623609143,0.561391954438,0.588992638847,0.657513632353,
    0.705106225836,0.750383734829,0.794661120937,0.842341912025,
    0.915916201165,1.),.UNSPECIFIED.);
#6243 = CARTESIAN_POINT('',(5.3468721007,17.770078636122,3.7));
#6244 = CARTESIAN_POINT('',(5.3468721007,17.770078636122,3.620041669306)
  );
#6245 = CARTESIAN_POINT('',(5.341916441637,17.777014372633,
    3.539905789091));
#6246 = CARTESIAN_POINT('',(5.331963905167,17.790943533749,
    3.460776614044));
#6247 = CARTESIAN_POINT('',(5.3171101115,17.811732244288,3.383860459798)
  );
#6248 = CARTESIAN_POINT('',(5.297593252402,17.839047048285,
    3.310328623205));
#6249 = CARTESIAN_POINT('',(5.252970546467,17.901498373057,
    3.180778817262));
#6250 = CARTESIAN_POINT('',(5.228864235049,17.935236038032,3.12371037508
    ));
#6251 = CARTESIAN_POINT('',(5.201738103192,17.973199888667,3.07076579995
    ));
#6252 = CARTESIAN_POINT('',(5.171940209011,18.014902742087,
    3.022580918023));
#6253 = CARTESIAN_POINT('',(5.13988154096,18.05976936415,2.979647753344)
  );
#6254 = CARTESIAN_POINT('',(5.084055579371,18.137898285437,
    2.918095153738));
#6255 = CARTESIAN_POINT('',(5.06133804176,18.169691578873,2.896233430032
    ));
#6256 = CARTESIAN_POINT('',(5.037975849137,18.20238696487,2.876804905231
    ));
#6257 = CARTESIAN_POINT('',(5.014085350777,18.235821606627,
    2.859863142685));
#6258 = CARTESIAN_POINT('',(4.989776033757,18.269842273983,
    2.845435859859));
#6259 = CARTESIAN_POINT('',(4.942276724971,18.336316913068,2.82248533226
    ));
#6260 = CARTESIAN_POINT('',(4.919129970255,18.368710389917,
    2.813614026894));
#6261 = CARTESIAN_POINT('',(4.895785750304,18.401380122252,
    2.806931085847));
#6262 = CARTESIAN_POINT('',(4.872313435327,18.434229027261,
    2.802436488035));
#6263 = CARTESIAN_POINT('',(4.84877685809,18.467167772911,2.800127367625
    ));
#6264 = CARTESIAN_POINT('',(4.801166439895,18.533796963771,
    2.799878179916));
#6265 = CARTESIAN_POINT('',(4.777093027346,18.567486805254,
    2.802038088119));
#6266 = CARTESIAN_POINT('',(4.753083464049,18.601087196966,2.80648284669
    ));
#6267 = CARTESIAN_POINT('',(4.729205718674,18.6345030209,2.813215166598)
  );
#6268 = CARTESIAN_POINT('',(4.705533641054,18.66763092999,2.822234805271
    ));
#6269 = CARTESIAN_POINT('',(4.657572160102,18.734750482396,
    2.845406669072));
#6270 = CARTESIAN_POINT('',(4.633312356197,18.768700693438,
    2.859798023773));
#6271 = CARTESIAN_POINT('',(4.609470462266,18.802065966011,
    2.876692603782));
#6272 = CARTESIAN_POINT('',(4.586155014562,18.834694415767,
    2.896062521083));
#6273 = CARTESIAN_POINT('',(4.563481233272,18.866424807163,
    2.917854552445));
#6274 = CARTESIAN_POINT('',(4.510019238549,18.941240981013,2.97671276898
    ));
#6275 = CARTESIAN_POINT('',(4.480041930896,18.983191870389,
    3.016287291114));
#6276 = CARTESIAN_POINT('',(4.451993635064,19.022443103449,
    3.060436721998));
#6277 = CARTESIAN_POINT('',(4.426206442729,19.058529981862,
    3.108777866985));
#6278 = CARTESIAN_POINT('',(4.402967714598,19.0910504125,3.160820646216)
  );
#6279 = CARTESIAN_POINT('',(4.374261579633,19.131221869959,
    3.238226745991));
#6280 = CARTESIAN_POINT('',(4.366468621573,19.142127347521,
    3.260963707231));
#6281 = CARTESIAN_POINT('',(4.359139983304,19.152383044101,3.28417516736
    ));
#6282 = CARTESIAN_POINT('',(4.35228864295,19.161970800543,3.307824074726
    ));
#6283 = CARTESIAN_POINT('',(4.345925995136,19.170874673527,
    3.331872302117));
#6284 = CARTESIAN_POINT('',(4.326884760094,19.197520908716,
    3.411127691363));
#6285 = CARTESIAN_POINT('',(4.316225040497,19.212438047473,
    3.467792260718));
#6286 = CARTESIAN_POINT('',(4.308193405884,19.223677443768,
    3.525833946624));
#6287 = CARTESIAN_POINT('',(4.302861938169,19.23113824479,3.584791695472
    ));
#6288 = CARTESIAN_POINT('',(4.300265460602,19.234771729069,
    3.644196288169));
#6289 = CARTESIAN_POINT('',(4.300537583419,19.234390923177,
    3.761769208644));
#6290 = CARTESIAN_POINT('',(4.303296798925,19.230529705095,
    3.819936937575));
#6291 = CARTESIAN_POINT('',(4.308679516023,19.222997185634,
    3.877648609735));
#6292 = CARTESIAN_POINT('',(4.31665158504,19.211841143936,3.934463213481
    ));
#6293 = CARTESIAN_POINT('',(4.327144485534,19.19715744986,3.989947429709
    ));
#6294 = CARTESIAN_POINT('',(4.345917530967,19.170886518262,
    4.068095160448));
#6295 = CARTESIAN_POINT('',(4.352279489152,19.161983610353,
    4.092143314614));
#6296 = CARTESIAN_POINT('',(4.359130128926,19.152396834311,
    4.115792200691));
#6297 = CARTESIAN_POINT('',(4.366458057481,19.142142130917,
    4.139003693266));
#6298 = CARTESIAN_POINT('',(4.374250298651,19.131237656586,
    4.161740742233));
#6299 = CARTESIAN_POINT('',(4.402953728814,19.09106998429,4.239146830878
    ));
#6300 = CARTESIAN_POINT('',(4.426190389974,19.058552446237,
    4.291189859362));
#6301 = CARTESIAN_POINT('',(4.451975471151,19.022468522269,
    4.339531698395));
#6302 = CARTESIAN_POINT('',(4.480021657899,18.983220240776,
    4.383682285573));
#6303 = CARTESIAN_POINT('',(4.509996902586,18.941272238458,
    4.423258418349));
#6304 = CARTESIAN_POINT('',(4.563455484111,18.866460841319,4.48212002925
    ));
#6305 = CARTESIAN_POINT('',(4.586127867246,18.834732406627,
    4.503913633595));
#6306 = CARTESIAN_POINT('',(4.609441964719,18.802105846523,
    4.523285335426));
#6307 = CARTESIAN_POINT('',(4.633282564673,18.768742384891,
    4.540181899375));
#6308 = CARTESIAN_POINT('',(4.657541135813,18.734793899136,
    4.554575425236));
#6309 = CARTESIAN_POINT('',(4.705500590082,18.667677183178,
    4.577751997821));
#6310 = CARTESIAN_POINT('',(4.729171874305,18.634550384516,
    4.586774107715));
#6311 = CARTESIAN_POINT('',(4.753048889319,18.6011355828,4.593509003315)
  );
#6312 = CARTESIAN_POINT('',(4.777057784438,18.567536126291,
    4.597956439139));
#6313 = CARTESIAN_POINT('',(4.801130591904,18.533847131718,
    4.600119126332));
#6314 = CARTESIAN_POINT('',(4.848740440759,18.467218737867,
    4.599875636406));
#6315 = CARTESIAN_POINT('',(4.872277050738,18.434279946515,
    4.597569338364));
#6316 = CARTESIAN_POINT('',(4.895749463459,18.401430904836,
    4.593077570595));
#6317 = CARTESIAN_POINT('',(4.919093850079,18.368760939373,
    4.586397467595));
#6318 = CARTESIAN_POINT('',(4.942240846514,18.336367124363,
    4.577529005285));
#6319 = CARTESIAN_POINT('',(4.989741401573,18.269890741385,4.55458409726
    ));
#6320 = CARTESIAN_POINT('',(5.014051721065,18.235868671204,
    4.540159472928));
#6321 = CARTESIAN_POINT('',(5.03794330415,18.202432511505,4.523220236939
    ));
#6322 = CARTESIAN_POINT('',(5.061306663429,18.169735492893,
    4.503794091512));
#6323 = CARTESIAN_POINT('',(5.084025445849,18.137940457456,
    4.481934583074));
#6324 = CARTESIAN_POINT('',(5.139855354358,18.059806012696,
    4.420386495568));
#6325 = CARTESIAN_POINT('',(5.171916758168,18.014935562046,
    4.377455180077));
#6326 = CARTESIAN_POINT('',(5.201717431777,17.973228818879,4.32927148793
    ));
#6327 = CARTESIAN_POINT('',(5.228846317028,17.935261114892,
    4.276327437856));
#6328 = CARTESIAN_POINT('',(5.252955284262,17.901519733087,
    4.219258892844));
#6329 = CARTESIAN_POINT('',(5.297584530056,17.839059255638,
    4.089704237626));
#6330 = CARTESIAN_POINT('',(5.317104799581,17.811739678614,
    4.016167042688));
#6331 = CARTESIAN_POINT('',(5.331961236658,17.790947268485,
    3.939244604828));
#6332 = CARTESIAN_POINT('',(5.341915555642,17.777015612635,
    3.860108536126));
#6333 = CARTESIAN_POINT('',(5.3468721007,17.770078636122,3.779965477361)
  );
#6334 = CARTESIAN_POINT('',(5.3468721007,17.770078636122,3.7));
#6335 = PCURVE('',#4286,#6336);
#6336 = DEFINITIONAL_REPRESENTATION('',(#6337),#6430);
#6337 = B_SPLINE_CURVE_WITH_KNOTS('',6,(#6338,#6339,#6340,#6341,#6342,
    #6343,#6344,#6345,#6346,#6347,#6348,#6349,#6350,#6351,#6352,#6353,
    #6354,#6355,#6356,#6357,#6358,#6359,#6360,#6361,#6362,#6363,#6364,
    #6365,#6366,#6367,#6368,#6369,#6370,#6371,#6372,#6373,#6374,#6375,
    #6376,#6377,#6378,#6379,#6380,#6381,#6382,#6383,#6384,#6385,#6386,
    #6387,#6388,#6389,#6390,#6391,#6392,#6393,#6394,#6395,#6396,#6397,
    #6398,#6399,#6400,#6401,#6402,#6403,#6404,#6405,#6406,#6407,#6408,
    #6409,#6410,#6411,#6412,#6413,#6414,#6415,#6416,#6417,#6418,#6419,
    #6420,#6421,#6422,#6423,#6424,#6425,#6426,#6427,#6428,#6429),
  .UNSPECIFIED.,.F.,.F.,(7,5,5,5,5,5,5,5,5,5,5,5,5,5,5,5,5,5,7),(0.,
    8.407626795148E-02,0.157647629218,0.205327372965,0.249604816975,
    0.29488333611,0.342477509902,0.411000595397,0.438601865528,
    0.500623609143,0.561391954438,0.588992638847,0.657513632353,
    0.705106225836,0.750383734829,0.794661120937,0.842341912025,
    0.915916201165,1.),.UNSPECIFIED.);
#6338 = CARTESIAN_POINT('',(6.28318530718,7.345373228685));
#6339 = CARTESIAN_POINT('',(6.193038683181,7.345373228685));
#6340 = CARTESIAN_POINT('',(6.103115912699,7.346578184286));
#6341 = CARTESIAN_POINT('',(6.013376852363,7.348998193364));
#6342 = CARTESIAN_POINT('',(5.923793333703,7.352591466597));
#6343 = CARTESIAN_POINT('',(5.834364131663,7.357262979442));
#6344 = CARTESIAN_POINT('',(5.667063394929,7.367796572197));
#6345 = CARTESIAN_POINT('',(5.589130886557,7.373437766002));
#6346 = CARTESIAN_POINT('',(5.511406997037,7.379714412257));
#6347 = CARTESIAN_POINT('',(5.433959039971,7.386513969319));
#6348 = CARTESIAN_POINT('',(5.35685920077,7.393715576056));
#6349 = CARTESIAN_POINT('',(5.230507085934,7.406051812309));
#6350 = CARTESIAN_POINT('',(5.180997322881,7.411022559729));
#6351 = CARTESIAN_POINT('',(5.131684019537,7.416080979993));
#6352 = CARTESIAN_POINT('',(5.082570472934,7.421197733956));
#6353 = CARTESIAN_POINT('',(5.033645388872,7.426346715008));
#6354 = CARTESIAN_POINT('',(4.939605171059,7.436296248493));
#6355 = CARTESIAN_POINT('',(4.894465894032,7.441095577311));
#6356 = CARTESIAN_POINT('',(4.849445001532,7.445885910334));
#6357 = CARTESIAN_POINT('',(4.804507346418,7.450652632971));
#6358 = CARTESIAN_POINT('',(4.759610215255,7.45538322336));
#6359 = CARTESIAN_POINT('',(4.668790880222,7.464855341397));
#6360 = CARTESIAN_POINT('',(4.622869319849,7.469594590447));
#6361 = CARTESIAN_POINT('',(4.5768947631,7.47427200348));
#6362 = CARTESIAN_POINT('',(4.530821597337,7.478875936931));
#6363 = CARTESIAN_POINT('',(4.484612763435,7.483394463873));
#6364 = CARTESIAN_POINT('',(4.389506326018,7.492460892865));
#6365 = CARTESIAN_POINT('',(4.340590536007,7.496998626543));
#6366 = CARTESIAN_POINT('',(4.291476371292,7.501412440655));
#6367 = CARTESIAN_POINT('',(4.242154753353,7.505686276707));
#6368 = CARTESIAN_POINT('',(4.192631726357,7.509803822703));
#6369 = CARTESIAN_POINT('',(4.071375472146,7.519428794975));
#6370 = CARTESIAN_POINT('',(3.999440253293,7.52475214212));
#6371 = CARTESIAN_POINT('',(3.927202036527,7.52967022592));
#6372 = CARTESIAN_POINT('',(3.854732307787,7.534142331134));
#6373 = CARTESIAN_POINT('',(3.78210293898,7.538136202218));
#6374 = CARTESIAN_POINT('',(3.680094272832,7.543034564782));
#6375 = CARTESIAN_POINT('',(3.650787122987,7.544359719825));
#6376 = CARTESIAN_POINT('',(3.621467012505,7.545602010795));
#6377 = CARTESIAN_POINT('',(3.592136720591,7.546760139772));
#6378 = CARTESIAN_POINT('',(3.562798515009,7.547833007949));
#6379 = CARTESIAN_POINT('',(3.467515572262,7.551036908213));
#6380 = CARTESIAN_POINT('',(3.401547417253,7.552818968707));
#6381 = CARTESIAN_POINT('',(3.33556665011,7.554155725522));
#6382 = CARTESIAN_POINT('',(3.269582202276,7.555041082175));
#6383 = CARTESIAN_POINT('',(3.203597290192,7.555472338096));
#6384 = CARTESIAN_POINT('',(3.072959676733,7.55542714212));
#6385 = CARTESIAN_POINT('',(3.008308308929,7.554968859264));
#6386 = CARTESIAN_POINT('',(2.943657569159,7.554074808272));
#6387 = CARTESIAN_POINT('',(2.879010659051,7.5527476533));
#6388 = CARTESIAN_POINT('',(2.81437615536,7.55099320094));
#6389 = CARTESIAN_POINT('',(2.720426381599,7.547834434667));
#6390 = CARTESIAN_POINT('',(2.691088794595,7.546761685808));
#6391 = CARTESIAN_POINT('',(2.661759119009,7.545603678851));
#6392 = CARTESIAN_POINT('',(2.632439622104,7.544361512399));
#6393 = CARTESIAN_POINT('',(2.603133082521,7.543036484143));
#6394 = CARTESIAN_POINT('',(2.501127204872,7.53813860263));
#6395 = CARTESIAN_POINT('',(2.42849999569,7.534145105736));
#6396 = CARTESIAN_POINT('',(2.356032386297,7.529673391741));
#6397 = CARTESIAN_POINT('',(2.283796236927,7.524755709963));
#6398 = CARTESIAN_POINT('',(2.211863029138,7.519432768928));
#6399 = CARTESIAN_POINT('',(2.090610223482,7.509808491232));
#6400 = CARTESIAN_POINT('',(2.041088662554,7.505691236026));
#6401 = CARTESIAN_POINT('',(1.991768487593,7.501417688493));
#6402 = CARTESIAN_POINT('',(1.942655750751,7.497004159005));
#6403 = CARTESIAN_POINT('',(1.893741385269,7.492466704877));
#6404 = CARTESIAN_POINT('',(1.79863724342,7.483400761738));
#6405 = CARTESIAN_POINT('',(1.752429282539,7.478882439471));
#6406 = CARTESIAN_POINT('',(1.706357014874,7.474278702973));
#6407 = CARTESIAN_POINT('',(1.660383391987,7.4696014789));
#6408 = CARTESIAN_POINT('',(1.614462809209,7.464862410135));
#6409 = CARTESIAN_POINT('',(1.52364455952,7.455390530355));
#6410 = CARTESIAN_POINT('',(1.47874753415,7.450659996371));
#6411 = CARTESIAN_POINT('',(1.433810030197,7.445893317716));
#6412 = CARTESIAN_POINT('',(1.38878932989,7.441103014781));
#6413 = CARTESIAN_POINT('',(1.343650278426,7.436303700123));
#6414 = CARTESIAN_POINT('',(1.249609441609,7.426354037819));
#6415 = CARTESIAN_POINT('',(1.200683509618,7.421204911393));
#6416 = CARTESIAN_POINT('',(1.151569120028,7.416087989849));
#6417 = CARTESIAN_POINT('',(1.102254966063,7.411029378774));
#6418 = CARTESIAN_POINT('',(1.052744335489,7.406058417136));
#6419 = CARTESIAN_POINT('',(0.926388592945,7.393721445887));
#6420 = CARTESIAN_POINT('',(0.849285944553,7.386519297227));
#6421 = CARTESIAN_POINT('',(0.771835107175,7.37971916618));
#6422 = CARTESIAN_POINT('',(0.694108273644,7.37344192993));
#6423 = CARTESIAN_POINT('',(0.616172774468,7.367800149784));
#6424 = CARTESIAN_POINT('',(0.448861141074,7.357265067208));
#6425 = CARTESIAN_POINT('',(0.359424005759,7.352592751578));
#6426 = CARTESIAN_POINT('',(0.269832518575,7.348998842247));
#6427 = CARTESIAN_POINT('',(0.180085469271,7.346578399705));
#6428 = CARTESIAN_POINT('',(9.015468129471E-02,7.345373228685));
#6429 = CARTESIAN_POINT('',(0.,7.345373228685));
#6430 = ( GEOMETRIC_REPRESENTATION_CONTEXT(2) 
PARAMETRIC_REPRESENTATION_CONTEXT() REPRESENTATION_CONTEXT('2D SPACE',''
  ) );
#6431 = PCURVE('',#6432,#6437);
#6432 = SPHERICAL_SURFACE('',#6433,1.5);
#6433 = AXIS2_PLACEMENT_3D('',#6434,#6435,#6436);
#6434 = CARTESIAN_POINT('',(5.8,19.2,3.7));
#6435 = DIRECTION('',(0.,0.,1.));
#6436 = DIRECTION('',(1.,0.,0.));
#6437 = DEFINITIONAL_REPRESENTATION('',(#6438),#6531);
#6438 = B_SPLINE_CURVE_WITH_KNOTS('',6,(#6439,#6440,#6441,#6442,#6443,
    #6444,#6445,#6446,#6447,#6448,#6449,#6450,#6451,#6452,#6453,#6454,
    #6455,#6456,#6457,#6458,#6459,#6460,#6461,#6462,#6463,#6464,#6465,
    #6466,#6467,#6468,#6469,#6470,#6471,#6472,#6473,#6474,#6475,#6476,
    #6477,#6478,#6479,#6480,#6481,#6482,#6483,#6484,#6485,#6486,#6487,
    #6488,#6489,#6490,#6491,#6492,#6493,#6494,#6495,#6496,#6497,#6498,
    #6499,#6500,#6501,#6502,#6503,#6504,#6505,#6506,#6507,#6508,#6509,
    #6510,#6511,#6512,#6513,#6514,#6515,#6516,#6517,#6518,#6519,#6520,
    #6521,#6522,#6523,#6524,#6525,#6526,#6527,#6528,#6529,#6530),
  .UNSPECIFIED.,.F.,.F.,(7,5,5,5,5,5,5,5,5,5,5,5,5,5,5,5,5,5,7),(0.,
    8.407626795148E-02,0.157647629218,0.205327372965,0.249604816975,
    0.29488333611,0.342477509902,0.411000595397,0.438601865528,
    0.500623609143,0.561391954438,0.588992638847,0.657513632353,
    0.705106225836,0.750383734829,0.794661120937,0.842341912025,
    0.915916201165,1.),.UNSPECIFIED.);
#6439 = CARTESIAN_POINT('',(4.405509619803,0.));
#6440 = CARTESIAN_POINT('',(4.405509619803,-5.330555379571E-02));
#6441 = CARTESIAN_POINT('',(4.400963666379,-0.106729574219));
#6442 = CARTESIAN_POINT('',(4.391832219527,-0.159754535372));
#6443 = CARTESIAN_POINT('',(4.377976087997,-0.211857050257));
#6444 = CARTESIAN_POINT('',(4.35912284,-0.262443377533));
#6445 = CARTESIAN_POINT('',(4.313962896836,-0.353156681181));
#6446 = CARTESIAN_POINT('',(4.288878252787,-0.393808075131));
#6447 = CARTESIAN_POINT('',(4.259636223941,-0.432295685363));
#6448 = CARTESIAN_POINT('',(4.226112981759,-0.468106983946));
#6449 = CARTESIAN_POINT('',(4.188318869152,-0.500686722964));
#6450 = CARTESIAN_POINT('',(4.119562082711,-0.548233779588));
#6451 = CARTESIAN_POINT('',(4.090872971984,-0.565366656284));
#6452 = CARTESIAN_POINT('',(4.060621398981,-0.580800296496));
#6453 = CARTESIAN_POINT('',(4.028947108677,-0.594416626185));
#6454 = CARTESIAN_POINT('',(3.996038687651,-0.606119209669));
#6455 = CARTESIAN_POINT('',(3.930644766118,-0.624862984875));
#6456 = CARTESIAN_POINT('',(3.898295467378,-0.632177498712));
#6457 = CARTESIAN_POINT('',(3.865267604402,-0.637725645219));
#6458 = CARTESIAN_POINT('',(3.831774557724,-0.641470844483));
#6459 = CARTESIAN_POINT('',(3.798044369751,-0.643394969378));
#6460 = CARTESIAN_POINT('',(3.729801893866,-0.643602625261));
#6461 = CARTESIAN_POINT('',(3.69528958333,-0.641802862284));
#6462 = CARTESIAN_POINT('',(3.661010854039,-0.638097838656));
#6463 = CARTESIAN_POINT('',(3.627210176893,-0.632506425632));
#6464 = CARTESIAN_POINT('',(3.594116206302,-0.625067613363));
#6465 = CARTESIAN_POINT('',(3.528086907388,-0.606143026528));
#6466 = CARTESIAN_POINT('',(3.495244948853,-0.594469419671));
#6467 = CARTESIAN_POINT('',(3.463632976454,-0.580890541414));
#6468 = CARTESIAN_POINT('',(3.433438034932,-0.565502427609));
#6469 = CARTESIAN_POINT('',(3.404798611331,-0.54842235185));
#6470 = CARTESIAN_POINT('',(3.338936795268,-0.502950019581));
#6471 = CARTESIAN_POINT('',(3.303472367266,-0.472881757298));
#6472 = CARTESIAN_POINT('',(3.271685830164,-0.439979226597));
#6473 = CARTESIAN_POINT('',(3.243604536913,-0.404684298668));
#6474 = CARTESIAN_POINT('',(3.219143430484,-0.367410519056));
#6475 = CARTESIAN_POINT('',(3.189750641917,-0.312890315274));
#6476 = CARTESIAN_POINT('',(3.181879523005,-0.296976077035));
#6477 = CARTESIAN_POINT('',(3.174569099286,-0.280827103942));
#6478 = CARTESIAN_POINT('',(3.16781124167,-0.26446681111));
#6479 = CARTESIAN_POINT('',(3.161597760674,-0.247917526262));
#6480 = CARTESIAN_POINT('',(3.143163043904,-0.193636285316));
#6481 = CARTESIAN_POINT('',(3.133114038239,-0.155225863459));
#6482 = CARTESIAN_POINT('',(3.125681323591,-0.116209273303));
#6483 = CARTESIAN_POINT('',(3.120793690988,-7.680125310812E-02));
#6484 = CARTESIAN_POINT('',(3.118411538892,-3.72025852197E-02));
#6485 = CARTESIAN_POINT('',(3.118661160569,4.1179585355E-02));
#6486 = CARTESIAN_POINT('',(3.121192557431,7.996248168203E-02));
#6487 = CARTESIAN_POINT('',(3.126131436791,0.118550755525));
#6488 = CARTESIAN_POINT('',(3.133516307252,0.156755030974));
#6489 = CARTESIAN_POINT('',(3.14341462702,0.194372817623));
#6490 = CARTESIAN_POINT('',(3.161589506816,0.247895154389));
#6491 = CARTESIAN_POINT('',(3.167802243162,0.264444293535));
#6492 = CARTESIAN_POINT('',(3.174559325312,0.280804468712));
#6493 = CARTESIAN_POINT('',(3.18186894212,0.296953354371));
#6494 = CARTESIAN_POINT('',(3.189739222367,0.312867537683));
#6495 = CARTESIAN_POINT('',(3.219128784592,0.367387309928));
#6496 = CARTESIAN_POINT('',(3.24358727296,0.404660921031));
#6497 = CARTESIAN_POINT('',(3.271665686783,0.439955973961));
#6498 = CARTESIAN_POINT('',(3.3034491002,0.472858971725));
#6499 = CARTESIAN_POINT('',(3.338910220652,0.50292808482));
#6500 = CARTESIAN_POINT('',(3.404766236393,0.548402488691));
#6501 = CARTESIAN_POINT('',(3.433403195209,0.565483585604));
#6502 = CARTESIAN_POINT('',(3.463595662816,0.580872928445));
#6503 = CARTESIAN_POINT('',(3.495205197696,0.594453243703));
#6504 = CARTESIAN_POINT('',(3.528044804635,0.606128490113));
#6505 = CARTESIAN_POINT('',(3.594070126065,0.62505675247));
#6506 = CARTESIAN_POINT('',(3.627162477909,0.632497543667));
#6507 = CARTESIAN_POINT('',(3.660961710633,0.638091060546));
#6508 = CARTESIAN_POINT('',(3.695239200978,0.641798301001));
#6509 = CARTESIAN_POINT('',(3.729750503042,0.643600380485));
#6510 = CARTESIAN_POINT('',(3.797992178761,0.643397472718));
#6511 = CARTESIAN_POINT('',(3.831722563938,0.641475699144));
#6512 = CARTESIAN_POINT('',(3.86521604409,0.637732842502));
#6513 = CARTESIAN_POINT('',(3.89824456961,0.632187015749));
#6514 = CARTESIAN_POINT('',(3.930594745425,0.624874784039));
#6515 = CARTESIAN_POINT('',(3.995991681012,0.60613541233));
#6516 = CARTESIAN_POINT('',(4.028902223241,0.594434849667));
#6517 = CARTESIAN_POINT('',(4.060578771216,0.580820372841));
#6518 = CARTESIAN_POINT('',(4.090832691111,0.56538840659));
#6519 = CARTESIAN_POINT('',(4.119524192099,0.548257018902));
#6520 = CARTESIAN_POINT('',(4.188287815198,0.500712764705));
#6521 = CARTESIAN_POINT('',(4.226086244648,0.468133949929));
#6522 = CARTESIAN_POINT('',(4.259613511747,0.432323031526));
#6523 = CARTESIAN_POINT('',(4.288859192147,0.393835326612));
#6524 = CARTESIAN_POINT('',(4.313947099431,0.353183439489));
#6525 = CARTESIAN_POINT('',(4.359114414062,0.262465984188));
#6526 = CARTESIAN_POINT('',(4.377971133124,0.211875680508));
#6527 = CARTESIAN_POINT('',(4.391829770886,0.159768754074));
#6528 = CARTESIAN_POINT('',(4.400962853752,0.106739124455));
#6529 = CARTESIAN_POINT('',(4.405509619803,5.331031824086E-02));
#6530 = CARTESIAN_POINT('',(4.405509619803,3.330669073875E-16));
#6531 = ( GEOMETRIC_REPRESENTATION_CONTEXT(2) 
PARAMETRIC_REPRESENTATION_CONTEXT() REPRESENTATION_CONTEXT('2D SPACE',''
  ) );
#6532 = ORIENTED_EDGE('',*,*,#6212,.F.);
#6533 = ORIENTED_EDGE('',*,*,#4112,.F.);
#6534 = ORIENTED_EDGE('',*,*,#4673,.F.);
#6535 = ADVANCED_FACE('',(#6536),#4547,.F.);
#6536 = FACE_BOUND('',#6537,.F.);
#6537 = EDGE_LOOP('',(#6538,#6539));
#6538 = ORIENTED_EDGE('',*,*,#4511,.T.);
#6539 = ORIENTED_EDGE('',*,*,#6540,.T.);
#6540 = EDGE_CURVE('',#4514,#4512,#6541,.T.);
#6541 = SURFACE_CURVE('',#6542,(#6547,#6554),.PCURVE_S1.);
#6542 = CIRCLE('',#6543,0.8);
#6543 = AXIS2_PLACEMENT_3D('',#6544,#6545,#6546);
#6544 = CARTESIAN_POINT('',(2.,11.,4.8));
#6545 = DIRECTION('',(0.,0.,1.));
#6546 = DIRECTION('',(1.,0.,0.));
#6547 = PCURVE('',#4547,#6548);
#6548 = DEFINITIONAL_REPRESENTATION('',(#6549),#6553);
#6549 = CIRCLE('',#6550,0.8);
#6550 = AXIS2_PLACEMENT_2D('',#6551,#6552);
#6551 = CARTESIAN_POINT('',(0.,0.));
#6552 = DIRECTION('',(1.,0.));
#6553 = ( GEOMETRIC_REPRESENTATION_CONTEXT(2) 
PARAMETRIC_REPRESENTATION_CONTEXT() REPRESENTATION_CONTEXT('2D SPACE',''
  ) );
#6554 = PCURVE('',#4590,#6555);
#6555 = DEFINITIONAL_REPRESENTATION('',(#6556),#6560);
#6556 = LINE('',#6557,#6558);
#6557 = CARTESIAN_POINT('',(-0.,-0.4));
#6558 = VECTOR('',#6559,1.);
#6559 = DIRECTION('',(-1.,0.));
#6560 = ( GEOMETRIC_REPRESENTATION_CONTEXT(2) 
PARAMETRIC_REPRESENTATION_CONTEXT() REPRESENTATION_CONTEXT('2D SPACE',''
  ) );
#6561 = ADVANCED_FACE('',(#6562),#4590,.F.);
#6562 = FACE_BOUND('',#6563,.T.);
#6563 = EDGE_LOOP('',(#6564,#6593,#6614,#6615,#6616,#6617));
#6564 = ORIENTED_EDGE('',*,*,#6565,.F.);
#6565 = EDGE_CURVE('',#6566,#6566,#6568,.T.);
#6566 = VERTEX_POINT('',#6567);
#6567 = CARTESIAN_POINT('',(2.8,11.,4.4));
#6568 = SURFACE_CURVE('',#6569,(#6574,#6581),.PCURVE_S1.);
#6569 = CIRCLE('',#6570,0.8);
#6570 = AXIS2_PLACEMENT_3D('',#6571,#6572,#6573);
#6571 = CARTESIAN_POINT('',(2.,11.,4.4));
#6572 = DIRECTION('',(0.,0.,1.));
#6573 = DIRECTION('',(1.,0.,0.));
#6574 = PCURVE('',#4590,#6575);
#6575 = DEFINITIONAL_REPRESENTATION('',(#6576),#6580);
#6576 = LINE('',#6577,#6578);
#6577 = CARTESIAN_POINT('',(-0.,0.));
#6578 = VECTOR('',#6579,1.);
#6579 = DIRECTION('',(-1.,0.));
#6580 = ( GEOMETRIC_REPRESENTATION_CONTEXT(2) 
PARAMETRIC_REPRESENTATION_CONTEXT() REPRESENTATION_CONTEXT('2D SPACE',''
  ) );
#6581 = PCURVE('',#6582,#6587);
#6582 = PLANE('',#6583);
#6583 = AXIS2_PLACEMENT_3D('',#6584,#6585,#6586);
#6584 = CARTESIAN_POINT('',(2.,11.,4.4));
#6585 = DIRECTION('',(0.,0.,1.));
#6586 = DIRECTION('',(1.,0.,-0.));
#6587 = DEFINITIONAL_REPRESENTATION('',(#6588),#6592);
#6588 = CIRCLE('',#6589,0.8);
#6589 = AXIS2_PLACEMENT_2D('',#6590,#6591);
#6590 = CARTESIAN_POINT('',(0.,0.));
#6591 = DIRECTION('',(1.,0.));
#6592 = ( GEOMETRIC_REPRESENTATION_CONTEXT(2) 
PARAMETRIC_REPRESENTATION_CONTEXT() REPRESENTATION_CONTEXT('2D SPACE',''
  ) );
#6593 = ORIENTED_EDGE('',*,*,#6594,.T.);
#6594 = EDGE_CURVE('',#6566,#4569,#6595,.T.);
#6595 = SEAM_CURVE('',#6596,(#6600,#6607),.PCURVE_S1.);
#6596 = LINE('',#6597,#6598);
#6597 = CARTESIAN_POINT('',(2.8,11.,4.4));
#6598 = VECTOR('',#6599,1.);
#6599 = DIRECTION('',(0.,0.,1.));
#6600 = PCURVE('',#4590,#6601);
#6601 = DEFINITIONAL_REPRESENTATION('',(#6602),#6606);
#6602 = LINE('',#6603,#6604);
#6603 = CARTESIAN_POINT('',(-6.28318530718,0.));
#6604 = VECTOR('',#6605,1.);
#6605 = DIRECTION('',(-0.,-1.));
#6606 = ( GEOMETRIC_REPRESENTATION_CONTEXT(2) 
PARAMETRIC_REPRESENTATION_CONTEXT() REPRESENTATION_CONTEXT('2D SPACE',''
  ) );
#6607 = PCURVE('',#4590,#6608);
#6608 = DEFINITIONAL_REPRESENTATION('',(#6609),#6613);
#6609 = LINE('',#6610,#6611);
#6610 = CARTESIAN_POINT('',(-0.,0.));
#6611 = VECTOR('',#6612,1.);
#6612 = DIRECTION('',(-0.,-1.));
#6613 = ( GEOMETRIC_REPRESENTATION_CONTEXT(2) 
PARAMETRIC_REPRESENTATION_CONTEXT() REPRESENTATION_CONTEXT('2D SPACE',''
  ) );
#6614 = ORIENTED_EDGE('',*,*,#4605,.T.);
#6615 = ORIENTED_EDGE('',*,*,#6540,.T.);
#6616 = ORIENTED_EDGE('',*,*,#4568,.T.);
#6617 = ORIENTED_EDGE('',*,*,#6594,.F.);
#6618 = ADVANCED_FACE('',(#6619),#4770,.T.);
#6619 = FACE_BOUND('',#6620,.T.);
#6620 = EDGE_LOOP('',(#6621,#6622,#6623,#6624));
#6621 = ORIENTED_EDGE('',*,*,#5713,.F.);
#6622 = ORIENTED_EDGE('',*,*,#4755,.T.);
#6623 = ORIENTED_EDGE('',*,*,#5499,.T.);
#6624 = ORIENTED_EDGE('',*,*,#5570,.F.);
#6625 = ADVANCED_FACE('',(#6626,#6629),#5428,.F.);
#6626 = FACE_BOUND('',#6627,.F.);
#6627 = EDGE_LOOP('',(#6628));
#6628 = ORIENTED_EDGE('',*,*,#5413,.T.);
#6629 = FACE_BOUND('',#6630,.F.);
#6630 = EDGE_LOOP('',(#6631));
#6631 = ORIENTED_EDGE('',*,*,#6632,.F.);
#6632 = EDGE_CURVE('',#6633,#6633,#6635,.T.);
#6633 = VERTEX_POINT('',#6634);
#6634 = CARTESIAN_POINT('',(11.9,-6.,0.7));
#6635 = SURFACE_CURVE('',#6636,(#6641,#6648),.PCURVE_S1.);
#6636 = CIRCLE('',#6637,1.4);
#6637 = AXIS2_PLACEMENT_3D('',#6638,#6639,#6640);
#6638 = CARTESIAN_POINT('',(10.5,-6.,0.7));
#6639 = DIRECTION('',(0.,0.,1.));
#6640 = DIRECTION('',(1.,0.,0.));
#6641 = PCURVE('',#5428,#6642);
#6642 = DEFINITIONAL_REPRESENTATION('',(#6643),#6647);
#6643 = CIRCLE('',#6644,1.4);
#6644 = AXIS2_PLACEMENT_2D('',#6645,#6646);
#6645 = CARTESIAN_POINT('',(0.,0.));
#6646 = DIRECTION('',(1.,0.));
#6647 = ( GEOMETRIC_REPRESENTATION_CONTEXT(2) 
PARAMETRIC_REPRESENTATION_CONTEXT() REPRESENTATION_CONTEXT('2D SPACE',''
  ) );
#6648 = PCURVE('',#6649,#6654);
#6649 = CONICAL_SURFACE('',#6650,1.4,0.785398163397);
#6650 = AXIS2_PLACEMENT_3D('',#6651,#6652,#6653);
#6651 = CARTESIAN_POINT('',(10.5,-6.,0.7));
#6652 = DIRECTION('',(-0.,-0.,-1.));
#6653 = DIRECTION('',(1.,0.,0.));
#6654 = DEFINITIONAL_REPRESENTATION('',(#6655),#6659);
#6655 = LINE('',#6656,#6657);
#6656 = CARTESIAN_POINT('',(-0.,-0.));
#6657 = VECTOR('',#6658,1.);
#6658 = DIRECTION('',(-1.,-0.));
#6659 = ( GEOMETRIC_REPRESENTATION_CONTEXT(2) 
PARAMETRIC_REPRESENTATION_CONTEXT() REPRESENTATION_CONTEXT('2D SPACE',''
  ) );
#6660 = ADVANCED_FACE('',(#6661,#6664),#5483,.F.);
#6661 = FACE_BOUND('',#6662,.F.);
#6662 = EDGE_LOOP('',(#6663));
#6663 = ORIENTED_EDGE('',*,*,#5468,.T.);
#6664 = FACE_BOUND('',#6665,.F.);
#6665 = EDGE_LOOP('',(#6666));
#6666 = ORIENTED_EDGE('',*,*,#6667,.F.);
#6667 = EDGE_CURVE('',#6668,#6668,#6670,.T.);
#6668 = VERTEX_POINT('',#6669);
#6669 = CARTESIAN_POINT('',(11.9,10.,0.7));
#6670 = SURFACE_CURVE('',#6671,(#6676,#6683),.PCURVE_S1.);
#6671 = CIRCLE('',#6672,1.4);
#6672 = AXIS2_PLACEMENT_3D('',#6673,#6674,#6675);
#6673 = CARTESIAN_POINT('',(10.5,10.,0.7));
#6674 = DIRECTION('',(0.,0.,1.));
#6675 = DIRECTION('',(1.,0.,0.));
#6676 = PCURVE('',#5483,#6677);
#6677 = DEFINITIONAL_REPRESENTATION('',(#6678),#6682);
#6678 = CIRCLE('',#6679,1.4);
#6679 = AXIS2_PLACEMENT_2D('',#6680,#6681);
#6680 = CARTESIAN_POINT('',(0.,0.));
#6681 = DIRECTION('',(1.,0.));
#6682 = ( GEOMETRIC_REPRESENTATION_CONTEXT(2) 
PARAMETRIC_REPRESENTATION_CONTEXT() REPRESENTATION_CONTEXT('2D SPACE',''
  ) );
#6683 = PCURVE('',#6684,#6689);
#6684 = CONICAL_SURFACE('',#6685,1.4,0.785398163397);
#6685 = AXIS2_PLACEMENT_3D('',#6686,#6687,#6688);
#6686 = CARTESIAN_POINT('',(10.5,10.,0.7));
#6687 = DIRECTION('',(-0.,-0.,-1.));
#6688 = DIRECTION('',(1.,0.,0.));
#6689 = DEFINITIONAL_REPRESENTATION('',(#6690),#6694);
#6690 = LINE('',#6691,#6692);
#6691 = CARTESIAN_POINT('',(-0.,-0.));
#6692 = VECTOR('',#6693,1.);
#6693 = DIRECTION('',(-1.,-0.));
#6694 = ( GEOMETRIC_REPRESENTATION_CONTEXT(2) 
PARAMETRIC_REPRESENTATION_CONTEXT() REPRESENTATION_CONTEXT('2D SPACE',''
  ) );
#6695 = ADVANCED_FACE('',(#6696),#5614,.T.);
#6696 = FACE_BOUND('',#6697,.T.);
#6697 = EDGE_LOOP('',(#6698,#6721,#6749,#6770));
#6698 = ORIENTED_EDGE('',*,*,#6699,.T.);
#6699 = EDGE_CURVE('',#5597,#6700,#6702,.T.);
#6700 = VERTEX_POINT('',#6701);
#6701 = CARTESIAN_POINT('',(0.8,7.5,3.4));
#6702 = SURFACE_CURVE('',#6703,(#6707,#6714),.PCURVE_S1.);
#6703 = LINE('',#6704,#6705);
#6704 = CARTESIAN_POINT('',(0.8,7.5,0.));
#6705 = VECTOR('',#6706,1.);
#6706 = DIRECTION('',(0.,0.,1.));
#6707 = PCURVE('',#5614,#6708);
#6708 = DEFINITIONAL_REPRESENTATION('',(#6709),#6713);
#6709 = LINE('',#6710,#6711);
#6710 = CARTESIAN_POINT('',(0.,0.));
#6711 = VECTOR('',#6712,1.);
#6712 = DIRECTION('',(0.,-1.));
#6713 = ( GEOMETRIC_REPRESENTATION_CONTEXT(2) 
PARAMETRIC_REPRESENTATION_CONTEXT() REPRESENTATION_CONTEXT('2D SPACE',''
  ) );
#6714 = PCURVE('',#5696,#6715);
#6715 = DEFINITIONAL_REPRESENTATION('',(#6716),#6720);
#6716 = LINE('',#6717,#6718);
#6717 = CARTESIAN_POINT('',(1.8,0.));
#6718 = VECTOR('',#6719,1.);
#6719 = DIRECTION('',(0.,-1.));
#6720 = ( GEOMETRIC_REPRESENTATION_CONTEXT(2) 
PARAMETRIC_REPRESENTATION_CONTEXT() REPRESENTATION_CONTEXT('2D SPACE',''
  ) );
#6721 = ORIENTED_EDGE('',*,*,#6722,.T.);
#6722 = EDGE_CURVE('',#6700,#6723,#6725,.T.);
#6723 = VERTEX_POINT('',#6724);
#6724 = CARTESIAN_POINT('',(0.8,-9.5,3.4));
#6725 = SURFACE_CURVE('',#6726,(#6730,#6737),.PCURVE_S1.);
#6726 = LINE('',#6727,#6728);
#6727 = CARTESIAN_POINT('',(0.8,7.5,3.4));
#6728 = VECTOR('',#6729,1.);
#6729 = DIRECTION('',(0.,-1.,0.));
#6730 = PCURVE('',#5614,#6731);
#6731 = DEFINITIONAL_REPRESENTATION('',(#6732),#6736);
#6732 = LINE('',#6733,#6734);
#6733 = CARTESIAN_POINT('',(0.,-3.4));
#6734 = VECTOR('',#6735,1.);
#6735 = DIRECTION('',(1.,0.));
#6736 = ( GEOMETRIC_REPRESENTATION_CONTEXT(2) 
PARAMETRIC_REPRESENTATION_CONTEXT() REPRESENTATION_CONTEXT('2D SPACE',''
  ) );
#6737 = PCURVE('',#6738,#6743);
#6738 = PLANE('',#6739);
#6739 = AXIS2_PLACEMENT_3D('',#6740,#6741,#6742);
#6740 = CARTESIAN_POINT('',(1.7,-1.,3.4));
#6741 = DIRECTION('',(0.,0.,1.));
#6742 = DIRECTION('',(1.,0.,-0.));
#6743 = DEFINITIONAL_REPRESENTATION('',(#6744),#6748);
#6744 = LINE('',#6745,#6746);
#6745 = CARTESIAN_POINT('',(-0.9,8.5));
#6746 = VECTOR('',#6747,1.);
#6747 = DIRECTION('',(0.,-1.));
#6748 = ( GEOMETRIC_REPRESENTATION_CONTEXT(2) 
PARAMETRIC_REPRESENTATION_CONTEXT() REPRESENTATION_CONTEXT('2D SPACE',''
  ) );
#6749 = ORIENTED_EDGE('',*,*,#6750,.F.);
#6750 = EDGE_CURVE('',#5599,#6723,#6751,.T.);
#6751 = SURFACE_CURVE('',#6752,(#6756,#6763),.PCURVE_S1.);
#6752 = LINE('',#6753,#6754);
#6753 = CARTESIAN_POINT('',(0.8,-9.5,0.));
#6754 = VECTOR('',#6755,1.);
#6755 = DIRECTION('',(0.,0.,1.));
#6756 = PCURVE('',#5614,#6757);
#6757 = DEFINITIONAL_REPRESENTATION('',(#6758),#6762);
#6758 = LINE('',#6759,#6760);
#6759 = CARTESIAN_POINT('',(17.,0.));
#6760 = VECTOR('',#6761,1.);
#6761 = DIRECTION('',(0.,-1.));
#6762 = ( GEOMETRIC_REPRESENTATION_CONTEXT(2) 
PARAMETRIC_REPRESENTATION_CONTEXT() REPRESENTATION_CONTEXT('2D SPACE',''
  ) );
#6763 = PCURVE('',#5642,#6764);
#6764 = DEFINITIONAL_REPRESENTATION('',(#6765),#6769);
#6765 = LINE('',#6766,#6767);
#6766 = CARTESIAN_POINT('',(0.,0.));
#6767 = VECTOR('',#6768,1.);
#6768 = DIRECTION('',(0.,-1.));
#6769 = ( GEOMETRIC_REPRESENTATION_CONTEXT(2) 
PARAMETRIC_REPRESENTATION_CONTEXT() REPRESENTATION_CONTEXT('2D SPACE',''
  ) );
#6770 = ORIENTED_EDGE('',*,*,#5596,.F.);
#6771 = ADVANCED_FACE('',(#6772),#5696,.T.);
#6772 = FACE_BOUND('',#6773,.T.);
#6773 = EDGE_LOOP('',(#6774,#6797,#6818,#6819));
#6774 = ORIENTED_EDGE('',*,*,#6775,.T.);
#6775 = EDGE_CURVE('',#5655,#6776,#6778,.T.);
#6776 = VERTEX_POINT('',#6777);
#6777 = CARTESIAN_POINT('',(2.6,7.5,3.4));
#6778 = SURFACE_CURVE('',#6779,(#6783,#6790),.PCURVE_S1.);
#6779 = LINE('',#6780,#6781);
#6780 = CARTESIAN_POINT('',(2.6,7.5,0.));
#6781 = VECTOR('',#6782,1.);
#6782 = DIRECTION('',(0.,0.,1.));
#6783 = PCURVE('',#5696,#6784);
#6784 = DEFINITIONAL_REPRESENTATION('',(#6785),#6789);
#6785 = LINE('',#6786,#6787);
#6786 = CARTESIAN_POINT('',(0.,-0.));
#6787 = VECTOR('',#6788,1.);
#6788 = DIRECTION('',(0.,-1.));
#6789 = ( GEOMETRIC_REPRESENTATION_CONTEXT(2) 
PARAMETRIC_REPRESENTATION_CONTEXT() REPRESENTATION_CONTEXT('2D SPACE',''
  ) );
#6790 = PCURVE('',#5670,#6791);
#6791 = DEFINITIONAL_REPRESENTATION('',(#6792),#6796);
#6792 = LINE('',#6793,#6794);
#6793 = CARTESIAN_POINT('',(17.,0.));
#6794 = VECTOR('',#6795,1.);
#6795 = DIRECTION('',(0.,-1.));
#6796 = ( GEOMETRIC_REPRESENTATION_CONTEXT(2) 
PARAMETRIC_REPRESENTATION_CONTEXT() REPRESENTATION_CONTEXT('2D SPACE',''
  ) );
#6797 = ORIENTED_EDGE('',*,*,#6798,.T.);
#6798 = EDGE_CURVE('',#6776,#6700,#6799,.T.);
#6799 = SURFACE_CURVE('',#6800,(#6804,#6811),.PCURVE_S1.);
#6800 = LINE('',#6801,#6802);
#6801 = CARTESIAN_POINT('',(2.6,7.5,3.4));
#6802 = VECTOR('',#6803,1.);
#6803 = DIRECTION('',(-1.,0.,0.));
#6804 = PCURVE('',#5696,#6805);
#6805 = DEFINITIONAL_REPRESENTATION('',(#6806),#6810);
#6806 = LINE('',#6807,#6808);
#6807 = CARTESIAN_POINT('',(0.,-3.4));
#6808 = VECTOR('',#6809,1.);
#6809 = DIRECTION('',(1.,0.));
#6810 = ( GEOMETRIC_REPRESENTATION_CONTEXT(2) 
PARAMETRIC_REPRESENTATION_CONTEXT() REPRESENTATION_CONTEXT('2D SPACE',''
  ) );
#6811 = PCURVE('',#6738,#6812);
#6812 = DEFINITIONAL_REPRESENTATION('',(#6813),#6817);
#6813 = LINE('',#6814,#6815);
#6814 = CARTESIAN_POINT('',(0.9,8.5));
#6815 = VECTOR('',#6816,1.);
#6816 = DIRECTION('',(-1.,0.));
#6817 = ( GEOMETRIC_REPRESENTATION_CONTEXT(2) 
PARAMETRIC_REPRESENTATION_CONTEXT() REPRESENTATION_CONTEXT('2D SPACE',''
  ) );
#6818 = ORIENTED_EDGE('',*,*,#6699,.F.);
#6819 = ORIENTED_EDGE('',*,*,#5682,.F.);
#6820 = ADVANCED_FACE('',(#6821),#5670,.T.);
#6821 = FACE_BOUND('',#6822,.T.);
#6822 = EDGE_LOOP('',(#6823,#6846,#6867,#6868));
#6823 = ORIENTED_EDGE('',*,*,#6824,.T.);
#6824 = EDGE_CURVE('',#5627,#6825,#6827,.T.);
#6825 = VERTEX_POINT('',#6826);
#6826 = CARTESIAN_POINT('',(2.6,-9.5,3.4));
#6827 = SURFACE_CURVE('',#6828,(#6832,#6839),.PCURVE_S1.);
#6828 = LINE('',#6829,#6830);
#6829 = CARTESIAN_POINT('',(2.6,-9.5,0.));
#6830 = VECTOR('',#6831,1.);
#6831 = DIRECTION('',(0.,0.,1.));
#6832 = PCURVE('',#5670,#6833);
#6833 = DEFINITIONAL_REPRESENTATION('',(#6834),#6838);
#6834 = LINE('',#6835,#6836);
#6835 = CARTESIAN_POINT('',(0.,0.));
#6836 = VECTOR('',#6837,1.);
#6837 = DIRECTION('',(0.,-1.));
#6838 = ( GEOMETRIC_REPRESENTATION_CONTEXT(2) 
PARAMETRIC_REPRESENTATION_CONTEXT() REPRESENTATION_CONTEXT('2D SPACE',''
  ) );
#6839 = PCURVE('',#5642,#6840);
#6840 = DEFINITIONAL_REPRESENTATION('',(#6841),#6845);
#6841 = LINE('',#6842,#6843);
#6842 = CARTESIAN_POINT('',(1.8,0.));
#6843 = VECTOR('',#6844,1.);
#6844 = DIRECTION('',(0.,-1.));
#6845 = ( GEOMETRIC_REPRESENTATION_CONTEXT(2) 
PARAMETRIC_REPRESENTATION_CONTEXT() REPRESENTATION_CONTEXT('2D SPACE',''
  ) );
#6846 = ORIENTED_EDGE('',*,*,#6847,.T.);
#6847 = EDGE_CURVE('',#6825,#6776,#6848,.T.);
#6848 = SURFACE_CURVE('',#6849,(#6853,#6860),.PCURVE_S1.);
#6849 = LINE('',#6850,#6851);
#6850 = CARTESIAN_POINT('',(2.6,-9.5,3.4));
#6851 = VECTOR('',#6852,1.);
#6852 = DIRECTION('',(0.,1.,0.));
#6853 = PCURVE('',#5670,#6854);
#6854 = DEFINITIONAL_REPRESENTATION('',(#6855),#6859);
#6855 = LINE('',#6856,#6857);
#6856 = CARTESIAN_POINT('',(0.,-3.4));
#6857 = VECTOR('',#6858,1.);
#6858 = DIRECTION('',(1.,0.));
#6859 = ( GEOMETRIC_REPRESENTATION_CONTEXT(2) 
PARAMETRIC_REPRESENTATION_CONTEXT() REPRESENTATION_CONTEXT('2D SPACE',''
  ) );
#6860 = PCURVE('',#6738,#6861);
#6861 = DEFINITIONAL_REPRESENTATION('',(#6862),#6866);
#6862 = LINE('',#6863,#6864);
#6863 = CARTESIAN_POINT('',(0.9,-8.5));
#6864 = VECTOR('',#6865,1.);
#6865 = DIRECTION('',(0.,1.));
#6866 = ( GEOMETRIC_REPRESENTATION_CONTEXT(2) 
PARAMETRIC_REPRESENTATION_CONTEXT() REPRESENTATION_CONTEXT('2D SPACE',''
  ) );
#6867 = ORIENTED_EDGE('',*,*,#6775,.F.);
#6868 = ORIENTED_EDGE('',*,*,#5654,.F.);
#6869 = ADVANCED_FACE('',(#6870),#5642,.T.);
#6870 = FACE_BOUND('',#6871,.T.);
#6871 = EDGE_LOOP('',(#6872,#6873,#6894,#6895));
#6872 = ORIENTED_EDGE('',*,*,#6750,.T.);
#6873 = ORIENTED_EDGE('',*,*,#6874,.T.);
#6874 = EDGE_CURVE('',#6723,#6825,#6875,.T.);
#6875 = SURFACE_CURVE('',#6876,(#6880,#6887),.PCURVE_S1.);
#6876 = LINE('',#6877,#6878);
#6877 = CARTESIAN_POINT('',(0.8,-9.5,3.4));
#6878 = VECTOR('',#6879,1.);
#6879 = DIRECTION('',(1.,0.,0.));
#6880 = PCURVE('',#5642,#6881);
#6881 = DEFINITIONAL_REPRESENTATION('',(#6882),#6886);
#6882 = LINE('',#6883,#6884);
#6883 = CARTESIAN_POINT('',(0.,-3.4));
#6884 = VECTOR('',#6885,1.);
#6885 = DIRECTION('',(1.,0.));
#6886 = ( GEOMETRIC_REPRESENTATION_CONTEXT(2) 
PARAMETRIC_REPRESENTATION_CONTEXT() REPRESENTATION_CONTEXT('2D SPACE',''
  ) );
#6887 = PCURVE('',#6738,#6888);
#6888 = DEFINITIONAL_REPRESENTATION('',(#6889),#6893);
#6889 = LINE('',#6890,#6891);
#6890 = CARTESIAN_POINT('',(-0.9,-8.5));
#6891 = VECTOR('',#6892,1.);
#6892 = DIRECTION('',(1.,0.));
#6893 = ( GEOMETRIC_REPRESENTATION_CONTEXT(2) 
PARAMETRIC_REPRESENTATION_CONTEXT() REPRESENTATION_CONTEXT('2D SPACE',''
  ) );
#6894 = ORIENTED_EDGE('',*,*,#6824,.F.);
#6895 = ORIENTED_EDGE('',*,*,#5626,.F.);
#6896 = ADVANCED_FACE('',(#6897,#6900),#5774,.T.);
#6897 = FACE_BOUND('',#6898,.T.);
#6898 = EDGE_LOOP('',(#6899));
#6899 = ORIENTED_EDGE('',*,*,#5759,.F.);
#6900 = FACE_BOUND('',#6901,.T.);
#6901 = EDGE_LOOP('',(#6902));
#6902 = ORIENTED_EDGE('',*,*,#6903,.F.);
#6903 = EDGE_CURVE('',#6904,#6904,#6906,.T.);
#6904 = VERTEX_POINT('',#6905);
#6905 = CARTESIAN_POINT('',(-0.995,-6.,3.7));
#6906 = SURFACE_CURVE('',#6907,(#6912,#6919),.PCURVE_S1.);
#6907 = CIRCLE('',#6908,1.005);
#6908 = AXIS2_PLACEMENT_3D('',#6909,#6910,#6911);
#6909 = CARTESIAN_POINT('',(-2.,-6.,3.7));
#6910 = DIRECTION('',(0.,0.,1.));
#6911 = DIRECTION('',(1.,0.,0.));
#6912 = PCURVE('',#5774,#6913);
#6913 = DEFINITIONAL_REPRESENTATION('',(#6914),#6918);
#6914 = CIRCLE('',#6915,1.005);
#6915 = AXIS2_PLACEMENT_2D('',#6916,#6917);
#6916 = CARTESIAN_POINT('',(-4.440892098501E-16,0.));
#6917 = DIRECTION('',(1.,0.));
#6918 = ( GEOMETRIC_REPRESENTATION_CONTEXT(2) 
PARAMETRIC_REPRESENTATION_CONTEXT() REPRESENTATION_CONTEXT('2D SPACE',''
  ) );
#6919 = PCURVE('',#6920,#6925);
#6920 = CONICAL_SURFACE('',#6921,1.005,0.750929062398);
#6921 = AXIS2_PLACEMENT_3D('',#6922,#6923,#6924);
#6922 = CARTESIAN_POINT('',(-2.,-6.,3.7));
#6923 = DIRECTION('',(-0.,-0.,-1.));
#6924 = DIRECTION('',(1.,0.,0.));
#6925 = DEFINITIONAL_REPRESENTATION('',(#6926),#6930);
#6926 = LINE('',#6927,#6928);
#6927 = CARTESIAN_POINT('',(-0.,-0.));
#6928 = VECTOR('',#6929,1.);
#6929 = DIRECTION('',(-1.,-0.));
#6930 = ( GEOMETRIC_REPRESENTATION_CONTEXT(2) 
PARAMETRIC_REPRESENTATION_CONTEXT() REPRESENTATION_CONTEXT('2D SPACE',''
  ) );
#6931 = ADVANCED_FACE('',(#6932,#6935),#5831,.T.);
#6932 = FACE_BOUND('',#6933,.T.);
#6933 = EDGE_LOOP('',(#6934));
#6934 = ORIENTED_EDGE('',*,*,#5816,.F.);
#6935 = FACE_BOUND('',#6936,.T.);
#6936 = EDGE_LOOP('',(#6937));
#6937 = ORIENTED_EDGE('',*,*,#6938,.F.);
#6938 = EDGE_CURVE('',#6939,#6939,#6941,.T.);
#6939 = VERTEX_POINT('',#6940);
#6940 = CARTESIAN_POINT('',(-0.995,6.,3.7));
#6941 = SURFACE_CURVE('',#6942,(#6947,#6954),.PCURVE_S1.);
#6942 = CIRCLE('',#6943,1.005);
#6943 = AXIS2_PLACEMENT_3D('',#6944,#6945,#6946);
#6944 = CARTESIAN_POINT('',(-2.,6.,3.7));
#6945 = DIRECTION('',(0.,0.,1.));
#6946 = DIRECTION('',(1.,0.,0.));
#6947 = PCURVE('',#5831,#6948);
#6948 = DEFINITIONAL_REPRESENTATION('',(#6949),#6953);
#6949 = CIRCLE('',#6950,1.005);
#6950 = AXIS2_PLACEMENT_2D('',#6951,#6952);
#6951 = CARTESIAN_POINT('',(-4.440892098501E-16,0.));
#6952 = DIRECTION('',(1.,0.));
#6953 = ( GEOMETRIC_REPRESENTATION_CONTEXT(2) 
PARAMETRIC_REPRESENTATION_CONTEXT() REPRESENTATION_CONTEXT('2D SPACE',''
  ) );
#6954 = PCURVE('',#6955,#6960);
#6955 = CONICAL_SURFACE('',#6956,1.005,0.750929062398);
#6956 = AXIS2_PLACEMENT_3D('',#6957,#6958,#6959);
#6957 = CARTESIAN_POINT('',(-2.,6.,3.7));
#6958 = DIRECTION('',(-0.,-0.,-1.));
#6959 = DIRECTION('',(1.,0.,0.));
#6960 = DEFINITIONAL_REPRESENTATION('',(#6961),#6965);
#6961 = LINE('',#6962,#6963);
#6962 = CARTESIAN_POINT('',(-0.,-0.));
#6963 = VECTOR('',#6964,1.);
#6964 = DIRECTION('',(-1.,-0.));
#6965 = ( GEOMETRIC_REPRESENTATION_CONTEXT(2) 
PARAMETRIC_REPRESENTATION_CONTEXT() REPRESENTATION_CONTEXT('2D SPACE',''
  ) );
#6966 = ADVANCED_FACE('',(#6967),#6126,.T.);
#6967 = FACE_BOUND('',#6968,.F.);
#6968 = EDGE_LOOP('',(#6969,#6992,#7019,#7020));
#6969 = ORIENTED_EDGE('',*,*,#6970,.T.);
#6970 = EDGE_CURVE('',#6106,#6971,#6973,.T.);
#6971 = VERTEX_POINT('',#6972);
#6972 = CARTESIAN_POINT('',(14.9,-8.5,4.5));
#6973 = SEAM_CURVE('',#6974,(#6978,#6985),.PCURVE_S1.);
#6974 = LINE('',#6975,#6976);
#6975 = CARTESIAN_POINT('',(14.9,-8.5,4.1));
#6976 = VECTOR('',#6977,1.);
#6977 = DIRECTION('',(0.,0.,1.));
#6978 = PCURVE('',#6126,#6979);
#6979 = DEFINITIONAL_REPRESENTATION('',(#6980),#6984);
#6980 = LINE('',#6981,#6982);
#6981 = CARTESIAN_POINT('',(-0.,0.));
#6982 = VECTOR('',#6983,1.);
#6983 = DIRECTION('',(-0.,-1.));
#6984 = ( GEOMETRIC_REPRESENTATION_CONTEXT(2) 
PARAMETRIC_REPRESENTATION_CONTEXT() REPRESENTATION_CONTEXT('2D SPACE',''
  ) );
#6985 = PCURVE('',#6126,#6986);
#6986 = DEFINITIONAL_REPRESENTATION('',(#6987),#6991);
#6987 = LINE('',#6988,#6989);
#6988 = CARTESIAN_POINT('',(-6.28318530718,0.));
#6989 = VECTOR('',#6990,1.);
#6990 = DIRECTION('',(-0.,-1.));
#6991 = ( GEOMETRIC_REPRESENTATION_CONTEXT(2) 
PARAMETRIC_REPRESENTATION_CONTEXT() REPRESENTATION_CONTEXT('2D SPACE',''
  ) );
#6992 = ORIENTED_EDGE('',*,*,#6993,.T.);
#6993 = EDGE_CURVE('',#6971,#6971,#6994,.T.);
#6994 = SURFACE_CURVE('',#6995,(#7000,#7007),.PCURVE_S1.);
#6995 = CIRCLE('',#6996,2.4);
#6996 = AXIS2_PLACEMENT_3D('',#6997,#6998,#6999);
#6997 = CARTESIAN_POINT('',(12.5,-8.5,4.5));
#6998 = DIRECTION('',(0.,0.,1.));
#6999 = DIRECTION('',(1.,0.,0.));
#7000 = PCURVE('',#6126,#7001);
#7001 = DEFINITIONAL_REPRESENTATION('',(#7002),#7006);
#7002 = LINE('',#7003,#7004);
#7003 = CARTESIAN_POINT('',(-0.,-0.4));
#7004 = VECTOR('',#7005,1.);
#7005 = DIRECTION('',(-1.,0.));
#7006 = ( GEOMETRIC_REPRESENTATION_CONTEXT(2) 
PARAMETRIC_REPRESENTATION_CONTEXT() REPRESENTATION_CONTEXT('2D SPACE',''
  ) );
#7007 = PCURVE('',#7008,#7013);
#7008 = PLANE('',#7009);
#7009 = AXIS2_PLACEMENT_3D('',#7010,#7011,#7012);
#7010 = CARTESIAN_POINT('',(12.5,-8.5,4.5));
#7011 = DIRECTION('',(0.,0.,1.));
#7012 = DIRECTION('',(1.,0.,-0.));
#7013 = DEFINITIONAL_REPRESENTATION('',(#7014),#7018);
#7014 = CIRCLE('',#7015,2.4);
#7015 = AXIS2_PLACEMENT_2D('',#7016,#7017);
#7016 = CARTESIAN_POINT('',(1.7763568394E-15,0.));
#7017 = DIRECTION('',(1.,0.));
#7018 = ( GEOMETRIC_REPRESENTATION_CONTEXT(2) 
PARAMETRIC_REPRESENTATION_CONTEXT() REPRESENTATION_CONTEXT('2D SPACE',''
  ) );
#7019 = ORIENTED_EDGE('',*,*,#6970,.F.);
#7020 = ORIENTED_EDGE('',*,*,#6105,.F.);
#7021 = ADVANCED_FACE('',(#7022),#6161,.T.);
#7022 = FACE_BOUND('',#7023,.F.);
#7023 = EDGE_LOOP('',(#7024,#7047,#7074,#7075));
#7024 = ORIENTED_EDGE('',*,*,#7025,.T.);
#7025 = EDGE_CURVE('',#6141,#7026,#7028,.T.);
#7026 = VERTEX_POINT('',#7027);
#7027 = CARTESIAN_POINT('',(18.7,11.,4.5));
#7028 = SEAM_CURVE('',#7029,(#7033,#7040),.PCURVE_S1.);
#7029 = LINE('',#7030,#7031);
#7030 = CARTESIAN_POINT('',(18.7,11.,4.1));
#7031 = VECTOR('',#7032,1.);
#7032 = DIRECTION('',(0.,0.,1.));
#7033 = PCURVE('',#6161,#7034);
#7034 = DEFINITIONAL_REPRESENTATION('',(#7035),#7039);
#7035 = LINE('',#7036,#7037);
#7036 = CARTESIAN_POINT('',(-0.,0.));
#7037 = VECTOR('',#7038,1.);
#7038 = DIRECTION('',(-0.,-1.));
#7039 = ( GEOMETRIC_REPRESENTATION_CONTEXT(2) 
PARAMETRIC_REPRESENTATION_CONTEXT() REPRESENTATION_CONTEXT('2D SPACE',''
  ) );
#7040 = PCURVE('',#6161,#7041);
#7041 = DEFINITIONAL_REPRESENTATION('',(#7042),#7046);
#7042 = LINE('',#7043,#7044);
#7043 = CARTESIAN_POINT('',(-6.28318530718,0.));
#7044 = VECTOR('',#7045,1.);
#7045 = DIRECTION('',(-0.,-1.));
#7046 = ( GEOMETRIC_REPRESENTATION_CONTEXT(2) 
PARAMETRIC_REPRESENTATION_CONTEXT() REPRESENTATION_CONTEXT('2D SPACE',''
  ) );
#7047 = ORIENTED_EDGE('',*,*,#7048,.T.);
#7048 = EDGE_CURVE('',#7026,#7026,#7049,.T.);
#7049 = SURFACE_CURVE('',#7050,(#7055,#7062),.PCURVE_S1.);
#7050 = CIRCLE('',#7051,3.2);
#7051 = AXIS2_PLACEMENT_3D('',#7052,#7053,#7054);
#7052 = CARTESIAN_POINT('',(15.5,11.,4.5));
#7053 = DIRECTION('',(0.,0.,1.));
#7054 = DIRECTION('',(1.,0.,0.));
#7055 = PCURVE('',#6161,#7056);
#7056 = DEFINITIONAL_REPRESENTATION('',(#7057),#7061);
#7057 = LINE('',#7058,#7059);
#7058 = CARTESIAN_POINT('',(-0.,-0.4));
#7059 = VECTOR('',#7060,1.);
#7060 = DIRECTION('',(-1.,0.));
#7061 = ( GEOMETRIC_REPRESENTATION_CONTEXT(2) 
PARAMETRIC_REPRESENTATION_CONTEXT() REPRESENTATION_CONTEXT('2D SPACE',''
  ) );
#7062 = PCURVE('',#7063,#7068);
#7063 = PLANE('',#7064);
#7064 = AXIS2_PLACEMENT_3D('',#7065,#7066,#7067);
#7065 = CARTESIAN_POINT('',(15.5,11.,4.5));
#7066 = DIRECTION('',(0.,0.,1.));
#7067 = DIRECTION('',(1.,0.,-0.));
#7068 = DEFINITIONAL_REPRESENTATION('',(#7069),#7073);
#7069 = CIRCLE('',#7070,3.2);
#7070 = AXIS2_PLACEMENT_2D('',#7071,#7072);
#7071 = CARTESIAN_POINT('',(0.,-1.7763568394E-15));
#7072 = DIRECTION('',(1.,0.));
#7073 = ( GEOMETRIC_REPRESENTATION_CONTEXT(2) 
PARAMETRIC_REPRESENTATION_CONTEXT() REPRESENTATION_CONTEXT('2D SPACE',''
  ) );
#7074 = ORIENTED_EDGE('',*,*,#7025,.F.);
#7075 = ORIENTED_EDGE('',*,*,#6140,.F.);
#7076 = ADVANCED_FACE('',(#7077),#6196,.T.);
#7077 = FACE_BOUND('',#7078,.F.);
#7078 = EDGE_LOOP('',(#7079,#7102,#7129,#7130));
#7079 = ORIENTED_EDGE('',*,*,#7080,.T.);
#7080 = EDGE_CURVE('',#6176,#7081,#7083,.T.);
#7081 = VERTEX_POINT('',#7082);
#7082 = CARTESIAN_POINT('',(9.1,7.,4.5));
#7083 = SEAM_CURVE('',#7084,(#7088,#7095),.PCURVE_S1.);
#7084 = LINE('',#7085,#7086);
#7085 = CARTESIAN_POINT('',(9.1,7.,4.1));
#7086 = VECTOR('',#7087,1.);
#7087 = DIRECTION('',(0.,0.,1.));
#7088 = PCURVE('',#6196,#7089);
#7089 = DEFINITIONAL_REPRESENTATION('',(#7090),#7094);
#7090 = LINE('',#7091,#7092);
#7091 = CARTESIAN_POINT('',(-0.,0.));
#7092 = VECTOR('',#7093,1.);
#7093 = DIRECTION('',(-0.,-1.));
#7094 = ( GEOMETRIC_REPRESENTATION_CONTEXT(2) 
PARAMETRIC_REPRESENTATION_CONTEXT() REPRESENTATION_CONTEXT('2D SPACE',''
  ) );
#7095 = PCURVE('',#6196,#7096);
#7096 = DEFINITIONAL_REPRESENTATION('',(#7097),#7101);
#7097 = LINE('',#7098,#7099);
#7098 = CARTESIAN_POINT('',(-6.28318530718,0.));
#7099 = VECTOR('',#7100,1.);
#7100 = DIRECTION('',(-0.,-1.));
#7101 = ( GEOMETRIC_REPRESENTATION_CONTEXT(2) 
PARAMETRIC_REPRESENTATION_CONTEXT() REPRESENTATION_CONTEXT('2D SPACE',''
  ) );
#7102 = ORIENTED_EDGE('',*,*,#7103,.T.);
#7103 = EDGE_CURVE('',#7081,#7081,#7104,.T.);
#7104 = SURFACE_CURVE('',#7105,(#7110,#7117),.PCURVE_S1.);
#7105 = CIRCLE('',#7106,1.6);
#7106 = AXIS2_PLACEMENT_3D('',#7107,#7108,#7109);
#7107 = CARTESIAN_POINT('',(7.5,7.,4.5));
#7108 = DIRECTION('',(0.,0.,1.));
#7109 = DIRECTION('',(1.,0.,0.));
#7110 = PCURVE('',#6196,#7111);
#7111 = DEFINITIONAL_REPRESENTATION('',(#7112),#7116);
#7112 = LINE('',#7113,#7114);
#7113 = CARTESIAN_POINT('',(-0.,-0.4));
#7114 = VECTOR('',#7115,1.);
#7115 = DIRECTION('',(-1.,0.));
#7116 = ( GEOMETRIC_REPRESENTATION_CONTEXT(2) 
PARAMETRIC_REPRESENTATION_CONTEXT() REPRESENTATION_CONTEXT('2D SPACE',''
  ) );
#7117 = PCURVE('',#7118,#7123);
#7118 = PLANE('',#7119);
#7119 = AXIS2_PLACEMENT_3D('',#7120,#7121,#7122);
#7120 = CARTESIAN_POINT('',(7.5,7.,4.5));
#7121 = DIRECTION('',(0.,0.,1.));
#7122 = DIRECTION('',(1.,0.,-0.));
#7123 = DEFINITIONAL_REPRESENTATION('',(#7124),#7128);
#7124 = CIRCLE('',#7125,1.6);
#7125 = AXIS2_PLACEMENT_2D('',#7126,#7127);
#7126 = CARTESIAN_POINT('',(8.881784197001E-16,0.));
#7127 = DIRECTION('',(1.,0.));
#7128 = ( GEOMETRIC_REPRESENTATION_CONTEXT(2) 
PARAMETRIC_REPRESENTATION_CONTEXT() REPRESENTATION_CONTEXT('2D SPACE',''
  ) );
#7129 = ORIENTED_EDGE('',*,*,#7080,.F.);
#7130 = ORIENTED_EDGE('',*,*,#6175,.F.);
#7131 = ADVANCED_FACE('',(#7132,#7136),#6432,.T.);
#7132 = FACE_BOUND('',#7133,.T.);
#7133 = VERTEX_LOOP('',#7134);
#7134 = VERTEX_POINT('',#7135);
#7135 = CARTESIAN_POINT('',(5.8,19.2,5.2));
#7136 = FACE_BOUND('',#7137,.T.);
#7137 = EDGE_LOOP('',(#7138));
#7138 = ORIENTED_EDGE('',*,*,#6240,.T.);
#7139 = ADVANCED_FACE('',(#7140),#6582,.T.);
#7140 = FACE_BOUND('',#7141,.T.);
#7141 = EDGE_LOOP('',(#7142));
#7142 = ORIENTED_EDGE('',*,*,#6565,.T.);
#7143 = ADVANCED_FACE('',(#7144),#6649,.F.);
#7144 = FACE_BOUND('',#7145,.F.);
#7145 = EDGE_LOOP('',(#7146,#7147,#7167,#7194));
#7146 = ORIENTED_EDGE('',*,*,#6632,.T.);
#7147 = ORIENTED_EDGE('',*,*,#7148,.T.);
#7148 = EDGE_CURVE('',#6633,#7149,#7151,.T.);
#7149 = VERTEX_POINT('',#7150);
#7150 = CARTESIAN_POINT('',(11.6,-6.,1.));
#7151 = SEAM_CURVE('',#7152,(#7155,#7161),.PCURVE_S1.);
#7152 = B_SPLINE_CURVE_WITH_KNOTS('',1,(#7153,#7154),.UNSPECIFIED.,.F.,
  .F.,(2,2),(0.,1.),.PIECEWISE_BEZIER_KNOTS.);
#7153 = CARTESIAN_POINT('',(11.9,-6.,0.7));
#7154 = CARTESIAN_POINT('',(11.6,-6.,1.));
#7155 = PCURVE('',#6649,#7156);
#7156 = DEFINITIONAL_REPRESENTATION('',(#7157),#7160);
#7157 = B_SPLINE_CURVE_WITH_KNOTS('',1,(#7158,#7159),.UNSPECIFIED.,.F.,
  .F.,(2,2),(0.,1.),.PIECEWISE_BEZIER_KNOTS.);
#7158 = CARTESIAN_POINT('',(-6.28318530718,0.));
#7159 = CARTESIAN_POINT('',(-6.28318530718,-0.3));
#7160 = ( GEOMETRIC_REPRESENTATION_CONTEXT(2) 
PARAMETRIC_REPRESENTATION_CONTEXT() REPRESENTATION_CONTEXT('2D SPACE',''
  ) );
#7161 = PCURVE('',#6649,#7162);
#7162 = DEFINITIONAL_REPRESENTATION('',(#7163),#7166);
#7163 = B_SPLINE_CURVE_WITH_KNOTS('',1,(#7164,#7165),.UNSPECIFIED.,.F.,
  .F.,(2,2),(0.,1.),.PIECEWISE_BEZIER_KNOTS.);
#7164 = CARTESIAN_POINT('',(0.,0.));
#7165 = CARTESIAN_POINT('',(0.,-0.3));
#7166 = ( GEOMETRIC_REPRESENTATION_CONTEXT(2) 
PARAMETRIC_REPRESENTATION_CONTEXT() REPRESENTATION_CONTEXT('2D SPACE',''
  ) );
#7167 = ORIENTED_EDGE('',*,*,#7168,.F.);
#7168 = EDGE_CURVE('',#7149,#7149,#7169,.T.);
#7169 = SURFACE_CURVE('',#7170,(#7175,#7182),.PCURVE_S1.);
#7170 = CIRCLE('',#7171,1.1);
#7171 = AXIS2_PLACEMENT_3D('',#7172,#7173,#7174);
#7172 = CARTESIAN_POINT('',(10.5,-6.,1.));
#7173 = DIRECTION('',(0.,0.,1.));
#7174 = DIRECTION('',(1.,0.,0.));
#7175 = PCURVE('',#6649,#7176);
#7176 = DEFINITIONAL_REPRESENTATION('',(#7177),#7181);
#7177 = LINE('',#7178,#7179);
#7178 = CARTESIAN_POINT('',(-0.,-0.3));
#7179 = VECTOR('',#7180,1.);
#7180 = DIRECTION('',(-1.,-0.));
#7181 = ( GEOMETRIC_REPRESENTATION_CONTEXT(2) 
PARAMETRIC_REPRESENTATION_CONTEXT() REPRESENTATION_CONTEXT('2D SPACE',''
  ) );
#7182 = PCURVE('',#7183,#7188);
#7183 = CYLINDRICAL_SURFACE('',#7184,1.1);
#7184 = AXIS2_PLACEMENT_3D('',#7185,#7186,#7187);
#7185 = CARTESIAN_POINT('',(10.5,-6.,0.7));
#7186 = DIRECTION('',(-0.,-0.,-1.));
#7187 = DIRECTION('',(1.,0.,0.));
#7188 = DEFINITIONAL_REPRESENTATION('',(#7189),#7193);
#7189 = LINE('',#7190,#7191);
#7190 = CARTESIAN_POINT('',(-0.,-0.3));
#7191 = VECTOR('',#7192,1.);
#7192 = DIRECTION('',(-1.,0.));
#7193 = ( GEOMETRIC_REPRESENTATION_CONTEXT(2) 
PARAMETRIC_REPRESENTATION_CONTEXT() REPRESENTATION_CONTEXT('2D SPACE',''
  ) );
#7194 = ORIENTED_EDGE('',*,*,#7148,.F.);
#7195 = ADVANCED_FACE('',(#7196),#6684,.F.);
#7196 = FACE_BOUND('',#7197,.F.);
#7197 = EDGE_LOOP('',(#7198,#7199,#7219,#7246));
#7198 = ORIENTED_EDGE('',*,*,#6667,.T.);
#7199 = ORIENTED_EDGE('',*,*,#7200,.T.);
#7200 = EDGE_CURVE('',#6668,#7201,#7203,.T.);
#7201 = VERTEX_POINT('',#7202);
#7202 = CARTESIAN_POINT('',(11.6,10.,1.));
#7203 = SEAM_CURVE('',#7204,(#7207,#7213),.PCURVE_S1.);
#7204 = B_SPLINE_CURVE_WITH_KNOTS('',1,(#7205,#7206),.UNSPECIFIED.,.F.,
  .F.,(2,2),(0.,1.),.PIECEWISE_BEZIER_KNOTS.);
#7205 = CARTESIAN_POINT('',(11.9,10.,0.7));
#7206 = CARTESIAN_POINT('',(11.6,10.,1.));
#7207 = PCURVE('',#6684,#7208);
#7208 = DEFINITIONAL_REPRESENTATION('',(#7209),#7212);
#7209 = B_SPLINE_CURVE_WITH_KNOTS('',1,(#7210,#7211),.UNSPECIFIED.,.F.,
  .F.,(2,2),(0.,1.),.PIECEWISE_BEZIER_KNOTS.);
#7210 = CARTESIAN_POINT('',(-6.28318530718,0.));
#7211 = CARTESIAN_POINT('',(-6.28318530718,-0.3));
#7212 = ( GEOMETRIC_REPRESENTATION_CONTEXT(2) 
PARAMETRIC_REPRESENTATION_CONTEXT() REPRESENTATION_CONTEXT('2D SPACE',''
  ) );
#7213 = PCURVE('',#6684,#7214);
#7214 = DEFINITIONAL_REPRESENTATION('',(#7215),#7218);
#7215 = B_SPLINE_CURVE_WITH_KNOTS('',1,(#7216,#7217),.UNSPECIFIED.,.F.,
  .F.,(2,2),(0.,1.),.PIECEWISE_BEZIER_KNOTS.);
#7216 = CARTESIAN_POINT('',(0.,0.));
#7217 = CARTESIAN_POINT('',(0.,-0.3));
#7218 = ( GEOMETRIC_REPRESENTATION_CONTEXT(2) 
PARAMETRIC_REPRESENTATION_CONTEXT() REPRESENTATION_CONTEXT('2D SPACE',''
  ) );
#7219 = ORIENTED_EDGE('',*,*,#7220,.F.);
#7220 = EDGE_CURVE('',#7201,#7201,#7221,.T.);
#7221 = SURFACE_CURVE('',#7222,(#7227,#7234),.PCURVE_S1.);
#7222 = CIRCLE('',#7223,1.1);
#7223 = AXIS2_PLACEMENT_3D('',#7224,#7225,#7226);
#7224 = CARTESIAN_POINT('',(10.5,10.,1.));
#7225 = DIRECTION('',(0.,0.,1.));
#7226 = DIRECTION('',(1.,0.,0.));
#7227 = PCURVE('',#6684,#7228);
#7228 = DEFINITIONAL_REPRESENTATION('',(#7229),#7233);
#7229 = LINE('',#7230,#7231);
#7230 = CARTESIAN_POINT('',(-0.,-0.3));
#7231 = VECTOR('',#7232,1.);
#7232 = DIRECTION('',(-1.,-0.));
#7233 = ( GEOMETRIC_REPRESENTATION_CONTEXT(2) 
PARAMETRIC_REPRESENTATION_CONTEXT() REPRESENTATION_CONTEXT('2D SPACE',''
  ) );
#7234 = PCURVE('',#7235,#7240);
#7235 = CYLINDRICAL_SURFACE('',#7236,1.1);
#7236 = AXIS2_PLACEMENT_3D('',#7237,#7238,#7239);
#7237 = CARTESIAN_POINT('',(10.5,10.,0.7));
#7238 = DIRECTION('',(-0.,-0.,-1.));
#7239 = DIRECTION('',(1.,0.,0.));
#7240 = DEFINITIONAL_REPRESENTATION('',(#7241),#7245);
#7241 = LINE('',#7242,#7243);
#7242 = CARTESIAN_POINT('',(-0.,-0.3));
#7243 = VECTOR('',#7244,1.);
#7244 = DIRECTION('',(-1.,0.));
#7245 = ( GEOMETRIC_REPRESENTATION_CONTEXT(2) 
PARAMETRIC_REPRESENTATION_CONTEXT() REPRESENTATION_CONTEXT('2D SPACE',''
  ) );
#7246 = ORIENTED_EDGE('',*,*,#7200,.F.);
#7247 = ADVANCED_FACE('',(#7248),#6738,.F.);
#7248 = FACE_BOUND('',#7249,.F.);
#7249 = EDGE_LOOP('',(#7250,#7251,#7252,#7253));
#7250 = ORIENTED_EDGE('',*,*,#6874,.T.);
#7251 = ORIENTED_EDGE('',*,*,#6847,.T.);
#7252 = ORIENTED_EDGE('',*,*,#6798,.T.);
#7253 = ORIENTED_EDGE('',*,*,#6722,.T.);
#7254 = ADVANCED_FACE('',(#7255),#6920,.T.);
#7255 = FACE_BOUND('',#7256,.T.);
#7256 = EDGE_LOOP('',(#7257,#7258,#7278,#7305));
#7257 = ORIENTED_EDGE('',*,*,#6903,.T.);
#7258 = ORIENTED_EDGE('',*,*,#7259,.T.);
#7259 = EDGE_CURVE('',#6904,#7260,#7262,.T.);
#7260 = VERTEX_POINT('',#7261);
#7261 = CARTESIAN_POINT('',(-1.275,-6.,4.));
#7262 = SEAM_CURVE('',#7263,(#7266,#7272),.PCURVE_S1.);
#7263 = B_SPLINE_CURVE_WITH_KNOTS('',1,(#7264,#7265),.UNSPECIFIED.,.F.,
  .F.,(2,2),(0.,1.),.PIECEWISE_BEZIER_KNOTS.);
#7264 = CARTESIAN_POINT('',(-0.995,-6.,3.7));
#7265 = CARTESIAN_POINT('',(-1.275,-6.,4.));
#7266 = PCURVE('',#6920,#7267);
#7267 = DEFINITIONAL_REPRESENTATION('',(#7268),#7271);
#7268 = B_SPLINE_CURVE_WITH_KNOTS('',1,(#7269,#7270),.UNSPECIFIED.,.F.,
  .F.,(2,2),(0.,1.),.PIECEWISE_BEZIER_KNOTS.);
#7269 = CARTESIAN_POINT('',(-6.28318530718,0.));
#7270 = CARTESIAN_POINT('',(-6.28318530718,-0.3));
#7271 = ( GEOMETRIC_REPRESENTATION_CONTEXT(2) 
PARAMETRIC_REPRESENTATION_CONTEXT() REPRESENTATION_CONTEXT('2D SPACE',''
  ) );
#7272 = PCURVE('',#6920,#7273);
#7273 = DEFINITIONAL_REPRESENTATION('',(#7274),#7277);
#7274 = B_SPLINE_CURVE_WITH_KNOTS('',1,(#7275,#7276),.UNSPECIFIED.,.F.,
  .F.,(2,2),(0.,1.),.PIECEWISE_BEZIER_KNOTS.);
#7275 = CARTESIAN_POINT('',(0.,0.));
#7276 = CARTESIAN_POINT('',(0.,-0.3));
#7277 = ( GEOMETRIC_REPRESENTATION_CONTEXT(2) 
PARAMETRIC_REPRESENTATION_CONTEXT() REPRESENTATION_CONTEXT('2D SPACE',''
  ) );
#7278 = ORIENTED_EDGE('',*,*,#7279,.F.);
#7279 = EDGE_CURVE('',#7260,#7260,#7280,.T.);
#7280 = SURFACE_CURVE('',#7281,(#7286,#7293),.PCURVE_S1.);
#7281 = CIRCLE('',#7282,0.725);
#7282 = AXIS2_PLACEMENT_3D('',#7283,#7284,#7285);
#7283 = CARTESIAN_POINT('',(-2.,-6.,4.));
#7284 = DIRECTION('',(0.,0.,1.));
#7285 = DIRECTION('',(1.,0.,0.));
#7286 = PCURVE('',#6920,#7287);
#7287 = DEFINITIONAL_REPRESENTATION('',(#7288),#7292);
#7288 = LINE('',#7289,#7290);
#7289 = CARTESIAN_POINT('',(-0.,-0.3));
#7290 = VECTOR('',#7291,1.);
#7291 = DIRECTION('',(-1.,-0.));
#7292 = ( GEOMETRIC_REPRESENTATION_CONTEXT(2) 
PARAMETRIC_REPRESENTATION_CONTEXT() REPRESENTATION_CONTEXT('2D SPACE',''
  ) );
#7293 = PCURVE('',#7294,#7299);
#7294 = PLANE('',#7295);
#7295 = AXIS2_PLACEMENT_3D('',#7296,#7297,#7298);
#7296 = CARTESIAN_POINT('',(-2.,-6.,4.));
#7297 = DIRECTION('',(0.,0.,1.));
#7298 = DIRECTION('',(1.,0.,0.));
#7299 = DEFINITIONAL_REPRESENTATION('',(#7300),#7304);
#7300 = CIRCLE('',#7301,0.725);
#7301 = AXIS2_PLACEMENT_2D('',#7302,#7303);
#7302 = CARTESIAN_POINT('',(0.,0.));
#7303 = DIRECTION('',(1.,0.));
#7304 = ( GEOMETRIC_REPRESENTATION_CONTEXT(2) 
PARAMETRIC_REPRESENTATION_CONTEXT() REPRESENTATION_CONTEXT('2D SPACE',''
  ) );
#7305 = ORIENTED_EDGE('',*,*,#7259,.F.);
#7306 = ADVANCED_FACE('',(#7307),#6955,.T.);
#7307 = FACE_BOUND('',#7308,.T.);
#7308 = EDGE_LOOP('',(#7309,#7310,#7330,#7357));
#7309 = ORIENTED_EDGE('',*,*,#6938,.T.);
#7310 = ORIENTED_EDGE('',*,*,#7311,.T.);
#7311 = EDGE_CURVE('',#6939,#7312,#7314,.T.);
#7312 = VERTEX_POINT('',#7313);
#7313 = CARTESIAN_POINT('',(-1.275,6.,4.));
#7314 = SEAM_CURVE('',#7315,(#7318,#7324),.PCURVE_S1.);
#7315 = B_SPLINE_CURVE_WITH_KNOTS('',1,(#7316,#7317),.UNSPECIFIED.,.F.,
  .F.,(2,2),(0.,1.),.PIECEWISE_BEZIER_KNOTS.);
#7316 = CARTESIAN_POINT('',(-0.995,6.,3.7));
#7317 = CARTESIAN_POINT('',(-1.275,6.,4.));
#7318 = PCURVE('',#6955,#7319);
#7319 = DEFINITIONAL_REPRESENTATION('',(#7320),#7323);
#7320 = B_SPLINE_CURVE_WITH_KNOTS('',1,(#7321,#7322),.UNSPECIFIED.,.F.,
  .F.,(2,2),(0.,1.),.PIECEWISE_BEZIER_KNOTS.);
#7321 = CARTESIAN_POINT('',(-6.28318530718,0.));
#7322 = CARTESIAN_POINT('',(-6.28318530718,-0.3));
#7323 = ( GEOMETRIC_REPRESENTATION_CONTEXT(2) 
PARAMETRIC_REPRESENTATION_CONTEXT() REPRESENTATION_CONTEXT('2D SPACE',''
  ) );
#7324 = PCURVE('',#6955,#7325);
#7325 = DEFINITIONAL_REPRESENTATION('',(#7326),#7329);
#7326 = B_SPLINE_CURVE_WITH_KNOTS('',1,(#7327,#7328),.UNSPECIFIED.,.F.,
  .F.,(2,2),(0.,1.),.PIECEWISE_BEZIER_KNOTS.);
#7327 = CARTESIAN_POINT('',(0.,0.));
#7328 = CARTESIAN_POINT('',(0.,-0.3));
#7329 = ( GEOMETRIC_REPRESENTATION_CONTEXT(2) 
PARAMETRIC_REPRESENTATION_CONTEXT() REPRESENTATION_CONTEXT('2D SPACE',''
  ) );
#7330 = ORIENTED_EDGE('',*,*,#7331,.F.);
#7331 = EDGE_CURVE('',#7312,#7312,#7332,.T.);
#7332 = SURFACE_CURVE('',#7333,(#7338,#7345),.PCURVE_S1.);
#7333 = CIRCLE('',#7334,0.725);
#7334 = AXIS2_PLACEMENT_3D('',#7335,#7336,#7337);
#7335 = CARTESIAN_POINT('',(-2.,6.,4.));
#7336 = DIRECTION('',(0.,0.,1.));
#7337 = DIRECTION('',(1.,0.,0.));
#7338 = PCURVE('',#6955,#7339);
#7339 = DEFINITIONAL_REPRESENTATION('',(#7340),#7344);
#7340 = LINE('',#7341,#7342);
#7341 = CARTESIAN_POINT('',(-0.,-0.3));
#7342 = VECTOR('',#7343,1.);
#7343 = DIRECTION('',(-1.,-0.));
#7344 = ( GEOMETRIC_REPRESENTATION_CONTEXT(2) 
PARAMETRIC_REPRESENTATION_CONTEXT() REPRESENTATION_CONTEXT('2D SPACE',''
  ) );
#7345 = PCURVE('',#7346,#7351);
#7346 = PLANE('',#7347);
#7347 = AXIS2_PLACEMENT_3D('',#7348,#7349,#7350);
#7348 = CARTESIAN_POINT('',(-2.,6.,4.));
#7349 = DIRECTION('',(0.,0.,1.));
#7350 = DIRECTION('',(1.,0.,0.));
#7351 = DEFINITIONAL_REPRESENTATION('',(#7352),#7356);
#7352 = CIRCLE('',#7353,0.725);
#7353 = AXIS2_PLACEMENT_2D('',#7354,#7355);
#7354 = CARTESIAN_POINT('',(0.,0.));
#7355 = DIRECTION('',(1.,0.));
#7356 = ( GEOMETRIC_REPRESENTATION_CONTEXT(2) 
PARAMETRIC_REPRESENTATION_CONTEXT() REPRESENTATION_CONTEXT('2D SPACE',''
  ) );
#7357 = ORIENTED_EDGE('',*,*,#7311,.F.);
#7358 = ADVANCED_FACE('',(#7359,#7362),#7008,.T.);
#7359 = FACE_BOUND('',#7360,.T.);
#7360 = EDGE_LOOP('',(#7361));
#7361 = ORIENTED_EDGE('',*,*,#6993,.T.);
#7362 = FACE_BOUND('',#7363,.T.);
#7363 = EDGE_LOOP('',(#7364));
#7364 = ORIENTED_EDGE('',*,*,#7365,.T.);
#7365 = EDGE_CURVE('',#7366,#7366,#7368,.T.);
#7366 = VERTEX_POINT('',#7367);
#7367 = CARTESIAN_POINT('',(13.58,-8.5,4.5));
#7368 = SURFACE_CURVE('',#7369,(#7374,#7385),.PCURVE_S1.);
#7369 = CIRCLE('',#7370,1.08);
#7370 = AXIS2_PLACEMENT_3D('',#7371,#7372,#7373);
#7371 = CARTESIAN_POINT('',(12.5,-8.5,4.5));
#7372 = DIRECTION('',(0.,0.,-1.));
#7373 = DIRECTION('',(1.,0.,0.));
#7374 = PCURVE('',#7008,#7375);
#7375 = DEFINITIONAL_REPRESENTATION('',(#7376),#7384);
#7376 = ( BOUNDED_CURVE() B_SPLINE_CURVE(2,(#7377,#7378,#7379,#7380,
#7381,#7382,#7383),.UNSPECIFIED.,.T.,.F.) B_SPLINE_CURVE_WITH_KNOTS((1,2
    ,2,2,2,1),(-2.094395102393,0.,2.094395102393,4.188790204786,
6.28318530718,8.377580409573),.UNSPECIFIED.) CURVE() 
GEOMETRIC_REPRESENTATION_ITEM() RATIONAL_B_SPLINE_CURVE((1.,0.5,1.,0.5,
1.,0.5,1.)) REPRESENTATION_ITEM('') );
#7377 = CARTESIAN_POINT('',(1.08,0.));
#7378 = CARTESIAN_POINT('',(1.08,-1.870614872174));
#7379 = CARTESIAN_POINT('',(-0.54,-0.935307436087));
#7380 = CARTESIAN_POINT('',(-2.16,-2.645237086158E-16));
#7381 = CARTESIAN_POINT('',(-0.54,0.935307436087));
#7382 = CARTESIAN_POINT('',(1.08,1.870614872174));
#7383 = CARTESIAN_POINT('',(1.08,0.));
#7384 = ( GEOMETRIC_REPRESENTATION_CONTEXT(2) 
PARAMETRIC_REPRESENTATION_CONTEXT() REPRESENTATION_CONTEXT('2D SPACE',''
  ) );
#7385 = PCURVE('',#7386,#7391);
#7386 = CYLINDRICAL_SURFACE('',#7387,1.08);
#7387 = AXIS2_PLACEMENT_3D('',#7388,#7389,#7390);
#7388 = CARTESIAN_POINT('',(12.5,-8.5,4.3));
#7389 = DIRECTION('',(-0.,-0.,-1.));
#7390 = DIRECTION('',(1.,0.,0.));
#7391 = DEFINITIONAL_REPRESENTATION('',(#7392),#7396);
#7392 = LINE('',#7393,#7394);
#7393 = CARTESIAN_POINT('',(-6.28318530718,-0.2));
#7394 = VECTOR('',#7395,1.);
#7395 = DIRECTION('',(1.,-0.));
#7396 = ( GEOMETRIC_REPRESENTATION_CONTEXT(2) 
PARAMETRIC_REPRESENTATION_CONTEXT() REPRESENTATION_CONTEXT('2D SPACE',''
  ) );
#7397 = ADVANCED_FACE('',(#7398,#7401),#7063,.T.);
#7398 = FACE_BOUND('',#7399,.T.);
#7399 = EDGE_LOOP('',(#7400));
#7400 = ORIENTED_EDGE('',*,*,#7048,.T.);
#7401 = FACE_BOUND('',#7402,.T.);
#7402 = EDGE_LOOP('',(#7403));
#7403 = ORIENTED_EDGE('',*,*,#7404,.T.);
#7404 = EDGE_CURVE('',#7405,#7405,#7407,.T.);
#7405 = VERTEX_POINT('',#7406);
#7406 = CARTESIAN_POINT('',(16.94,11.,4.5));
#7407 = SURFACE_CURVE('',#7408,(#7413,#7424),.PCURVE_S1.);
#7408 = CIRCLE('',#7409,1.44);
#7409 = AXIS2_PLACEMENT_3D('',#7410,#7411,#7412);
#7410 = CARTESIAN_POINT('',(15.5,11.,4.5));
#7411 = DIRECTION('',(0.,0.,-1.));
#7412 = DIRECTION('',(1.,0.,0.));
#7413 = PCURVE('',#7063,#7414);
#7414 = DEFINITIONAL_REPRESENTATION('',(#7415),#7423);
#7415 = ( BOUNDED_CURVE() B_SPLINE_CURVE(2,(#7416,#7417,#7418,#7419,
#7420,#7421,#7422),.UNSPECIFIED.,.T.,.F.) B_SPLINE_CURVE_WITH_KNOTS((1,2
    ,2,2,2,1),(-2.094395102393,0.,2.094395102393,4.188790204786,
6.28318530718,8.377580409573),.UNSPECIFIED.) CURVE() 
GEOMETRIC_REPRESENTATION_ITEM() RATIONAL_B_SPLINE_CURVE((1.,0.5,1.,0.5,
1.,0.5,1.)) REPRESENTATION_ITEM('') );
#7416 = CARTESIAN_POINT('',(1.44,-1.7763568394E-15));
#7417 = CARTESIAN_POINT('',(1.44,-2.494153162899));
#7418 = CARTESIAN_POINT('',(-0.72,-1.24707658145));
#7419 = CARTESIAN_POINT('',(-2.88,-2.129055117555E-15));
#7420 = CARTESIAN_POINT('',(-0.72,1.24707658145));
#7421 = CARTESIAN_POINT('',(1.44,2.494153162899));
#7422 = CARTESIAN_POINT('',(1.44,-1.7763568394E-15));
#7423 = ( GEOMETRIC_REPRESENTATION_CONTEXT(2) 
PARAMETRIC_REPRESENTATION_CONTEXT() REPRESENTATION_CONTEXT('2D SPACE',''
  ) );
#7424 = PCURVE('',#7425,#7430);
#7425 = CYLINDRICAL_SURFACE('',#7426,1.44);
#7426 = AXIS2_PLACEMENT_3D('',#7427,#7428,#7429);
#7427 = CARTESIAN_POINT('',(15.5,11.,4.3));
#7428 = DIRECTION('',(-0.,-0.,-1.));
#7429 = DIRECTION('',(1.,0.,0.));
#7430 = DEFINITIONAL_REPRESENTATION('',(#7431),#7435);
#7431 = LINE('',#7432,#7433);
#7432 = CARTESIAN_POINT('',(-6.28318530718,-0.2));
#7433 = VECTOR('',#7434,1.);
#7434 = DIRECTION('',(1.,-0.));
#7435 = ( GEOMETRIC_REPRESENTATION_CONTEXT(2) 
PARAMETRIC_REPRESENTATION_CONTEXT() REPRESENTATION_CONTEXT('2D SPACE',''
  ) );
#7436 = ADVANCED_FACE('',(#7437,#7440),#7118,.T.);
#7437 = FACE_BOUND('',#7438,.T.);
#7438 = EDGE_LOOP('',(#7439));
#7439 = ORIENTED_EDGE('',*,*,#7103,.T.);
#7440 = FACE_BOUND('',#7441,.T.);
#7441 = EDGE_LOOP('',(#7442));
#7442 = ORIENTED_EDGE('',*,*,#7443,.T.);
#7443 = EDGE_CURVE('',#7444,#7444,#7446,.T.);
#7444 = VERTEX_POINT('',#7445);
#7445 = CARTESIAN_POINT('',(8.22,7.,4.5));
#7446 = SURFACE_CURVE('',#7447,(#7452,#7463),.PCURVE_S1.);
#7447 = CIRCLE('',#7448,0.72);
#7448 = AXIS2_PLACEMENT_3D('',#7449,#7450,#7451);
#7449 = CARTESIAN_POINT('',(7.5,7.,4.5));
#7450 = DIRECTION('',(0.,0.,-1.));
#7451 = DIRECTION('',(1.,0.,0.));
#7452 = PCURVE('',#7118,#7453);
#7453 = DEFINITIONAL_REPRESENTATION('',(#7454),#7462);
#7454 = ( BOUNDED_CURVE() B_SPLINE_CURVE(2,(#7455,#7456,#7457,#7458,
#7459,#7460,#7461),.UNSPECIFIED.,.T.,.F.) B_SPLINE_CURVE_WITH_KNOTS((1,2
    ,2,2,2,1),(-2.094395102393,0.,2.094395102393,4.188790204786,
6.28318530718,8.377580409573),.UNSPECIFIED.) CURVE() 
GEOMETRIC_REPRESENTATION_ITEM() RATIONAL_B_SPLINE_CURVE((1.,0.5,1.,0.5,
1.,0.5,1.)) REPRESENTATION_ITEM('') );
#7455 = CARTESIAN_POINT('',(0.72,0.));
#7456 = CARTESIAN_POINT('',(0.72,-1.24707658145));
#7457 = CARTESIAN_POINT('',(-0.36,-0.623538290725));
#7458 = CARTESIAN_POINT('',(-1.44,-1.763491390772E-16));
#7459 = CARTESIAN_POINT('',(-0.36,0.623538290725));
#7460 = CARTESIAN_POINT('',(0.72,1.24707658145));
#7461 = CARTESIAN_POINT('',(0.72,0.));
#7462 = ( GEOMETRIC_REPRESENTATION_CONTEXT(2) 
PARAMETRIC_REPRESENTATION_CONTEXT() REPRESENTATION_CONTEXT('2D SPACE',''
  ) );
#7463 = PCURVE('',#7464,#7469);
#7464 = CYLINDRICAL_SURFACE('',#7465,0.72);
#7465 = AXIS2_PLACEMENT_3D('',#7466,#7467,#7468);
#7466 = CARTESIAN_POINT('',(7.5,7.,4.3));
#7467 = DIRECTION('',(-0.,-0.,-1.));
#7468 = DIRECTION('',(1.,0.,0.));
#7469 = DEFINITIONAL_REPRESENTATION('',(#7470),#7474);
#7470 = LINE('',#7471,#7472);
#7471 = CARTESIAN_POINT('',(-6.28318530718,-0.2));
#7472 = VECTOR('',#7473,1.);
#7473 = DIRECTION('',(1.,-0.));
#7474 = ( GEOMETRIC_REPRESENTATION_CONTEXT(2) 
PARAMETRIC_REPRESENTATION_CONTEXT() REPRESENTATION_CONTEXT('2D SPACE',''
  ) );
#7475 = ADVANCED_FACE('',(#7476),#7183,.F.);
#7476 = FACE_BOUND('',#7477,.T.);
#7477 = EDGE_LOOP('',(#7478,#7479,#7502,#7529));
#7478 = ORIENTED_EDGE('',*,*,#7168,.F.);
#7479 = ORIENTED_EDGE('',*,*,#7480,.T.);
#7480 = EDGE_CURVE('',#7149,#7481,#7483,.T.);
#7481 = VERTEX_POINT('',#7482);
#7482 = CARTESIAN_POINT('',(11.6,-6.,3.));
#7483 = SEAM_CURVE('',#7484,(#7488,#7495),.PCURVE_S1.);
#7484 = LINE('',#7485,#7486);
#7485 = CARTESIAN_POINT('',(11.6,-6.,0.7));
#7486 = VECTOR('',#7487,1.);
#7487 = DIRECTION('',(0.,0.,1.));
#7488 = PCURVE('',#7183,#7489);
#7489 = DEFINITIONAL_REPRESENTATION('',(#7490),#7494);
#7490 = LINE('',#7491,#7492);
#7491 = CARTESIAN_POINT('',(-6.28318530718,0.));
#7492 = VECTOR('',#7493,1.);
#7493 = DIRECTION('',(-0.,-1.));
#7494 = ( GEOMETRIC_REPRESENTATION_CONTEXT(2) 
PARAMETRIC_REPRESENTATION_CONTEXT() REPRESENTATION_CONTEXT('2D SPACE',''
  ) );
#7495 = PCURVE('',#7183,#7496);
#7496 = DEFINITIONAL_REPRESENTATION('',(#7497),#7501);
#7497 = LINE('',#7498,#7499);
#7498 = CARTESIAN_POINT('',(-0.,0.));
#7499 = VECTOR('',#7500,1.);
#7500 = DIRECTION('',(-0.,-1.));
#7501 = ( GEOMETRIC_REPRESENTATION_CONTEXT(2) 
PARAMETRIC_REPRESENTATION_CONTEXT() REPRESENTATION_CONTEXT('2D SPACE',''
  ) );
#7502 = ORIENTED_EDGE('',*,*,#7503,.T.);
#7503 = EDGE_CURVE('',#7481,#7481,#7504,.T.);
#7504 = SURFACE_CURVE('',#7505,(#7510,#7517),.PCURVE_S1.);
#7505 = CIRCLE('',#7506,1.1);
#7506 = AXIS2_PLACEMENT_3D('',#7507,#7508,#7509);
#7507 = CARTESIAN_POINT('',(10.5,-6.,3.));
#7508 = DIRECTION('',(0.,0.,1.));
#7509 = DIRECTION('',(1.,0.,0.));
#7510 = PCURVE('',#7183,#7511);
#7511 = DEFINITIONAL_REPRESENTATION('',(#7512),#7516);
#7512 = LINE('',#7513,#7514);
#7513 = CARTESIAN_POINT('',(-0.,-2.3));
#7514 = VECTOR('',#7515,1.);
#7515 = DIRECTION('',(-1.,0.));
#7516 = ( GEOMETRIC_REPRESENTATION_CONTEXT(2) 
PARAMETRIC_REPRESENTATION_CONTEXT() REPRESENTATION_CONTEXT('2D SPACE',''
  ) );
#7517 = PCURVE('',#7518,#7523);
#7518 = PLANE('',#7519);
#7519 = AXIS2_PLACEMENT_3D('',#7520,#7521,#7522);
#7520 = CARTESIAN_POINT('',(10.5,-6.,3.));
#7521 = DIRECTION('',(0.,0.,1.));
#7522 = DIRECTION('',(1.,0.,-0.));
#7523 = DEFINITIONAL_REPRESENTATION('',(#7524),#7528);
#7524 = CIRCLE('',#7525,1.1);
#7525 = AXIS2_PLACEMENT_2D('',#7526,#7527);
#7526 = CARTESIAN_POINT('',(0.,0.));
#7527 = DIRECTION('',(1.,0.));
#7528 = ( GEOMETRIC_REPRESENTATION_CONTEXT(2) 
PARAMETRIC_REPRESENTATION_CONTEXT() REPRESENTATION_CONTEXT('2D SPACE',''
  ) );
#7529 = ORIENTED_EDGE('',*,*,#7480,.F.);
#7530 = ADVANCED_FACE('',(#7531),#7235,.F.);
#7531 = FACE_BOUND('',#7532,.T.);
#7532 = EDGE_LOOP('',(#7533,#7534,#7557,#7584));
#7533 = ORIENTED_EDGE('',*,*,#7220,.F.);
#7534 = ORIENTED_EDGE('',*,*,#7535,.T.);
#7535 = EDGE_CURVE('',#7201,#7536,#7538,.T.);
#7536 = VERTEX_POINT('',#7537);
#7537 = CARTESIAN_POINT('',(11.6,10.,3.));
#7538 = SEAM_CURVE('',#7539,(#7543,#7550),.PCURVE_S1.);
#7539 = LINE('',#7540,#7541);
#7540 = CARTESIAN_POINT('',(11.6,10.,0.7));
#7541 = VECTOR('',#7542,1.);
#7542 = DIRECTION('',(0.,0.,1.));
#7543 = PCURVE('',#7235,#7544);
#7544 = DEFINITIONAL_REPRESENTATION('',(#7545),#7549);
#7545 = LINE('',#7546,#7547);
#7546 = CARTESIAN_POINT('',(-6.28318530718,0.));
#7547 = VECTOR('',#7548,1.);
#7548 = DIRECTION('',(-0.,-1.));
#7549 = ( GEOMETRIC_REPRESENTATION_CONTEXT(2) 
PARAMETRIC_REPRESENTATION_CONTEXT() REPRESENTATION_CONTEXT('2D SPACE',''
  ) );
#7550 = PCURVE('',#7235,#7551);
#7551 = DEFINITIONAL_REPRESENTATION('',(#7552),#7556);
#7552 = LINE('',#7553,#7554);
#7553 = CARTESIAN_POINT('',(-0.,0.));
#7554 = VECTOR('',#7555,1.);
#7555 = DIRECTION('',(-0.,-1.));
#7556 = ( GEOMETRIC_REPRESENTATION_CONTEXT(2) 
PARAMETRIC_REPRESENTATION_CONTEXT() REPRESENTATION_CONTEXT('2D SPACE',''
  ) );
#7557 = ORIENTED_EDGE('',*,*,#7558,.T.);
#7558 = EDGE_CURVE('',#7536,#7536,#7559,.T.);
#7559 = SURFACE_CURVE('',#7560,(#7565,#7572),.PCURVE_S1.);
#7560 = CIRCLE('',#7561,1.1);
#7561 = AXIS2_PLACEMENT_3D('',#7562,#7563,#7564);
#7562 = CARTESIAN_POINT('',(10.5,10.,3.));
#7563 = DIRECTION('',(0.,0.,1.));
#7564 = DIRECTION('',(1.,0.,0.));
#7565 = PCURVE('',#7235,#7566);
#7566 = DEFINITIONAL_REPRESENTATION('',(#7567),#7571);
#7567 = LINE('',#7568,#7569);
#7568 = CARTESIAN_POINT('',(-0.,-2.3));
#7569 = VECTOR('',#7570,1.);
#7570 = DIRECTION('',(-1.,0.));
#7571 = ( GEOMETRIC_REPRESENTATION_CONTEXT(2) 
PARAMETRIC_REPRESENTATION_CONTEXT() REPRESENTATION_CONTEXT('2D SPACE',''
  ) );
#7572 = PCURVE('',#7573,#7578);
#7573 = PLANE('',#7574);
#7574 = AXIS2_PLACEMENT_3D('',#7575,#7576,#7577);
#7575 = CARTESIAN_POINT('',(10.5,10.,3.));
#7576 = DIRECTION('',(0.,0.,1.));
#7577 = DIRECTION('',(1.,0.,-0.));
#7578 = DEFINITIONAL_REPRESENTATION('',(#7579),#7583);
#7579 = CIRCLE('',#7580,1.1);
#7580 = AXIS2_PLACEMENT_2D('',#7581,#7582);
#7581 = CARTESIAN_POINT('',(0.,-1.7763568394E-15));
#7582 = DIRECTION('',(1.,0.));
#7583 = ( GEOMETRIC_REPRESENTATION_CONTEXT(2) 
PARAMETRIC_REPRESENTATION_CONTEXT() REPRESENTATION_CONTEXT('2D SPACE',''
  ) );
#7584 = ORIENTED_EDGE('',*,*,#7535,.F.);
#7585 = ADVANCED_FACE('',(#7586),#7294,.T.);
#7586 = FACE_BOUND('',#7587,.T.);
#7587 = EDGE_LOOP('',(#7588));
#7588 = ORIENTED_EDGE('',*,*,#7279,.T.);
#7589 = ADVANCED_FACE('',(#7590),#7346,.T.);
#7590 = FACE_BOUND('',#7591,.T.);
#7591 = EDGE_LOOP('',(#7592));
#7592 = ORIENTED_EDGE('',*,*,#7331,.T.);
#7593 = ADVANCED_FACE('',(#7594),#7386,.F.);
#7594 = FACE_BOUND('',#7595,.T.);
#7595 = EDGE_LOOP('',(#7596,#7625,#7646,#7647));
#7596 = ORIENTED_EDGE('',*,*,#7597,.F.);
#7597 = EDGE_CURVE('',#7598,#7598,#7600,.T.);
#7598 = VERTEX_POINT('',#7599);
#7599 = CARTESIAN_POINT('',(13.58,-8.5,4.3));
#7600 = SURFACE_CURVE('',#7601,(#7606,#7613),.PCURVE_S1.);
#7601 = CIRCLE('',#7602,1.08);
#7602 = AXIS2_PLACEMENT_3D('',#7603,#7604,#7605);
#7603 = CARTESIAN_POINT('',(12.5,-8.5,4.3));
#7604 = DIRECTION('',(0.,0.,1.));
#7605 = DIRECTION('',(1.,0.,0.));
#7606 = PCURVE('',#7386,#7607);
#7607 = DEFINITIONAL_REPRESENTATION('',(#7608),#7612);
#7608 = LINE('',#7609,#7610);
#7609 = CARTESIAN_POINT('',(-0.,0.));
#7610 = VECTOR('',#7611,1.);
#7611 = DIRECTION('',(-1.,0.));
#7612 = ( GEOMETRIC_REPRESENTATION_CONTEXT(2) 
PARAMETRIC_REPRESENTATION_CONTEXT() REPRESENTATION_CONTEXT('2D SPACE',''
  ) );
#7613 = PCURVE('',#7614,#7619);
#7614 = PLANE('',#7615);
#7615 = AXIS2_PLACEMENT_3D('',#7616,#7617,#7618);
#7616 = CARTESIAN_POINT('',(12.5,-8.5,4.3));
#7617 = DIRECTION('',(0.,0.,1.));
#7618 = DIRECTION('',(1.,0.,-0.));
#7619 = DEFINITIONAL_REPRESENTATION('',(#7620),#7624);
#7620 = CIRCLE('',#7621,1.08);
#7621 = AXIS2_PLACEMENT_2D('',#7622,#7623);
#7622 = CARTESIAN_POINT('',(-1.7763568394E-15,1.7763568394E-15));
#7623 = DIRECTION('',(1.,0.));
#7624 = ( GEOMETRIC_REPRESENTATION_CONTEXT(2) 
PARAMETRIC_REPRESENTATION_CONTEXT() REPRESENTATION_CONTEXT('2D SPACE',''
  ) );
#7625 = ORIENTED_EDGE('',*,*,#7626,.T.);
#7626 = EDGE_CURVE('',#7598,#7366,#7627,.T.);
#7627 = SEAM_CURVE('',#7628,(#7632,#7639),.PCURVE_S1.);
#7628 = LINE('',#7629,#7630);
#7629 = CARTESIAN_POINT('',(13.58,-8.5,4.3));
#7630 = VECTOR('',#7631,1.);
#7631 = DIRECTION('',(0.,0.,1.));
#7632 = PCURVE('',#7386,#7633);
#7633 = DEFINITIONAL_REPRESENTATION('',(#7634),#7638);
#7634 = LINE('',#7635,#7636);
#7635 = CARTESIAN_POINT('',(-6.28318530718,0.));
#7636 = VECTOR('',#7637,1.);
#7637 = DIRECTION('',(-0.,-1.));
#7638 = ( GEOMETRIC_REPRESENTATION_CONTEXT(2) 
PARAMETRIC_REPRESENTATION_CONTEXT() REPRESENTATION_CONTEXT('2D SPACE',''
  ) );
#7639 = PCURVE('',#7386,#7640);
#7640 = DEFINITIONAL_REPRESENTATION('',(#7641),#7645);
#7641 = LINE('',#7642,#7643);
#7642 = CARTESIAN_POINT('',(-0.,0.));
#7643 = VECTOR('',#7644,1.);
#7644 = DIRECTION('',(-0.,-1.));
#7645 = ( GEOMETRIC_REPRESENTATION_CONTEXT(2) 
PARAMETRIC_REPRESENTATION_CONTEXT() REPRESENTATION_CONTEXT('2D SPACE',''
  ) );
#7646 = ORIENTED_EDGE('',*,*,#7365,.F.);
#7647 = ORIENTED_EDGE('',*,*,#7626,.F.);
#7648 = ADVANCED_FACE('',(#7649),#7425,.F.);
#7649 = FACE_BOUND('',#7650,.T.);
#7650 = EDGE_LOOP('',(#7651,#7680,#7701,#7702));
#7651 = ORIENTED_EDGE('',*,*,#7652,.F.);
#7652 = EDGE_CURVE('',#7653,#7653,#7655,.T.);
#7653 = VERTEX_POINT('',#7654);
#7654 = CARTESIAN_POINT('',(16.94,11.,4.3));
#7655 = SURFACE_CURVE('',#7656,(#7661,#7668),.PCURVE_S1.);
#7656 = CIRCLE('',#7657,1.44);
#7657 = AXIS2_PLACEMENT_3D('',#7658,#7659,#7660);
#7658 = CARTESIAN_POINT('',(15.5,11.,4.3));
#7659 = DIRECTION('',(0.,0.,1.));
#7660 = DIRECTION('',(1.,0.,0.));
#7661 = PCURVE('',#7425,#7662);
#7662 = DEFINITIONAL_REPRESENTATION('',(#7663),#7667);
#7663 = LINE('',#7664,#7665);
#7664 = CARTESIAN_POINT('',(-0.,0.));
#7665 = VECTOR('',#7666,1.);
#7666 = DIRECTION('',(-1.,0.));
#7667 = ( GEOMETRIC_REPRESENTATION_CONTEXT(2) 
PARAMETRIC_REPRESENTATION_CONTEXT() REPRESENTATION_CONTEXT('2D SPACE',''
  ) );
#7668 = PCURVE('',#7669,#7674);
#7669 = PLANE('',#7670);
#7670 = AXIS2_PLACEMENT_3D('',#7671,#7672,#7673);
#7671 = CARTESIAN_POINT('',(15.5,11.,4.3));
#7672 = DIRECTION('',(0.,0.,1.));
#7673 = DIRECTION('',(1.,0.,-0.));
#7674 = DEFINITIONAL_REPRESENTATION('',(#7675),#7679);
#7675 = CIRCLE('',#7676,1.44);
#7676 = AXIS2_PLACEMENT_2D('',#7677,#7678);
#7677 = CARTESIAN_POINT('',(0.,0.));
#7678 = DIRECTION('',(1.,0.));
#7679 = ( GEOMETRIC_REPRESENTATION_CONTEXT(2) 
PARAMETRIC_REPRESENTATION_CONTEXT() REPRESENTATION_CONTEXT('2D SPACE',''
  ) );
#7680 = ORIENTED_EDGE('',*,*,#7681,.T.);
#7681 = EDGE_CURVE('',#7653,#7405,#7682,.T.);
#7682 = SEAM_CURVE('',#7683,(#7687,#7694),.PCURVE_S1.);
#7683 = LINE('',#7684,#7685);
#7684 = CARTESIAN_POINT('',(16.94,11.,4.3));
#7685 = VECTOR('',#7686,1.);
#7686 = DIRECTION('',(0.,0.,1.));
#7687 = PCURVE('',#7425,#7688);
#7688 = DEFINITIONAL_REPRESENTATION('',(#7689),#7693);
#7689 = LINE('',#7690,#7691);
#7690 = CARTESIAN_POINT('',(-6.28318530718,0.));
#7691 = VECTOR('',#7692,1.);
#7692 = DIRECTION('',(-0.,-1.));
#7693 = ( GEOMETRIC_REPRESENTATION_CONTEXT(2) 
PARAMETRIC_REPRESENTATION_CONTEXT() REPRESENTATION_CONTEXT('2D SPACE',''
  ) );
#7694 = PCURVE('',#7425,#7695);
#7695 = DEFINITIONAL_REPRESENTATION('',(#7696),#7700);
#7696 = LINE('',#7697,#7698);
#7697 = CARTESIAN_POINT('',(-0.,0.));
#7698 = VECTOR('',#7699,1.);
#7699 = DIRECTION('',(-0.,-1.));
#7700 = ( GEOMETRIC_REPRESENTATION_CONTEXT(2) 
PARAMETRIC_REPRESENTATION_CONTEXT() REPRESENTATION_CONTEXT('2D SPACE',''
  ) );
#7701 = ORIENTED_EDGE('',*,*,#7404,.F.);
#7702 = ORIENTED_EDGE('',*,*,#7681,.F.);
#7703 = ADVANCED_FACE('',(#7704),#7464,.F.);
#7704 = FACE_BOUND('',#7705,.T.);
#7705 = EDGE_LOOP('',(#7706,#7735,#7756,#7757));
#7706 = ORIENTED_EDGE('',*,*,#7707,.F.);
#7707 = EDGE_CURVE('',#7708,#7708,#7710,.T.);
#7708 = VERTEX_POINT('',#7709);
#7709 = CARTESIAN_POINT('',(8.22,7.,4.3));
#7710 = SURFACE_CURVE('',#7711,(#7716,#7723),.PCURVE_S1.);
#7711 = CIRCLE('',#7712,0.72);
#7712 = AXIS2_PLACEMENT_3D('',#7713,#7714,#7715);
#7713 = CARTESIAN_POINT('',(7.5,7.,4.3));
#7714 = DIRECTION('',(0.,0.,1.));
#7715 = DIRECTION('',(1.,0.,0.));
#7716 = PCURVE('',#7464,#7717);
#7717 = DEFINITIONAL_REPRESENTATION('',(#7718),#7722);
#7718 = LINE('',#7719,#7720);
#7719 = CARTESIAN_POINT('',(-0.,0.));
#7720 = VECTOR('',#7721,1.);
#7721 = DIRECTION('',(-1.,0.));
#7722 = ( GEOMETRIC_REPRESENTATION_CONTEXT(2) 
PARAMETRIC_REPRESENTATION_CONTEXT() REPRESENTATION_CONTEXT('2D SPACE',''
  ) );
#7723 = PCURVE('',#7724,#7729);
#7724 = PLANE('',#7725);
#7725 = AXIS2_PLACEMENT_3D('',#7726,#7727,#7728);
#7726 = CARTESIAN_POINT('',(7.5,7.,4.3));
#7727 = DIRECTION('',(0.,0.,1.));
#7728 = DIRECTION('',(1.,0.,-0.));
#7729 = DEFINITIONAL_REPRESENTATION('',(#7730),#7734);
#7730 = CIRCLE('',#7731,0.72);
#7731 = AXIS2_PLACEMENT_2D('',#7732,#7733);
#7732 = CARTESIAN_POINT('',(0.,-8.881784197001E-16));
#7733 = DIRECTION('',(1.,0.));
#7734 = ( GEOMETRIC_REPRESENTATION_CONTEXT(2) 
PARAMETRIC_REPRESENTATION_CONTEXT() REPRESENTATION_CONTEXT('2D SPACE',''
  ) );
#7735 = ORIENTED_EDGE('',*,*,#7736,.T.);
#7736 = EDGE_CURVE('',#7708,#7444,#7737,.T.);
#7737 = SEAM_CURVE('',#7738,(#7742,#7749),.PCURVE_S1.);
#7738 = LINE('',#7739,#7740);
#7739 = CARTESIAN_POINT('',(8.22,7.,4.3));
#7740 = VECTOR('',#7741,1.);
#7741 = DIRECTION('',(0.,0.,1.));
#7742 = PCURVE('',#7464,#7743);
#7743 = DEFINITIONAL_REPRESENTATION('',(#7744),#7748);
#7744 = LINE('',#7745,#7746);
#7745 = CARTESIAN_POINT('',(-6.28318530718,0.));
#7746 = VECTOR('',#7747,1.);
#7747 = DIRECTION('',(-0.,-1.));
#7748 = ( GEOMETRIC_REPRESENTATION_CONTEXT(2) 
PARAMETRIC_REPRESENTATION_CONTEXT() REPRESENTATION_CONTEXT('2D SPACE',''
  ) );
#7749 = PCURVE('',#7464,#7750);
#7750 = DEFINITIONAL_REPRESENTATION('',(#7751),#7755);
#7751 = LINE('',#7752,#7753);
#7752 = CARTESIAN_POINT('',(-0.,0.));
#7753 = VECTOR('',#7754,1.);
#7754 = DIRECTION('',(-0.,-1.));
#7755 = ( GEOMETRIC_REPRESENTATION_CONTEXT(2) 
PARAMETRIC_REPRESENTATION_CONTEXT() REPRESENTATION_CONTEXT('2D SPACE',''
  ) );
#7756 = ORIENTED_EDGE('',*,*,#7443,.F.);
#7757 = ORIENTED_EDGE('',*,*,#7736,.F.);
#7758 = ADVANCED_FACE('',(#7759),#7518,.F.);
#7759 = FACE_BOUND('',#7760,.F.);
#7760 = EDGE_LOOP('',(#7761));
#7761 = ORIENTED_EDGE('',*,*,#7503,.T.);
#7762 = ADVANCED_FACE('',(#7763),#7573,.F.);
#7763 = FACE_BOUND('',#7764,.F.);
#7764 = EDGE_LOOP('',(#7765));
#7765 = ORIENTED_EDGE('',*,*,#7558,.T.);
#7766 = ADVANCED_FACE('',(#7767),#7614,.T.);
#7767 = FACE_BOUND('',#7768,.T.);
#7768 = EDGE_LOOP('',(#7769));
#7769 = ORIENTED_EDGE('',*,*,#7597,.T.);
#7770 = ADVANCED_FACE('',(#7771),#7669,.T.);
#7771 = FACE_BOUND('',#7772,.T.);
#7772 = EDGE_LOOP('',(#7773));
#7773 = ORIENTED_EDGE('',*,*,#7652,.T.);
#7774 = ADVANCED_FACE('',(#7775),#7724,.T.);
#7775 = FACE_BOUND('',#7776,.T.);
#7776 = EDGE_LOOP('',(#7777));
#7777 = ORIENTED_EDGE('',*,*,#7707,.T.);
#7778 = ( GEOMETRIC_REPRESENTATION_CONTEXT(3) 
GLOBAL_UNCERTAINTY_ASSIGNED_CONTEXT((#7782)) 
GLOBAL_UNIT_ASSIGNED_CONTEXT((#7779,#7780,#7781)) REPRESENTATION_CONTEXT
('Context #1','3D Context with UNIT and UNCERTAINTY') );
#7779 = ( LENGTH_UNIT() NAMED_UNIT(*) SI_UNIT(.MILLI.,.METRE.) );
#7780 = ( NAMED_UNIT(*) PLANE_ANGLE_UNIT() SI_UNIT($,.RADIAN.) );
#7781 = ( NAMED_UNIT(*) SI_UNIT($,.STERADIAN.) SOLID_ANGLE_UNIT() );
#7782 = UNCERTAINTY_MEASURE_WITH_UNIT(LENGTH_MEASURE(1.E-06),#7779,
  'distance_accuracy_value','confusion accuracy');
#7783 = PRODUCT_RELATED_PRODUCT_CATEGORY('part',$,(#7));
ENDSEC;
END-ISO-10303-21;
