ISO-10303-21;
HEADER;
FILE_DESCRIPTION(('Open CASCADE Model'),'2;1');
FILE_NAME('Open CASCADE Shape Model','2026-10-03T22:52:16',('Author'),(
    'Open CASCADE'),'Open CASCADE STEP processor 7.9','Open CASCADE 7.9'
  ,'Unknown');
FILE_SCHEMA(('AUTOMOTIVE_DESIGN { 1 0 10303 214 1 1 1 1 }'));
ENDSEC;
DATA;
#1 = APPLICATION_PROTOCOL_DEFINITION('international standard',
  'automotive_design',2000,#2);
#2 = APPLICATION_CONTEXT(
  'core data for automotive mechanical design processes');
#3 = SHAPE_DEFINITION_REPRESENTATION(#4,#10);
#4 = PRODUCT_DEFINITION_SHAPE('','',#5);
#5 = PRODUCT_DEFINITION('design','',#6,#9);
#6 = PRODUCT_DEFINITION_FORMATION('','',#7);
#7 = PRODUCT('Open CASCADE STEP translator 7.9 2',
  'Open CASCADE STEP translator 7.9 2','',(#8));
#8 = PRODUCT_CONTEXT('',#2,'mechanical');
#9 = PRODUCT_DEFINITION_CONTEXT('part definition',#2,'design');
#10 = ADVANCED_BREP_SHAPE_REPRESENTATION('',(#11,#15),#6838);
#11 = AXIS2_PLACEMENT_3D('',#12,#13,#14);
#12 = CARTESIAN_POINT('',(0.,0.,0.));
#13 = DIRECTION('',(0.,0.,1.));
#14 = DIRECTION('',(1.,0.,-0.));
#15 = MANIFOLD_SOLID_BREP('',#16);
#16 = CLOSED_SHELL('',(#17,#321,#570,#2188,#3088,#3116,#3171,#3223,#3278
    ,#3330,#3863,#4192,#4987,#5285,#5393,#5419,#5446,#5474,#5501,#5528,
    #5555,#5582,#5609,#5636,#5663,#5690,#5717,#5724,#5763,#5818,#5857,
    #5912,#5962,#6019,#6027,#6125,#6177,#6181,#6233,#6237,#6241,#6300,
    #6359,#6418,#6477,#6536,#6571,#6606,#6641,#6645,#6649,#6708,#6767,
    #6826,#6830,#6834));
#17 = ADVANCED_FACE('',(#18,#189,#224,#255,#290),#33,.F.);
#18 = FACE_BOUND('',#19,.F.);
#19 = EDGE_LOOP('',(#20,#60,#130,#163));
#20 = ORIENTED_EDGE('',*,*,#21,.F.);
#21 = EDGE_CURVE('',#22,#24,#26,.T.);
#22 = VERTEX_POINT('',#23);
#23 = CARTESIAN_POINT('',(-3.991843195598,10.255319215405,2.2));
#24 = VERTEX_POINT('',#25);
#25 = CARTESIAN_POINT('',(0.,14.,2.2));
#26 = SURFACE_CURVE('',#27,(#32,#48),.PCURVE_S1.);
#27 = CIRCLE('',#28,4.);
#28 = AXIS2_PLACEMENT_3D('',#29,#30,#31);
#29 = CARTESIAN_POINT('',(1.498801083244E-15,10.,2.2));
#30 = DIRECTION('',(0.,0.,-1.));
#31 = DIRECTION('',(-1.,1.110223024625E-16,0.));
#32 = PCURVE('',#33,#38);
#33 = PLANE('',#34);
#34 = AXIS2_PLACEMENT_3D('',#35,#36,#37);
#35 = CARTESIAN_POINT('',(-10.,-30.,2.2));
#36 = DIRECTION('',(0.,0.,1.));
#37 = DIRECTION('',(1.,0.,0.));
#38 = DEFINITIONAL_REPRESENTATION('',(#39),#47);
#39 = ( BOUNDED_CURVE() B_SPLINE_CURVE(2,(#40,#41,#42,#43,#44,#45,#46),
.UNSPECIFIED.,.T.,.F.) B_SPLINE_CURVE_WITH_KNOTS((1,2,2,2,2,1),(
    -2.094395102393,0.,2.094395102393,4.188790204786,6.28318530718,
8.377580409573),.UNSPECIFIED.) CURVE() GEOMETRIC_REPRESENTATION_ITEM() 
RATIONAL_B_SPLINE_CURVE((1.,0.5,1.,0.5,1.,0.5,1.)) REPRESENTATION_ITEM(
  '') );
#40 = CARTESIAN_POINT('',(6.,40.));
#41 = CARTESIAN_POINT('',(6.,46.928203230276));
#42 = CARTESIAN_POINT('',(12.,43.464101615138));
#43 = CARTESIAN_POINT('',(18.,40.));
#44 = CARTESIAN_POINT('',(12.,36.535898384862));
#45 = CARTESIAN_POINT('',(6.,33.071796769724));
#46 = CARTESIAN_POINT('',(6.,40.));
#47 = ( GEOMETRIC_REPRESENTATION_CONTEXT(2) 
PARAMETRIC_REPRESENTATION_CONTEXT() REPRESENTATION_CONTEXT('2D SPACE',''
  ) );
#48 = PCURVE('',#49,#54);
#49 = CYLINDRICAL_SURFACE('',#50,4.);
#50 = AXIS2_PLACEMENT_3D('',#51,#52,#53);
#51 = CARTESIAN_POINT('',(1.498801083244E-15,10.,0.));
#52 = DIRECTION('',(0.,0.,-1.));
#53 = DIRECTION('',(-1.,1.110223024625E-16,0.));
#54 = DEFINITIONAL_REPRESENTATION('',(#55),#59);
#55 = LINE('',#56,#57);
#56 = CARTESIAN_POINT('',(0.,-2.2));
#57 = VECTOR('',#58,1.);
#58 = DIRECTION('',(1.,0.));
#59 = ( GEOMETRIC_REPRESENTATION_CONTEXT(2) 
PARAMETRIC_REPRESENTATION_CONTEXT() REPRESENTATION_CONTEXT('2D SPACE',''
  ) );
#60 = ORIENTED_EDGE('',*,*,#61,.F.);
#61 = EDGE_CURVE('',#62,#22,#64,.T.);
#62 = VERTEX_POINT('',#63);
#63 = CARTESIAN_POINT('',(-3.999852438419,-9.034357981226,2.2));
#64 = SURFACE_CURVE('',#65,(#82,#102),.PCURVE_S1.);
#65 = B_SPLINE_CURVE_WITH_KNOTS('',3,(#66,#67,#68,#69,#70,#71,#72,#73,
    #74,#75,#76,#77,#78,#79,#80,#81),.UNSPECIFIED.,.F.,.F.,(4,1,1,1,1,1,
    1,1,1,1,1,1,1,4),(75.064574082571,76.130596109792,82.494557140474,
    89.013759545679,94.60392948943,100.78858792785,105.50557849388,
    111.60885630175,118.12805870696,123.34821196142,128.93838190517,
    135.02114443547,141.74795645901,143.71296761291),.UNSPECIFIED.);
#66 = CARTESIAN_POINT('',(-3.999852438419,-9.034357981226,2.2));
#67 = CARTESIAN_POINT('',(-4.156090109411,-9.360026332281,2.2));
#68 = CARTESIAN_POINT('',(-5.318831713513,-11.60446781123,2.200000000391
    ));
#69 = CARTESIAN_POINT('',(-8.437476134967,-15.44685054077,2.2));
#70 = CARTESIAN_POINT('',(-16.07717476964,-15.22263309214,2.2));
#71 = CARTESIAN_POINT('',(-18.63158131579,-8.686450613918,2.2));
#72 = CARTESIAN_POINT('',(-17.52549953426,-3.422705101014,2.2));
#73 = CARTESIAN_POINT('',(-11.89190714327,1.78315200199,2.2));
#74 = CARTESIAN_POINT('',(-20.05081926127,4.066298048918,2.2));
#75 = CARTESIAN_POINT('',(-23.27638353924,9.369038321172,2.2));
#76 = CARTESIAN_POINT('',(-21.56869998325,15.691520220368,2.2));
#77 = CARTESIAN_POINT('',(-15.84844480682,18.125149214497,2.2));
#78 = CARTESIAN_POINT('',(-9.513240301139,16.966948396853,2.2));
#79 = CARTESIAN_POINT('',(-5.781733195223,13.441116256222,2.2));
#80 = CARTESIAN_POINT('',(-4.289256179671,10.858081702741,2.2));
#81 = CARTESIAN_POINT('',(-3.991843195598,10.255319215405,2.2));
#82 = PCURVE('',#33,#83);
#83 = DEFINITIONAL_REPRESENTATION('',(#84),#101);
#84 = B_SPLINE_CURVE_WITH_KNOTS('',3,(#85,#86,#87,#88,#89,#90,#91,#92,
    #93,#94,#95,#96,#97,#98,#99,#100),.UNSPECIFIED.,.F.,.F.,(4,1,1,1,1,1
    ,1,1,1,1,1,1,1,4),(75.064574082571,76.130596109792,82.494557140474,
    89.013759545679,94.60392948943,100.78858792785,105.50557849388,
    111.60885630175,118.12805870696,123.34821196142,128.93838190517,
    135.02114443547,141.74795645901,143.71296761291),.UNSPECIFIED.);
#85 = CARTESIAN_POINT('',(6.000147561581,20.965642018774));
#86 = CARTESIAN_POINT('',(5.843909890589,20.639973667719));
#87 = CARTESIAN_POINT('',(4.681168286487,18.395532188764));
#88 = CARTESIAN_POINT('',(1.562523865033,14.553149459224));
#89 = CARTESIAN_POINT('',(-6.077174769644,14.77736690786));
#90 = CARTESIAN_POINT('',(-8.63158131579,21.313549386082));
#91 = CARTESIAN_POINT('',(-7.525499534264,26.577294898986));
#92 = CARTESIAN_POINT('',(-1.891907143274,31.78315200199));
#93 = CARTESIAN_POINT('',(-10.05081926127,34.066298048918));
#94 = CARTESIAN_POINT('',(-13.27638353924,39.369038321172));
#95 = CARTESIAN_POINT('',(-11.56869998325,45.691520220368));
#96 = CARTESIAN_POINT('',(-5.848444806828,48.125149214497));
#97 = CARTESIAN_POINT('',(0.486759698861,46.966948396853));
#98 = CARTESIAN_POINT('',(4.218266804777,43.441116256222));
#99 = CARTESIAN_POINT('',(5.710743820329,40.858081702741));
#100 = CARTESIAN_POINT('',(6.008156804402,40.255319215405));
#101 = ( GEOMETRIC_REPRESENTATION_CONTEXT(2) 
PARAMETRIC_REPRESENTATION_CONTEXT() REPRESENTATION_CONTEXT('2D SPACE',''
  ) );
#102 = PCURVE('',#103,#124);
#103 = SURFACE_OF_LINEAR_EXTRUSION('',#104,#122);
#104 = B_SPLINE_CURVE_WITH_KNOTS('',3,(#105,#106,#107,#108,#109,#110,
    #111,#112,#113,#114,#115,#116,#117,#118,#119,#120,#121),
  .UNSPECIFIED.,.T.,.F.,(1,1,2,1,1,1,1,1,1,1,1,1,1,1,1,1,2,1,1),(
    -14.32455532033,-8.,0.,8.38152730712,15.108339330657,21.191101860955
    ,26.781271804705,32.00142505916,38.520627464363,44.623905272229,
    49.340895838258,55.525554276684,61.115724220434,67.634926625636,
    73.998887656315,80.323442976652,88.323442976652,96.704970283772,
    103.4317823073),.UNSPECIFIED.);
#105 = CARTESIAN_POINT('',(-2.529901262459,1.358879297217,2.2));
#106 = CARTESIAN_POINT('',(-2.468672719023,6.767078161472,2.2));
#107 = CARTESIAN_POINT('',(-4.161161485493,11.90986798088,2.2));
#108 = CARTESIAN_POINT('',(-9.513240301139,16.966948396853,2.2));
#109 = CARTESIAN_POINT('',(-15.84844480682,18.125149214497,2.2));
#110 = CARTESIAN_POINT('',(-21.56869998325,15.691520220368,2.2));
#111 = CARTESIAN_POINT('',(-23.27638353924,9.369038321172,2.2));
#112 = CARTESIAN_POINT('',(-20.05081926127,4.066298048918,2.2));
#113 = CARTESIAN_POINT('',(-11.89190714327,1.78315200199,2.2));
#114 = CARTESIAN_POINT('',(-17.52549953426,-3.422705101014,2.2));
#115 = CARTESIAN_POINT('',(-18.63158131579,-8.686450613918,2.2));
#116 = CARTESIAN_POINT('',(-16.07717476964,-15.22263309214,2.2));
#117 = CARTESIAN_POINT('',(-8.437476134967,-15.44685054077,2.2));
#118 = CARTESIAN_POINT('',(-4.143171982934,-10.15597490568,2.2));
#119 = CARTESIAN_POINT('',(-1.887738713446,-3.516586517278,2.2));
#120 = CARTESIAN_POINT('',(-2.529901262459,1.358879297217,2.2));
#121 = CARTESIAN_POINT('',(-2.468672719023,6.767078161472,2.2));
#122 = VECTOR('',#123,1.);
#123 = DIRECTION('',(0.,-0.,-1.));
#124 = DEFINITIONAL_REPRESENTATION('',(#125),#129);
#125 = LINE('',#126,#127);
#126 = CARTESIAN_POINT('',(150.1294837661,9.301337713623E-16));
#127 = VECTOR('',#128,1.);
#128 = DIRECTION('',(-1.,-6.472198439991E-18));
#129 = ( GEOMETRIC_REPRESENTATION_CONTEXT(2) 
PARAMETRIC_REPRESENTATION_CONTEXT() REPRESENTATION_CONTEXT('2D SPACE',''
  ) );
#130 = ORIENTED_EDGE('',*,*,#131,.F.);
#131 = EDGE_CURVE('',#132,#62,#134,.T.);
#132 = VERTEX_POINT('',#133);
#133 = CARTESIAN_POINT('',(0.,-13.,2.2));
#134 = SURFACE_CURVE('',#135,(#140,#151),.PCURVE_S1.);
#135 = CIRCLE('',#136,4.);
#136 = AXIS2_PLACEMENT_3D('',#137,#138,#139);
#137 = CARTESIAN_POINT('',(-1.498801083244E-15,-9.,2.2));
#138 = DIRECTION('',(0.,-0.,-1.));
#139 = DIRECTION('',(1.,-1.110223024625E-16,0.));
#140 = PCURVE('',#33,#141);
#141 = DEFINITIONAL_REPRESENTATION('',(#142),#150);
#142 = ( BOUNDED_CURVE() B_SPLINE_CURVE(2,(#143,#144,#145,#146,#147,#148
,#149),.UNSPECIFIED.,.T.,.F.) B_SPLINE_CURVE_WITH_KNOTS((1,2,2,2,2,1),(
    -2.094395102393,0.,2.094395102393,4.188790204786,6.28318530718,
8.377580409573),.UNSPECIFIED.) CURVE() GEOMETRIC_REPRESENTATION_ITEM() 
RATIONAL_B_SPLINE_CURVE((1.,0.5,1.,0.5,1.,0.5,1.)) REPRESENTATION_ITEM(
  '') );
#143 = CARTESIAN_POINT('',(14.,21.));
#144 = CARTESIAN_POINT('',(14.,14.071796769724));
#145 = CARTESIAN_POINT('',(8.,17.535898384862));
#146 = CARTESIAN_POINT('',(2.,21.));
#147 = CARTESIAN_POINT('',(8.,24.464101615138));
#148 = CARTESIAN_POINT('',(14.,27.928203230276));
#149 = CARTESIAN_POINT('',(14.,21.));
#150 = ( GEOMETRIC_REPRESENTATION_CONTEXT(2) 
PARAMETRIC_REPRESENTATION_CONTEXT() REPRESENTATION_CONTEXT('2D SPACE',''
  ) );
#151 = PCURVE('',#152,#157);
#152 = CYLINDRICAL_SURFACE('',#153,4.);
#153 = AXIS2_PLACEMENT_3D('',#154,#155,#156);
#154 = CARTESIAN_POINT('',(-1.498801083244E-15,-9.,0.));
#155 = DIRECTION('',(0.,-0.,-1.));
#156 = DIRECTION('',(1.,-1.110223024625E-16,0.));
#157 = DEFINITIONAL_REPRESENTATION('',(#158),#162);
#158 = LINE('',#159,#160);
#159 = CARTESIAN_POINT('',(0.,-2.2));
#160 = VECTOR('',#161,1.);
#161 = DIRECTION('',(1.,0.));
#162 = ( GEOMETRIC_REPRESENTATION_CONTEXT(2) 
PARAMETRIC_REPRESENTATION_CONTEXT() REPRESENTATION_CONTEXT('2D SPACE',''
  ) );
#163 = ORIENTED_EDGE('',*,*,#164,.T.);
#164 = EDGE_CURVE('',#132,#24,#165,.T.);
#165 = SURFACE_CURVE('',#166,(#170,#177),.PCURVE_S1.);
#166 = LINE('',#167,#168);
#167 = CARTESIAN_POINT('',(0.,-30.,2.2));
#168 = VECTOR('',#169,1.);
#169 = DIRECTION('',(0.,1.,0.));
#170 = PCURVE('',#33,#171);
#171 = DEFINITIONAL_REPRESENTATION('',(#172),#176);
#172 = LINE('',#173,#174);
#173 = CARTESIAN_POINT('',(10.,0.));
#174 = VECTOR('',#175,1.);
#175 = DIRECTION('',(0.,1.));
#176 = ( GEOMETRIC_REPRESENTATION_CONTEXT(2) 
PARAMETRIC_REPRESENTATION_CONTEXT() REPRESENTATION_CONTEXT('2D SPACE',''
  ) );
#177 = PCURVE('',#178,#183);
#178 = PLANE('',#179);
#179 = AXIS2_PLACEMENT_3D('',#180,#181,#182);
#180 = CARTESIAN_POINT('',(0.,-30.,2.2));
#181 = DIRECTION('',(1.,0.,0.));
#182 = DIRECTION('',(0.,0.,1.));
#183 = DEFINITIONAL_REPRESENTATION('',(#184),#188);
#184 = LINE('',#185,#186);
#185 = CARTESIAN_POINT('',(0.,0.));
#186 = VECTOR('',#187,1.);
#187 = DIRECTION('',(0.,-1.));
#188 = ( GEOMETRIC_REPRESENTATION_CONTEXT(2) 
PARAMETRIC_REPRESENTATION_CONTEXT() REPRESENTATION_CONTEXT('2D SPACE',''
  ) );
#189 = FACE_BOUND('',#190,.F.);
#190 = EDGE_LOOP('',(#191));
#191 = ORIENTED_EDGE('',*,*,#192,.T.);
#192 = EDGE_CURVE('',#193,#193,#195,.T.);
#193 = VERTEX_POINT('',#194);
#194 = CARTESIAN_POINT('',(-12.9738174026,-6.,2.2));
#195 = SURFACE_CURVE('',#196,(#201,#212),.PCURVE_S1.);
#196 = CIRCLE('',#197,2.473817402608);
#197 = AXIS2_PLACEMENT_3D('',#198,#199,#200);
#198 = CARTESIAN_POINT('',(-10.5,-6.,2.2));
#199 = DIRECTION('',(0.,0.,-1.));
#200 = DIRECTION('',(-1.,-0.,-0.));
#201 = PCURVE('',#33,#202);
#202 = DEFINITIONAL_REPRESENTATION('',(#203),#211);
#203 = ( BOUNDED_CURVE() B_SPLINE_CURVE(2,(#204,#205,#206,#207,#208,#209
,#210),.UNSPECIFIED.,.T.,.F.) B_SPLINE_CURVE_WITH_KNOTS((1,2,2,2,2,1),(
    -2.094395102393,0.,2.094395102393,4.188790204786,6.28318530718,
8.377580409573),.UNSPECIFIED.) CURVE() GEOMETRIC_REPRESENTATION_ITEM() 
RATIONAL_B_SPLINE_CURVE((1.,0.5,1.,0.5,1.,0.5,1.)) REPRESENTATION_ITEM(
  '') );
#204 = CARTESIAN_POINT('',(-2.973817402608,24.));
#205 = CARTESIAN_POINT('',(-2.973817402608,28.284777429965));
#206 = CARTESIAN_POINT('',(0.736908701304,26.142388714982));
#207 = CARTESIAN_POINT('',(4.447634805215,24.));
#208 = CARTESIAN_POINT('',(0.736908701304,21.857611285018));
#209 = CARTESIAN_POINT('',(-2.973817402608,19.715222570035));
#210 = CARTESIAN_POINT('',(-2.973817402608,24.));
#211 = ( GEOMETRIC_REPRESENTATION_CONTEXT(2) 
PARAMETRIC_REPRESENTATION_CONTEXT() REPRESENTATION_CONTEXT('2D SPACE',''
  ) );
#212 = PCURVE('',#213,#218);
#213 = CONICAL_SURFACE('',#214,2.5,1.745329251994E-02);
#214 = AXIS2_PLACEMENT_3D('',#215,#216,#217);
#215 = CARTESIAN_POINT('',(-10.5,-6.,0.7));
#216 = DIRECTION('',(0.,0.,-1.));
#217 = DIRECTION('',(-1.,-0.,-0.));
#218 = DEFINITIONAL_REPRESENTATION('',(#219),#223);
#219 = LINE('',#220,#221);
#220 = CARTESIAN_POINT('',(0.,-1.5));
#221 = VECTOR('',#222,1.);
#222 = DIRECTION('',(1.,-0.));
#223 = ( GEOMETRIC_REPRESENTATION_CONTEXT(2) 
PARAMETRIC_REPRESENTATION_CONTEXT() REPRESENTATION_CONTEXT('2D SPACE',''
  ) );
#224 = FACE_BOUND('',#225,.F.);
#225 = EDGE_LOOP('',(#226));
#226 = ORIENTED_EDGE('',*,*,#227,.F.);
#227 = EDGE_CURVE('',#228,#228,#230,.T.);
#228 = VERTEX_POINT('',#229);
#229 = CARTESIAN_POINT('',(-0.7,-6.,2.2));
#230 = SURFACE_CURVE('',#231,(#236,#243),.PCURVE_S1.);
#231 = CIRCLE('',#232,1.3);
#232 = AXIS2_PLACEMENT_3D('',#233,#234,#235);
#233 = CARTESIAN_POINT('',(-2.,-6.,2.2));
#234 = DIRECTION('',(0.,0.,1.));
#235 = DIRECTION('',(1.,0.,0.));
#236 = PCURVE('',#33,#237);
#237 = DEFINITIONAL_REPRESENTATION('',(#238),#242);
#238 = CIRCLE('',#239,1.3);
#239 = AXIS2_PLACEMENT_2D('',#240,#241);
#240 = CARTESIAN_POINT('',(8.,24.));
#241 = DIRECTION('',(1.,0.));
#242 = ( GEOMETRIC_REPRESENTATION_CONTEXT(2) 
PARAMETRIC_REPRESENTATION_CONTEXT() REPRESENTATION_CONTEXT('2D SPACE',''
  ) );
#243 = PCURVE('',#244,#249);
#244 = CONICAL_SURFACE('',#245,1.3,0.785398163397);
#245 = AXIS2_PLACEMENT_3D('',#246,#247,#248);
#246 = CARTESIAN_POINT('',(-2.,-6.,2.2));
#247 = DIRECTION('',(-0.,-0.,-1.));
#248 = DIRECTION('',(1.,0.,0.));
#249 = DEFINITIONAL_REPRESENTATION('',(#250),#254);
#250 = LINE('',#251,#252);
#251 = CARTESIAN_POINT('',(-0.,-0.));
#252 = VECTOR('',#253,1.);
#253 = DIRECTION('',(-1.,-0.));
#254 = ( GEOMETRIC_REPRESENTATION_CONTEXT(2) 
PARAMETRIC_REPRESENTATION_CONTEXT() REPRESENTATION_CONTEXT('2D SPACE',''
  ) );
#255 = FACE_BOUND('',#256,.F.);
#256 = EDGE_LOOP('',(#257));
#257 = ORIENTED_EDGE('',*,*,#258,.T.);
#258 = EDGE_CURVE('',#259,#259,#261,.T.);
#259 = VERTEX_POINT('',#260);
#260 = CARTESIAN_POINT('',(-12.9738174026,10.,2.2));
#261 = SURFACE_CURVE('',#262,(#267,#278),.PCURVE_S1.);
#262 = CIRCLE('',#263,2.473817402608);
#263 = AXIS2_PLACEMENT_3D('',#264,#265,#266);
#264 = CARTESIAN_POINT('',(-10.5,10.,2.2));
#265 = DIRECTION('',(0.,0.,-1.));
#266 = DIRECTION('',(-1.,-0.,-0.));
#267 = PCURVE('',#33,#268);
#268 = DEFINITIONAL_REPRESENTATION('',(#269),#277);
#269 = ( BOUNDED_CURVE() B_SPLINE_CURVE(2,(#270,#271,#272,#273,#274,#275
,#276),.UNSPECIFIED.,.T.,.F.) B_SPLINE_CURVE_WITH_KNOTS((1,2,2,2,2,1),(
    -2.094395102393,0.,2.094395102393,4.188790204786,6.28318530718,
8.377580409573),.UNSPECIFIED.) CURVE() GEOMETRIC_REPRESENTATION_ITEM() 
RATIONAL_B_SPLINE_CURVE((1.,0.5,1.,0.5,1.,0.5,1.)) REPRESENTATION_ITEM(
  '') );
#270 = CARTESIAN_POINT('',(-2.973817402608,40.));
#271 = CARTESIAN_POINT('',(-2.973817402608,44.284777429965));
#272 = CARTESIAN_POINT('',(0.736908701304,42.142388714982));
#273 = CARTESIAN_POINT('',(4.447634805215,40.));
#274 = CARTESIAN_POINT('',(0.736908701304,37.857611285018));
#275 = CARTESIAN_POINT('',(-2.973817402608,35.715222570035));
#276 = CARTESIAN_POINT('',(-2.973817402608,40.));
#277 = ( GEOMETRIC_REPRESENTATION_CONTEXT(2) 
PARAMETRIC_REPRESENTATION_CONTEXT() REPRESENTATION_CONTEXT('2D SPACE',''
  ) );
#278 = PCURVE('',#279,#284);
#279 = CONICAL_SURFACE('',#280,2.5,1.745329251994E-02);
#280 = AXIS2_PLACEMENT_3D('',#281,#282,#283);
#281 = CARTESIAN_POINT('',(-10.5,10.,0.7));
#282 = DIRECTION('',(0.,0.,-1.));
#283 = DIRECTION('',(-1.,-0.,-0.));
#284 = DEFINITIONAL_REPRESENTATION('',(#285),#289);
#285 = LINE('',#286,#287);
#286 = CARTESIAN_POINT('',(0.,-1.5));
#287 = VECTOR('',#288,1.);
#288 = DIRECTION('',(1.,-0.));
#289 = ( GEOMETRIC_REPRESENTATION_CONTEXT(2) 
PARAMETRIC_REPRESENTATION_CONTEXT() REPRESENTATION_CONTEXT('2D SPACE',''
  ) );
#290 = FACE_BOUND('',#291,.F.);
#291 = EDGE_LOOP('',(#292));
#292 = ORIENTED_EDGE('',*,*,#293,.F.);
#293 = EDGE_CURVE('',#294,#294,#296,.T.);
#294 = VERTEX_POINT('',#295);
#295 = CARTESIAN_POINT('',(-0.7,6.,2.2));
#296 = SURFACE_CURVE('',#297,(#302,#309),.PCURVE_S1.);
#297 = CIRCLE('',#298,1.3);
#298 = AXIS2_PLACEMENT_3D('',#299,#300,#301);
#299 = CARTESIAN_POINT('',(-2.,6.,2.2));
#300 = DIRECTION('',(0.,0.,1.));
#301 = DIRECTION('',(1.,0.,0.));
#302 = PCURVE('',#33,#303);
#303 = DEFINITIONAL_REPRESENTATION('',(#304),#308);
#304 = CIRCLE('',#305,1.3);
#305 = AXIS2_PLACEMENT_2D('',#306,#307);
#306 = CARTESIAN_POINT('',(8.,36.));
#307 = DIRECTION('',(1.,0.));
#308 = ( GEOMETRIC_REPRESENTATION_CONTEXT(2) 
PARAMETRIC_REPRESENTATION_CONTEXT() REPRESENTATION_CONTEXT('2D SPACE',''
  ) );
#309 = PCURVE('',#310,#315);
#310 = CONICAL_SURFACE('',#311,1.3,0.785398163397);
#311 = AXIS2_PLACEMENT_3D('',#312,#313,#314);
#312 = CARTESIAN_POINT('',(-2.,6.,2.2));
#313 = DIRECTION('',(-0.,-0.,-1.));
#314 = DIRECTION('',(1.,0.,0.));
#315 = DEFINITIONAL_REPRESENTATION('',(#316),#320);
#316 = LINE('',#317,#318);
#317 = CARTESIAN_POINT('',(-0.,-0.));
#318 = VECTOR('',#319,1.);
#319 = DIRECTION('',(-1.,-0.));
#320 = ( GEOMETRIC_REPRESENTATION_CONTEXT(2) 
PARAMETRIC_REPRESENTATION_CONTEXT() REPRESENTATION_CONTEXT('2D SPACE',''
  ) );
#321 = ADVANCED_FACE('',(#322),#49,.T.);
#322 = FACE_BOUND('',#323,.T.);
#323 = EDGE_LOOP('',(#324,#325,#354,#383,#527,#551));
#324 = ORIENTED_EDGE('',*,*,#21,.F.);
#325 = ORIENTED_EDGE('',*,*,#326,.F.);
#326 = EDGE_CURVE('',#327,#22,#329,.T.);
#327 = VERTEX_POINT('',#328);
#328 = CARTESIAN_POINT('',(-3.991843195598,10.255319215405,3.));
#329 = SURFACE_CURVE('',#330,(#336,#345),.PCURVE_S1.);
#330 = B_SPLINE_CURVE_WITH_KNOTS('',4,(#331,#332,#333,#334,#335),
  .UNSPECIFIED.,.F.,.F.,(5,5),(0.,1.),.PIECEWISE_BEZIER_KNOTS.);
#331 = CARTESIAN_POINT('',(-3.991843195598,10.255319215405,3.0000006));
#332 = CARTESIAN_POINT('',(-3.991843195598,10.255319215405,2.8000003));
#333 = CARTESIAN_POINT('',(-3.991843195598,10.255319215405,2.6));
#334 = CARTESIAN_POINT('',(-3.991843195598,10.255319215405,2.3999997));
#335 = CARTESIAN_POINT('',(-3.991843195598,10.255319215405,2.1999994));
#336 = PCURVE('',#49,#337);
#337 = DEFINITIONAL_REPRESENTATION('',(#338),#344);
#338 = B_SPLINE_CURVE_WITH_KNOTS('',4,(#339,#340,#341,#342,#343),
  .UNSPECIFIED.,.F.,.F.,(5,5),(0.,1.),.PIECEWISE_BEZIER_KNOTS.);
#339 = CARTESIAN_POINT('',(6.387322654106E-02,-3.0000006));
#340 = CARTESIAN_POINT('',(6.387322654106E-02,-2.8000003));
#341 = CARTESIAN_POINT('',(6.387322654106E-02,-2.6));
#342 = CARTESIAN_POINT('',(6.387322654106E-02,-2.3999997));
#343 = CARTESIAN_POINT('',(6.387322654106E-02,-2.1999994));
#344 = ( GEOMETRIC_REPRESENTATION_CONTEXT(2) 
PARAMETRIC_REPRESENTATION_CONTEXT() REPRESENTATION_CONTEXT('2D SPACE',''
  ) );
#345 = PCURVE('',#103,#346);
#346 = DEFINITIONAL_REPRESENTATION('',(#347),#353);
#347 = B_SPLINE_CURVE_WITH_KNOTS('',4,(#348,#349,#350,#351,#352),
  .UNSPECIFIED.,.F.,.F.,(5,5),(0.,1.),.PIECEWISE_BEZIER_KNOTS.);
#348 = CARTESIAN_POINT('',(6.416516153214,-0.8000006));
#349 = CARTESIAN_POINT('',(6.416516153214,-0.6000003));
#350 = CARTESIAN_POINT('',(6.416516153214,-0.4));
#351 = CARTESIAN_POINT('',(6.416516153214,-0.1999997));
#352 = CARTESIAN_POINT('',(6.416516153214,6.000000000173E-07));
#353 = ( GEOMETRIC_REPRESENTATION_CONTEXT(2) 
PARAMETRIC_REPRESENTATION_CONTEXT() REPRESENTATION_CONTEXT('2D SPACE',''
  ) );
#354 = ORIENTED_EDGE('',*,*,#355,.T.);
#355 = EDGE_CURVE('',#327,#356,#358,.T.);
#356 = VERTEX_POINT('',#357);
#357 = CARTESIAN_POINT('',(-2.320522990356,13.258093468768,3.));
#358 = SURFACE_CURVE('',#359,(#364,#371),.PCURVE_S1.);
#359 = CIRCLE('',#360,4.);
#360 = AXIS2_PLACEMENT_3D('',#361,#362,#363);
#361 = CARTESIAN_POINT('',(1.498801083244E-15,10.,3.));
#362 = DIRECTION('',(0.,0.,-1.));
#363 = DIRECTION('',(-1.,0.,0.));
#364 = PCURVE('',#49,#365);
#365 = DEFINITIONAL_REPRESENTATION('',(#366),#370);
#366 = LINE('',#367,#368);
#367 = CARTESIAN_POINT('',(0.,-3.));
#368 = VECTOR('',#369,1.);
#369 = DIRECTION('',(1.,0.));
#370 = ( GEOMETRIC_REPRESENTATION_CONTEXT(2) 
PARAMETRIC_REPRESENTATION_CONTEXT() REPRESENTATION_CONTEXT('2D SPACE',''
  ) );
#371 = PCURVE('',#372,#377);
#372 = TOROIDAL_SURFACE('',#373,2.,2.);
#373 = AXIS2_PLACEMENT_3D('',#374,#375,#376);
#374 = CARTESIAN_POINT('',(1.498801083244E-15,10.,3.));
#375 = DIRECTION('',(0.,-0.,1.));
#376 = DIRECTION('',(-1.,0.,0.));
#377 = DEFINITIONAL_REPRESENTATION('',(#378),#382);
#378 = LINE('',#379,#380);
#379 = CARTESIAN_POINT('',(-0.,0.));
#380 = VECTOR('',#381,1.);
#381 = DIRECTION('',(-1.,0.));
#382 = ( GEOMETRIC_REPRESENTATION_CONTEXT(2) 
PARAMETRIC_REPRESENTATION_CONTEXT() REPRESENTATION_CONTEXT('2D SPACE',''
  ) );
#383 = ORIENTED_EDGE('',*,*,#384,.T.);
#384 = EDGE_CURVE('',#356,#385,#387,.T.);
#385 = VERTEX_POINT('',#386);
#386 = CARTESIAN_POINT('',(-1.27691592584,13.790710450343,3.));
#387 = SURFACE_CURVE('',#388,(#411,#437),.PCURVE_S1.);
#388 = B_SPLINE_CURVE_WITH_KNOTS('',5,(#389,#390,#391,#392,#393,#394,
    #395,#396,#397,#398,#399,#400,#401,#402,#403,#404,#405,#406,#407,
    #408,#409,#410),.UNSPECIFIED.,.F.,.F.,(6,4,4,4,4,6),(0.,
    0.267483923451,0.383618815366,0.600949373172,0.858274668709,1.),
  .UNSPECIFIED.);
#389 = CARTESIAN_POINT('',(-2.320523655212,13.258092995235,3.0000006));
#390 = CARTESIAN_POINT('',(-2.277892307925,13.288456477794,
    2.961527875685));
#391 = CARTESIAN_POINT('',(-2.23173230837,13.320281872843,2.926668259143
    ));
#392 = CARTESIAN_POINT('',(-2.182179473866,13.353175531525,
    2.895881775656));
#393 = CARTESIAN_POINT('',(-2.129462897442,13.386678006682,
    2.869737305506));
#394 = CARTESIAN_POINT('',(-2.049986774712,13.434872048035,
    2.839672848629));
#395 = CARTESIAN_POINT('',(-2.025419076732,13.449480580758,
    2.831548163305));
#396 = CARTESIAN_POINT('',(-2.000383308513,13.464064952498,
    2.824445631305));
#397 = CARTESIAN_POINT('',(-1.974929276517,13.478581330735,
    2.818406137763));
#398 = CARTESIAN_POINT('',(-1.90081337438,13.519938676954,2.804221729532
    ));
#399 = CARTESIAN_POINT('',(-1.851247916984,13.546501836356,
    2.798825482652));
#400 = CARTESIAN_POINT('',(-1.800835990057,13.572369382024,
    2.797515224034));
#401 = CARTESIAN_POINT('',(-1.750094599448,13.597259861637,
    2.800423035238));
#402 = CARTESIAN_POINT('',(-1.639845592712,13.64900888883,2.815843327888
    ));
#403 = CARTESIAN_POINT('',(-1.580418644339,13.675398060407,
    2.830028344197));
#404 = CARTESIAN_POINT('',(-1.522328205414,13.699747153034,
    2.849934112474));
#405 = CARTESIAN_POINT('',(-1.466440032055,13.721930535318,
    2.875095681015));
#406 = CARTESIAN_POINT('',(-1.384204625507,13.752992442171,
    2.921300063202));
#407 = CARTESIAN_POINT('',(-1.355860275066,13.763373035629,
    2.939118131596));
#408 = CARTESIAN_POINT('',(-1.328481612194,13.773106582668,
    2.958244971527));
#409 = CARTESIAN_POINT('',(-1.302147077552,13.782211241548,
    2.978573513276));
#410 = CARTESIAN_POINT('',(-1.276915219298,13.790710688344,3.0000006));
#411 = PCURVE('',#49,#412);
#412 = DEFINITIONAL_REPRESENTATION('',(#413),#436);
#413 = B_SPLINE_CURVE_WITH_KNOTS('',5,(#414,#415,#416,#417,#418,#419,
    #420,#421,#422,#423,#424,#425,#426,#427,#428,#429,#430,#431,#432,
    #433,#434,#435),.UNSPECIFIED.,.F.,.F.,(6,4,4,4,4,6),(0.,
    0.267483923451,0.383618815366,0.600949373172,0.858274668709,1.),
  .UNSPECIFIED.);
#414 = CARTESIAN_POINT('',(0.951906920868,-3.0000006));
#415 = CARTESIAN_POINT('',(0.964991675462,-2.961527875685));
#416 = CARTESIAN_POINT('',(0.979007023241,-2.926668259143));
#417 = CARTESIAN_POINT('',(0.993872723267,-2.895881775656));
#418 = CARTESIAN_POINT('',(1.009484653465,-2.869737305506));
#419 = CARTESIAN_POINT('',(1.032721369705,-2.839672848629));
#420 = CARTESIAN_POINT('',(1.039866817547,-2.831548163305));
#421 = CARTESIAN_POINT('',(1.047109930033,-2.824445631305));
#422 = CARTESIAN_POINT('',(1.054435217574,-2.818406137763));
#423 = CARTESIAN_POINT('',(1.075653719282,-2.804221729532));
#424 = CARTESIAN_POINT('',(1.089710354566,-2.798825482652));
#425 = CARTESIAN_POINT('',(1.103872528358,-2.797515224034));
#426 = CARTESIAN_POINT('',(1.117999803296,-2.800423035238));
#427 = CARTESIAN_POINT('',(1.14844730453,-2.815843327888));
#428 = CARTESIAN_POINT('',(1.164699370457,-2.830028344197));
#429 = CARTESIAN_POINT('',(1.180441844281,-2.849934112474));
#430 = CARTESIAN_POINT('',(1.195472231505,-2.875095681015));
#431 = CARTESIAN_POINT('',(1.217448787405,-2.921300063202));
#432 = CARTESIAN_POINT('',(1.224994754704,-2.939118131596));
#433 = CARTESIAN_POINT('',(1.232258709915,-2.958244971527));
#434 = CARTESIAN_POINT('',(1.239224490634,-2.978573513276));
#435 = CARTESIAN_POINT('',(1.245880724868,-3.0000006));
#436 = ( GEOMETRIC_REPRESENTATION_CONTEXT(2) 
PARAMETRIC_REPRESENTATION_CONTEXT() REPRESENTATION_CONTEXT('2D SPACE',''
  ) );
#437 = PCURVE('',#438,#502);
#438 = ( BOUNDED_SURFACE() B_SPLINE_SURFACE(6,8,(
    (#439,#440,#441,#442,#443,#444,#445,#446,#447)
    ,(#448,#449,#450,#451,#452,#453,#454,#455,#456)
    ,(#457,#458,#459,#460,#461,#462,#463,#464,#465)
    ,(#466,#467,#468,#469,#470,#471,#472,#473,#474)
    ,(#475,#476,#477,#478,#479,#480,#481,#482,#483)
    ,(#484,#485,#486,#487,#488,#489,#490,#491,#492)
    ,(#493,#494,#495,#496,#497,#498,#499,#500,#501
)),.UNSPECIFIED.,.T.,.F.,.F.) B_SPLINE_SURFACE_WITH_KNOTS((1,6,6,1),(9,9
    ),(-6.28318530718,0.,6.28318530718,12.566370614359),(0.,
8.602478734935),.UNSPECIFIED.) GEOMETRIC_REPRESENTATION_ITEM() 
RATIONAL_B_SPLINE_SURFACE((
    (1.669078461068,1.669078461068,1.669078461068,1.669078461068
      ,1.669078461068,1.669078461068,1.669078461068,1.669078461068
      ,1.669078461068)
    ,(1.03672962321,1.03672962321,1.03672962321,1.03672962321
      ,1.03672962321,1.03672962321,1.03672962321,1.03672962321
      ,1.03672962321)
    ,(1.038346699848,1.038346699848,1.038346699848,1.038346699848
      ,1.038346699848,1.038346699848,1.038346699848,1.038346699848
      ,1.038346699848)
    ,(0.853534330196,0.853534330196,0.853534330196,0.853534330196
      ,0.853534330196,0.853534330196,0.853534330196,0.853534330196
      ,0.853534330196)
    ,(1.038346699848,1.038346699848,1.038346699847,1.038346699848
      ,1.038346699847,1.038346699848,1.038346699847,1.038346699848
      ,1.038346699848)
    ,(1.03672962321,1.03672962321,1.03672962321,1.03672962321
      ,1.03672962321,1.03672962321,1.03672962321,1.03672962321
      ,1.03672962321)
    ,(1.669078461068,1.669078461068,1.669078461068,1.669078461068
      ,1.669078461068,1.669078461068,1.669078461068,1.669078461068
,1.669078461068))) REPRESENTATION_ITEM('') SURFACE() );
#439 = CARTESIAN_POINT('',(-2.5,12.,3.7));
#440 = CARTESIAN_POINT('',(-2.570382932262,13.09082844683,3.7));
#441 = CARTESIAN_POINT('',(-2.760478427577,14.090617848334,3.7));
#442 = CARTESIAN_POINT('',(-3.065921783009,15.001326562661,3.7));
#443 = CARTESIAN_POINT('',(-3.48232690722,15.82642262378,3.7));
#444 = CARTESIAN_POINT('',(-4.005457188549,16.581061554037,3.7));
#445 = CARTESIAN_POINT('',(-4.649756208822,17.274020696472,3.7));
#446 = CARTESIAN_POINT('',(-5.421549751903,17.904132639818,3.7));
#447 = CARTESIAN_POINT('',(-6.325535101812,18.469375023173,3.7));
#448 = CARTESIAN_POINT('',(-2.5,12.,5.195388768014));
#449 = CARTESIAN_POINT('',(-2.570382932262,13.09082844683,5.195388768014
    ));
#450 = CARTESIAN_POINT('',(-2.760478427577,14.090617848334,
    5.195388768014));
#451 = CARTESIAN_POINT('',(-3.065921783009,15.001326562661,
    5.195388768014));
#452 = CARTESIAN_POINT('',(-3.48232690722,15.82642262378,5.195388768014)
  );
#453 = CARTESIAN_POINT('',(-4.005457188549,16.581061554037,
    5.195388768014));
#454 = CARTESIAN_POINT('',(-4.649756208822,17.274020696472,
    5.195388768014));
#455 = CARTESIAN_POINT('',(-5.421549751903,17.904132639818,
    5.195388768014));
#456 = CARTESIAN_POINT('',(-6.325535101812,18.469375023173,
    5.195388768014));
#457 = CARTESIAN_POINT('',(-0.650906628507,12.,5.410101144921));
#458 = CARTESIAN_POINT('',(-0.721289560768,13.274767280529,
    5.410101144921));
#459 = CARTESIAN_POINT('',(-0.932296304537,14.480966743335,
    5.410101144921));
#460 = CARTESIAN_POINT('',(-1.288529649397,15.616533205377,
    5.410101144921));
#461 = CARTESIAN_POINT('',(-1.794614940033,16.677809457709,
    5.410101144921));
#462 = CARTESIAN_POINT('',(-2.455019887605,17.648813271663,
    5.410101144921));
#463 = CARTESIAN_POINT('',(-3.254513039034,18.520288516018,
    5.410101144921));
#464 = CARTESIAN_POINT('',(-4.186423550391,19.293466282215,
    5.410101144921));
#465 = CARTESIAN_POINT('',(-5.245797909315,19.970479247282,
    5.410101144921));
#466 = CARTESIAN_POINT('',(0.874205228908,12.,3.7));
#467 = CARTESIAN_POINT('',(0.803822296646,13.426478005708,3.7));
#468 = CARTESIAN_POINT('',(0.57556818535,14.80292221485,3.7));
#469 = CARTESIAN_POINT('',(0.177443816322,16.123948871903,3.7));
#470 = CARTESIAN_POINT('',(-0.402608688354,17.380023946003,3.7));
#471 = CARTESIAN_POINT('',(-1.176236269482,18.529483134219,3.7));
#472 = CARTESIAN_POINT('',(-2.103731831862,19.548196494278,3.7));
#473 = CARTESIAN_POINT('',(-3.167705056036,20.439373376249,3.7));
#474 = CARTESIAN_POINT('',(-4.355242559025,21.208573486707,3.7));
#475 = CARTESIAN_POINT('',(-0.650906628507,12.,1.989898855079));
#476 = CARTESIAN_POINT('',(-0.721289560768,13.274767280529,
    1.989898855079));
#477 = CARTESIAN_POINT('',(-0.932296304537,14.480966743335,
    1.989898855079));
#478 = CARTESIAN_POINT('',(-1.288529649397,15.616533205377,
    1.989898855079));
#479 = CARTESIAN_POINT('',(-1.794614940033,16.677809457709,
    1.989898855079));
#480 = CARTESIAN_POINT('',(-2.455019887605,17.648813271663,
    1.989898855079));
#481 = CARTESIAN_POINT('',(-3.254513039034,18.520288516018,
    1.989898855079));
#482 = CARTESIAN_POINT('',(-4.186423550391,19.293466282215,
    1.989898855079));
#483 = CARTESIAN_POINT('',(-5.245797909315,19.970479247282,
    1.989898855079));
#484 = CARTESIAN_POINT('',(-2.5,12.,2.204611231986));
#485 = CARTESIAN_POINT('',(-2.570382932262,13.09082844683,2.204611231986
    ));
#486 = CARTESIAN_POINT('',(-2.760478427577,14.090617848334,
    2.204611231986));
#487 = CARTESIAN_POINT('',(-3.065921783009,15.001326562661,
    2.204611231986));
#488 = CARTESIAN_POINT('',(-3.48232690722,15.82642262378,2.204611231986)
  );
#489 = CARTESIAN_POINT('',(-4.005457188549,16.581061554037,
    2.204611231986));
#490 = CARTESIAN_POINT('',(-4.649756208822,17.274020696472,
    2.204611231986));
#491 = CARTESIAN_POINT('',(-5.421549751903,17.904132639818,
    2.204611231986));
#492 = CARTESIAN_POINT('',(-6.325535101812,18.469375023173,
    2.204611231986));
#493 = CARTESIAN_POINT('',(-2.5,12.,3.7));
#494 = CARTESIAN_POINT('',(-2.570382932262,13.09082844683,3.7));
#495 = CARTESIAN_POINT('',(-2.760478427577,14.090617848334,3.7));
#496 = CARTESIAN_POINT('',(-3.065921783009,15.001326562661,3.7));
#497 = CARTESIAN_POINT('',(-3.48232690722,15.82642262378,3.7));
#498 = CARTESIAN_POINT('',(-4.005457188549,16.581061554037,3.7));
#499 = CARTESIAN_POINT('',(-4.649756208822,17.274020696472,3.7));
#500 = CARTESIAN_POINT('',(-5.421549751903,17.904132639818,3.7));
#501 = CARTESIAN_POINT('',(-6.325535101812,18.469375023173,3.7));
#502 = DEFINITIONAL_REPRESENTATION('',(#503),#526);
#503 = B_SPLINE_CURVE_WITH_KNOTS('',5,(#504,#505,#506,#507,#508,#509,
    #510,#511,#512,#513,#514,#515,#516,#517,#518,#519,#520,#521,#522,
    #523,#524,#525),.UNSPECIFIED.,.F.,.F.,(6,4,4,4,4,6),(0.,
    0.267483923451,0.383618815366,0.600949373172,0.858274668709,1.),
  .UNSPECIFIED.);
#504 = CARTESIAN_POINT('',(5.389524683125,1.252651117295));
#505 = CARTESIAN_POINT('',(5.321705388567,1.278103058814));
#506 = CARTESIAN_POINT('',(5.253135990364,1.304318427831));
#507 = CARTESIAN_POINT('',(5.183646098671,1.330848007076));
#508 = CARTESIAN_POINT('',(5.113135035301,1.357202468664));
#509 = CARTESIAN_POINT('',(5.010555663912,1.394086748761));
#510 = CARTESIAN_POINT('',(4.979311926384,1.405132527015));
#511 = CARTESIAN_POINT('',(4.947881466112,1.416019159974));
#512 = CARTESIAN_POINT('',(4.916272971288,1.426709883213));
#513 = CARTESIAN_POINT('',(4.82504462853,1.456744459262));
#514 = CARTESIAN_POINT('',(4.765006313548,1.47551497061));
#515 = CARTESIAN_POINT('',(4.704510874686,1.493246572614));
#516 = CARTESIAN_POINT('',(4.643711905004,1.509766232817));
#517 = CARTESIAN_POINT('',(4.510770673064,1.543008052607));
#518 = CARTESIAN_POINT('',(4.438571578447,1.559215053998));
#519 = CARTESIAN_POINT('',(4.366645827263,1.573454230561));
#520 = CARTESIAN_POINT('',(4.295258595993,1.585814431759));
#521 = CARTESIAN_POINT('',(4.185747219773,1.60233049583));
#522 = CARTESIAN_POINT('',(4.147079850248,1.607678661292));
#523 = CARTESIAN_POINT('',(4.108667713455,1.612538687903));
#524 = CARTESIAN_POINT('',(4.070525765867,1.616947960519));
#525 = CARTESIAN_POINT('',(4.032658898441,1.620944176139));
#526 = ( GEOMETRIC_REPRESENTATION_CONTEXT(2) 
PARAMETRIC_REPRESENTATION_CONTEXT() REPRESENTATION_CONTEXT('2D SPACE',''
  ) );
#527 = ORIENTED_EDGE('',*,*,#528,.T.);
#528 = EDGE_CURVE('',#385,#529,#531,.T.);
#529 = VERTEX_POINT('',#530);
#530 = CARTESIAN_POINT('',(3.656933037144E-16,14.,3.));
#531 = SURFACE_CURVE('',#532,(#537,#544),.PCURVE_S1.);
#532 = CIRCLE('',#533,4.);
#533 = AXIS2_PLACEMENT_3D('',#534,#535,#536);
#534 = CARTESIAN_POINT('',(1.498801083244E-15,10.,3.));
#535 = DIRECTION('',(0.,0.,-1.));
#536 = DIRECTION('',(-1.,0.,0.));
#537 = PCURVE('',#49,#538);
#538 = DEFINITIONAL_REPRESENTATION('',(#539),#543);
#539 = LINE('',#540,#541);
#540 = CARTESIAN_POINT('',(0.,-3.));
#541 = VECTOR('',#542,1.);
#542 = DIRECTION('',(1.,0.));
#543 = ( GEOMETRIC_REPRESENTATION_CONTEXT(2) 
PARAMETRIC_REPRESENTATION_CONTEXT() REPRESENTATION_CONTEXT('2D SPACE',''
  ) );
#544 = PCURVE('',#372,#545);
#545 = DEFINITIONAL_REPRESENTATION('',(#546),#550);
#546 = LINE('',#547,#548);
#547 = CARTESIAN_POINT('',(-0.,0.));
#548 = VECTOR('',#549,1.);
#549 = DIRECTION('',(-1.,0.));
#550 = ( GEOMETRIC_REPRESENTATION_CONTEXT(2) 
PARAMETRIC_REPRESENTATION_CONTEXT() REPRESENTATION_CONTEXT('2D SPACE',''
  ) );
#551 = ORIENTED_EDGE('',*,*,#552,.T.);
#552 = EDGE_CURVE('',#529,#24,#553,.T.);
#553 = SURFACE_CURVE('',#554,(#558,#564),.PCURVE_S1.);
#554 = LINE('',#555,#556);
#555 = CARTESIAN_POINT('',(0.,14.,0.));
#556 = VECTOR('',#557,1.);
#557 = DIRECTION('',(0.,0.,-1.));
#558 = PCURVE('',#49,#559);
#559 = DEFINITIONAL_REPRESENTATION('',(#560),#563);
#560 = B_SPLINE_CURVE_WITH_KNOTS('',1,(#561,#562),.UNSPECIFIED.,.F.,.F.,
  (2,2),(-3.0000006,-1.42),.PIECEWISE_BEZIER_KNOTS.);
#561 = CARTESIAN_POINT('',(1.570796326795,-3.0000006));
#562 = CARTESIAN_POINT('',(1.570796326795,-1.42));
#563 = ( GEOMETRIC_REPRESENTATION_CONTEXT(2) 
PARAMETRIC_REPRESENTATION_CONTEXT() REPRESENTATION_CONTEXT('2D SPACE',''
  ) );
#564 = PCURVE('',#178,#565);
#565 = DEFINITIONAL_REPRESENTATION('',(#566),#569);
#566 = B_SPLINE_CURVE_WITH_KNOTS('',1,(#567,#568),.UNSPECIFIED.,.F.,.F.,
  (2,2),(-3.0000006,-1.42),.PIECEWISE_BEZIER_KNOTS.);
#567 = CARTESIAN_POINT('',(0.8000006,-44.));
#568 = CARTESIAN_POINT('',(-0.78,-44.));
#569 = ( GEOMETRIC_REPRESENTATION_CONTEXT(2) 
PARAMETRIC_REPRESENTATION_CONTEXT() REPRESENTATION_CONTEXT('2D SPACE',''
  ) );
#570 = ADVANCED_FACE('',(#571),#103,.F.);
#571 = FACE_BOUND('',#572,.F.);
#572 = EDGE_LOOP('',(#573,#617,#2085,#2122,#2159,#2186,#2187));
#573 = ORIENTED_EDGE('',*,*,#574,.F.);
#574 = EDGE_CURVE('',#575,#327,#577,.T.);
#575 = VERTEX_POINT('',#576);
#576 = CARTESIAN_POINT('',(-3.934106037519,10.137026924252,3.5));
#577 = SURFACE_CURVE('',#578,(#589,#603),.PCURVE_S1.);
#578 = B_SPLINE_CURVE_WITH_KNOTS('',5,(#579,#580,#581,#582,#583,#584,
    #585,#586,#587,#588),.UNSPECIFIED.,.F.,.F.,(6,4,6),(0.,
    0.515788774307,1.),.UNSPECIFIED.);
#579 = CARTESIAN_POINT('',(-3.934105892928,10.137026624755,
    3.500000600038));
#580 = CARTESIAN_POINT('',(-3.945545132476,10.160721079049,
    3.452529135692));
#581 = CARTESIAN_POINT('',(-3.955742332058,10.181712885441,
    3.403553321511));
#582 = CARTESIAN_POINT('',(-3.96458743204,10.199832965341,3.353265968034
    ));
#583 = CARTESIAN_POINT('',(-3.971987846971,10.214942656849,
    3.301898147831));
#584 = CARTESIAN_POINT('',(-3.983410966572,10.238214556737,
    3.200742018082));
#585 = CARTESIAN_POINT('',(-3.987613235995,10.246746336668,
    3.151046376932));
#586 = CARTESIAN_POINT('',(-3.990433007331,10.252461348618,
    3.100863020641));
#587 = CARTESIAN_POINT('',(-3.991843195598,10.255319215405,3.05043071517
    ));
#588 = CARTESIAN_POINT('',(-3.991843195598,10.255319215405,3.));
#589 = PCURVE('',#103,#590);
#590 = DEFINITIONAL_REPRESENTATION('',(#591),#602);
#591 = B_SPLINE_CURVE_WITH_KNOTS('',5,(#592,#593,#594,#595,#596,#597,
    #598,#599,#600,#601),.UNSPECIFIED.,.F.,.F.,(6,4,6),(0.,
    0.515788774307,1.),.UNSPECIFIED.);
#592 = CARTESIAN_POINT('',(6.288230233523,-1.300000600038));
#593 = CARTESIAN_POINT('',(6.313875142899,-1.252529135692));
#594 = CARTESIAN_POINT('',(6.336620276177,-1.203553321511));
#595 = CARTESIAN_POINT('',(6.356271376844,-1.153265968034));
#596 = CARTESIAN_POINT('',(6.372667926367,-1.101898147831));
#597 = CARTESIAN_POINT('',(6.397932151656,-1.000742018082));
#598 = CARTESIAN_POINT('',(6.407200291043,-0.951046376932));
#599 = CARTESIAN_POINT('',(6.413410566269,-0.900863020641));
#600 = CARTESIAN_POINT('',(6.416516145095,-0.85043071517));
#601 = CARTESIAN_POINT('',(6.416516145095,-0.8));
#602 = ( GEOMETRIC_REPRESENTATION_CONTEXT(2) 
PARAMETRIC_REPRESENTATION_CONTEXT() REPRESENTATION_CONTEXT('2D SPACE',''
  ) );
#603 = PCURVE('',#372,#604);
#604 = DEFINITIONAL_REPRESENTATION('',(#605),#616);
#605 = B_SPLINE_CURVE_WITH_KNOTS('',5,(#606,#607,#608,#609,#610,#611,
    #612,#613,#614,#615),.UNSPECIFIED.,.F.,.F.,(6,4,6),(0.,
    0.515788774307,1.),.UNSPECIFIED.);
#606 = CARTESIAN_POINT('',(-3.481636160265E-02,0.252680564995));
#607 = CARTESIAN_POINT('',(-4.073074054493E-02,0.228166404256));
#608 = CARTESIAN_POINT('',(-4.592391042245E-02,0.203069335139));
#609 = CARTESIAN_POINT('',(-5.037435612469E-02,0.177476805157));
#610 = CARTESIAN_POINT('',(-5.406671811115E-02,0.151481578273));
#611 = CARTESIAN_POINT('',(-5.97347626419E-02,0.100504576776));
#612 = CARTESIAN_POINT('',(-6.180184380146E-02,7.555695075637E-02));
#613 = CARTESIAN_POINT('',(-6.318277628217E-02,5.043116247602E-02));
#614 = CARTESIAN_POINT('',(-6.387322654106E-02,2.521535758479E-02));
#615 = CARTESIAN_POINT('',(-6.387322654106E-02,0.));
#616 = ( GEOMETRIC_REPRESENTATION_CONTEXT(2) 
PARAMETRIC_REPRESENTATION_CONTEXT() REPRESENTATION_CONTEXT('2D SPACE',''
  ) );
#617 = ORIENTED_EDGE('',*,*,#618,.T.);
#618 = EDGE_CURVE('',#575,#619,#621,.T.);
#619 = VERTEX_POINT('',#620);
#620 = CARTESIAN_POINT('',(-3.936491673104,-8.900849319676,3.5));
#621 = SURFACE_CURVE('',#622,(#913,#1207),.PCURVE_S1.);
#622 = ( BOUNDED_CURVE() B_SPLINE_CURVE(13,(#623,#624,#625,#626,#627,
    #628,#629,#630,#631,#632,#633,#634,#635,#636,#637,#638,#639,#640,
    #641,#642,#643,#644,#645,#646,#647,#648,#649,#650,#651,#652,#653,
    #654,#655,#656,#657,#658,#659,#660,#661,#662,#663,#664,#665,#666,
    #667,#668,#669,#670,#671,#672,#673,#674,#675,#676,#677,#678,#679,
    #680,#681,#682,#683,#684,#685,#686,#687,#688,#689,#690,#691,#692,
    #693,#694,#695,#696,#697,#698,#699,#700,#701,#702,#703,#704,#705,
    #706,#707,#708,#709,#710,#711,#712,#713,#714,#715,#716,#717,#718,
    #719,#720,#721,#722,#723,#724,#725,#726,#727,#728,#729,#730,#731,
    #732,#733,#734,#735,#736,#737,#738,#739,#740,#741,#742,#743,#744,
    #745,#746,#747,#748,#749,#750,#751,#752,#753,#754,#755,#756,#757,
    #758,#759,#760,#761,#762,#763,#764,#765,#766,#767,#768,#769,#770,
    #771,#772,#773,#774,#775,#776,#777,#778,#779,#780,#781,#782,#783,
    #784,#785,#786,#787,#788,#789,#790,#791,#792,#793,#794,#795,#796,
    #797,#798,#799,#800,#801,#802,#803,#804,#805,#806,#807,#808,#809,
    #810,#811,#812,#813,#814,#815,#816,#817,#818,#819,#820,#821,#822,
    #823,#824,#825,#826,#827,#828,#829,#830,#831,#832,#833,#834,#835,
    #836,#837,#838,#839,#840,#841,#842,#843,#844,#845,#846,#847,#848,
    #849,#850,#851,#852,#853,#854,#855,#856,#857,#858,#859,#860,#861,
    #862,#863,#864,#865,#866,#867,#868,#869,#870,#871,#872,#873,#874,
    #875,#876,#877,#878,#879,#880,#881,#882,#883,#884,#885,#886,#887,
    #888,#889,#890,#891,#892,#893,#894,#895,#896,#897,#898,#899,#900,
    #901,#902,#903,#904,#905,#906,#907,#908,#909,#910,#911,#912),
.UNSPECIFIED.,.T.,.F.) B_SPLINE_CURVE_WITH_KNOTS((14,12,12,12,12,12,12,
    12,12,12,12,12,12,12,12,12,12,12,12,12,12,12,12,12,14),(
    -3.318067981453E-15,1.669940179262E-02,3.339880358525E-02,
    6.679760717051E-02,0.133595214341,0.267190428682,0.534380857364,
    1.068761714728,2.137523429456,4.275046858913,8.550093717826,
    15.4121930842,21.617290054193,27.319887584005,32.645026775413,
    39.295341149812,42.408353571716,45.52136599362,50.333223060695,
    56.642265234472,62.344862764283,68.995177138682,75.487127977126,
81.938880591057,90.099773855045),.UNSPECIFIED.) CURVE() 
GEOMETRIC_REPRESENTATION_ITEM() RATIONAL_B_SPLINE_CURVE((1.,1.,
    0.999999999999,1.000000000003,0.999999999994,1.000000000009,
    0.999999999989,1.000000000011,0.999999999992,1.000000000005,
    0.999999999997,1.000000000001,1.,1.,1.,0.999999999999,1.000000000003
    ,0.999999999996,1.000000000005,0.999999999995,1.000000000004,
    0.999999999997,1.000000000001,1.,1.,1.,1.000000000001,0.999999999998
    ,1.000000000004,0.999999999994,1.000000000007,0.999999999993,
    1.000000000005,0.999999999997,1.000000000002,1.,1.,1.,0.999999999999
    ,1.000000000002,0.999999999997,1.000000000004,0.999999999995,
    1.000000000004,0.999999999997,1.000000000002,0.999999999999,1.,1.,1.
    ,1.,0.999999999999,1.000000000001,0.999999999998,1.000000000002,
    0.999999999998,1.000000000002,0.999999999999,1.000000000001,1.,1.,1.
    ,1.000000000001,0.999999999996,1.000000000007,0.99999999999,
    1.000000000012,0.999999999989,1.000000000008,0.999999999995,
    1.000000000002,0.999999999999,1.,1.,1.000000000001,0.999999999998,
    1.000000000004,0.999999999995,1.000000000006,0.999999999994,
    1.000000000005,0.999999999997,1.000000000001,0.999999999999,1.,1.,
    1.000000000001,0.999999999999,1.000000000003,0.999999999996,
    1.000000000004,0.999999999996,1.000000000003,0.999999999998,
    1.000000000001,1.,1.,1.,1.,0.999999999999,1.000000000002,
    0.999999999998,1.000000000003,0.999999999998,1.000000000002,
    0.999999999999,1.000000000001,1.,1.,1.,1.000000000001,0.999999999997
    ,1.000000000006,0.999999999992,1.000000000009,0.999999999991,
    1.000000000006,0.999999999996,1.000000000002,0.999999999999,1.,1.,1.
    ,1.000000000001,0.999999999999,1.000000000003,0.999999999996,
    1.000000000004,0.999999999997,1.000000000002,0.999999999999,1.,1.,1.
    ,1.,0.999999999999,1.000000000001,0.999999999998,1.000000000003,
    0.999999999996,1.000000000003,0.999999999998,1.000000000001,1.,1.,1.
    ,1.000000000001,0.999999999996,1.000000000007,0.999999999989,
    1.000000000014,0.999999999987,1.000000000011,0.999999999993,
    1.000000000004,0.999999999999,1.,1.,1.000000000003,0.999999999993,
    1.000000000014,0.999999999979,1.000000000025,0.999999999977,
    1.000000000018,0.999999999989,1.000000000005,0.999999999999,1.,1.,
    0.999999999999,1.000000000003,0.999999999994,1.000000000008,
    0.999999999991,1.000000000008,0.999999999994,1.000000000003,
    0.999999999998,1.,1.,1.,1.,0.999999999999,1.000000000001,
    0.999999999997,1.000000000004,0.999999999996,1.000000000003,
    0.999999999998,1.000000000001,1.,1.,1.,1.000000000001,0.999999999997
    ,1.000000000005,0.999999999992,1.00000000001,0.999999999991,
    1.000000000007,0.999999999996,1.000000000002,0.999999999999,1.,1.,
    1.000000000001,0.999999999998,1.000000000003,0.999999999995,
    1.000000000006,0.999999999994,1.000000000004,0.999999999998,
    1.000000000001,1.,1.,1.,0.999999999998,1.000000000007,0.999999999987
    ,1.00000000002,0.999999999977,1.000000000022,0.999999999983,
    1.00000000001,0.999999999995,1.000000000002,1.,1.,0.999999999999,
    1.000000000002,0.999999999996,1.000000000005,0.999999999994,
    1.000000000006,0.999999999995,1.000000000003,0.999999999998,
    1.000000000001,1.,1.,0.999999999999,1.000000000003,0.999999999994,
    1.000000000009,0.99999999999,1.00000000001,0.999999999992,
    1.000000000005,0.999999999998,1.000000000001,1.,1.,1.,1.,1.,
    1.000000000001,0.999999999999,1.000000000002,0.999999999998,
    1.000000000001,0.999999999999,1.,1.,1.,1.,0.999999999999,
    1.000000000003,0.999999999995,1.000000000007,0.999999999992,
    1.000000000006,0.999999999996,1.000000000002,0.999999999999,1.,1.,
    0.999999999999,1.000000000002,0.999999999996,1.000000000007,
    0.999999999992,1.000000000008,0.999999999993,1.000000000004,
0.999999999998,1.000000000001,1.,1.)) REPRESENTATION_ITEM('') );
#623 = CARTESIAN_POINT('',(-2.5,4.,3.5));
#624 = CARTESIAN_POINT('',(-2.49998588013,4.001247180662,3.5));
#625 = CARTESIAN_POINT('',(-2.499971902625,4.002494373932,3.5));
#626 = CARTESIAN_POINT('',(-2.499958067436,4.003741579802,3.5));
#627 = CARTESIAN_POINT('',(-2.499944374656,4.004988798242,3.5));
#628 = CARTESIAN_POINT('',(-2.499930824077,4.006236029267,3.5));
#629 = CARTESIAN_POINT('',(-2.49991741601,4.007483272815,3.5));
#630 = CARTESIAN_POINT('',(-2.499904150031,4.008730528935,3.5));
#631 = CARTESIAN_POINT('',(-2.499891026577,4.009977797542,3.5));
#632 = CARTESIAN_POINT('',(-2.499878045244,4.011225078686,3.5));
#633 = CARTESIAN_POINT('',(-2.499865206315,4.012472372303,3.5));
#634 = CARTESIAN_POINT('',(-2.499852509607,4.01371967841,3.5));
#635 = CARTESIAN_POINT('',(-2.499839955196,4.014966996976,3.5));
#636 = CARTESIAN_POINT('',(-2.499815130888,4.01746165901,3.5));
#637 = CARTESIAN_POINT('',(-2.499802861001,4.018709002476,3.5));
#638 = CARTESIAN_POINT('',(-2.499790733364,4.019956358377,3.5));
#639 = CARTESIAN_POINT('',(-2.499778747987,4.021203726699,3.5));
#640 = CARTESIAN_POINT('',(-2.499766904831,4.022451107424,3.5));
#641 = CARTESIAN_POINT('',(-2.499755203926,4.023698500547,3.5));
#642 = CARTESIAN_POINT('',(-2.499743645228,4.024945906037,3.5));
#643 = CARTESIAN_POINT('',(-2.499732228753,4.026193323899,3.5));
#644 = CARTESIAN_POINT('',(-2.499720954484,4.0274407541,3.5));
#645 = CARTESIAN_POINT('',(-2.49970982241,4.02868819664,3.5));
#646 = CARTESIAN_POINT('',(-2.499698832528,4.029935651496,3.5));
#647 = CARTESIAN_POINT('',(-2.499687984828,4.031183118656,3.5));
#648 = CARTESIAN_POINT('',(-2.499655868244,4.034925557004,3.5));
#649 = CARTESIAN_POINT('',(-2.499635025892,4.037420565058,3.5));
#650 = CARTESIAN_POINT('',(-2.499614752132,4.039915622161,3.5));
#651 = CARTESIAN_POINT('',(-2.499595047022,4.042410728166,3.5));
#652 = CARTESIAN_POINT('',(-2.49957591024,4.044905883021,3.5));
#653 = CARTESIAN_POINT('',(-2.49955734214,4.047401086503,3.5));
#654 = CARTESIAN_POINT('',(-2.499539342095,4.049896338637,3.5));
#655 = CARTESIAN_POINT('',(-2.499521910658,4.052391639153,3.5));
#656 = CARTESIAN_POINT('',(-2.499505047196,4.054886988072,3.5));
#657 = CARTESIAN_POINT('',(-2.499488752072,4.057382385175,3.5));
#658 = CARTESIAN_POINT('',(-2.499473024956,4.059877830408,3.5));
#659 = CARTESIAN_POINT('',(-2.499457865909,4.062373323625,3.5));
#660 = CARTESIAN_POINT('',(-2.499414092647,4.069859946907,3.5));
#661 = CARTESIAN_POINT('',(-2.49938718234,4.074851220597,3.5));
#662 = CARTESIAN_POINT('',(-2.499362543393,4.079842684855,3.5));
#663 = CARTESIAN_POINT('',(-2.499340175206,4.084834338757,3.5));
#664 = CARTESIAN_POINT('',(-2.49932007741,4.08982618135,3.5));
#665 = CARTESIAN_POINT('',(-2.499302249215,4.094818211739,3.5));
#666 = CARTESIAN_POINT('',(-2.499286690434,4.099810428941,3.5));
#667 = CARTESIAN_POINT('',(-2.499273400176,4.104802832082,3.5));
#668 = CARTESIAN_POINT('',(-2.499262378231,4.109795420174,3.5));
#669 = CARTESIAN_POINT('',(-2.499253623842,4.114788192329,3.5));
#670 = CARTESIAN_POINT('',(-2.499247136614,4.119781147587,3.5));
#671 = CARTESIAN_POINT('',(-2.499242915957,4.124774285029,3.5));
#672 = CARTESIAN_POINT('',(-2.49923705218,4.1397542411,3.5));
#673 = CARTESIAN_POINT('',(-2.499242207238,4.149741603474,3.5));
#674 = CARTESIAN_POINT('',(-2.499256422299,4.159729683387,3.5));
#675 = CARTESIAN_POINT('',(-2.499279693186,4.169718473378,3.5));
#676 = CARTESIAN_POINT('',(-2.499312015566,4.179707965997,3.5));
#677 = CARTESIAN_POINT('',(-2.499353385401,4.189698153775,3.5));
#678 = CARTESIAN_POINT('',(-2.499403798202,4.199689029273,3.5));
#679 = CARTESIAN_POINT('',(-2.499463250049,4.209680585012,3.5));
#680 = CARTESIAN_POINT('',(-2.499531736423,4.21967281356,3.5));
#681 = CARTESIAN_POINT('',(-2.499609253334,4.229665707435,3.5));
#682 = CARTESIAN_POINT('',(-2.499695796401,4.2396592592,3.5));
#683 = CARTESIAN_POINT('',(-2.499791361482,4.249653461387,3.5));
#684 = CARTESIAN_POINT('',(-2.500105109989,4.279637996855,3.5));
#685 = CARTESIAN_POINT('',(-2.500350346723,4.299630259039,3.5));
#686 = CARTESIAN_POINT('',(-2.500631620669,4.319625033444,3.5));
#687 = CARTESIAN_POINT('',(-2.500948898147,4.339622260406,3.5));
#688 = CARTESIAN_POINT('',(-2.501302145112,4.359621880287,3.5));
#689 = CARTESIAN_POINT('',(-2.501691328151,4.379623833402,3.5));
#690 = CARTESIAN_POINT('',(-2.502116412947,4.399628060138,3.5));
#691 = CARTESIAN_POINT('',(-2.502577366262,4.419634500791,3.5));
#692 = CARTESIAN_POINT('',(-2.50307415378,4.439643095753,3.5));
#693 = CARTESIAN_POINT('',(-2.503606742084,4.45965378533,3.5));
#694 = CARTESIAN_POINT('',(-2.504175097137,4.479666509892,3.5));
#695 = CARTESIAN_POINT('',(-2.50477918525,4.499681209772,3.5));
#696 = CARTESIAN_POINT('',(-2.50669854724,4.559731056413,3.5));
#697 = CARTESIAN_POINT('',(-2.508120918806,4.599771950169,3.5));
#698 = CARTESIAN_POINT('',(-2.509685816842,4.639820029348,3.5));
#699 = CARTESIAN_POINT('',(-2.511392970965,4.679874816705,3.5));
#700 = CARTESIAN_POINT('',(-2.513242110695,4.719935835003,3.5));
#701 = CARTESIAN_POINT('',(-2.515232965703,4.760002606992,3.5));
#702 = CARTESIAN_POINT('',(-2.517365265457,4.800074655442,3.5));
#703 = CARTESIAN_POINT('',(-2.519638739663,4.840151503099,3.5));
#704 = CARTESIAN_POINT('',(-2.522053117784,4.880232672731,3.5));
#705 = CARTESIAN_POINT('',(-2.524608129496,4.92031768709,3.5));
#706 = CARTESIAN_POINT('',(-2.527303504318,4.960406068937,3.5));
#707 = CARTESIAN_POINT('',(-2.530138971863,5.000497341029,3.5));
#708 = CARTESIAN_POINT('',(-2.539064841378,5.120778396317,3.5));
#709 = CARTESIAN_POINT('',(-2.545574710236,5.200975418527,3.5));
#710 = CARTESIAN_POINT('',(-2.552641704928,5.281178274808,3.5));
#711 = CARTESIAN_POINT('',(-2.560263662095,5.361383147259,3.5));
#712 = CARTESIAN_POINT('',(-2.568438418409,5.441586217878,3.5));
#713 = CARTESIAN_POINT('',(-2.577163810483,5.521783668841,3.5));
#714 = CARTESIAN_POINT('',(-2.586437675019,5.601971682068,3.5));
#715 = CARTESIAN_POINT('',(-2.596257848612,5.682146439783,3.5));
#716 = CARTESIAN_POINT('',(-2.606622167959,5.76230412391,3.5));
#717 = CARTESIAN_POINT('',(-2.61752846968,5.84244091662,3.5));
#718 = CARTESIAN_POINT('',(-2.628974590441,5.922552999914,3.5));
#719 = CARTESIAN_POINT('',(-2.640958366886,6.00263655589,3.5));
#720 = CARTESIAN_POINT('',(-2.678516173233,6.242790188025,3.5));
#721 = CARTESIAN_POINT('',(-2.705696680139,6.402763228401,3.5));
#722 = CARTESIAN_POINT('',(-2.735001849605,6.562576344258,3.5));
#723 = CARTESIAN_POINT('',(-2.7664143748,6.722198992112,3.5));
#724 = CARTESIAN_POINT('',(-2.799916948989,6.881600628513,3.5));
#725 = CARTESIAN_POINT('',(-2.835492265292,7.040750709944,3.5));
#726 = CARTESIAN_POINT('',(-2.873123017001,7.19961869299,3.5));
#727 = CARTESIAN_POINT('',(-2.912791897249,7.358174034112,3.5));
#728 = CARTESIAN_POINT('',(-2.95448159928,7.516386189893,3.5));
#729 = CARTESIAN_POINT('',(-2.998174816286,7.674224616819,3.5));
#730 = CARTESIAN_POINT('',(-3.043854241466,7.831658771438,3.5));
#731 = CARTESIAN_POINT('',(-3.091502568032,7.988658110266,3.5));
#732 = CARTESIAN_POINT('',(-3.240302331482,8.458260048965,3.5));
#733 = CARTESIAN_POINT('',(-3.347308552133,8.769466571049,3.5));
#734 = CARTESIAN_POINT('',(-3.461982696733,9.078567308293,3.5));
#735 = CARTESIAN_POINT('',(-3.584186310993,9.385317912892,3.5));
#736 = CARTESIAN_POINT('',(-3.713780940385,9.68947403709,3.5));
#737 = CARTESIAN_POINT('',(-3.850628130784,9.990791333022,3.5));
#738 = CARTESIAN_POINT('',(-3.994589427506,10.289025453003,3.5));
#739 = CARTESIAN_POINT('',(-4.145526376511,10.58393204911,3.5));
#740 = CARTESIAN_POINT('',(-4.303300523143,10.875266773679,3.5));
#741 = CARTESIAN_POINT('',(-4.467773413234,11.162785278815,3.5));
#742 = CARTESIAN_POINT('',(-4.638806592297,11.446243216789,3.5));
#743 = CARTESIAN_POINT('',(-4.816261606015,11.725396239778,3.5));
#744 = CARTESIAN_POINT('',(-5.294928022676,12.440780733219,3.5));
#745 = CARTESIAN_POINT('',(-5.606045252877,12.869840234254,3.5));
#746 = CARTESIAN_POINT('',(-5.933013150476,13.286073980629,3.5));
#747 = CARTESIAN_POINT('',(-6.275493175267,13.688377449964,3.5));
#748 = CARTESIAN_POINT('',(-6.633146787229,14.075646119651,3.5));
#749 = CARTESIAN_POINT('',(-7.005635446007,14.446775467512,3.5));
#750 = CARTESIAN_POINT('',(-7.392620611729,14.800660970708,3.5));
#751 = CARTESIAN_POINT('',(-7.793763743953,15.136198107237,3.5));
#752 = CARTESIAN_POINT('',(-8.208726302791,15.452282354217,3.5));
#753 = CARTESIAN_POINT('',(-8.63716974791,15.747809189537,3.5));
#754 = CARTESIAN_POINT('',(-9.078755539271,16.021674090527,3.5));
#755 = CARTESIAN_POINT('',(-9.533145136678,16.272772534846,3.5));
#756 = CARTESIAN_POINT('',(-10.42215647765,16.705471879705,3.5));
#757 = CARTESIAN_POINT('',(-10.85450554843,16.891424947731,3.5));
#758 = CARTESIAN_POINT('',(-11.29605750438,17.057339388932,3.5));
#759 = CARTESIAN_POINT('',(-11.74582263755,17.202695388246,3.5));
#760 = CARTESIAN_POINT('',(-12.20281124001,17.32697313044,3.5));
#761 = CARTESIAN_POINT('',(-12.66603360379,17.429652800562,3.5));
#762 = CARTESIAN_POINT('',(-13.13450002097,17.510214583277,3.5));
#763 = CARTESIAN_POINT('',(-13.60722078357,17.568138663689,3.5));
#764 = CARTESIAN_POINT('',(-14.08320618368,17.602905226475,3.5));
#765 = CARTESIAN_POINT('',(-14.56146651331,17.613994456665,3.5));
#766 = CARTESIAN_POINT('',(-15.04101206454,17.600886539043,3.5));
#767 = CARTESIAN_POINT('',(-15.52085312942,17.563061658534,3.5));
#768 = CARTESIAN_POINT('',(-16.44034473172,17.442045183191,3.5));
#769 = CARTESIAN_POINT('',(-16.88010315069,17.362775520075,3.5));
#770 = CARTESIAN_POINT('',(-17.31690200824,17.261897201694,3.5));
#771 = CARTESIAN_POINT('',(-17.7483680557,17.139116418981,3.5));
#772 = CARTESIAN_POINT('',(-18.17212804446,16.994139363114,3.5));
#773 = CARTESIAN_POINT('',(-18.58580872573,16.826672224852,3.5));
#774 = CARTESIAN_POINT('',(-18.98703685105,16.636421195533,3.5));
#775 = CARTESIAN_POINT('',(-19.37343917151,16.423092465834,3.5));
#776 = CARTESIAN_POINT('',(-19.74264243869,16.186392227059,3.5));
#777 = CARTESIAN_POINT('',(-20.09227340373,15.926026670017,3.5));
#778 = CARTESIAN_POINT('',(-20.4199588181,15.641701985842,3.5));
#779 = CARTESIAN_POINT('',(-20.72332543307,15.33312436549,3.5));
#780 = CARTESIAN_POINT('',(-21.258361312,14.688925335339,3.5));
#781 = CARTESIAN_POINT('',(-21.4934471581,14.356445908902,3.5));
#782 = CARTESIAN_POINT('',(-21.70510645189,14.005056623031,3.5));
#783 = CARTESIAN_POINT('',(-21.89318810694,13.637252379933,3.5));
#784 = CARTESIAN_POINT('',(-22.05754103685,13.255528082077,3.5));
#785 = CARTESIAN_POINT('',(-22.19801415515,12.862378631541,3.5));
#786 = CARTESIAN_POINT('',(-22.3144563755,12.460298930859,3.5));
#787 = CARTESIAN_POINT('',(-22.40671661138,12.051783882151,3.5));
#788 = CARTESIAN_POINT('',(-22.47464377648,11.63932838782,3.5));
#789 = CARTESIAN_POINT('',(-22.51808678428,11.225427350139,3.5));
#790 = CARTESIAN_POINT('',(-22.53689454843,10.8125756714,3.5));
#791 = CARTESIAN_POINT('',(-22.53091598247,10.403268253924,3.5));
#792 = CARTESIAN_POINT('',(-22.46139049229,9.496377358524,3.5));
#793 = CARTESIAN_POINT('',(-22.38388776616,9.002173595992,3.5));
#794 = CARTESIAN_POINT('',(-22.2676162784,8.518481096245,3.5));
#795 = CARTESIAN_POINT('',(-22.11270048573,8.046392243155,3.5));
#796 = CARTESIAN_POINT('',(-21.91926484502,7.586999420558,3.5));
#797 = CARTESIAN_POINT('',(-21.68743381287,7.1413950123,3.5));
#798 = CARTESIAN_POINT('',(-21.41733184631,6.710671402277,3.5));
#799 = CARTESIAN_POINT('',(-21.10908340181,6.295920974265,3.5));
#800 = CARTESIAN_POINT('',(-20.76281293643,5.898236112204,3.5));
#801 = CARTESIAN_POINT('',(-20.37864490672,5.518709199871,3.5));
#802 = CARTESIAN_POINT('',(-19.9567037696,5.158432621169,3.5));
#803 = CARTESIAN_POINT('',(-19.49711398175,4.818498759925,3.5));
#804 = CARTESIAN_POINT('',(-18.76730092546,4.350910717871,3.5));
#805 = CARTESIAN_POINT('',(-18.52637963784,4.206518244709,3.5));
#806 = CARTESIAN_POINT('',(-18.27881634099,4.066346582666,3.5));
#807 = CARTESIAN_POINT('',(-18.02619123878,3.929919733914,3.5));
#808 = CARTESIAN_POINT('',(-17.77008453505,3.796761700586,3.5));
#809 = CARTESIAN_POINT('',(-17.51207643365,3.66639648488,3.5));
#810 = CARTESIAN_POINT('',(-17.25374713844,3.538348088901,3.499999999999
    ));
#811 = CARTESIAN_POINT('',(-16.9966768533,3.412140514868,3.5));
#812 = CARTESIAN_POINT('',(-16.74244578204,3.287297764882,3.5));
#813 = CARTESIAN_POINT('',(-16.49263412854,3.163343841146,3.5));
#814 = CARTESIAN_POINT('',(-16.24882209665,3.03980274579,3.5));
#815 = CARTESIAN_POINT('',(-16.01258989023,2.916198480986,3.5));
#816 = CARTESIAN_POINT('',(-15.55844553602,2.667911616789,3.5));
#817 = CARTESIAN_POINT('',(-15.34053338823,2.543229017397,3.5));
#818 = CARTESIAN_POINT('',(-15.13336147362,2.417531252872,3.5));
#819 = CARTESIAN_POINT('',(-14.93850999603,2.290342325367,3.5));
#820 = CARTESIAN_POINT('',(-14.75755915933,2.161186237046,3.5));
#821 = CARTESIAN_POINT('',(-14.59208916737,2.029586990064,3.499999999999
    ));
#822 = CARTESIAN_POINT('',(-14.44368022399,1.895068586577,3.500000000001
    ));
#823 = CARTESIAN_POINT('',(-14.31391253306,1.757155028754,3.5));
#824 = CARTESIAN_POINT('',(-14.20436629843,1.615370318736,3.5));
#825 = CARTESIAN_POINT('',(-14.11662172395,1.4692384587,3.5));
#826 = CARTESIAN_POINT('',(-14.05225901349,1.318283450789,3.5));
#827 = CARTESIAN_POINT('',(-14.01285837088,1.162029297171,3.5));
#828 = CARTESIAN_POINT('',(-13.98012451142,0.749547475886,3.5));
#829 = CARTESIAN_POINT('',(-14.02366545729,0.485296622211,3.5));
#830 = CARTESIAN_POINT('',(-14.12297213642,0.20840881142,3.5));
#831 = CARTESIAN_POINT('',(-14.27039384766,-7.995458403946E-02,3.5));
#832 = CARTESIAN_POINT('',(-14.45827988982,-0.378632191732,3.5));
#833 = CARTESIAN_POINT('',(-14.67897956173,-0.68646263919,3.5));
#834 = CARTESIAN_POINT('',(-14.92484216224,-1.002284554013,3.5));
#835 = CARTESIAN_POINT('',(-15.18821699015,-1.324936563691,3.5));
#836 = CARTESIAN_POINT('',(-15.46145334432,-1.653257295853,3.5));
#837 = CARTESIAN_POINT('',(-15.73690052355,-1.986085377987,3.5));
#838 = CARTESIAN_POINT('',(-16.00690782669,-2.3222594377,3.5));
#839 = CARTESIAN_POINT('',(-16.26382455256,-2.660618102514,3.5));
#840 = CARTESIAN_POINT('',(-16.80966024915,-3.444978866665,3.5));
#841 = CARTESIAN_POINT('',(-17.08366414323,-3.891716773748,3.5));
#842 = CARTESIAN_POINT('',(-17.3229054321,-4.340486691857,3.5));
#843 = CARTESIAN_POINT('',(-17.52827786557,-4.791561591431,3.5));
#844 = CARTESIAN_POINT('',(-17.70067519356,-5.245214443246,3.5));
#845 = CARTESIAN_POINT('',(-17.84099116581,-5.701718217554,3.5));
#846 = CARTESIAN_POINT('',(-17.95011953229,-6.161345885265,3.5));
#847 = CARTESIAN_POINT('',(-18.02895404274,-6.624370416609,3.5));
#848 = CARTESIAN_POINT('',(-18.07838844708,-7.091064782399,3.5));
#849 = CARTESIAN_POINT('',(-18.09931649512,-7.561701953034,3.5));
#850 = CARTESIAN_POINT('',(-18.09263193673,-8.036554899155,3.5));
#851 = CARTESIAN_POINT('',(-18.05922852173,-8.515896591287,3.5));
#852 = CARTESIAN_POINT('',(-17.94646470693,-9.437569892015,3.5));
#853 = CARTESIAN_POINT('',(-17.87183047044,-9.879030075352,3.5));
#854 = CARTESIAN_POINT('',(-17.77554371149,-10.32091253841,3.5));
#855 = CARTESIAN_POINT('',(-17.65705085108,-10.75974926956,3.5));
#856 = CARTESIAN_POINT('',(-17.51579831009,-11.19207225724,3.5));
#857 = CARTESIAN_POINT('',(-17.35123250966,-11.6144134898,3.5));
#858 = CARTESIAN_POINT('',(-17.16279987051,-12.02330495567,3.5));
#859 = CARTESIAN_POINT('',(-16.94994681388,-12.41527864321,3.5));
#860 = CARTESIAN_POINT('',(-16.71211976049,-12.78686654083,3.5));
#861 = CARTESIAN_POINT('',(-16.44876513149,-13.13460063693,3.5));
#862 = CARTESIAN_POINT('',(-16.15932934774,-13.45501291989,3.5));
#863 = CARTESIAN_POINT('',(-15.84325883026,-13.74463537812,3.5));
#864 = CARTESIAN_POINT('',(-15.09969485465,-14.29780376516,3.5));
#865 = CARTESIAN_POINT('',(-14.66241360392,-14.5490168729,3.5));
#866 = CARTESIAN_POINT('',(-14.19370905588,-14.7545575831,3.5));
#867 = CARTESIAN_POINT('',(-13.69913401863,-14.91534415571,3.5));
#868 = CARTESIAN_POINT('',(-13.1842413002,-15.03229485053,3.499999999999
    ));
#869 = CARTESIAN_POINT('',(-12.6545837087,-15.10632792765,3.500000000001
    ));
#870 = CARTESIAN_POINT('',(-12.11571405219,-15.13836164671,
    3.499999999999));
#871 = CARTESIAN_POINT('',(-11.57318513872,-15.12931426791,
    3.500000000001));
#872 = CARTESIAN_POINT('',(-11.03254977642,-15.08010405088,3.5));
#873 = CARTESIAN_POINT('',(-10.49936077331,-14.99164925573,3.5));
#874 = CARTESIAN_POINT('',(-9.979170937496,-14.86486814224,3.5));
#875 = CARTESIAN_POINT('',(-9.477533077031,-14.70067897037,3.5));
#876 = CARTESIAN_POINT('',(-8.533838389393,-14.30409978587,3.5));
#877 = CARTESIAN_POINT('',(-8.090647219466,-14.07342694025,3.5));
#878 = CARTESIAN_POINT('',(-7.669616722966,-13.8106351975,3.5));
#879 = CARTESIAN_POINT('',(-7.269937132635,-13.51837829214,3.5));
#880 = CARTESIAN_POINT('',(-6.890798681218,-13.19930995835,3.5));
#881 = CARTESIAN_POINT('',(-6.531391601456,-12.85608393093,
    3.499999999999));
#882 = CARTESIAN_POINT('',(-6.190906126098,-12.49135394376,
    3.500000000001));
#883 = CARTESIAN_POINT('',(-5.868532487879,-12.10777373183,3.5));
#884 = CARTESIAN_POINT('',(-5.563460919555,-11.70799702902,3.5));
#885 = CARTESIAN_POINT('',(-5.274881653856,-11.29467757014,3.5));
#886 = CARTESIAN_POINT('',(-5.001984923538,-10.87046908935,3.5));
#887 = CARTESIAN_POINT('',(-4.743960961337,-10.43802532118,3.5));
#888 = CARTESIAN_POINT('',(-4.257549647376,-9.564686935987,3.5));
#889 = CARTESIAN_POINT('',(-4.028988678316,-9.123861227029,3.5));
#890 = CARTESIAN_POINT('',(-3.814556542719,-8.677834258239,3.5));
#891 = CARTESIAN_POINT('',(-3.614492690416,-8.226917414663,3.5));
#892 = CARTESIAN_POINT('',(-3.429036571391,-7.771422081504,3.5));
#893 = CARTESIAN_POINT('',(-3.258427635352,-7.311659643688,3.5));
#894 = CARTESIAN_POINT('',(-3.102905332412,-6.847941486532,3.5));
#895 = CARTESIAN_POINT('',(-2.962709112192,-6.380578994904,3.5));
#896 = CARTESIAN_POINT('',(-2.838078424811,-5.909883554093,3.5));
#897 = CARTESIAN_POINT('',(-2.729252719968,-5.436166549068,3.5));
#898 = CARTESIAN_POINT('',(-2.636471447656,-4.95973936499,3.5));
#899 = CARTESIAN_POINT('',(-2.5599740577,-4.480913386934,3.5));
#900 = CARTESIAN_POINT('',(-2.424138150858,-3.391687336009,3.5));
#901 = CARTESIAN_POINT('',(-2.374713633319,-2.780034817817,3.5));
#902 = CARTESIAN_POINT('',(-2.347964531909,-2.165631862405,3.5));
#903 = CARTESIAN_POINT('',(-2.340128931145,-1.549067886791,3.5));
#904 = CARTESIAN_POINT('',(-2.347444915565,-0.930932307926,3.5));
#905 = CARTESIAN_POINT('',(-2.36615056967,-0.311814542846,3.5));
#906 = CARTESIAN_POINT('',(-2.39248397801,0.307695991482,3.5));
#907 = CARTESIAN_POINT('',(-2.422683225086,0.927009878074,3.5));
#908 = CARTESIAN_POINT('',(-2.452986395437,1.545537699898,3.5));
#909 = CARTESIAN_POINT('',(-2.479631573579,2.162690040015,3.5));
#910 = CARTESIAN_POINT('',(-2.498856844037,2.777877481387,3.5));
#911 = CARTESIAN_POINT('',(-2.506900291337,3.390510607051,3.5));
#912 = CARTESIAN_POINT('',(-2.5,4.,3.5));
#913 = PCURVE('',#103,#914);
#914 = DEFINITIONAL_REPRESENTATION('',(#915),#1206);
#915 = B_SPLINE_CURVE_WITH_KNOTS('',13,(#916,#917,#918,#919,#920,#921,
    #922,#923,#924,#925,#926,#927,#928,#929,#930,#931,#932,#933,#934,
    #935,#936,#937,#938,#939,#940,#941,#942,#943,#944,#945,#946,#947,
    #948,#949,#950,#951,#952,#953,#954,#955,#956,#957,#958,#959,#960,
    #961,#962,#963,#964,#965,#966,#967,#968,#969,#970,#971,#972,#973,
    #974,#975,#976,#977,#978,#979,#980,#981,#982,#983,#984,#985,#986,
    #987,#988,#989,#990,#991,#992,#993,#994,#995,#996,#997,#998,#999,
    #1000,#1001,#1002,#1003,#1004,#1005,#1006,#1007,#1008,#1009,#1010,
    #1011,#1012,#1013,#1014,#1015,#1016,#1017,#1018,#1019,#1020,#1021,
    #1022,#1023,#1024,#1025,#1026,#1027,#1028,#1029,#1030,#1031,#1032,
    #1033,#1034,#1035,#1036,#1037,#1038,#1039,#1040,#1041,#1042,#1043,
    #1044,#1045,#1046,#1047,#1048,#1049,#1050,#1051,#1052,#1053,#1054,
    #1055,#1056,#1057,#1058,#1059,#1060,#1061,#1062,#1063,#1064,#1065,
    #1066,#1067,#1068,#1069,#1070,#1071,#1072,#1073,#1074,#1075,#1076,
    #1077,#1078,#1079,#1080,#1081,#1082,#1083,#1084,#1085,#1086,#1087,
    #1088,#1089,#1090,#1091,#1092,#1093,#1094,#1095,#1096,#1097,#1098,
    #1099,#1100,#1101,#1102,#1103,#1104,#1105,#1106,#1107,#1108,#1109,
    #1110,#1111,#1112,#1113,#1114,#1115,#1116,#1117,#1118,#1119,#1120,
    #1121,#1122,#1123,#1124,#1125,#1126,#1127,#1128,#1129,#1130,#1131,
    #1132,#1133,#1134,#1135,#1136,#1137,#1138,#1139,#1140,#1141,#1142,
    #1143,#1144,#1145,#1146,#1147,#1148,#1149,#1150,#1151,#1152,#1153,
    #1154,#1155,#1156,#1157,#1158,#1159,#1160,#1161,#1162,#1163,#1164,
    #1165,#1166,#1167,#1168,#1169,#1170,#1171,#1172,#1173,#1174,#1175,
    #1176,#1177,#1178,#1179,#1180,#1181,#1182,#1183,#1184,#1185,#1186,
    #1187,#1188,#1189,#1190,#1191,#1192,#1193,#1194,#1195,#1196,#1197,
    #1198,#1199,#1200,#1201,#1202,#1203,#1204,#1205),.UNSPECIFIED.,.F.,
  .F.,(14,12,12,12,12,12,12,12,12,12,12,12,12,12,12,12,12,12,12,12,12,12
    ,12,12,14),(-3.318067981453E-15,1.669940179262E-02,
    3.339880358525E-02,6.679760717051E-02,0.133595214341,0.267190428682,
    0.534380857364,1.068761714728,2.137523429456,4.275046858913,
    8.550093717826,15.4121930842,21.617290054193,27.319887584005,
    32.645026775413,39.295341149812,42.408353571716,45.52136599362,
    50.333223060695,56.642265234472,62.344862764283,68.995177138682,
    75.487127977126,81.938880591057,90.099773855045),.UNSPECIFIED.);
#916 = CARTESIAN_POINT('',(1.734723475977E-18,-1.3));
#917 = CARTESIAN_POINT('',(1.259243886288E-03,-1.3));
#918 = CARTESIAN_POINT('',(2.518487772508E-03,-1.299999999998));
#919 = CARTESIAN_POINT('',(3.777731659087E-03,-1.300000000006));
#920 = CARTESIAN_POINT('',(5.036975544607E-03,-1.299999999988));
#921 = CARTESIAN_POINT('',(6.29621943233E-03,-1.300000000018));
#922 = CARTESIAN_POINT('',(7.555463316546E-03,-1.299999999978));
#923 = CARTESIAN_POINT('',(8.814707205128E-03,-1.300000000022));
#924 = CARTESIAN_POINT('',(1.007395108951E-02,-1.299999999983));
#925 = CARTESIAN_POINT('',(1.133319497694E-02,-1.300000000011));
#926 = CARTESIAN_POINT('',(1.259243886275E-02,-1.299999999995));
#927 = CARTESIAN_POINT('',(1.385168274916E-02,-1.300000000002));
#928 = CARTESIAN_POINT('',(1.511092663543E-02,-1.3));
#929 = CARTESIAN_POINT('',(1.7629414408E-02,-1.3));
#930 = CARTESIAN_POINT('',(1.888865829429E-02,-1.3));
#931 = CARTESIAN_POINT('',(2.014790218056E-02,-1.299999999998));
#932 = CARTESIAN_POINT('',(2.140714606688E-02,-1.300000000004));
#933 = CARTESIAN_POINT('',(2.266638995311E-02,-1.299999999994));
#934 = CARTESIAN_POINT('',(2.392563383947E-02,-1.300000000007));
#935 = CARTESIAN_POINT('',(2.518487772569E-02,-1.299999999993));
#936 = CARTESIAN_POINT('',(2.644412161202E-02,-1.300000000006));
#937 = CARTESIAN_POINT('',(2.770336549828E-02,-1.299999999996));
#938 = CARTESIAN_POINT('',(2.896260938458E-02,-1.300000000002));
#939 = CARTESIAN_POINT('',(3.022185327086E-02,-1.299999999999));
#940 = CARTESIAN_POINT('',(3.148109715715E-02,-1.3));
#941 = CARTESIAN_POINT('',(3.5258828816E-02,-1.3));
#942 = CARTESIAN_POINT('',(3.77773165886E-02,-1.3));
#943 = CARTESIAN_POINT('',(4.029580436109E-02,-1.299999999999));
#944 = CARTESIAN_POINT('',(4.281429213385E-02,-1.300000000001));
#945 = CARTESIAN_POINT('',(4.53327799061E-02,-1.299999999998));
#946 = CARTESIAN_POINT('',(4.78512676791E-02,-1.300000000002));
#947 = CARTESIAN_POINT('',(5.036975545121E-02,-1.299999999998));
#948 = CARTESIAN_POINT('',(5.288824322419E-02,-1.300000000001));
#949 = CARTESIAN_POINT('',(5.540673099648E-02,-1.299999999999));
#950 = CARTESIAN_POINT('',(5.792521876921E-02,-1.3));
#951 = CARTESIAN_POINT('',(6.044370654172E-02,-1.3));
#952 = CARTESIAN_POINT('',(6.29621943143E-02,-1.3));
#953 = CARTESIAN_POINT('',(7.051765763202E-02,-1.3));
#954 = CARTESIAN_POINT('',(7.555463317713E-02,-1.3));
#955 = CARTESIAN_POINT('',(8.059160872238E-02,-1.300000000001));
#956 = CARTESIAN_POINT('',(8.562858426733E-02,-1.299999999999));
#957 = CARTESIAN_POINT('',(9.066555981274E-02,-1.3));
#958 = CARTESIAN_POINT('',(9.57025353576E-02,-1.300000000001));
#959 = CARTESIAN_POINT('',(0.100739510903,-1.299999999998));
#960 = CARTESIAN_POINT('',(0.105776486448,-1.300000000002));
#961 = CARTESIAN_POINT('',(0.110813461993,-1.299999999999));
#962 = CARTESIAN_POINT('',(0.115850437538,-1.300000000001));
#963 = CARTESIAN_POINT('',(0.120887413083,-1.3));
#964 = CARTESIAN_POINT('',(0.125924388629,-1.3));
#965 = CARTESIAN_POINT('',(0.141035315264,-1.3));
#966 = CARTESIAN_POINT('',(0.151109266354,-1.300000000001));
#967 = CARTESIAN_POINT('',(0.161183217445,-1.299999999998));
#968 = CARTESIAN_POINT('',(0.171257168535,-1.300000000005));
#969 = CARTESIAN_POINT('',(0.181331119625,-1.299999999993));
#970 = CARTESIAN_POINT('',(0.191405070716,-1.300000000008));
#971 = CARTESIAN_POINT('',(0.201479021805,-1.299999999992));
#972 = CARTESIAN_POINT('',(0.211552972896,-1.300000000007));
#973 = CARTESIAN_POINT('',(0.221626923986,-1.299999999995));
#974 = CARTESIAN_POINT('',(0.231700875077,-1.300000000002));
#975 = CARTESIAN_POINT('',(0.241774826167,-1.299999999999));
#976 = CARTESIAN_POINT('',(0.251848777257,-1.3));
#977 = CARTESIAN_POINT('',(0.282070630528,-1.3));
#978 = CARTESIAN_POINT('',(0.302218532709,-1.300000000002));
#979 = CARTESIAN_POINT('',(0.322366434888,-1.299999999994));
#980 = CARTESIAN_POINT('',(0.342514337072,-1.300000000011));
#981 = CARTESIAN_POINT('',(0.362662239247,-1.299999999984));
#982 = CARTESIAN_POINT('',(0.382810141434,-1.300000000019));
#983 = CARTESIAN_POINT('',(0.402958043608,-1.299999999982));
#984 = CARTESIAN_POINT('',(0.423105945794,-1.300000000013));
#985 = CARTESIAN_POINT('',(0.443253847971,-1.299999999992));
#986 = CARTESIAN_POINT('',(0.463401750154,-1.300000000004));
#987 = CARTESIAN_POINT('',(0.483549652334,-1.299999999999));
#988 = CARTESIAN_POINT('',(0.503697554514,-1.3));
#989 = CARTESIAN_POINT('',(0.564141261056,-1.3));
#990 = CARTESIAN_POINT('',(0.604437065418,-1.300000000001));
#991 = CARTESIAN_POINT('',(0.644732869778,-1.299999999997));
#992 = CARTESIAN_POINT('',(0.685028674141,-1.300000000006));
#993 = CARTESIAN_POINT('',(0.725324478498,-1.29999999999));
#994 = CARTESIAN_POINT('',(0.765620282865,-1.300000000012));
#995 = CARTESIAN_POINT('',(0.80591608722,-1.299999999989));
#996 = CARTESIAN_POINT('',(0.846211891587,-1.300000000009));
#997 = CARTESIAN_POINT('',(0.886507695944,-1.299999999994));
#998 = CARTESIAN_POINT('',(0.926803500307,-1.300000000003));
#999 = CARTESIAN_POINT('',(0.967099304667,-1.299999999999));
#1000 = CARTESIAN_POINT('',(1.007395109029,-1.3));
#1001 = CARTESIAN_POINT('',(1.128282522112,-1.3));
#1002 = CARTESIAN_POINT('',(1.208874130836,-1.300000000001));
#1003 = CARTESIAN_POINT('',(1.289465739554,-1.299999999997));
#1004 = CARTESIAN_POINT('',(1.370057348286,-1.300000000006));
#1005 = CARTESIAN_POINT('',(1.450648956992,-1.299999999991));
#1006 = CARTESIAN_POINT('',(1.531240565736,-1.300000000011));
#1007 = CARTESIAN_POINT('',(1.611832174433,-1.29999999999));
#1008 = CARTESIAN_POINT('',(1.692423783179,-1.300000000008));
#1009 = CARTESIAN_POINT('',(1.773015391884,-1.299999999995));
#1010 = CARTESIAN_POINT('',(1.853607000617,-1.300000000002));
#1011 = CARTESIAN_POINT('',(1.934198609334,-1.299999999999));
#1012 = CARTESIAN_POINT('',(2.014790218058,-1.3));
#1013 = CARTESIAN_POINT('',(2.256565044224,-1.3));
#1014 = CARTESIAN_POINT('',(2.417748261672,-1.300000000001));
#1015 = CARTESIAN_POINT('',(2.578931479107,-1.299999999998));
#1016 = CARTESIAN_POINT('',(2.740114696572,-1.300000000003));
#1017 = CARTESIAN_POINT('',(2.901297913984,-1.299999999996));
#1018 = CARTESIAN_POINT('',(3.062481131471,-1.300000000005));
#1019 = CARTESIAN_POINT('',(3.22366434887,-1.299999999996));
#1020 = CARTESIAN_POINT('',(3.384847566355,-1.300000000003));
#1021 = CARTESIAN_POINT('',(3.54603078377,-1.299999999998));
#1022 = CARTESIAN_POINT('',(3.707214001232,-1.300000000001));
#1023 = CARTESIAN_POINT('',(3.868397218668,-1.3));
#1024 = CARTESIAN_POINT('',(4.029580436116,-1.3));
#1025 = CARTESIAN_POINT('',(4.513130088448,-1.3));
#1026 = CARTESIAN_POINT('',(4.835496523346,-1.300000000002));
#1027 = CARTESIAN_POINT('',(5.157862958208,-1.299999999996));
#1028 = CARTESIAN_POINT('',(5.480229393153,-1.300000000008));
#1029 = CARTESIAN_POINT('',(5.802595827955,-1.299999999988));
#1030 = CARTESIAN_POINT('',(6.124962262951,-1.300000000014));
#1031 = CARTESIAN_POINT('',(6.447328697736,-1.299999999987));
#1032 = CARTESIAN_POINT('',(6.769695132707,-1.30000000001));
#1033 = CARTESIAN_POINT('',(7.092061567546,-1.299999999994));
#1034 = CARTESIAN_POINT('',(7.414428002459,-1.300000000003));
#1035 = CARTESIAN_POINT('',(7.73679443734,-1.299999999999));
#1036 = CARTESIAN_POINT('',(8.059160872231,-1.3));
#1037 = CARTESIAN_POINT('',(8.898974385854,-1.3));
#1038 = CARTESIAN_POINT('',(9.416421464584,-1.3));
#1039 = CARTESIAN_POINT('',(9.933868543332,-1.299999999999));
#1040 = CARTESIAN_POINT('',(10.451315622029,-1.300000000001));
#1041 = CARTESIAN_POINT('',(10.968762700833,-1.299999999999));
#1042 = CARTESIAN_POINT('',(11.48620977946,-1.3));
#1043 = CARTESIAN_POINT('',(12.003656858322,-1.3));
#1044 = CARTESIAN_POINT('',(12.521103936932,-1.3));
#1045 = CARTESIAN_POINT('',(13.038551015761,-1.3));
#1046 = CARTESIAN_POINT('',(13.555998094436,-1.3));
#1047 = CARTESIAN_POINT('',(14.073445173197,-1.3));
#1048 = CARTESIAN_POINT('',(14.590892251922,-1.3));
#1049 = CARTESIAN_POINT('',(15.57624414068,-1.3));
#1050 = CARTESIAN_POINT('',(16.044148950702,-1.3));
#1051 = CARTESIAN_POINT('',(16.512053760726,-1.299999999999));
#1052 = CARTESIAN_POINT('',(16.979958570752,-1.300000000002));
#1053 = CARTESIAN_POINT('',(17.447863380761,-1.299999999997));
#1054 = CARTESIAN_POINT('',(17.915768190815,-1.300000000004));
#1055 = CARTESIAN_POINT('',(18.383673000791,-1.299999999996));
#1056 = CARTESIAN_POINT('',(18.851577810868,-1.300000000004));
#1057 = CARTESIAN_POINT('',(19.319482620842,-1.299999999997));
#1058 = CARTESIAN_POINT('',(19.7873874309,-1.300000000001));
#1059 = CARTESIAN_POINT('',(20.255292240903,-1.299999999999));
#1060 = CARTESIAN_POINT('',(20.723197050935,-1.3));
#1061 = CARTESIAN_POINT('',(21.621114933548,-1.3));
#1062 = CARTESIAN_POINT('',(22.051128006169,-1.300000000001));
#1063 = CARTESIAN_POINT('',(22.48114107868,-1.299999999996));
#1064 = CARTESIAN_POINT('',(22.911154151469,-1.300000000008));
#1065 = CARTESIAN_POINT('',(23.341167223733,-1.299999999988));
#1066 = CARTESIAN_POINT('',(23.771180296783,-1.300000000015));
#1067 = CARTESIAN_POINT('',(24.201193368878,-1.299999999985));
#1068 = CARTESIAN_POINT('',(24.631206441927,-1.300000000012));
#1069 = CARTESIAN_POINT('',(25.061219514187,-1.299999999992));
#1070 = CARTESIAN_POINT('',(25.491232586986,-1.300000000004));
#1071 = CARTESIAN_POINT('',(25.921245659484,-1.299999999998));
#1072 = CARTESIAN_POINT('',(26.351258732117,-1.3));
#1073 = CARTESIAN_POINT('',(27.182822055035,-1.299999999999));
#1074 = CARTESIAN_POINT('',(27.584372305455,-1.300000000003));
#1075 = CARTESIAN_POINT('',(27.985922555552,-1.299999999991));
#1076 = CARTESIAN_POINT('',(28.387472806429,-1.300000000018));
#1077 = CARTESIAN_POINT('',(28.789023055894,-1.299999999973));
#1078 = CARTESIAN_POINT('',(29.19057330737,-1.300000000032));
#1079 = CARTESIAN_POINT('',(29.592123556538,-1.299999999969));
#1080 = CARTESIAN_POINT('',(29.993673807866,-1.300000000023));
#1081 = CARTESIAN_POINT('',(30.395224057543,-1.299999999986));
#1082 = CARTESIAN_POINT('',(30.796774308242,-1.300000000006));
#1083 = CARTESIAN_POINT('',(31.198324558441,-1.299999999998));
#1084 = CARTESIAN_POINT('',(31.59987480882,-1.3));
#1085 = CARTESIAN_POINT('',(32.502902167255,-1.3));
#1086 = CARTESIAN_POINT('',(33.004379275319,-1.299999999999));
#1087 = CARTESIAN_POINT('',(33.505856383513,-1.300000000004));
#1088 = CARTESIAN_POINT('',(34.007333491388,-1.299999999993));
#1089 = CARTESIAN_POINT('',(34.508810599819,-1.30000000001));
#1090 = CARTESIAN_POINT('',(35.010287707505,-1.299999999988));
#1091 = CARTESIAN_POINT('',(35.511764815986,-1.300000000011));
#1092 = CARTESIAN_POINT('',(36.013241923777,-1.299999999991));
#1093 = CARTESIAN_POINT('',(36.51471903206,-1.300000000005));
#1094 = CARTESIAN_POINT('',(37.016196140056,-1.299999999997));
#1095 = CARTESIAN_POINT('',(37.517673248186,-1.300000000001));
#1096 = CARTESIAN_POINT('',(38.019150356269,-1.3));
#1097 = CARTESIAN_POINT('',(38.755368918511,-1.3));
#1098 = CARTESIAN_POINT('',(38.990110372669,-1.3));
#1099 = CARTESIAN_POINT('',(39.224851826776,-1.3));
#1100 = CARTESIAN_POINT('',(39.459593281035,-1.300000000001));
#1101 = CARTESIAN_POINT('',(39.69433473497,-1.299999999998));
#1102 = CARTESIAN_POINT('',(39.929076189439,-1.300000000003));
#1103 = CARTESIAN_POINT('',(40.163817643208,-1.299999999997));
#1104 = CARTESIAN_POINT('',(40.398559097716,-1.300000000003));
#1105 = CARTESIAN_POINT('',(40.633300551593,-1.299999999998));
#1106 = CARTESIAN_POINT('',(40.868042005906,-1.300000000001));
#1107 = CARTESIAN_POINT('',(41.102783459977,-1.3));
#1108 = CARTESIAN_POINT('',(41.337524914153,-1.3));
#1109 = CARTESIAN_POINT('',(41.807007822439,-1.3));
#1110 = CARTESIAN_POINT('',(42.041749276625,-1.300000000001));
#1111 = CARTESIAN_POINT('',(42.276490730653,-1.299999999996));
#1112 = CARTESIAN_POINT('',(42.511232185071,-1.300000000008));
#1113 = CARTESIAN_POINT('',(42.745973638763,-1.299999999987));
#1114 = CARTESIAN_POINT('',(42.980715093525,-1.300000000015));
#1115 = CARTESIAN_POINT('',(43.215456547005,-1.299999999986));
#1116 = CARTESIAN_POINT('',(43.450198001751,-1.300000000011));
#1117 = CARTESIAN_POINT('',(43.684939455464,-1.299999999993));
#1118 = CARTESIAN_POINT('',(43.919680909868,-1.300000000003));
#1119 = CARTESIAN_POINT('',(44.154422363901,-1.299999999999));
#1120 = CARTESIAN_POINT('',(44.389163818087,-1.3));
#1121 = CARTESIAN_POINT('',(44.986750700375,-1.3));
#1122 = CARTESIAN_POINT('',(45.349596128588,-1.3));
#1123 = CARTESIAN_POINT('',(45.712441556573,-1.299999999999));
#1124 = CARTESIAN_POINT('',(46.0752869851,-1.300000000002));
#1125 = CARTESIAN_POINT('',(46.438132412634,-1.299999999998));
#1126 = CARTESIAN_POINT('',(46.800977841616,-1.300000000002));
#1127 = CARTESIAN_POINT('',(47.163823268895,-1.299999999998));
#1128 = CARTESIAN_POINT('',(47.526668697795,-1.300000000001));
#1129 = CARTESIAN_POINT('',(47.889514125453,-1.3));
#1130 = CARTESIAN_POINT('',(48.252359553863,-1.3));
#1131 = CARTESIAN_POINT('',(48.615204981931,-1.3));
#1132 = CARTESIAN_POINT('',(48.978050410096,-1.3));
#1133 = CARTESIAN_POINT('',(49.816638795081,-1.300000000001));
#1134 = CARTESIAN_POINT('',(50.292381751729,-1.299999999996));
#1135 = CARTESIAN_POINT('',(50.768124709041,-1.300000000011));
#1136 = CARTESIAN_POINT('',(51.243867664725,-1.299999999978));
#1137 = CARTESIAN_POINT('',(51.719610623377,-1.300000000033));
#1138 = CARTESIAN_POINT('',(52.195353577757,-1.29999999996));
#1139 = CARTESIAN_POINT('',(52.671096537124,-1.300000000038));
#1140 = CARTESIAN_POINT('',(53.146839491708,-1.29999999997));
#1141 = CARTESIAN_POINT('',(53.622582450073,-1.300000000018));
#1142 = CARTESIAN_POINT('',(54.098325405991,-1.299999999991));
#1143 = CARTESIAN_POINT('',(54.574068363179,-1.300000000003));
#1144 = CARTESIAN_POINT('',(55.049811319864,-1.299999999999));
#1145 = CARTESIAN_POINT('',(55.955567349292,-1.3));
#1146 = CARTESIAN_POINT('',(56.385580421838,-1.299999999999));
#1147 = CARTESIAN_POINT('',(56.815593494565,-1.300000000001));
#1148 = CARTESIAN_POINT('',(57.245606566897,-1.299999999998));
#1149 = CARTESIAN_POINT('',(57.675619639914,-1.300000000002));
#1150 = CARTESIAN_POINT('',(58.105632711975,-1.299999999998));
#1151 = CARTESIAN_POINT('',(58.535645785122,-1.300000000001));
#1152 = CARTESIAN_POINT('',(58.965658857253,-1.299999999999));
#1153 = CARTESIAN_POINT('',(59.395671930173,-1.3));
#1154 = CARTESIAN_POINT('',(59.825685002582,-1.3));
#1155 = CARTESIAN_POINT('',(60.255698075268,-1.3));
#1156 = CARTESIAN_POINT('',(60.685711147828,-1.3));
#1157 = CARTESIAN_POINT('',(61.617201328542,-1.3));
#1158 = CARTESIAN_POINT('',(62.118678436529,-1.299999999999));
#1159 = CARTESIAN_POINT('',(62.620155544966,-1.300000000004));
#1160 = CARTESIAN_POINT('',(63.121632652291,-1.299999999992));
#1161 = CARTESIAN_POINT('',(63.623109761685,-1.300000000012));
#1162 = CARTESIAN_POINT('',(64.12458686803,-1.299999999985));
#1163 = CARTESIAN_POINT('',(64.626063978018,-1.300000000014));
#1164 = CARTESIAN_POINT('',(65.127541084437,-1.299999999989));
#1165 = CARTESIAN_POINT('',(65.629018193728,-1.300000000006));
#1166 = CARTESIAN_POINT('',(66.130495301137,-1.299999999997));
#1167 = CARTESIAN_POINT('',(66.631972409525,-1.300000000001));
#1168 = CARTESIAN_POINT('',(67.133449517533,-1.3));
#1169 = CARTESIAN_POINT('',(68.124462089538,-1.3));
#1170 = CARTESIAN_POINT('',(68.613997553442,-1.3));
#1171 = CARTESIAN_POINT('',(69.103533017288,-1.299999999999));
#1172 = CARTESIAN_POINT('',(69.593068481328,-1.300000000002));
#1173 = CARTESIAN_POINT('',(70.082603944977,-1.299999999997));
#1174 = CARTESIAN_POINT('',(70.572139409202,-1.300000000003));
#1175 = CARTESIAN_POINT('',(71.061674872766,-1.299999999998));
#1176 = CARTESIAN_POINT('',(71.551210336938,-1.300000000002));
#1177 = CARTESIAN_POINT('',(72.040745800657,-1.299999999999));
#1178 = CARTESIAN_POINT('',(72.530281264648,-1.300000000001));
#1179 = CARTESIAN_POINT('',(73.019816728509,-1.3));
#1180 = CARTESIAN_POINT('',(73.509352192419,-1.3));
#1181 = CARTESIAN_POINT('',(74.485391911723,-1.3));
#1182 = CARTESIAN_POINT('',(74.971896167157,-1.300000000001));
#1183 = CARTESIAN_POINT('',(75.458400422475,-1.299999999996));
#1184 = CARTESIAN_POINT('',(75.944904678129,-1.300000000009));
#1185 = CARTESIAN_POINT('',(76.431408933063,-1.299999999985));
#1186 = CARTESIAN_POINT('',(76.917913189193,-1.30000000002));
#1187 = CARTESIAN_POINT('',(77.40441744375,-1.29999999998));
#1188 = CARTESIAN_POINT('',(77.890921699965,-1.300000000017));
#1189 = CARTESIAN_POINT('',(78.377425954774,-1.299999999989));
#1190 = CARTESIAN_POINT('',(78.863930210534,-1.300000000005));
#1191 = CARTESIAN_POINT('',(79.350434465795,-1.299999999998));
#1192 = CARTESIAN_POINT('',(79.836938721244,-1.3));
#1193 = CARTESIAN_POINT('',(80.938827592043,-1.3));
#1194 = CARTESIAN_POINT('',(81.554212207367,-1.3));
#1195 = CARTESIAN_POINT('',(82.169596822974,-1.300000000001));
#1196 = CARTESIAN_POINT('',(82.784981437839,-1.299999999997));
#1197 = CARTESIAN_POINT('',(83.400366054131,-1.300000000005));
#1198 = CARTESIAN_POINT('',(84.015750668266,-1.299999999993));
#1199 = CARTESIAN_POINT('',(84.631135285033,-1.300000000007));
#1200 = CARTESIAN_POINT('',(85.246519899184,-1.299999999995));
#1201 = CARTESIAN_POINT('',(85.861904515455,-1.300000000003));
#1202 = CARTESIAN_POINT('',(86.477289130333,-1.299999999998));
#1203 = CARTESIAN_POINT('',(87.092673745941,-1.300000000001));
#1204 = CARTESIAN_POINT('',(87.708058361255,-1.3));
#1205 = CARTESIAN_POINT('',(88.323442976652,-1.3));
#1206 = ( GEOMETRIC_REPRESENTATION_CONTEXT(2) 
PARAMETRIC_REPRESENTATION_CONTEXT() REPRESENTATION_CONTEXT('2D SPACE',''
  ) );
#1207 = PCURVE('',#1208,#2079);
#1208 = ( BOUNDED_SURFACE() B_SPLINE_SURFACE(2,13,(
    (#1209,#1210,#1211,#1212,#1213,#1214,#1215,#1216,#1217,#1218,#1219
      ,#1220,#1221,#1222,#1223,#1224,#1225,#1226,#1227,#1228,#1229,#1230
      ,#1231,#1232,#1233,#1234,#1235,#1236,#1237,#1238,#1239,#1240,#1241
      ,#1242,#1243,#1244,#1245,#1246,#1247,#1248,#1249,#1250,#1251,#1252
      ,#1253,#1254,#1255,#1256,#1257,#1258,#1259,#1260,#1261,#1262,#1263
      ,#1264,#1265,#1266,#1267,#1268,#1269,#1270,#1271,#1272,#1273,#1274
      ,#1275,#1276,#1277,#1278,#1279,#1280,#1281,#1282,#1283,#1284,#1285
      ,#1286,#1287,#1288,#1289,#1290,#1291,#1292,#1293,#1294,#1295,#1296
      ,#1297,#1298,#1299,#1300,#1301,#1302,#1303,#1304,#1305,#1306,#1307
      ,#1308,#1309,#1310,#1311,#1312,#1313,#1314,#1315,#1316,#1317,#1318
      ,#1319,#1320,#1321,#1322,#1323,#1324,#1325,#1326,#1327,#1328,#1329
      ,#1330,#1331,#1332,#1333,#1334,#1335,#1336,#1337,#1338,#1339,#1340
      ,#1341,#1342,#1343,#1344,#1345,#1346,#1347,#1348,#1349,#1350,#1351
      ,#1352,#1353,#1354,#1355,#1356,#1357,#1358,#1359,#1360,#1361,#1362
      ,#1363,#1364,#1365,#1366,#1367,#1368,#1369,#1370,#1371,#1372,#1373
      ,#1374,#1375,#1376,#1377,#1378,#1379,#1380,#1381,#1382,#1383,#1384
      ,#1385,#1386,#1387,#1388,#1389,#1390,#1391,#1392,#1393,#1394,#1395
      ,#1396,#1397,#1398,#1399,#1400,#1401,#1402,#1403,#1404,#1405,#1406
      ,#1407,#1408,#1409,#1410,#1411,#1412,#1413,#1414,#1415,#1416,#1417
      ,#1418,#1419,#1420,#1421,#1422,#1423,#1424,#1425,#1426,#1427,#1428
      ,#1429,#1430,#1431,#1432,#1433,#1434,#1435,#1436,#1437,#1438,#1439
      ,#1440,#1441,#1442,#1443,#1444,#1445,#1446,#1447,#1448,#1449,#1450
      ,#1451,#1452,#1453,#1454,#1455,#1456,#1457,#1458,#1459,#1460,#1461
      ,#1462,#1463,#1464,#1465,#1466,#1467,#1468,#1469,#1470,#1471,#1472
      ,#1473,#1474,#1475,#1476,#1477,#1478,#1479,#1480,#1481,#1482,#1483
      ,#1484,#1485,#1486,#1487,#1488,#1489,#1490,#1491,#1492,#1493,#1494
      ,#1495,#1496,#1497,#1498)
    ,(#1499,#1500,#1501,#1502,#1503,#1504,#1505,#1506,#1507,#1508,#1509
      ,#1510,#1511,#1512,#1513,#1514,#1515,#1516,#1517,#1518,#1519,#1520
      ,#1521,#1522,#1523,#1524,#1525,#1526,#1527,#1528,#1529,#1530,#1531
      ,#1532,#1533,#1534,#1535,#1536,#1537,#1538,#1539,#1540,#1541,#1542
      ,#1543,#1544,#1545,#1546,#1547,#1548,#1549,#1550,#1551,#1552,#1553
      ,#1554,#1555,#1556,#1557,#1558,#1559,#1560,#1561,#1562,#1563,#1564
      ,#1565,#1566,#1567,#1568,#1569,#1570,#1571,#1572,#1573,#1574,#1575
      ,#1576,#1577,#1578,#1579,#1580,#1581,#1582,#1583,#1584,#1585,#1586
      ,#1587,#1588,#1589,#1590,#1591,#1592,#1593,#1594,#1595,#1596,#1597
      ,#1598,#1599,#1600,#1601,#1602,#1603,#1604,#1605,#1606,#1607,#1608
      ,#1609,#1610,#1611,#1612,#1613,#1614,#1615,#1616,#1617,#1618,#1619
      ,#1620,#1621,#1622,#1623,#1624,#1625,#1626,#1627,#1628,#1629,#1630
      ,#1631,#1632,#1633,#1634,#1635,#1636,#1637,#1638,#1639,#1640,#1641
      ,#1642,#1643,#1644,#1645,#1646,#1647,#1648,#1649,#1650,#1651,#1652
      ,#1653,#1654,#1655,#1656,#1657,#1658,#1659,#1660,#1661,#1662,#1663
      ,#1664,#1665,#1666,#1667,#1668,#1669,#1670,#1671,#1672,#1673,#1674
      ,#1675,#1676,#1677,#1678,#1679,#1680,#1681,#1682,#1683,#1684,#1685
      ,#1686,#1687,#1688,#1689,#1690,#1691,#1692,#1693,#1694,#1695,#1696
      ,#1697,#1698,#1699,#1700,#1701,#1702,#1703,#1704,#1705,#1706,#1707
      ,#1708,#1709,#1710,#1711,#1712,#1713,#1714,#1715,#1716,#1717,#1718
      ,#1719,#1720,#1721,#1722,#1723,#1724,#1725,#1726,#1727,#1728,#1729
      ,#1730,#1731,#1732,#1733,#1734,#1735,#1736,#1737,#1738,#1739,#1740
      ,#1741,#1742,#1743,#1744,#1745,#1746,#1747,#1748,#1749,#1750,#1751
      ,#1752,#1753,#1754,#1755,#1756,#1757,#1758,#1759,#1760,#1761,#1762
      ,#1763,#1764,#1765,#1766,#1767,#1768,#1769,#1770,#1771,#1772,#1773
      ,#1774,#1775,#1776,#1777,#1778,#1779,#1780,#1781,#1782,#1783,#1784
      ,#1785,#1786,#1787,#1788)
    ,(#1789,#1790,#1791,#1792,#1793,#1794,#1795,#1796,#1797,#1798,#1799
      ,#1800,#1801,#1802,#1803,#1804,#1805,#1806,#1807,#1808,#1809,#1810
      ,#1811,#1812,#1813,#1814,#1815,#1816,#1817,#1818,#1819,#1820,#1821
      ,#1822,#1823,#1824,#1825,#1826,#1827,#1828,#1829,#1830,#1831,#1832
      ,#1833,#1834,#1835,#1836,#1837,#1838,#1839,#1840,#1841,#1842,#1843
      ,#1844,#1845,#1846,#1847,#1848,#1849,#1850,#1851,#1852,#1853,#1854
      ,#1855,#1856,#1857,#1858,#1859,#1860,#1861,#1862,#1863,#1864,#1865
      ,#1866,#1867,#1868,#1869,#1870,#1871,#1872,#1873,#1874,#1875,#1876
      ,#1877,#1878,#1879,#1880,#1881,#1882,#1883,#1884,#1885,#1886,#1887
      ,#1888,#1889,#1890,#1891,#1892,#1893,#1894,#1895,#1896,#1897,#1898
      ,#1899,#1900,#1901,#1902,#1903,#1904,#1905,#1906,#1907,#1908,#1909
      ,#1910,#1911,#1912,#1913,#1914,#1915,#1916,#1917,#1918,#1919,#1920
      ,#1921,#1922,#1923,#1924,#1925,#1926,#1927,#1928,#1929,#1930,#1931
      ,#1932,#1933,#1934,#1935,#1936,#1937,#1938,#1939,#1940,#1941,#1942
      ,#1943,#1944,#1945,#1946,#1947,#1948,#1949,#1950,#1951,#1952,#1953
      ,#1954,#1955,#1956,#1957,#1958,#1959,#1960,#1961,#1962,#1963,#1964
      ,#1965,#1966,#1967,#1968,#1969,#1970,#1971,#1972,#1973,#1974,#1975
      ,#1976,#1977,#1978,#1979,#1980,#1981,#1982,#1983,#1984,#1985,#1986
      ,#1987,#1988,#1989,#1990,#1991,#1992,#1993,#1994,#1995,#1996,#1997
      ,#1998,#1999,#2000,#2001,#2002,#2003,#2004,#2005,#2006,#2007,#2008
      ,#2009,#2010,#2011,#2012,#2013,#2014,#2015,#2016,#2017,#2018,#2019
      ,#2020,#2021,#2022,#2023,#2024,#2025,#2026,#2027,#2028,#2029,#2030
      ,#2031,#2032,#2033,#2034,#2035,#2036,#2037,#2038,#2039,#2040,#2041
      ,#2042,#2043,#2044,#2045,#2046,#2047,#2048,#2049,#2050,#2051,#2052
      ,#2053,#2054,#2055,#2056,#2057,#2058,#2059,#2060,#2061,#2062,#2063
      ,#2064,#2065,#2066,#2067,#2068,#2069,#2070,#2071,#2072,#2073,#2074
      ,#2075,#2076,#2077,#2078
)),.UNSPECIFIED.,.F.,.T.,.F.) B_SPLINE_SURFACE_WITH_KNOTS((3,3),(14,12,
    12,12,12,12,12,12,12,12,12,12,12,12,12,12,12,12,12,12,12,12,12,12,14
    ),(0.,90.099773855045),(-3.318067981453E-15,1.669940179262E-02,
    3.339880358525E-02,6.679760717051E-02,0.133595214341,0.267190428682,
    0.534380857364,1.068761714728,2.137523429456,4.275046858913,
    8.550093717826,15.4121930842,21.617290054193,27.319887584005,
    32.645026775413,39.295341149812,42.408353571716,45.52136599362,
    50.333223060695,56.642265234472,62.344862764283,68.995177138682,
    75.487127977126,81.938880591057,90.099773855045),.UNSPECIFIED.) 
GEOMETRIC_REPRESENTATION_ITEM() RATIONAL_B_SPLINE_SURFACE((
    (1.,1.,0.999999999999,1.000000000003,0.999999999994,1.000000000009
      ,0.999999999989,1.000000000011,0.999999999992,1.000000000005
      ,0.999999999997,1.000000000001,1.,1.,1.,0.999999999999
      ,1.000000000003,0.999999999996,1.000000000005,0.999999999995
      ,1.000000000004,0.999999999997,1.000000000001,1.,1.,1.
      ,1.000000000001,0.999999999998,1.000000000004,0.999999999994
      ,1.000000000007,0.999999999993,1.000000000005,0.999999999997
      ,1.000000000002,1.,1.,1.,0.999999999999,1.000000000002
      ,0.999999999997,1.000000000004,0.999999999995,1.000000000004
      ,0.999999999997,1.000000000002,0.999999999999,1.,1.,1.,1.
      ,0.999999999999,1.000000000001,0.999999999998,1.000000000002
      ,0.999999999998,1.000000000002,0.999999999999,1.000000000001,1.,1.
      ,1.,1.000000000001,0.999999999996,1.000000000007,0.99999999999
      ,1.000000000012,0.999999999989,1.000000000008,0.999999999995
      ,1.000000000002,0.999999999999,1.,1.,1.000000000001,0.999999999998
      ,1.000000000004,0.999999999995,1.000000000006,0.999999999994
      ,1.000000000005,0.999999999997,1.000000000001,0.999999999999,1.,1.
      ,1.000000000001,0.999999999999,1.000000000003,0.999999999996
      ,1.000000000004,0.999999999996,1.000000000003,0.999999999998
      ,1.000000000001,1.,1.,1.,1.,0.999999999999,1.000000000002
      ,0.999999999998,1.000000000003,0.999999999998,1.000000000002
      ,0.999999999999,1.000000000001,1.,1.,1.,1.000000000001
      ,0.999999999997,1.000000000006,0.999999999992,1.000000000009
      ,0.999999999991,1.000000000006,0.999999999996,1.000000000002
      ,0.999999999999,1.,1.,1.,1.000000000001,0.999999999999
      ,1.000000000003,0.999999999996,1.000000000004,0.999999999997
      ,1.000000000002,0.999999999999,1.,1.,1.,1.,0.999999999999
      ,1.000000000001,0.999999999998,1.000000000003,0.999999999996
      ,1.000000000003,0.999999999998,1.000000000001,1.,1.,1.
      ,1.000000000001,0.999999999996,1.000000000007,0.999999999989
      ,1.000000000014,0.999999999987,1.000000000011,0.999999999993
      ,1.000000000004,0.999999999999,1.,1.,1.000000000003,0.999999999993
      ,1.000000000014,0.999999999979,1.000000000025,0.999999999977
      ,1.000000000018,0.999999999989,1.000000000005,0.999999999999,1.,1.
      ,0.999999999999,1.000000000003,0.999999999994,1.000000000008
      ,0.999999999991,1.000000000008,0.999999999994,1.000000000003
      ,0.999999999998,1.,1.,1.,1.,0.999999999999,1.000000000001
      ,0.999999999997,1.000000000004,0.999999999996,1.000000000003
      ,0.999999999998,1.000000000001,1.,1.,1.,1.000000000001
      ,0.999999999997,1.000000000005,0.999999999992,1.00000000001
      ,0.999999999991,1.000000000007,0.999999999996,1.000000000002
      ,0.999999999999,1.,1.,1.000000000001,0.999999999998,1.000000000003
      ,0.999999999995,1.000000000006,0.999999999994,1.000000000004
      ,0.999999999998,1.000000000001,1.,1.,1.,0.999999999998
      ,1.000000000007,0.999999999987,1.00000000002,0.999999999977
      ,1.000000000022,0.999999999983,1.00000000001,0.999999999995
      ,1.000000000002,1.,1.,0.999999999999,1.000000000002,0.999999999996
      ,1.000000000005,0.999999999994,1.000000000006,0.999999999995
      ,1.000000000003,0.999999999998,1.000000000001,1.,1.,0.999999999999
      ,1.000000000003,0.999999999994,1.000000000009,0.99999999999
      ,1.00000000001,0.999999999992,1.000000000005,0.999999999998
      ,1.000000000001,1.,1.,1.,1.,1.,1.000000000001,0.999999999999
      ,1.000000000002,0.999999999998,1.000000000001,0.999999999999,1.,1.
      ,1.,1.,0.999999999999,1.000000000003,0.999999999995,1.000000000007
      ,0.999999999992,1.000000000006,0.999999999996,1.000000000002
      ,0.999999999999,1.,1.,0.999999999999,1.000000000002,0.999999999996
      ,1.000000000007,0.999999999992,1.000000000008,0.999999999993
      ,1.000000000004,0.999999999998,1.000000000001,1.,1.)
    ,(0.707106781187,0.707106781187,0.707106781186,0.707106781189
      ,0.707106781183,0.707106781193,0.707106781179,0.707106781194
      ,0.707106781181,0.70710678119,0.707106781185,0.707106781187
      ,0.707106781186,0.707106781187,0.707106781187,0.707106781186
      ,0.707106781188,0.707106781184,0.707106781189,0.707106781184
      ,0.707106781189,0.707106781185,0.707106781187,0.707106781186
      ,0.707106781187,0.707106781186,0.707106781187,0.707106781185
      ,0.707106781189,0.707106781184,0.70710678119,0.707106781183
      ,0.707106781189,0.707106781185,0.707106781187,0.707106781186
      ,0.707106781187,0.707106781187,0.707106781186,0.707106781187
      ,0.707106781186,0.707106781187,0.707106781186,0.707106781187
      ,0.707106781186,0.707106781187,0.707106781187,0.707106781187
      ,0.707106781187,0.707106781186,0.707106781187,0.707106781185
      ,0.707106781189,0.707106781183,0.707106781191,0.707106781182
      ,0.70710678119,0.707106781184,0.707106781188,0.707106781186
      ,0.707106781187,0.707106781186,0.707106781187,0.707106781185
      ,0.70710678119,0.707106781181,0.707106781193,0.707106781181
      ,0.70710678119,0.707106781184,0.707106781188,0.707106781186
      ,0.707106781187,0.707106781186,0.707106781187,0.707106781185
      ,0.707106781189,0.707106781183,0.707106781191,0.707106781183
      ,0.707106781189,0.707106781185,0.707106781187,0.707106781186
      ,0.707106781187,0.707106781186,0.707106781187,0.707106781186
      ,0.707106781188,0.707106781184,0.707106781189,0.707106781184
      ,0.707106781188,0.707106781186,0.707106781187,0.707106781186
      ,0.707106781187,0.707106781187,0.707106781187,0.707106781186
      ,0.707106781187,0.707106781186,0.707106781187,0.707106781186
      ,0.707106781187,0.707106781186,0.707106781187,0.707106781186
      ,0.707106781187,0.707106781186,0.707106781187,0.707106781185
      ,0.70710678119,0.707106781181,0.707106781193,0.707106781181
      ,0.707106781191,0.707106781184,0.707106781188,0.707106781186
      ,0.707106781187,0.707106781186,0.707106781187,0.707106781186
      ,0.707106781187,0.707106781186,0.707106781187,0.707106781186
      ,0.707106781187,0.707106781186,0.707106781187,0.707106781187
      ,0.707106781187,0.707106781187,0.707106781187,0.707106781186
      ,0.707106781187,0.707106781186,0.707106781187,0.707106781186
      ,0.707106781187,0.707106781186,0.707106781187,0.707106781186
      ,0.707106781187,0.707106781186,0.707106781187,0.707106781184
      ,0.707106781191,0.70710678118,0.707106781195,0.707106781179
      ,0.707106781193,0.707106781183,0.707106781189,0.707106781186
      ,0.707106781187,0.707106781186,0.707106781188,0.707106781182
      ,0.707106781195,0.707106781174,0.707106781201,0.707106781173
      ,0.707106781197,0.707106781181,0.707106781189,0.707106781186
      ,0.707106781187,0.707106781187,0.707106781185,0.70710678119
      ,0.70710678118,0.707106781195,0.707106781176,0.707106781196
      ,0.707106781179,0.707106781191,0.707106781185,0.707106781187
      ,0.707106781186,0.707106781187,0.707106781187,0.707106781187
      ,0.707106781187,0.707106781186,0.707106781187,0.707106781186
      ,0.707106781187,0.707106781186,0.707106781187,0.707106781186
      ,0.707106781187,0.707106781186,0.707106781187,0.707106781185
      ,0.707106781189,0.707106781183,0.707106781191,0.707106781183
      ,0.707106781189,0.707106781185,0.707106781187,0.707106781186
      ,0.707106781187,0.707106781186,0.707106781187,0.707106781186
      ,0.707106781188,0.707106781184,0.70710678119,0.707106781184
      ,0.707106781189,0.707106781185,0.707106781187,0.707106781187
      ,0.707106781186,0.707106781187,0.707106781185,0.707106781191
      ,0.707106781178,0.7071067812,0.707106781171,0.707106781201
      ,0.707106781176,0.707106781193,0.707106781183,0.707106781188
      ,0.707106781186,0.707106781187,0.707106781186,0.707106781187
      ,0.707106781186,0.707106781188,0.707106781185,0.707106781188
      ,0.707106781185,0.707106781187,0.707106781186,0.707106781187
      ,0.707106781186,0.707106781187,0.707106781186,0.707106781189
      ,0.707106781181,0.707106781195,0.707106781177,0.707106781196
      ,0.70710678118,0.707106781191,0.707106781185,0.707106781187
      ,0.707106781186,0.707106781187,0.707106781187,0.707106781186
      ,0.707106781188,0.707106781184,0.707106781189,0.707106781184
      ,0.707106781189,0.707106781185,0.707106781187,0.707106781186
      ,0.707106781187,0.707106781186,0.707106781187,0.707106781185
      ,0.70710678119,0.707106781181,0.707106781194,0.707106781179
      ,0.707106781193,0.707106781182,0.707106781189,0.707106781186
      ,0.707106781187,0.707106781187,0.707106781186,0.707106781188
      ,0.707106781184,0.707106781191,0.707106781181,0.707106781192
      ,0.707106781182,0.707106781189,0.707106781185,0.707106781187
      ,0.707106781186,0.707106781187)
    ,(1.,1.,0.999999999999,1.000000000003,0.999999999994,1.000000000009
      ,0.999999999989,1.000000000011,0.999999999992,1.000000000005
      ,0.999999999997,1.000000000001,1.,1.,1.,0.999999999999
      ,1.000000000003,0.999999999996,1.000000000005,0.999999999995
      ,1.000000000004,0.999999999997,1.000000000001,1.,1.,1.
      ,1.000000000001,0.999999999998,1.000000000004,0.999999999994
      ,1.000000000007,0.999999999993,1.000000000005,0.999999999997
      ,1.000000000002,1.,1.,1.,0.999999999999,1.000000000002
      ,0.999999999997,1.000000000004,0.999999999995,1.000000000004
      ,0.999999999997,1.000000000002,0.999999999999,1.,1.,1.,1.
      ,0.999999999999,1.000000000001,0.999999999998,1.000000000002
      ,0.999999999998,1.000000000002,0.999999999999,1.000000000001,1.,1.
      ,1.,1.000000000001,0.999999999996,1.000000000007,0.99999999999
      ,1.000000000012,0.999999999989,1.000000000008,0.999999999995
      ,1.000000000002,0.999999999999,1.,1.,1.000000000001,0.999999999998
      ,1.000000000004,0.999999999995,1.000000000006,0.999999999994
      ,1.000000000005,0.999999999997,1.000000000001,0.999999999999,1.,1.
      ,1.000000000001,0.999999999999,1.000000000003,0.999999999996
      ,1.000000000004,0.999999999996,1.000000000003,0.999999999998
      ,1.000000000001,1.,1.,1.,1.,0.999999999999,1.000000000002
      ,0.999999999998,1.000000000003,0.999999999998,1.000000000002
      ,0.999999999999,1.000000000001,1.,1.,1.,1.000000000001
      ,0.999999999997,1.000000000006,0.999999999992,1.000000000009
      ,0.999999999991,1.000000000006,0.999999999996,1.000000000002
      ,0.999999999999,1.,1.,1.,1.000000000001,0.999999999999
      ,1.000000000003,0.999999999996,1.000000000004,0.999999999997
      ,1.000000000002,0.999999999999,1.,1.,1.,1.,0.999999999999
      ,1.000000000001,0.999999999998,1.000000000003,0.999999999996
      ,1.000000000003,0.999999999998,1.000000000001,1.,1.,1.
      ,1.000000000001,0.999999999996,1.000000000007,0.999999999989
      ,1.000000000014,0.999999999987,1.000000000011,0.999999999993
      ,1.000000000004,0.999999999999,1.,1.,1.000000000003,0.999999999993
      ,1.000000000014,0.999999999979,1.000000000025,0.999999999977
      ,1.000000000018,0.999999999989,1.000000000005,0.999999999999,1.,1.
      ,0.999999999999,1.000000000003,0.999999999994,1.000000000008
      ,0.999999999991,1.000000000008,0.999999999994,1.000000000003
      ,0.999999999998,1.,1.,1.,1.,0.999999999999,1.000000000001
      ,0.999999999997,1.000000000004,0.999999999996,1.000000000003
      ,0.999999999998,1.000000000001,1.,1.,1.,1.000000000001
      ,0.999999999997,1.000000000005,0.999999999992,1.00000000001
      ,0.999999999991,1.000000000007,0.999999999996,1.000000000002
      ,0.999999999999,1.,1.,1.000000000001,0.999999999998,1.000000000003
      ,0.999999999995,1.000000000006,0.999999999994,1.000000000004
      ,0.999999999998,1.000000000001,1.,1.,1.,0.999999999998
      ,1.000000000007,0.999999999987,1.00000000002,0.999999999977
      ,1.000000000022,0.999999999983,1.00000000001,0.999999999995
      ,1.000000000002,1.,1.,0.999999999999,1.000000000002,0.999999999996
      ,1.000000000005,0.999999999994,1.000000000006,0.999999999995
      ,1.000000000003,0.999999999998,1.000000000001,1.,1.,0.999999999999
      ,1.000000000003,0.999999999994,1.000000000009,0.99999999999
      ,1.00000000001,0.999999999992,1.000000000005,0.999999999998
      ,1.000000000001,1.,1.,1.,1.,1.,1.000000000001,0.999999999999
      ,1.000000000002,0.999999999998,1.000000000001,0.999999999999,1.,1.
      ,1.,1.,0.999999999999,1.000000000003,0.999999999995,1.000000000007
      ,0.999999999992,1.000000000006,0.999999999996,1.000000000002
      ,0.999999999999,1.,1.,0.999999999999,1.000000000002,0.999999999996
      ,1.000000000007,0.999999999992,1.000000000008,0.999999999993
      ,1.000000000004,0.999999999998,1.000000000001,1.,1.
))) REPRESENTATION_ITEM('') SURFACE() );
#1209 = CARTESIAN_POINT('',(-2.5,4.,3.5));
#1210 = CARTESIAN_POINT('',(-2.49998588013,4.001247180662,3.5));
#1211 = CARTESIAN_POINT('',(-2.499971902625,4.002494373932,3.5));
#1212 = CARTESIAN_POINT('',(-2.499958067436,4.003741579802,3.5));
#1213 = CARTESIAN_POINT('',(-2.499944374656,4.004988798242,3.5));
#1214 = CARTESIAN_POINT('',(-2.499930824077,4.006236029267,3.5));
#1215 = CARTESIAN_POINT('',(-2.49991741601,4.007483272815,3.5));
#1216 = CARTESIAN_POINT('',(-2.499904150031,4.008730528935,3.5));
#1217 = CARTESIAN_POINT('',(-2.499891026577,4.009977797542,3.5));
#1218 = CARTESIAN_POINT('',(-2.499878045244,4.011225078686,3.5));
#1219 = CARTESIAN_POINT('',(-2.499865206315,4.012472372303,3.5));
#1220 = CARTESIAN_POINT('',(-2.499852509607,4.01371967841,3.5));
#1221 = CARTESIAN_POINT('',(-2.499839955196,4.014966996976,3.5));
#1222 = CARTESIAN_POINT('',(-2.499815130888,4.01746165901,3.5));
#1223 = CARTESIAN_POINT('',(-2.499802861001,4.018709002476,3.5));
#1224 = CARTESIAN_POINT('',(-2.499790733364,4.019956358377,3.5));
#1225 = CARTESIAN_POINT('',(-2.499778747987,4.021203726699,3.5));
#1226 = CARTESIAN_POINT('',(-2.499766904831,4.022451107424,3.5));
#1227 = CARTESIAN_POINT('',(-2.499755203926,4.023698500547,3.5));
#1228 = CARTESIAN_POINT('',(-2.499743645228,4.024945906037,3.5));
#1229 = CARTESIAN_POINT('',(-2.499732228753,4.026193323899,3.5));
#1230 = CARTESIAN_POINT('',(-2.499720954484,4.0274407541,3.5));
#1231 = CARTESIAN_POINT('',(-2.49970982241,4.02868819664,3.5));
#1232 = CARTESIAN_POINT('',(-2.499698832528,4.029935651496,3.5));
#1233 = CARTESIAN_POINT('',(-2.499687984828,4.031183118656,3.5));
#1234 = CARTESIAN_POINT('',(-2.499655868244,4.034925557004,3.5));
#1235 = CARTESIAN_POINT('',(-2.499635025892,4.037420565058,3.5));
#1236 = CARTESIAN_POINT('',(-2.499614752132,4.039915622161,3.5));
#1237 = CARTESIAN_POINT('',(-2.499595047022,4.042410728166,3.5));
#1238 = CARTESIAN_POINT('',(-2.49957591024,4.044905883021,3.5));
#1239 = CARTESIAN_POINT('',(-2.49955734214,4.047401086503,3.5));
#1240 = CARTESIAN_POINT('',(-2.499539342095,4.049896338637,3.5));
#1241 = CARTESIAN_POINT('',(-2.499521910658,4.052391639153,3.5));
#1242 = CARTESIAN_POINT('',(-2.499505047196,4.054886988072,3.5));
#1243 = CARTESIAN_POINT('',(-2.499488752072,4.057382385175,3.5));
#1244 = CARTESIAN_POINT('',(-2.499473024956,4.059877830408,3.5));
#1245 = CARTESIAN_POINT('',(-2.499457865909,4.062373323625,3.5));
#1246 = CARTESIAN_POINT('',(-2.499414092647,4.069859946907,3.5));
#1247 = CARTESIAN_POINT('',(-2.49938718234,4.074851220597,3.5));
#1248 = CARTESIAN_POINT('',(-2.499362543393,4.079842684855,3.5));
#1249 = CARTESIAN_POINT('',(-2.499340175206,4.084834338757,3.5));
#1250 = CARTESIAN_POINT('',(-2.49932007741,4.08982618135,3.5));
#1251 = CARTESIAN_POINT('',(-2.499302249215,4.094818211739,3.5));
#1252 = CARTESIAN_POINT('',(-2.499286690434,4.099810428941,3.5));
#1253 = CARTESIAN_POINT('',(-2.499273400176,4.104802832082,3.5));
#1254 = CARTESIAN_POINT('',(-2.499262378231,4.109795420174,3.5));
#1255 = CARTESIAN_POINT('',(-2.499253623842,4.114788192329,3.5));
#1256 = CARTESIAN_POINT('',(-2.499247136614,4.119781147587,3.5));
#1257 = CARTESIAN_POINT('',(-2.499242915957,4.124774285029,3.5));
#1258 = CARTESIAN_POINT('',(-2.49923705218,4.1397542411,3.5));
#1259 = CARTESIAN_POINT('',(-2.499242207238,4.149741603474,3.5));
#1260 = CARTESIAN_POINT('',(-2.499256422299,4.159729683387,3.5));
#1261 = CARTESIAN_POINT('',(-2.499279693186,4.169718473378,3.5));
#1262 = CARTESIAN_POINT('',(-2.499312015566,4.179707965997,3.5));
#1263 = CARTESIAN_POINT('',(-2.499353385401,4.189698153775,3.5));
#1264 = CARTESIAN_POINT('',(-2.499403798202,4.199689029273,3.5));
#1265 = CARTESIAN_POINT('',(-2.499463250049,4.209680585012,3.5));
#1266 = CARTESIAN_POINT('',(-2.499531736423,4.21967281356,3.5));
#1267 = CARTESIAN_POINT('',(-2.499609253334,4.229665707435,3.5));
#1268 = CARTESIAN_POINT('',(-2.499695796401,4.2396592592,3.5));
#1269 = CARTESIAN_POINT('',(-2.499791361482,4.249653461387,3.5));
#1270 = CARTESIAN_POINT('',(-2.500105109989,4.279637996855,3.5));
#1271 = CARTESIAN_POINT('',(-2.500350346723,4.299630259039,3.5));
#1272 = CARTESIAN_POINT('',(-2.500631620669,4.319625033444,3.5));
#1273 = CARTESIAN_POINT('',(-2.500948898147,4.339622260406,3.5));
#1274 = CARTESIAN_POINT('',(-2.501302145112,4.359621880287,3.5));
#1275 = CARTESIAN_POINT('',(-2.501691328151,4.379623833402,3.5));
#1276 = CARTESIAN_POINT('',(-2.502116412947,4.399628060138,3.5));
#1277 = CARTESIAN_POINT('',(-2.502577366262,4.419634500791,3.5));
#1278 = CARTESIAN_POINT('',(-2.50307415378,4.439643095753,3.5));
#1279 = CARTESIAN_POINT('',(-2.503606742084,4.45965378533,3.5));
#1280 = CARTESIAN_POINT('',(-2.504175097137,4.479666509892,3.5));
#1281 = CARTESIAN_POINT('',(-2.50477918525,4.499681209772,3.5));
#1282 = CARTESIAN_POINT('',(-2.50669854724,4.559731056413,3.5));
#1283 = CARTESIAN_POINT('',(-2.508120918806,4.599771950169,3.5));
#1284 = CARTESIAN_POINT('',(-2.509685816842,4.639820029348,3.5));
#1285 = CARTESIAN_POINT('',(-2.511392970965,4.679874816705,3.5));
#1286 = CARTESIAN_POINT('',(-2.513242110695,4.719935835003,3.5));
#1287 = CARTESIAN_POINT('',(-2.515232965703,4.760002606992,3.5));
#1288 = CARTESIAN_POINT('',(-2.517365265457,4.800074655442,3.5));
#1289 = CARTESIAN_POINT('',(-2.519638739663,4.840151503099,3.5));
#1290 = CARTESIAN_POINT('',(-2.522053117784,4.880232672731,3.5));
#1291 = CARTESIAN_POINT('',(-2.524608129496,4.92031768709,3.5));
#1292 = CARTESIAN_POINT('',(-2.527303504318,4.960406068937,3.5));
#1293 = CARTESIAN_POINT('',(-2.530138971863,5.000497341029,3.5));
#1294 = CARTESIAN_POINT('',(-2.539064841378,5.120778396317,3.5));
#1295 = CARTESIAN_POINT('',(-2.545574710236,5.200975418527,3.5));
#1296 = CARTESIAN_POINT('',(-2.552641704928,5.281178274808,3.5));
#1297 = CARTESIAN_POINT('',(-2.560263662095,5.361383147259,3.5));
#1298 = CARTESIAN_POINT('',(-2.568438418409,5.441586217878,3.5));
#1299 = CARTESIAN_POINT('',(-2.577163810483,5.521783668841,3.5));
#1300 = CARTESIAN_POINT('',(-2.586437675019,5.601971682068,3.5));
#1301 = CARTESIAN_POINT('',(-2.596257848612,5.682146439783,3.5));
#1302 = CARTESIAN_POINT('',(-2.606622167959,5.76230412391,3.5));
#1303 = CARTESIAN_POINT('',(-2.61752846968,5.84244091662,3.5));
#1304 = CARTESIAN_POINT('',(-2.628974590441,5.922552999914,3.5));
#1305 = CARTESIAN_POINT('',(-2.640958366886,6.00263655589,3.5));
#1306 = CARTESIAN_POINT('',(-2.678516173233,6.242790188025,3.5));
#1307 = CARTESIAN_POINT('',(-2.705696680139,6.402763228401,3.5));
#1308 = CARTESIAN_POINT('',(-2.735001849605,6.562576344258,3.5));
#1309 = CARTESIAN_POINT('',(-2.7664143748,6.722198992112,3.5));
#1310 = CARTESIAN_POINT('',(-2.799916948989,6.881600628513,3.5));
#1311 = CARTESIAN_POINT('',(-2.835492265292,7.040750709944,3.5));
#1312 = CARTESIAN_POINT('',(-2.873123017001,7.19961869299,3.5));
#1313 = CARTESIAN_POINT('',(-2.912791897249,7.358174034112,3.5));
#1314 = CARTESIAN_POINT('',(-2.95448159928,7.516386189893,3.5));
#1315 = CARTESIAN_POINT('',(-2.998174816286,7.674224616819,3.5));
#1316 = CARTESIAN_POINT('',(-3.043854241466,7.831658771438,3.5));
#1317 = CARTESIAN_POINT('',(-3.091502568032,7.988658110266,3.5));
#1318 = CARTESIAN_POINT('',(-3.240302331482,8.458260048965,3.5));
#1319 = CARTESIAN_POINT('',(-3.347308552133,8.769466571049,3.5));
#1320 = CARTESIAN_POINT('',(-3.461982696733,9.078567308293,3.5));
#1321 = CARTESIAN_POINT('',(-3.584186310993,9.385317912892,3.5));
#1322 = CARTESIAN_POINT('',(-3.713780940385,9.68947403709,3.5));
#1323 = CARTESIAN_POINT('',(-3.850628130784,9.990791333022,3.5));
#1324 = CARTESIAN_POINT('',(-3.994589427506,10.289025453003,3.5));
#1325 = CARTESIAN_POINT('',(-4.145526376511,10.58393204911,3.5));
#1326 = CARTESIAN_POINT('',(-4.303300523143,10.875266773679,3.5));
#1327 = CARTESIAN_POINT('',(-4.467773413234,11.162785278815,3.5));
#1328 = CARTESIAN_POINT('',(-4.638806592297,11.446243216789,3.5));
#1329 = CARTESIAN_POINT('',(-4.816261606015,11.725396239778,3.5));
#1330 = CARTESIAN_POINT('',(-5.294928022676,12.440780733219,3.5));
#1331 = CARTESIAN_POINT('',(-5.606045252877,12.869840234254,3.5));
#1332 = CARTESIAN_POINT('',(-5.933013150476,13.286073980629,3.5));
#1333 = CARTESIAN_POINT('',(-6.275493175267,13.688377449964,3.5));
#1334 = CARTESIAN_POINT('',(-6.633146787229,14.075646119651,3.5));
#1335 = CARTESIAN_POINT('',(-7.005635446007,14.446775467512,3.5));
#1336 = CARTESIAN_POINT('',(-7.392620611729,14.800660970708,3.5));
#1337 = CARTESIAN_POINT('',(-7.793763743953,15.136198107237,3.5));
#1338 = CARTESIAN_POINT('',(-8.208726302791,15.452282354217,3.5));
#1339 = CARTESIAN_POINT('',(-8.63716974791,15.747809189537,3.5));
#1340 = CARTESIAN_POINT('',(-9.078755539271,16.021674090527,3.5));
#1341 = CARTESIAN_POINT('',(-9.533145136678,16.272772534846,3.5));
#1342 = CARTESIAN_POINT('',(-10.42215647765,16.705471879705,3.5));
#1343 = CARTESIAN_POINT('',(-10.85450554843,16.891424947731,3.5));
#1344 = CARTESIAN_POINT('',(-11.29605750438,17.057339388932,3.5));
#1345 = CARTESIAN_POINT('',(-11.74582263755,17.202695388246,3.5));
#1346 = CARTESIAN_POINT('',(-12.20281124001,17.32697313044,3.5));
#1347 = CARTESIAN_POINT('',(-12.66603360379,17.429652800562,3.5));
#1348 = CARTESIAN_POINT('',(-13.13450002097,17.510214583277,3.5));
#1349 = CARTESIAN_POINT('',(-13.60722078357,17.568138663689,3.5));
#1350 = CARTESIAN_POINT('',(-14.08320618368,17.602905226475,3.5));
#1351 = CARTESIAN_POINT('',(-14.56146651331,17.613994456665,3.5));
#1352 = CARTESIAN_POINT('',(-15.04101206454,17.600886539043,3.5));
#1353 = CARTESIAN_POINT('',(-15.52085312942,17.563061658534,3.5));
#1354 = CARTESIAN_POINT('',(-16.44034473172,17.442045183191,3.5));
#1355 = CARTESIAN_POINT('',(-16.88010315069,17.362775520075,3.5));
#1356 = CARTESIAN_POINT('',(-17.31690200824,17.261897201694,3.5));
#1357 = CARTESIAN_POINT('',(-17.7483680557,17.139116418981,3.5));
#1358 = CARTESIAN_POINT('',(-18.17212804446,16.994139363114,3.5));
#1359 = CARTESIAN_POINT('',(-18.58580872573,16.826672224852,3.5));
#1360 = CARTESIAN_POINT('',(-18.98703685105,16.636421195533,3.5));
#1361 = CARTESIAN_POINT('',(-19.37343917151,16.423092465834,3.5));
#1362 = CARTESIAN_POINT('',(-19.74264243869,16.186392227059,3.5));
#1363 = CARTESIAN_POINT('',(-20.09227340373,15.926026670017,3.5));
#1364 = CARTESIAN_POINT('',(-20.4199588181,15.641701985842,3.5));
#1365 = CARTESIAN_POINT('',(-20.72332543307,15.33312436549,3.5));
#1366 = CARTESIAN_POINT('',(-21.258361312,14.688925335339,3.5));
#1367 = CARTESIAN_POINT('',(-21.4934471581,14.356445908902,3.5));
#1368 = CARTESIAN_POINT('',(-21.70510645189,14.005056623031,3.5));
#1369 = CARTESIAN_POINT('',(-21.89318810694,13.637252379933,3.5));
#1370 = CARTESIAN_POINT('',(-22.05754103685,13.255528082077,3.5));
#1371 = CARTESIAN_POINT('',(-22.19801415515,12.862378631541,3.5));
#1372 = CARTESIAN_POINT('',(-22.3144563755,12.460298930859,3.5));
#1373 = CARTESIAN_POINT('',(-22.40671661138,12.051783882151,3.5));
#1374 = CARTESIAN_POINT('',(-22.47464377648,11.63932838782,3.5));
#1375 = CARTESIAN_POINT('',(-22.51808678428,11.225427350139,3.5));
#1376 = CARTESIAN_POINT('',(-22.53689454843,10.8125756714,3.5));
#1377 = CARTESIAN_POINT('',(-22.53091598247,10.403268253924,3.5));
#1378 = CARTESIAN_POINT('',(-22.46139049229,9.496377358524,3.5));
#1379 = CARTESIAN_POINT('',(-22.38388776616,9.002173595992,3.5));
#1380 = CARTESIAN_POINT('',(-22.2676162784,8.518481096245,3.5));
#1381 = CARTESIAN_POINT('',(-22.11270048573,8.046392243155,3.5));
#1382 = CARTESIAN_POINT('',(-21.91926484502,7.586999420558,3.5));
#1383 = CARTESIAN_POINT('',(-21.68743381287,7.1413950123,3.5));
#1384 = CARTESIAN_POINT('',(-21.41733184631,6.710671402277,3.5));
#1385 = CARTESIAN_POINT('',(-21.10908340181,6.295920974265,3.5));
#1386 = CARTESIAN_POINT('',(-20.76281293643,5.898236112204,3.5));
#1387 = CARTESIAN_POINT('',(-20.37864490672,5.518709199871,3.5));
#1388 = CARTESIAN_POINT('',(-19.9567037696,5.158432621169,3.5));
#1389 = CARTESIAN_POINT('',(-19.49711398175,4.818498759925,3.5));
#1390 = CARTESIAN_POINT('',(-18.76730092546,4.350910717871,3.5));
#1391 = CARTESIAN_POINT('',(-18.52637963784,4.206518244709,3.5));
#1392 = CARTESIAN_POINT('',(-18.27881634099,4.066346582666,3.5));
#1393 = CARTESIAN_POINT('',(-18.02619123878,3.929919733914,3.5));
#1394 = CARTESIAN_POINT('',(-17.77008453505,3.796761700586,3.5));
#1395 = CARTESIAN_POINT('',(-17.51207643365,3.66639648488,3.5));
#1396 = CARTESIAN_POINT('',(-17.25374713844,3.538348088901,
    3.499999999999));
#1397 = CARTESIAN_POINT('',(-16.9966768533,3.412140514868,3.5));
#1398 = CARTESIAN_POINT('',(-16.74244578204,3.287297764882,3.5));
#1399 = CARTESIAN_POINT('',(-16.49263412854,3.163343841146,3.5));
#1400 = CARTESIAN_POINT('',(-16.24882209665,3.03980274579,3.5));
#1401 = CARTESIAN_POINT('',(-16.01258989023,2.916198480986,3.5));
#1402 = CARTESIAN_POINT('',(-15.55844553602,2.667911616789,3.5));
#1403 = CARTESIAN_POINT('',(-15.34053338823,2.543229017397,3.5));
#1404 = CARTESIAN_POINT('',(-15.13336147362,2.417531252872,3.5));
#1405 = CARTESIAN_POINT('',(-14.93850999603,2.290342325367,3.5));
#1406 = CARTESIAN_POINT('',(-14.75755915933,2.161186237046,3.5));
#1407 = CARTESIAN_POINT('',(-14.59208916737,2.029586990064,
    3.499999999999));
#1408 = CARTESIAN_POINT('',(-14.44368022399,1.895068586577,
    3.500000000001));
#1409 = CARTESIAN_POINT('',(-14.31391253306,1.757155028754,3.5));
#1410 = CARTESIAN_POINT('',(-14.20436629843,1.615370318736,3.5));
#1411 = CARTESIAN_POINT('',(-14.11662172395,1.4692384587,3.5));
#1412 = CARTESIAN_POINT('',(-14.05225901349,1.318283450789,3.5));
#1413 = CARTESIAN_POINT('',(-14.01285837088,1.162029297171,3.5));
#1414 = CARTESIAN_POINT('',(-13.98012451142,0.749547475886,3.5));
#1415 = CARTESIAN_POINT('',(-14.02366545729,0.485296622211,3.5));
#1416 = CARTESIAN_POINT('',(-14.12297213642,0.20840881142,3.5));
#1417 = CARTESIAN_POINT('',(-14.27039384766,-7.995458403946E-02,3.5));
#1418 = CARTESIAN_POINT('',(-14.45827988982,-0.378632191732,3.5));
#1419 = CARTESIAN_POINT('',(-14.67897956173,-0.68646263919,3.5));
#1420 = CARTESIAN_POINT('',(-14.92484216224,-1.002284554013,3.5));
#1421 = CARTESIAN_POINT('',(-15.18821699015,-1.324936563691,3.5));
#1422 = CARTESIAN_POINT('',(-15.46145334432,-1.653257295853,3.5));
#1423 = CARTESIAN_POINT('',(-15.73690052355,-1.986085377987,3.5));
#1424 = CARTESIAN_POINT('',(-16.00690782669,-2.3222594377,3.5));
#1425 = CARTESIAN_POINT('',(-16.26382455256,-2.660618102514,3.5));
#1426 = CARTESIAN_POINT('',(-16.80966024915,-3.444978866665,3.5));
#1427 = CARTESIAN_POINT('',(-17.08366414323,-3.891716773748,3.5));
#1428 = CARTESIAN_POINT('',(-17.3229054321,-4.340486691857,3.5));
#1429 = CARTESIAN_POINT('',(-17.52827786557,-4.791561591431,3.5));
#1430 = CARTESIAN_POINT('',(-17.70067519356,-5.245214443246,3.5));
#1431 = CARTESIAN_POINT('',(-17.84099116581,-5.701718217554,3.5));
#1432 = CARTESIAN_POINT('',(-17.95011953229,-6.161345885265,3.5));
#1433 = CARTESIAN_POINT('',(-18.02895404274,-6.624370416609,3.5));
#1434 = CARTESIAN_POINT('',(-18.07838844708,-7.091064782399,3.5));
#1435 = CARTESIAN_POINT('',(-18.09931649512,-7.561701953034,3.5));
#1436 = CARTESIAN_POINT('',(-18.09263193673,-8.036554899155,3.5));
#1437 = CARTESIAN_POINT('',(-18.05922852173,-8.515896591287,3.5));
#1438 = CARTESIAN_POINT('',(-17.94646470693,-9.437569892015,3.5));
#1439 = CARTESIAN_POINT('',(-17.87183047044,-9.879030075352,3.5));
#1440 = CARTESIAN_POINT('',(-17.77554371149,-10.32091253841,3.5));
#1441 = CARTESIAN_POINT('',(-17.65705085108,-10.75974926956,3.5));
#1442 = CARTESIAN_POINT('',(-17.51579831009,-11.19207225724,3.5));
#1443 = CARTESIAN_POINT('',(-17.35123250966,-11.6144134898,3.5));
#1444 = CARTESIAN_POINT('',(-17.16279987051,-12.02330495567,3.5));
#1445 = CARTESIAN_POINT('',(-16.94994681388,-12.41527864321,3.5));
#1446 = CARTESIAN_POINT('',(-16.71211976049,-12.78686654083,3.5));
#1447 = CARTESIAN_POINT('',(-16.44876513149,-13.13460063693,3.5));
#1448 = CARTESIAN_POINT('',(-16.15932934774,-13.45501291989,3.5));
#1449 = CARTESIAN_POINT('',(-15.84325883026,-13.74463537812,3.5));
#1450 = CARTESIAN_POINT('',(-15.09969485465,-14.29780376516,3.5));
#1451 = CARTESIAN_POINT('',(-14.66241360392,-14.5490168729,3.5));
#1452 = CARTESIAN_POINT('',(-14.19370905588,-14.7545575831,3.5));
#1453 = CARTESIAN_POINT('',(-13.69913401863,-14.91534415571,3.5));
#1454 = CARTESIAN_POINT('',(-13.1842413002,-15.03229485053,
    3.499999999999));
#1455 = CARTESIAN_POINT('',(-12.6545837087,-15.10632792765,
    3.500000000001));
#1456 = CARTESIAN_POINT('',(-12.11571405219,-15.13836164671,
    3.499999999999));
#1457 = CARTESIAN_POINT('',(-11.57318513872,-15.12931426791,
    3.500000000001));
#1458 = CARTESIAN_POINT('',(-11.03254977642,-15.08010405088,3.5));
#1459 = CARTESIAN_POINT('',(-10.49936077331,-14.99164925573,3.5));
#1460 = CARTESIAN_POINT('',(-9.979170937496,-14.86486814224,3.5));
#1461 = CARTESIAN_POINT('',(-9.477533077031,-14.70067897037,3.5));
#1462 = CARTESIAN_POINT('',(-8.533838389393,-14.30409978587,3.5));
#1463 = CARTESIAN_POINT('',(-8.090647219466,-14.07342694025,3.5));
#1464 = CARTESIAN_POINT('',(-7.669616722966,-13.8106351975,3.5));
#1465 = CARTESIAN_POINT('',(-7.269937132635,-13.51837829214,3.5));
#1466 = CARTESIAN_POINT('',(-6.890798681218,-13.19930995835,3.5));
#1467 = CARTESIAN_POINT('',(-6.531391601456,-12.85608393093,
    3.499999999999));
#1468 = CARTESIAN_POINT('',(-6.190906126098,-12.49135394376,
    3.500000000001));
#1469 = CARTESIAN_POINT('',(-5.868532487879,-12.10777373183,3.5));
#1470 = CARTESIAN_POINT('',(-5.563460919555,-11.70799702902,3.5));
#1471 = CARTESIAN_POINT('',(-5.274881653856,-11.29467757014,3.5));
#1472 = CARTESIAN_POINT('',(-5.001984923538,-10.87046908935,3.5));
#1473 = CARTESIAN_POINT('',(-4.743960961337,-10.43802532118,3.5));
#1474 = CARTESIAN_POINT('',(-4.257549647376,-9.564686935987,3.5));
#1475 = CARTESIAN_POINT('',(-4.028988678316,-9.123861227029,3.5));
#1476 = CARTESIAN_POINT('',(-3.814556542719,-8.677834258239,3.5));
#1477 = CARTESIAN_POINT('',(-3.614492690416,-8.226917414663,3.5));
#1478 = CARTESIAN_POINT('',(-3.429036571391,-7.771422081504,3.5));
#1479 = CARTESIAN_POINT('',(-3.258427635352,-7.311659643688,3.5));
#1480 = CARTESIAN_POINT('',(-3.102905332412,-6.847941486532,3.5));
#1481 = CARTESIAN_POINT('',(-2.962709112192,-6.380578994904,3.5));
#1482 = CARTESIAN_POINT('',(-2.838078424811,-5.909883554093,3.5));
#1483 = CARTESIAN_POINT('',(-2.729252719968,-5.436166549068,3.5));
#1484 = CARTESIAN_POINT('',(-2.636471447656,-4.95973936499,3.5));
#1485 = CARTESIAN_POINT('',(-2.5599740577,-4.480913386934,3.5));
#1486 = CARTESIAN_POINT('',(-2.424138150858,-3.391687336009,3.5));
#1487 = CARTESIAN_POINT('',(-2.374713633319,-2.780034817817,3.5));
#1488 = CARTESIAN_POINT('',(-2.347964531909,-2.165631862405,3.5));
#1489 = CARTESIAN_POINT('',(-2.340128931145,-1.549067886791,3.5));
#1490 = CARTESIAN_POINT('',(-2.347444915565,-0.930932307926,3.5));
#1491 = CARTESIAN_POINT('',(-2.36615056967,-0.311814542846,3.5));
#1492 = CARTESIAN_POINT('',(-2.39248397801,0.307695991482,3.5));
#1493 = CARTESIAN_POINT('',(-2.422683225086,0.927009878074,3.5));
#1494 = CARTESIAN_POINT('',(-2.452986395437,1.545537699898,3.5));
#1495 = CARTESIAN_POINT('',(-2.479631573579,2.162690040015,3.5));
#1496 = CARTESIAN_POINT('',(-2.498856844037,2.777877481387,3.5));
#1497 = CARTESIAN_POINT('',(-2.506900291337,3.390510607051,3.5));
#1498 = CARTESIAN_POINT('',(-2.5,4.,3.5));
#1499 = CARTESIAN_POINT('',(-2.5,4.,4.));
#1500 = CARTESIAN_POINT('',(-2.499985880132,4.001247180662,4.));
#1501 = CARTESIAN_POINT('',(-2.499971902617,4.002494373933,4.));
#1502 = CARTESIAN_POINT('',(-2.499958067457,4.003741579801,4.));
#1503 = CARTESIAN_POINT('',(-2.499944374614,4.004988798244,4.));
#1504 = CARTESIAN_POINT('',(-2.499930824141,4.006236029264,4.));
#1505 = CARTESIAN_POINT('',(-2.499917415933,4.007483272818,4.));
#1506 = CARTESIAN_POINT('',(-2.499904150106,4.008730528932,4.));
#1507 = CARTESIAN_POINT('',(-2.499891026517,4.009977797544,4.));
#1508 = CARTESIAN_POINT('',(-2.499878045282,4.011225078684,4.));
#1509 = CARTESIAN_POINT('',(-2.499865206297,4.012472372304,4.));
#1510 = CARTESIAN_POINT('',(-2.499852509614,4.013719678409,4.));
#1511 = CARTESIAN_POINT('',(-2.499839955194,4.014966996976,4.));
#1512 = CARTESIAN_POINT('',(-2.499815130889,4.01746165901,4.));
#1513 = CARTESIAN_POINT('',(-2.499802860998,4.018709002476,4.));
#1514 = CARTESIAN_POINT('',(-2.499790733372,4.019956358376,4.));
#1515 = CARTESIAN_POINT('',(-2.499778747971,4.021203726701,4.));
#1516 = CARTESIAN_POINT('',(-2.499766904853,4.022451107421,4.));
#1517 = CARTESIAN_POINT('',(-2.499755203899,4.02369850055,4.));
#1518 = CARTESIAN_POINT('',(-2.499743645254,4.024945906035,4.));
#1519 = CARTESIAN_POINT('',(-2.499732228734,4.026193323901,4.));
#1520 = CARTESIAN_POINT('',(-2.499720954495,4.0274407541,4.));
#1521 = CARTESIAN_POINT('',(-2.499709822404,4.028688196641,4.));
#1522 = CARTESIAN_POINT('',(-2.49969883253,4.029935651495,4.));
#1523 = CARTESIAN_POINT('',(-2.499687984827,4.031183118656,4.));
#1524 = CARTESIAN_POINT('',(-2.499655868246,4.034925557004,4.));
#1525 = CARTESIAN_POINT('',(-2.499635025884,4.037420565059,4.));
#1526 = CARTESIAN_POINT('',(-2.499614752156,4.039915622157,4.));
#1527 = CARTESIAN_POINT('',(-2.499595046973,4.042410728174,4.));
#1528 = CARTESIAN_POINT('',(-2.499575910318,4.044905883007,4.));
#1529 = CARTESIAN_POINT('',(-2.499557342042,4.04740108652,4.));
#1530 = CARTESIAN_POINT('',(-2.499539342196,4.04989633862,4.));
#1531 = CARTESIAN_POINT('',(-2.499521910575,4.052391639167,4.));
#1532 = CARTESIAN_POINT('',(-2.499505047251,4.054886988062,4.));
#1533 = CARTESIAN_POINT('',(-2.499488752045,4.05738238518,4.));
#1534 = CARTESIAN_POINT('',(-2.499473024965,4.059877830406,4.));
#1535 = CARTESIAN_POINT('',(-2.499457865908,4.062373323625,4.));
#1536 = CARTESIAN_POINT('',(-2.499414092647,4.069859946907,4.));
#1537 = CARTESIAN_POINT('',(-2.499387182346,4.074851220595,4.));
#1538 = CARTESIAN_POINT('',(-2.499362543374,4.07984268486,4.));
#1539 = CARTESIAN_POINT('',(-2.499340175247,4.084834338746,4.));
#1540 = CARTESIAN_POINT('',(-2.499320077347,4.089826181367,4.));
#1541 = CARTESIAN_POINT('',(-2.49930224929,4.094818211718,4.));
#1542 = CARTESIAN_POINT('',(-2.499286690362,4.099810428963,4.));
#1543 = CARTESIAN_POINT('',(-2.499273400232,4.104802832063,4.));
#1544 = CARTESIAN_POINT('',(-2.499262378196,4.109795420186,4.));
#1545 = CARTESIAN_POINT('',(-2.499253623858,4.114788192323,4.));
#1546 = CARTESIAN_POINT('',(-2.499247136608,4.119781147589,4.));
#1547 = CARTESIAN_POINT('',(-2.499242915958,4.124774285029,4.));
#1548 = CARTESIAN_POINT('',(-2.499237052179,4.1397542411,4.));
#1549 = CARTESIAN_POINT('',(-2.499242207238,4.149741603473,4.));
#1550 = CARTESIAN_POINT('',(-2.4992564223,4.159729683391,4.));
#1551 = CARTESIAN_POINT('',(-2.499279693181,4.16971847337,4.));
#1552 = CARTESIAN_POINT('',(-2.499312015576,4.179707966008,4.));
#1553 = CARTESIAN_POINT('',(-2.499353385386,4.189698153762,4.));
#1554 = CARTESIAN_POINT('',(-2.499403798219,4.199689029285,4.));
#1555 = CARTESIAN_POINT('',(-2.499463250033,4.209680585003,4.));
#1556 = CARTESIAN_POINT('',(-2.499531736434,4.219672813564,4.));
#1557 = CARTESIAN_POINT('',(-2.499609253327,4.229665707433,4.));
#1558 = CARTESIAN_POINT('',(-2.499695796404,4.2396592592,4.));
#1559 = CARTESIAN_POINT('',(-2.499791361481,4.249653461387,4.));
#1560 = CARTESIAN_POINT('',(-2.500105109991,4.279637996854,4.));
#1561 = CARTESIAN_POINT('',(-2.500350346715,4.299630259041,4.));
#1562 = CARTESIAN_POINT('',(-2.50063162069,4.319625033439,4.));
#1563 = CARTESIAN_POINT('',(-2.500948898106,4.339622260416,4.));
#1564 = CARTESIAN_POINT('',(-2.501302145175,4.359621880271,4.));
#1565 = CARTESIAN_POINT('',(-2.501691328073,4.379623833423,4.));
#1566 = CARTESIAN_POINT('',(-2.502116413024,4.399628060117,4.));
#1567 = CARTESIAN_POINT('',(-2.502577366199,4.419634500808,4.));
#1568 = CARTESIAN_POINT('',(-2.50307415382,4.439643095742,4.));
#1569 = CARTESIAN_POINT('',(-2.503606742065,4.459653785335,4.));
#1570 = CARTESIAN_POINT('',(-2.504175097144,4.479666509891,4.));
#1571 = CARTESIAN_POINT('',(-2.504779185249,4.499681209773,4.));
#1572 = CARTESIAN_POINT('',(-2.506698547241,4.559731056412,4.));
#1573 = CARTESIAN_POINT('',(-2.508120918805,4.599771950169,4.));
#1574 = CARTESIAN_POINT('',(-2.509685816843,4.639820029348,4.));
#1575 = CARTESIAN_POINT('',(-2.511392970965,4.679874816703,4.));
#1576 = CARTESIAN_POINT('',(-2.513242110694,4.719935835004,4.));
#1577 = CARTESIAN_POINT('',(-2.515232965704,4.760002606991,4.));
#1578 = CARTESIAN_POINT('',(-2.517365265457,4.800074655442,4.));
#1579 = CARTESIAN_POINT('',(-2.519638739662,4.8401515031,4.));
#1580 = CARTESIAN_POINT('',(-2.522053117785,4.88023267273,4.));
#1581 = CARTESIAN_POINT('',(-2.524608129495,4.92031768709,4.));
#1582 = CARTESIAN_POINT('',(-2.527303504318,4.960406068937,4.));
#1583 = CARTESIAN_POINT('',(-2.530138971863,5.000497341029,4.));
#1584 = CARTESIAN_POINT('',(-2.539064841378,5.120778396317,4.));
#1585 = CARTESIAN_POINT('',(-2.545574710237,5.200975418526,4.));
#1586 = CARTESIAN_POINT('',(-2.552641704925,5.281178274811,4.));
#1587 = CARTESIAN_POINT('',(-2.5602636621,5.361383147251,4.));
#1588 = CARTESIAN_POINT('',(-2.568438418403,5.44158621789,4.));
#1589 = CARTESIAN_POINT('',(-2.577163810489,5.521783668825,4.));
#1590 = CARTESIAN_POINT('',(-2.586437675016,5.601971682084,4.));
#1591 = CARTESIAN_POINT('',(-2.596257848613,5.68214643977,4.));
#1592 = CARTESIAN_POINT('',(-2.606622167959,5.762304123919,4.));
#1593 = CARTESIAN_POINT('',(-2.61752846968,5.842440916615,4.));
#1594 = CARTESIAN_POINT('',(-2.628974590441,5.922552999916,4.));
#1595 = CARTESIAN_POINT('',(-2.640958366886,6.00263655589,4.));
#1596 = CARTESIAN_POINT('',(-2.678516173233,6.242790188024,4.));
#1597 = CARTESIAN_POINT('',(-2.705696680138,6.402763228404,4.));
#1598 = CARTESIAN_POINT('',(-2.735001849609,6.562576344249,4.));
#1599 = CARTESIAN_POINT('',(-2.766414374789,6.72219899213,4.));
#1600 = CARTESIAN_POINT('',(-2.799916949008,6.881600628484,4.));
#1601 = CARTESIAN_POINT('',(-2.835492265264,7.04075070998,4.));
#1602 = CARTESIAN_POINT('',(-2.873123017032,7.199618692954,4.));
#1603 = CARTESIAN_POINT('',(-2.912791897221,7.35817403414,4.));
#1604 = CARTESIAN_POINT('',(-2.954481599299,7.516386189876,4.));
#1605 = CARTESIAN_POINT('',(-2.998174816276,7.674224616827,4.));
#1606 = CARTESIAN_POINT('',(-3.043854241469,7.831658771435,4.));
#1607 = CARTESIAN_POINT('',(-3.091502568031,7.988658110266,4.));
#1608 = CARTESIAN_POINT('',(-3.240302331483,8.458260048965,4.));
#1609 = CARTESIAN_POINT('',(-3.347308552127,8.769466571048,4.));
#1610 = CARTESIAN_POINT('',(-3.461982696748,9.078567308295,4.));
#1611 = CARTESIAN_POINT('',(-3.584186310963,9.385317912888,4.));
#1612 = CARTESIAN_POINT('',(-3.71378094043,9.689474037098,4.));
#1613 = CARTESIAN_POINT('',(-3.850628130729,9.990791333011,4.));
#1614 = CARTESIAN_POINT('',(-3.994589427559,10.289025453015,4.));
#1615 = CARTESIAN_POINT('',(-4.145526376471,10.5839320491,4.));
#1616 = CARTESIAN_POINT('',(-4.303300523166,10.875266773686,4.));
#1617 = CARTESIAN_POINT('',(-4.467773413223,11.16278527881,4.));
#1618 = CARTESIAN_POINT('',(-4.6388065923,11.446243216791,4.));
#1619 = CARTESIAN_POINT('',(-4.816261606015,11.725396239778,4.));
#1620 = CARTESIAN_POINT('',(-5.294928022675,12.440780733221,4.));
#1621 = CARTESIAN_POINT('',(-5.606045252881,12.869840234242,4.));
#1622 = CARTESIAN_POINT('',(-5.933013150463,13.286073980663,4.));
#1623 = CARTESIAN_POINT('',(-6.275493175294,13.688377449893,4.));
#1624 = CARTESIAN_POINT('',(-6.633146787186,14.075646119766,4.));
#1625 = CARTESIAN_POINT('',(-7.005635446061,14.446775467363,4.));
#1626 = CARTESIAN_POINT('',(-7.392620611677,14.800660970864,4.));
#1627 = CARTESIAN_POINT('',(-7.793763743994,15.136198107105,4.));
#1628 = CARTESIAN_POINT('',(-8.208726302766,15.452282354306,4.));
#1629 = CARTESIAN_POINT('',(-8.637169747922,15.747809189491,4.));
#1630 = CARTESIAN_POINT('',(-9.078755539267,16.021674090544,4.));
#1631 = CARTESIAN_POINT('',(-9.533145136678,16.272772534842,4.));
#1632 = CARTESIAN_POINT('',(-10.42215647765,16.705471879707,4.));
#1633 = CARTESIAN_POINT('',(-10.85450554843,16.891424947722,4.));
#1634 = CARTESIAN_POINT('',(-11.29605750438,17.057339388953,4.));
#1635 = CARTESIAN_POINT('',(-11.74582263756,17.20269538821,4.));
#1636 = CARTESIAN_POINT('',(-12.20281124001,17.326973130487,4.));
#1637 = CARTESIAN_POINT('',(-12.6660336038,17.429652800515,4.));
#1638 = CARTESIAN_POINT('',(-13.13450002096,17.510214583314,4.));
#1639 = CARTESIAN_POINT('',(-13.60722078358,17.568138663667,4.));
#1640 = CARTESIAN_POINT('',(-14.08320618367,17.602905226485,4.));
#1641 = CARTESIAN_POINT('',(-14.56146651331,17.613994456662,4.));
#1642 = CARTESIAN_POINT('',(-15.04101206454,17.600886539043,4.));
#1643 = CARTESIAN_POINT('',(-15.52085312942,17.563061658534,4.));
#1644 = CARTESIAN_POINT('',(-16.44034473172,17.44204518319,4.));
#1645 = CARTESIAN_POINT('',(-16.88010315069,17.362775520084,4.));
#1646 = CARTESIAN_POINT('',(-17.31690200824,17.261897201667,4.));
#1647 = CARTESIAN_POINT('',(-17.7483680557,17.139116419034,4.));
#1648 = CARTESIAN_POINT('',(-18.17212804446,16.99413936303,4.));
#1649 = CARTESIAN_POINT('',(-18.58580872574,16.826672224957,4.));
#1650 = CARTESIAN_POINT('',(-18.98703685105,16.636421195428,4.));
#1651 = CARTESIAN_POINT('',(-19.37343917151,16.423092465917,4.));
#1652 = CARTESIAN_POINT('',(-19.74264243869,16.186392227007,4.));
#1653 = CARTESIAN_POINT('',(-20.09227340373,15.926026670041,4.));
#1654 = CARTESIAN_POINT('',(-20.4199588181,15.641701985833,4.));
#1655 = CARTESIAN_POINT('',(-20.72332543307,15.333124365492,4.));
#1656 = CARTESIAN_POINT('',(-21.25836131199,14.688925335337,4.));
#1657 = CARTESIAN_POINT('',(-21.4934471581,14.356445908907,4.));
#1658 = CARTESIAN_POINT('',(-21.70510645189,14.005056623018,4.));
#1659 = CARTESIAN_POINT('',(-21.89318810694,13.637252379958,4.));
#1660 = CARTESIAN_POINT('',(-22.05754103684,13.255528082042,4.));
#1661 = CARTESIAN_POINT('',(-22.19801415515,12.86237863158,4.));
#1662 = CARTESIAN_POINT('',(-22.3144563755,12.460298930826,4.));
#1663 = CARTESIAN_POINT('',(-22.40671661138,12.051783882173,4.));
#1664 = CARTESIAN_POINT('',(-22.47464377648,11.639328387808,4.));
#1665 = CARTESIAN_POINT('',(-22.51808678428,11.225427350144,4.));
#1666 = CARTESIAN_POINT('',(-22.53689454843,10.812575671399,4.));
#1667 = CARTESIAN_POINT('',(-22.53091598247,10.403268253924,4.));
#1668 = CARTESIAN_POINT('',(-22.46139049229,9.496377358523,4.));
#1669 = CARTESIAN_POINT('',(-22.38388776617,9.002173595996,4.));
#1670 = CARTESIAN_POINT('',(-22.26761627838,8.518481096233,4.));
#1671 = CARTESIAN_POINT('',(-22.11270048577,8.046392243178,4.));
#1672 = CARTESIAN_POINT('',(-21.91926484496,7.586999420523,4.));
#1673 = CARTESIAN_POINT('',(-21.68743381295,7.141395012342,4.));
#1674 = CARTESIAN_POINT('',(-21.41733184624,6.710671402238,4.));
#1675 = CARTESIAN_POINT('',(-21.10908340187,6.295920974294,4.));
#1676 = CARTESIAN_POINT('',(-20.7628129364,5.898236112187,4.));
#1677 = CARTESIAN_POINT('',(-20.37864490674,5.518709199879,4.));
#1678 = CARTESIAN_POINT('',(-19.95670376959,5.158432621167,4.));
#1679 = CARTESIAN_POINT('',(-19.49711398175,4.818498759925,4.));
#1680 = CARTESIAN_POINT('',(-18.76730092546,4.350910717871,4.));
#1681 = CARTESIAN_POINT('',(-18.52637963784,4.206518244708,4.));
#1682 = CARTESIAN_POINT('',(-18.278816341,4.066346582668,4.));
#1683 = CARTESIAN_POINT('',(-18.02619123877,3.92991973391,4.));
#1684 = CARTESIAN_POINT('',(-17.77008453505,3.796761700592,4.));
#1685 = CARTESIAN_POINT('',(-17.51207643364,3.666396484873,4.));
#1686 = CARTESIAN_POINT('',(-17.25374713846,3.538348088909,4.));
#1687 = CARTESIAN_POINT('',(-16.99667685329,3.412140514862,4.));
#1688 = CARTESIAN_POINT('',(-16.74244578204,3.287297764886,4.));
#1689 = CARTESIAN_POINT('',(-16.49263412854,3.163343841144,4.));
#1690 = CARTESIAN_POINT('',(-16.24882209665,3.039802745791,4.));
#1691 = CARTESIAN_POINT('',(-16.01258989023,2.916198480986,4.));
#1692 = CARTESIAN_POINT('',(-15.55844553602,2.667911616789,4.));
#1693 = CARTESIAN_POINT('',(-15.34053338823,2.543229017397,4.));
#1694 = CARTESIAN_POINT('',(-15.13336147362,2.417531252872,4.));
#1695 = CARTESIAN_POINT('',(-14.93850999603,2.290342325367,4.));
#1696 = CARTESIAN_POINT('',(-14.75755915933,2.161186237046,4.));
#1697 = CARTESIAN_POINT('',(-14.59208916737,2.029586990063,4.));
#1698 = CARTESIAN_POINT('',(-14.44368022398,1.895068586578,4.));
#1699 = CARTESIAN_POINT('',(-14.31391253306,1.757155028753,4.));
#1700 = CARTESIAN_POINT('',(-14.20436629843,1.615370318737,4.));
#1701 = CARTESIAN_POINT('',(-14.11662172395,1.469238458699,4.));
#1702 = CARTESIAN_POINT('',(-14.05225901349,1.318283450789,4.));
#1703 = CARTESIAN_POINT('',(-14.01285837088,1.162029297171,4.));
#1704 = CARTESIAN_POINT('',(-13.98012451142,0.749547475886,4.));
#1705 = CARTESIAN_POINT('',(-14.02366545729,0.485296622211,4.));
#1706 = CARTESIAN_POINT('',(-14.12297213643,0.20840881142,4.));
#1707 = CARTESIAN_POINT('',(-14.27039384765,-7.995458403867E-02,4.));
#1708 = CARTESIAN_POINT('',(-14.45827988983,-0.378632191733,4.));
#1709 = CARTESIAN_POINT('',(-14.67897956172,-0.68646263919,4.));
#1710 = CARTESIAN_POINT('',(-14.92484216225,-1.002284554013,4.));
#1711 = CARTESIAN_POINT('',(-15.18821699014,-1.324936563691,4.));
#1712 = CARTESIAN_POINT('',(-15.46145334433,-1.653257295853,4.));
#1713 = CARTESIAN_POINT('',(-15.73690052355,-1.986085377988,4.));
#1714 = CARTESIAN_POINT('',(-16.00690782669,-2.322259437699,4.));
#1715 = CARTESIAN_POINT('',(-16.26382455256,-2.660618102514,4.));
#1716 = CARTESIAN_POINT('',(-16.80966024915,-3.444978866665,4.));
#1717 = CARTESIAN_POINT('',(-17.08366414322,-3.89171677375,4.));
#1718 = CARTESIAN_POINT('',(-17.3229054321,-4.34048669185,4.));
#1719 = CARTESIAN_POINT('',(-17.52827786556,-4.791561591446,
    3.999999999999));
#1720 = CARTESIAN_POINT('',(-17.70067519356,-5.24521444322,
    4.000000000001));
#1721 = CARTESIAN_POINT('',(-17.84099116581,-5.701718217588,
    3.999999999999));
#1722 = CARTESIAN_POINT('',(-17.95011953229,-6.161345885228,
    4.000000000001));
#1723 = CARTESIAN_POINT('',(-18.02895404273,-6.62437041664,
    3.999999999999));
#1724 = CARTESIAN_POINT('',(-18.07838844709,-7.091064782378,
    4.000000000001));
#1725 = CARTESIAN_POINT('',(-18.09931649512,-7.561701953045,4.));
#1726 = CARTESIAN_POINT('',(-18.09263193673,-8.036554899151,4.));
#1727 = CARTESIAN_POINT('',(-18.05922852173,-8.515896591288,4.));
#1728 = CARTESIAN_POINT('',(-17.94646470693,-9.437569892015,4.));
#1729 = CARTESIAN_POINT('',(-17.87183047044,-9.879030075353,4.));
#1730 = CARTESIAN_POINT('',(-17.7755437115,-10.3209125384,4.));
#1731 = CARTESIAN_POINT('',(-17.65705085106,-10.75974926957,
    3.999999999999));
#1732 = CARTESIAN_POINT('',(-17.51579831013,-11.19207225723,
    4.000000000001));
#1733 = CARTESIAN_POINT('',(-17.35123250961,-11.61441348981,
    3.999999999999));
#1734 = CARTESIAN_POINT('',(-17.16279987055,-12.02330495564,
    4.000000000001));
#1735 = CARTESIAN_POINT('',(-16.94994681384,-12.41527864323,
    3.999999999999));
#1736 = CARTESIAN_POINT('',(-16.71211976051,-12.78686654081,
    4.000000000001));
#1737 = CARTESIAN_POINT('',(-16.44876513148,-13.13460063694,4.));
#1738 = CARTESIAN_POINT('',(-16.15932934774,-13.45501291989,4.));
#1739 = CARTESIAN_POINT('',(-15.84325883026,-13.74463537812,4.));
#1740 = CARTESIAN_POINT('',(-15.09969485465,-14.29780376516,4.));
#1741 = CARTESIAN_POINT('',(-14.66241360392,-14.54901687291,4.));
#1742 = CARTESIAN_POINT('',(-14.19370905588,-14.75455758306,4.));
#1743 = CARTESIAN_POINT('',(-13.69913401863,-14.91534415578,4.));
#1744 = CARTESIAN_POINT('',(-13.1842413002,-15.03229485043,4.));
#1745 = CARTESIAN_POINT('',(-12.6545837087,-15.10632792777,4.));
#1746 = CARTESIAN_POINT('',(-12.11571405219,-15.13836164659,4.));
#1747 = CARTESIAN_POINT('',(-11.57318513872,-15.12931426801,4.));
#1748 = CARTESIAN_POINT('',(-11.03254977643,-15.08010405082,4.));
#1749 = CARTESIAN_POINT('',(-10.4993607733,-14.99164925576,4.));
#1750 = CARTESIAN_POINT('',(-9.979170937497,-14.86486814223,4.));
#1751 = CARTESIAN_POINT('',(-9.477533077031,-14.70067897037,4.));
#1752 = CARTESIAN_POINT('',(-8.533838389393,-14.30409978587,4.));
#1753 = CARTESIAN_POINT('',(-8.090647219466,-14.07342694024,4.));
#1754 = CARTESIAN_POINT('',(-7.669616722965,-13.81063519753,4.));
#1755 = CARTESIAN_POINT('',(-7.269937132639,-13.51837829208,4.));
#1756 = CARTESIAN_POINT('',(-6.89079868121,-13.19930995845,
    4.000000000001));
#1757 = CARTESIAN_POINT('',(-6.531391601468,-12.8560839308,
    3.999999999999));
#1758 = CARTESIAN_POINT('',(-6.190906126085,-12.49135394389,
    4.000000000001));
#1759 = CARTESIAN_POINT('',(-5.868532487891,-12.10777373172,
    3.999999999999));
#1760 = CARTESIAN_POINT('',(-5.563460919547,-11.70799702909,4.));
#1761 = CARTESIAN_POINT('',(-5.274881653861,-11.2946775701,4.));
#1762 = CARTESIAN_POINT('',(-5.001984923537,-10.87046908936,4.));
#1763 = CARTESIAN_POINT('',(-4.743960961337,-10.43802532118,4.));
#1764 = CARTESIAN_POINT('',(-4.257549647375,-9.564686935988,4.));
#1765 = CARTESIAN_POINT('',(-4.028988678318,-9.123861227029,4.));
#1766 = CARTESIAN_POINT('',(-3.814556542714,-8.677834258238,4.));
#1767 = CARTESIAN_POINT('',(-3.614492690429,-8.226917414667,4.));
#1768 = CARTESIAN_POINT('',(-3.429036571368,-7.771422081495,4.));
#1769 = CARTESIAN_POINT('',(-3.258427635384,-7.311659643701,4.));
#1770 = CARTESIAN_POINT('',(-3.102905332376,-6.847941486518,4.));
#1771 = CARTESIAN_POINT('',(-2.962709112223,-6.380578994916,4.));
#1772 = CARTESIAN_POINT('',(-2.83807842479,-5.909883554086,4.));
#1773 = CARTESIAN_POINT('',(-2.729252719979,-5.436166549071,4.));
#1774 = CARTESIAN_POINT('',(-2.636471447652,-4.959739364989,4.));
#1775 = CARTESIAN_POINT('',(-2.5599740577,-4.480913386934,4.));
#1776 = CARTESIAN_POINT('',(-2.424138150859,-3.391687336009,4.));
#1777 = CARTESIAN_POINT('',(-2.374713633315,-2.780034817818,4.));
#1778 = CARTESIAN_POINT('',(-2.347964531921,-2.165631862405,4.));
#1779 = CARTESIAN_POINT('',(-2.34012893112,-1.549067886791,
    4.000000000001));
#1780 = CARTESIAN_POINT('',(-2.347444915603,-0.930932307926,
    3.999999999999));
#1781 = CARTESIAN_POINT('',(-2.366150569623,-0.311814542846,
    4.000000000001));
#1782 = CARTESIAN_POINT('',(-2.392483978058,0.307695991481,
    3.999999999998));
#1783 = CARTESIAN_POINT('',(-2.422683225047,0.927009878075,
    4.000000000001));
#1784 = CARTESIAN_POINT('',(-2.452986395462,1.545537699897,
    3.999999999999));
#1785 = CARTESIAN_POINT('',(-2.479631573566,2.162690040016,4.));
#1786 = CARTESIAN_POINT('',(-2.498856844042,2.777877481387,4.));
#1787 = CARTESIAN_POINT('',(-2.506900291336,3.390510607051,4.));
#1788 = CARTESIAN_POINT('',(-2.5,4.,4.));
#1789 = CARTESIAN_POINT('',(-2.999967959387,4.005660352122,4.));
#1790 = CARTESIAN_POINT('',(-2.999953576785,4.006930739509,4.));
#1791 = CARTESIAN_POINT('',(-2.999946064299,4.007606357598,4.));
#1792 = CARTESIAN_POINT('',(-2.999911798375,4.010657107902,4.));
#1793 = CARTESIAN_POINT('',(-2.999948820655,4.007423164811,4.));
#1794 = CARTESIAN_POINT('',(-2.999849556051,4.016239226617,4.));
#1795 = CARTESIAN_POINT('',(-2.99994753605,4.007645112629,4.));
#1796 = CARTESIAN_POINT('',(-2.999827268585,4.01834041891,4.));
#1797 = CARTESIAN_POINT('',(-2.999893392147,4.012584224149,4.));
#1798 = CARTESIAN_POINT('',(-2.999838357747,4.017541722346,4.));
#1799 = CARTESIAN_POINT('',(-2.999842417701,4.017291583741,4.));
#1800 = CARTESIAN_POINT('',(-2.999826200085,4.018844570635,4.));
#1801 = CARTESIAN_POINT('',(-2.99981467738,4.0199949142,4.));
#1802 = CARTESIAN_POINT('',(-2.999790901481,4.022384218761,4.));
#1803 = CARTESIAN_POINT('',(-2.999779149754,4.023578887211,4.));
#1804 = CARTESIAN_POINT('',(-2.999767534202,4.024773571816,4.));
#1805 = CARTESIAN_POINT('',(-2.999756054928,4.025968272562,4.));
#1806 = CARTESIAN_POINT('',(-2.999744711699,4.027162989435,4.));
#1807 = CARTESIAN_POINT('',(-2.999733504881,4.028357722419,4.));
#1808 = CARTESIAN_POINT('',(-2.999722433965,4.029552471504,4.));
#1809 = CARTESIAN_POINT('',(-2.999711499504,4.03074723667,4.));
#1810 = CARTESIAN_POINT('',(-2.999700700972,4.031942017907,4.));
#1811 = CARTESIAN_POINT('',(-2.99969003876,4.033136815199,4.));
#1812 = CARTESIAN_POINT('',(-2.999679512614,4.034331628533,4.));
#1813 = CARTESIAN_POINT('',(-2.999669122648,4.035526457893,4.));
#1814 = CARTESIAN_POINT('',(-2.999638361137,4.039110994012,4.));
#1815 = CARTESIAN_POINT('',(-2.999618398025,4.041500748808,4.));
#1816 = CARTESIAN_POINT('',(-2.99959897939,4.043890567544,4.));
#1817 = CARTESIAN_POINT('',(-2.999580105243,4.046280450094,4.));
#1818 = CARTESIAN_POINT('',(-2.999561775415,4.048670396366,4.));
#1819 = CARTESIAN_POINT('',(-2.999543990015,4.051060406215,4.));
#1820 = CARTESIAN_POINT('',(-2.999526748791,4.053450479563,4.));
#1821 = CARTESIAN_POINT('',(-2.999510051886,4.05584061626,4.));
#1822 = CARTESIAN_POINT('',(-2.999493899081,4.058230816221,4.));
#1823 = CARTESIAN_POINT('',(-2.999478290434,4.060621079313,4.));
#1824 = CARTESIAN_POINT('',(-2.999463225827,4.063011405432,4.));
#1825 = CARTESIAN_POINT('',(-2.999448705233,4.06540179446,4.));
#1826 = CARTESIAN_POINT('',(-2.9994067753,4.072573149929,4.));
#1827 = CARTESIAN_POINT('',(-2.999380997816,4.077354304759,4.));
#1828 = CARTESIAN_POINT('',(-2.999357395695,4.082135709857,4.));
#1829 = CARTESIAN_POINT('',(-2.999335968506,4.086917364312,4.));
#1830 = CARTESIAN_POINT('',(-2.999316715794,4.091699267205,4.));
#1831 = CARTESIAN_POINT('',(-2.999299637148,4.096481417626,4.));
#1832 = CARTESIAN_POINT('',(-2.99928473209,4.101263814659,4.));
#1833 = CARTESIAN_POINT('',(-2.999272000227,4.106046457386,4.));
#1834 = CARTESIAN_POINT('',(-2.999261441076,4.110829344902,4.));
#1835 = CARTESIAN_POINT('',(-2.999253054233,4.115612476282,4.));
#1836 = CARTESIAN_POINT('',(-2.999246839236,4.120395850619,4.));
#1837 = CARTESIAN_POINT('',(-2.999242795659,4.125179466996,4.));
#1838 = CARTESIAN_POINT('',(-2.999237177857,4.139531039506,4.));
#1839 = CARTESIAN_POINT('',(-2.999242116572,4.149099719037,4.));
#1840 = CARTESIAN_POINT('',(-2.999255735683,4.158669355755,4.));
#1841 = CARTESIAN_POINT('',(-2.999278031676,4.168239942326,4.));
#1842 = CARTESIAN_POINT('',(-2.999309001023,4.177811471407,4.));
#1843 = CARTESIAN_POINT('',(-2.999348640212,4.187383935672,4.));
#1844 = CARTESIAN_POINT('',(-2.999396945723,4.196957327768,4.));
#1845 = CARTESIAN_POINT('',(-2.999453914032,4.206531640378,4.));
#1846 = CARTESIAN_POINT('',(-2.999519541624,4.216106866145,4.));
#1847 = CARTESIAN_POINT('',(-2.99959382498,4.225682997748,4.));
#1848 = CARTESIAN_POINT('',(-2.999676760578,4.23526002784,4.));
#1849 = CARTESIAN_POINT('',(-2.9997683449,4.24483794909,4.));
#1850 = CARTESIAN_POINT('',(-3.000069033483,4.273574364296,4.));
#1851 = CARTESIAN_POINT('',(-3.000304073502,4.292735510008,4.));
#1852 = CARTESIAN_POINT('',(-3.000573666183,4.31190013227,4.));
#1853 = CARTESIAN_POINT('',(-3.00087778322,4.331068172009,4.));
#1854 = CARTESIAN_POINT('',(-3.001216396323,4.350239570264,4.));
#1855 = CARTESIAN_POINT('',(-3.001589477156,4.369414267867,4.));
#1856 = CARTESIAN_POINT('',(-3.001996997478,4.388592205961,4.));
#1857 = CARTESIAN_POINT('',(-3.002438928898,4.407773325303,4.));
#1858 = CARTESIAN_POINT('',(-3.002915243212,4.426957567049,4.));
#1859 = CARTESIAN_POINT('',(-3.003425912032,4.446144872011,4.));
#1860 = CARTESIAN_POINT('',(-3.003970907111,4.465335181247,4.));
#1861 = CARTESIAN_POINT('',(-3.004550200119,4.484528435673,4.));
#1862 = CARTESIAN_POINT('',(-3.006390888049,4.542116857455,4.));
#1863 = CARTESIAN_POINT('',(-3.007755094546,4.580520687423,4.));
#1864 = CARTESIAN_POINT('',(-3.009256153106,4.618935588952,4.));
#1865 = CARTESIAN_POINT('',(-3.010893834709,4.657361084807,4.));
#1866 = CARTESIAN_POINT('',(-3.012667910043,4.69579669778,4.));
#1867 = CARTESIAN_POINT('',(-3.014578150319,4.73424195062,4.));
#1868 = CARTESIAN_POINT('',(-3.01662432599,4.772696366139,4.));
#1869 = CARTESIAN_POINT('',(-3.018806208412,4.811159467068,4.));
#1870 = CARTESIAN_POINT('',(-3.021123568048,4.849630776226,4.));
#1871 = CARTESIAN_POINT('',(-3.023576176096,4.888109816352,4.));
#1872 = CARTESIAN_POINT('',(-3.026163803254,4.926596110246,4.));
#1873 = CARTESIAN_POINT('',(-3.028886220497,4.96508918067,4.));
#1874 = CARTESIAN_POINT('',(-3.037457155042,5.08058728987,4.));
#1875 = CARTESIAN_POINT('',(-3.043709404413,5.157611271838,4.));
#1876 = CARTESIAN_POINT('',(-3.050498064133,5.234656616502,4.));
#1877 = CARTESIAN_POINT('',(-3.057821251499,5.311719444064,4.));
#1878 = CARTESIAN_POINT('',(-3.065677083917,5.388795874715,4.));
#1879 = CARTESIAN_POINT('',(-3.074063678596,5.465882028659,4.));
#1880 = CARTESIAN_POINT('',(-3.082979153028,5.542974026091,4.));
#1881 = CARTESIAN_POINT('',(-3.09242162437,5.620067987206,4.));
#1882 = CARTESIAN_POINT('',(-3.10238921011,5.697160032209,4.));
#1883 = CARTESIAN_POINT('',(-3.112880027463,5.774246281288,4.));
#1884 = CARTESIAN_POINT('',(-3.123892193832,5.851322854648,4.));
#1885 = CARTESIAN_POINT('',(-3.135423826513,5.928385872483,4.));
#1886 = CARTESIAN_POINT('',(-3.171571475524,6.159522620007,4.));
#1887 = CARTESIAN_POINT('',(-3.197741036928,6.313544262319,4.));
#1888 = CARTESIAN_POINT('',(-3.225965803534,6.467464798335,4.));
#1889 = CARTESIAN_POINT('',(-3.256229851799,6.621252644509,4.));
#1890 = CARTESIAN_POINT('',(-3.288517258199,6.774876217195,4.));
#1891 = CARTESIAN_POINT('',(-3.322812099189,6.928303932916,4.));
#1892 = CARTESIAN_POINT('',(-3.359098451244,7.081504207963,4.));
#1893 = CARTESIAN_POINT('',(-3.397360390827,7.234445458891,4.));
#1894 = CARTESIAN_POINT('',(-3.437581994397,7.387096102005,4.));
#1895 = CARTESIAN_POINT('',(-3.479747338432,7.539424553807,4.));
#1896 = CARTESIAN_POINT('',(-3.523840499388,7.691399230672,4.));
#1897 = CARTESIAN_POINT('',(-3.569845553736,7.842988549039,4.));
#1898 = CARTESIAN_POINT('',(-3.713548626345,8.296505677892,4.));
#1899 = CARTESIAN_POINT('',(-3.81693095812,8.597182392938,4.));
#1900 = CARTESIAN_POINT('',(-3.927761138756,8.895936077293,4.));
#1901 = CARTESIAN_POINT('',(-4.045905332457,9.192512215255,4.));
#1902 = CARTESIAN_POINT('',(-4.171228302255,9.486656768857,4.));
#1903 = CARTESIAN_POINT('',(-4.303593409789,9.778116177318,4.));
#1904 = CARTESIAN_POINT('',(-4.442862615645,10.066637357956,4.));
#1905 = CARTESIAN_POINT('',(-4.588896478923,10.351967704929,4.));
#1906 = CARTESIAN_POINT('',(-4.741554157696,10.633855090684,4.));
#1907 = CARTESIAN_POINT('',(-4.900693408603,10.912047864562,4.));
#1908 = CARTESIAN_POINT('',(-5.066170587152,11.186294853919,4.));
#1909 = CARTESIAN_POINT('',(-5.237840647531,11.456345363382,4.));
#1910 = CARTESIAN_POINT('',(-5.700819103377,12.148283624728,4.));
#1911 = CARTESIAN_POINT('',(-6.001546420662,12.563003687002,4.));
#1912 = CARTESIAN_POINT('',(-6.317360943366,12.964996116414,4.));
#1913 = CARTESIAN_POINT('',(-6.647871480959,13.353161238156,4.));
#1914 = CARTESIAN_POINT('',(-6.992678490306,13.726413518582,4.));
#1915 = CARTESIAN_POINT('',(-7.351378761713,14.083682135568,4.));
#1916 = CARTESIAN_POINT('',(-7.723570106083,14.423911548679,4.));
#1917 = CARTESIAN_POINT('',(-8.10885604058,14.746062069755,4.));
#1918 = CARTESIAN_POINT('',(-8.506850475974,15.04911043284,4.));
#1919 = CARTESIAN_POINT('',(-8.917182402395,15.332050364922,4.));
#1920 = CARTESIAN_POINT('',(-9.339500576349,15.593893155863,4.));
#1921 = CARTESIAN_POINT('',(-9.773478206899,15.833668228987,4.));
#1922 = CARTESIAN_POINT('',(-10.6215186575,16.246426233838,4.));
#1923 = CARTESIAN_POINT('',(-11.03399248038,16.423837653285,4.));
#1924 = CARTESIAN_POINT('',(-11.45525182701,16.582128147582,4.));
#1925 = CARTESIAN_POINT('',(-11.88430566651,16.72078135184,4.));
#1926 = CARTESIAN_POINT('',(-12.3201620096,16.839292673429,4.));
#1927 = CARTESIAN_POINT('',(-12.76183069723,16.93716760766,4.));
#1928 = CARTESIAN_POINT('',(-13.20832618907,17.013920052549,4.));
#1929 = CARTESIAN_POINT('',(-13.65867035213,17.06907062492,4.));
#1930 = CARTESIAN_POINT('',(-14.11189524933,17.102144974855,4.));
#1931 = CARTESIAN_POINT('',(-14.56704592803,17.112672101871,4.));
#1932 = CARTESIAN_POINT('',(-15.02318320865,17.100182669574,4.));
#1933 = CARTESIAN_POINT('',(-15.47938647321,17.064207321436,4.));
#1934 = CARTESIAN_POINT('',(-16.35324978923,16.949196093306,4.));
#1935 = CARTESIAN_POINT('',(-16.77092700144,16.873876174162,4.));
#1936 = CARTESIAN_POINT('',(-17.18528475866,16.778138811282,4.));
#1937 = CARTESIAN_POINT('',(-17.59380058146,16.661803055891,4.));
#1938 = CARTESIAN_POINT('',(-17.99396025784,16.524726446694,4.));
#1939 = CARTESIAN_POINT('',(-18.38328421514,16.36683020327,4.));
#1940 = CARTESIAN_POINT('',(-18.75935284962,16.188106606807,4.));
#1941 = CARTESIAN_POINT('',(-19.11983081244,15.988608563548,4.));
#1942 = CARTESIAN_POINT('',(-19.46249025383,15.768421356941,4.));
#1943 = CARTESIAN_POINT('',(-19.78523302322,15.527616581882,4.));
#1944 = CARTESIAN_POINT('',(-20.08611182774,15.266188267282,4.));
#1945 = CARTESIAN_POINT('',(-20.3633503469,14.983971181952,4.));
#1946 = CARTESIAN_POINT('',(-20.85069344108,14.397195675882,4.));
#1947 = CARTESIAN_POINT('',(-21.06610110878,14.092836066675,4.));
#1948 = CARTESIAN_POINT('',(-21.26113063982,13.769532561289,4.));
#1949 = CARTESIAN_POINT('',(-21.43529804215,13.429540024486,4.));
#1950 = CARTESIAN_POINT('',(-21.58812219044,13.075257244035,4.));
#1951 = CARTESIAN_POINT('',(-21.71915142078,12.709191121095,4.));
#1952 = CARTESIAN_POINT('',(-21.827984532,12.333925931641,4.));
#1953 = CARTESIAN_POINT('',(-21.9142861898,11.952097658682,4.));
#1954 = CARTESIAN_POINT('',(-21.97779673875,11.566373394773,4.));
#1955 = CARTESIAN_POINT('',(-22.01833641658,11.179435816214,4.));
#1956 = CARTESIAN_POINT('',(-22.03580397585,10.793972726894,4.));
#1957 = CARTESIAN_POINT('',(-22.03016970918,10.412671673954,4.));
#1958 = CARTESIAN_POINT('',(-21.9656122802,9.570584197486,4.));
#1959 = CARTESIAN_POINT('',(-21.89375283585,9.113022830231,4.));
#1960 = CARTESIAN_POINT('',(-21.7861886486,8.666193600859,4.));
#1961 = CARTESIAN_POINT('',(-21.6431494944,8.230609707817,4.));
#1962 = CARTESIAN_POINT('',(-21.46470570072,7.806731423989,4.));
#1963 = CARTESIAN_POINT('',(-21.25074530486,7.395045197803,4.));
#1964 = CARTESIAN_POINT('',(-21.0009974081,6.996127198874,4.));
#1965 = CARTESIAN_POINT('',(-20.71508564258,6.610688598352,4.));
#1966 = CARTESIAN_POINT('',(-20.3925956648,6.239599872799,4.));
#1967 = CARTESIAN_POINT('',(-20.03314059238,5.883891421187,4.));
#1968 = CARTESIAN_POINT('',(-19.63640829871,5.544727784513,4.));
#1969 = CARTESIAN_POINT('',(-19.20217448138,5.223352757122,4.));
#1970 = CARTESIAN_POINT('',(-18.50936476896,4.779472596097,4.));
#1971 = CARTESIAN_POINT('',(-18.27847659091,4.641003478977,4.));
#1972 = CARTESIAN_POINT('',(-18.0392725356,4.505454659429,4.));
#1973 = CARTESIAN_POINT('',(-17.79341897534,4.372586521881,4.));
#1974 = CARTESIAN_POINT('',(-17.54257022696,4.242086319296,4.));
#1975 = CARTESIAN_POINT('',(-17.28836208911,4.113587378462,4.));
#1976 = CARTESIAN_POINT('',(-17.03240569526,3.986681695732,4.));
#1977 = CARTESIAN_POINT('',(-16.77628168114,3.86092592231,4.));
#1978 = CARTESIAN_POINT('',(-16.52153466822,3.735840740187,4.));
#1979 = CARTESIAN_POINT('',(-16.26966806154,3.610903627578,4.));
#1980 = CARTESIAN_POINT('',(-16.0221391634,3.485535014887,4.));
#1981 = CARTESIAN_POINT('',(-15.78035460171,3.35907783041,4.));
#1982 = CARTESIAN_POINT('',(-15.31097754603,3.102463042181,4.));
#1983 = CARTESIAN_POINT('',(-15.08344562704,2.972284114266,4.));
#1984 = CARTESIAN_POINT('',(-14.86402992538,2.839581509693,4.));
#1985 = CARTESIAN_POINT('',(-14.6550121506,2.703068846995,4.));
#1986 = CARTESIAN_POINT('',(-14.45645427332,2.562315860417,4.));
#1987 = CARTESIAN_POINT('',(-14.26976059492,2.415549613503,4.));
#1988 = CARTESIAN_POINT('',(-14.09707968992,2.260757946493,4.));
#1989 = CARTESIAN_POINT('',(-13.93923659488,2.096472852376,4.));
#1990 = CARTESIAN_POINT('',(-13.79667746601,1.919817121513,4.));
#1991 = CARTESIAN_POINT('',(-13.67335261197,1.725034531297,4.));
#1992 = CARTESIAN_POINT('',(-13.5783737282,1.508404059727,4.));
#1993 = CARTESIAN_POINT('',(-13.52047171346,1.277774037667,4.));
#1994 = CARTESIAN_POINT('',(-13.47234563199,0.6713336708,4.));
#1995 = CARTESIAN_POINT('',(-13.53827493236,0.307855250322,4.));
#1996 = CARTESIAN_POINT('',(-13.67685790288,-2.419608479908E-02,4.));
#1997 = CARTESIAN_POINT('',(-13.83918289234,-0.339728336082,4.));
#1998 = CARTESIAN_POINT('',(-14.04798803283,-0.668986296435,4.));
#1999 = CARTESIAN_POINT('',(-14.28073069506,-0.98861605388,4.));
#2000 = CARTESIAN_POINT('',(-14.53279232769,-1.312269456294,4.));
#2001 = CARTESIAN_POINT('',(-14.80312037778,-1.645040583118,4.));
#2002 = CARTESIAN_POINT('',(-15.0762461048,-1.970891573006,4.));
#2003 = CARTESIAN_POINT('',(-15.35068005767,-2.304053062571,4.));
#2004 = CARTESIAN_POINT('',(-15.61574155176,-2.633975205211,4.));
#2005 = CARTESIAN_POINT('',(-15.86464704808,-2.962352566229,4.));
#2006 = CARTESIAN_POINT('',(-16.38453402752,-3.709425267813,4.));
#2007 = CARTESIAN_POINT('',(-16.6442386767,-4.133076952054,4.));
#2008 = CARTESIAN_POINT('',(-16.86989226057,-4.556877606244,4.));
#2009 = CARTESIAN_POINT('',(-17.06277711957,-4.981214607073,4.));
#2010 = CARTESIAN_POINT('',(-17.22418458389,-5.4066211405,4.));
#2011 = CARTESIAN_POINT('',(-17.35534425004,-5.833787834125,4.));
#2012 = CARTESIAN_POINT('',(-17.45737348273,-6.263524864769,4.));
#2013 = CARTESIAN_POINT('',(-17.53124820459,-6.696693922553,4.));
#2014 = CARTESIAN_POINT('',(-17.57779603451,-7.134129418967,4.));
#2015 = CARTESIAN_POINT('',(-17.59771283743,-7.576568320462,4.));
#2016 = CARTESIAN_POINT('',(-17.5916037464,-8.024607993901,4.));
#2017 = CARTESIAN_POINT('',(-17.56004971947,-8.478711447001,4.));
#2018 = CARTESIAN_POINT('',(-17.4527681085,-9.355576039253,4.));
#2019 = CARTESIAN_POINT('',(-17.38176753559,-9.775601194236,4.));
#2020 = CARTESIAN_POINT('',(-17.29020948215,-10.19550007396,4.));
#2021 = CARTESIAN_POINT('',(-17.17772659765,-10.61157381774,4.));
#2022 = CARTESIAN_POINT('',(-17.04400959248,-11.02014350703,4.));
#2023 = CARTESIAN_POINT('',(-16.88881173161,-11.41750933814,4.));
#2024 = CARTESIAN_POINT('',(-16.7119885375,-11.79998137446,4.));
#2025 = CARTESIAN_POINT('',(-16.51353933668,-12.16395835283,4.));
#2026 = CARTESIAN_POINT('',(-16.29361728592,-12.50603101223,4.));
#2027 = CARTESIAN_POINT('',(-16.0524745118,-12.8230864209,4.));
#2028 = CARTESIAN_POINT('',(-15.79030899991,-13.11238976967,4.));
#2029 = CARTESIAN_POINT('',(-15.50697986762,-13.37162010666,4.));
#2030 = CARTESIAN_POINT('',(-14.84537721165,-13.86381403492,4.));
#2031 = CARTESIAN_POINT('',(-14.45309523547,-14.08978970097,4.));
#2032 = CARTESIAN_POINT('',(-14.02820798853,-14.27709384913,4.));
#2033 = CARTESIAN_POINT('',(-13.57534197418,-14.42543234231,4.));
#2034 = CARTESIAN_POINT('',(-13.09984031319,-14.53444367943,4.));
#2035 = CARTESIAN_POINT('',(-12.6074635095,-14.60400407728,4.));
#2036 = CARTESIAN_POINT('',(-12.1041850293,-14.63434178767,4.));
#2037 = CARTESIAN_POINT('',(-11.59606211586,-14.62602194137,4.));
#2038 = CARTESIAN_POINT('',(-11.08916226331,-14.57986321479,4.));
#2039 = CARTESIAN_POINT('',(-10.58952577099,-14.49684761012,4.));
#2040 = CARTESIAN_POINT('',(-10.10314480215,-14.37808464479,4.));
#2041 = CARTESIAN_POINT('',(-9.635939368394,-14.22489124179,4.));
#2042 = CARTESIAN_POINT('',(-8.762012724249,-13.85763144857,4.));
#2043 = CARTESIAN_POINT('',(-8.351049283578,-13.64377954683,4.));
#2044 = CARTESIAN_POINT('',(-7.959339590732,-13.39955698788,4.));
#2045 = CARTESIAN_POINT('',(-7.585754779419,-13.12686744325,4.));
#2046 = CARTESIAN_POINT('',(-7.229451170873,-12.82764578093,4.));
#2047 = CARTESIAN_POINT('',(-6.889793521196,-12.50396271829,4.));
#2048 = CARTESIAN_POINT('',(-6.566275720029,-12.15806173728,4.));
#2049 = CARTESIAN_POINT('',(-6.258446447852,-11.7923474834,4.));
#2050 = CARTESIAN_POINT('',(-5.96584729872,-11.40934485647,4.));
#2051 = CARTESIAN_POINT('',(-5.687970875873,-11.01164801727,4.));
#2052 = CARTESIAN_POINT('',(-5.424246367,-10.6018785177,4.));
#2053 = CARTESIAN_POINT('',(-5.174060106496,-10.18267177651,4.));
#2054 = CARTESIAN_POINT('',(-4.70104615842,-9.333388000154,4.));
#2055 = CARTESIAN_POINT('',(-4.478884541556,-8.90488386698,4.));
#2056 = CARTESIAN_POINT('',(-4.270555221098,-8.471516071213,4.));
#2057 = CARTESIAN_POINT('',(-4.076278800065,-8.033599131558,4.));
#2058 = CARTESIAN_POINT('',(-3.896275044688,-7.591444726701,4.));
#2059 = CARTESIAN_POINT('',(-3.730762884011,-7.145361695259,4.));
#2060 = CARTESIAN_POINT('',(-3.579960410485,-6.695656035833,4.));
#2061 = CARTESIAN_POINT('',(-3.444084879236,-6.242630906995,4.));
#2062 = CARTESIAN_POINT('',(-3.323352708819,-5.786586627226,4.));
#2063 = CARTESIAN_POINT('',(-3.217979480565,-5.327820675054,4.));
#2064 = CARTESIAN_POINT('',(-3.128179939054,-4.866627688879,4.));
#2065 = CARTESIAN_POINT('',(-3.054167991834,-4.403299467131,4.));
#2066 = CARTESIAN_POINT('',(-2.922777596757,-3.349720597697,4.));
#2067 = CARTESIAN_POINT('',(-2.874635520081,-2.755473529771,4.));
#2068 = CARTESIAN_POINT('',(-2.848352153534,-2.155818849061,4.));
#2069 = CARTESIAN_POINT('',(-2.840481454266,-1.551308740128,4.));
#2070 = CARTESIAN_POINT('',(-2.847513832236,-0.942563173546,4.));
#2071 = CARTESIAN_POINT('',(-2.865879447554,-0.330230212417,4.));
#2072 = CARTESIAN_POINT('',(-2.891950635965,0.285044061357,4.));
#2073 = CARTESIAN_POINT('',(-2.922043461766,0.902636000419,4.));
#2074 = CARTESIAN_POINT('',(-2.952418399087,1.521955225308,4.));
#2075 = CARTESIAN_POINT('',(-2.979280140482,2.142445837837,4.));
#2076 = CARTESIAN_POINT('',(-2.99877653385,2.763578014067,4.));
#2077 = CARTESIAN_POINT('',(-3.00699664685,3.384829977542,4.));
#2078 = CARTESIAN_POINT('',(-2.999967959387,4.005660352122,4.));
#2079 = DEFINITIONAL_REPRESENTATION('',(#2080),#2084);
#2080 = LINE('',#2081,#2082);
#2081 = CARTESIAN_POINT('',(0.,0.));
#2082 = VECTOR('',#2083,1.);
#2083 = DIRECTION('',(0.,1.));
#2084 = ( GEOMETRIC_REPRESENTATION_CONTEXT(2) 
PARAMETRIC_REPRESENTATION_CONTEXT() REPRESENTATION_CONTEXT('2D SPACE',''
  ) );
#2085 = ORIENTED_EDGE('',*,*,#2086,.T.);
#2086 = EDGE_CURVE('',#619,#2087,#2089,.T.);
#2087 = VERTEX_POINT('',#2088);
#2088 = CARTESIAN_POINT('',(-3.983415116895,-9.,3.257030103438));
#2089 = SURFACE_CURVE('',#2090,(#2097,#2107),.PCURVE_S1.);
#2090 = B_SPLINE_CURVE_WITH_KNOTS('',5,(#2091,#2092,#2093,#2094,#2095,
    #2096),.UNSPECIFIED.,.F.,.F.,(6,6),(0.,1.),
  .PIECEWISE_BEZIER_KNOTS.);
#2091 = CARTESIAN_POINT('',(-3.936491518174,-8.90084898964,
    3.500000600038));
#2092 = CARTESIAN_POINT('',(-3.948147442673,-8.925678844758,
    3.454857456357));
#2093 = CARTESIAN_POINT('',(-3.958861883235,-8.9483768912,3.407925034851
    ));
#2094 = CARTESIAN_POINT('',(-3.968456513723,-8.968605693689,
    3.359203675711));
#2095 = CARTESIAN_POINT('',(-3.976705989086,-8.985937195029,
    3.308802645338));
#2096 = CARTESIAN_POINT('',(-3.983415403145,-9.0000006,3.257027894534));
#2097 = PCURVE('',#103,#2098);
#2098 = DEFINITIONAL_REPRESENTATION('',(#2099),#2106);
#2099 = B_SPLINE_CURVE_WITH_KNOTS('',5,(#2100,#2101,#2102,#2103,#2104,
    #2105),.UNSPECIFIED.,.F.,.F.,(6,6),(0.,1.),
  .PIECEWISE_BEZIER_KNOTS.);
#2100 = CARTESIAN_POINT('',(75.210361983719,-1.300000600038));
#2101 = CARTESIAN_POINT('',(75.183351678583,-1.254857456357));
#2102 = CARTESIAN_POINT('',(75.158641614155,-1.207925034851));
#2103 = CARTESIAN_POINT('',(75.136605064204,-1.159203675711));
#2104 = CARTESIAN_POINT('',(75.117715421848,-1.108802645338));
#2105 = CARTESIAN_POINT('',(75.10238271246,-1.057027894534));
#2106 = ( GEOMETRIC_REPRESENTATION_CONTEXT(2) 
PARAMETRIC_REPRESENTATION_CONTEXT() REPRESENTATION_CONTEXT('2D SPACE',''
  ) );
#2107 = PCURVE('',#2108,#2113);
#2108 = CYLINDRICAL_SURFACE('',#2109,2.);
#2109 = AXIS2_PLACEMENT_3D('',#2110,#2111,#2112);
#2110 = CARTESIAN_POINT('',(-2.,-9.,3.));
#2111 = DIRECTION('',(1.110223024625E-16,1.,0.));
#2112 = DIRECTION('',(-1.,1.110223024625E-16,0.));
#2113 = DEFINITIONAL_REPRESENTATION('',(#2114),#2121);
#2114 = B_SPLINE_CURVE_WITH_KNOTS('',5,(#2115,#2116,#2117,#2118,#2119,
    #2120),.UNSPECIFIED.,.F.,.F.,(6,6),(0.,1.),
  .PIECEWISE_BEZIER_KNOTS.);
#2115 = CARTESIAN_POINT('',(0.252680565,9.915101035994E-02));
#2116 = CARTESIAN_POINT('',(0.229368743979,7.432115524243E-02));
#2117 = CARTESIAN_POINT('',(0.205308305817,5.162310880025E-02));
#2118 = CARTESIAN_POINT('',(0.180495759673,3.139430631101E-02));
#2119 = CARTESIAN_POINT('',(0.15497419126,1.406280497133E-02));
#2120 = CARTESIAN_POINT('',(0.128870355058,-6.000000001469E-07));
#2121 = ( GEOMETRIC_REPRESENTATION_CONTEXT(2) 
PARAMETRIC_REPRESENTATION_CONTEXT() REPRESENTATION_CONTEXT('2D SPACE',''
  ) );
#2122 = ORIENTED_EDGE('',*,*,#2123,.F.);
#2123 = EDGE_CURVE('',#2124,#2087,#2126,.T.);
#2124 = VERTEX_POINT('',#2125);
#2125 = CARTESIAN_POINT('',(-3.999852438419,-9.034357981226,3.));
#2126 = SURFACE_CURVE('',#2127,(#2134,#2144),.PCURVE_S1.);
#2127 = B_SPLINE_CURVE_WITH_KNOTS('',5,(#2128,#2129,#2130,#2131,#2132,
    #2133),.UNSPECIFIED.,.F.,.F.,(6,6),(0.,1.),
  .PIECEWISE_BEZIER_KNOTS.);
#2128 = CARTESIAN_POINT('',(-3.999852438419,-9.034357981226,3.));
#2129 = CARTESIAN_POINT('',(-3.999852438419,-9.034357981226,
    3.052092299292));
#2130 = CARTESIAN_POINT('',(-3.998186153919,-9.030884663749,
    3.104187971904));
#2131 = CARTESIAN_POINT('',(-3.994853483163,-9.023938102705,
    3.155927907648));
#2132 = CARTESIAN_POINT('',(-3.989901381601,-9.013595669519,
    3.206977773772));
#2133 = CARTESIAN_POINT('',(-3.983415116895,-9.,3.257030103438));
#2134 = PCURVE('',#103,#2135);
#2135 = DEFINITIONAL_REPRESENTATION('',(#2136),#2143);
#2136 = B_SPLINE_CURVE_WITH_KNOTS('',5,(#2137,#2138,#2139,#2140,#2141,
    #2142),.UNSPECIFIED.,.F.,.F.,(6,6),(0.,1.),
  .PIECEWISE_BEZIER_KNOTS.);
#2137 = CARTESIAN_POINT('',(75.064909687771,-0.8));
#2138 = CARTESIAN_POINT('',(75.064909687771,-0.852092299292));
#2139 = CARTESIAN_POINT('',(75.068699444143,-0.904187971904));
#2140 = CARTESIAN_POINT('',(75.076278970366,-0.955927907648));
#2141 = CARTESIAN_POINT('',(75.087560608736,-1.006977773772));
#2142 = CARTESIAN_POINT('',(75.102383366613,-1.057030103438));
#2143 = ( GEOMETRIC_REPRESENTATION_CONTEXT(2) 
PARAMETRIC_REPRESENTATION_CONTEXT() REPRESENTATION_CONTEXT('2D SPACE',''
  ) );
#2144 = PCURVE('',#2145,#2150);
#2145 = TOROIDAL_SURFACE('',#2146,2.,2.);
#2146 = AXIS2_PLACEMENT_3D('',#2147,#2148,#2149);
#2147 = CARTESIAN_POINT('',(-1.498801083244E-15,-9.,3.));
#2148 = DIRECTION('',(0.,-0.,1.));
#2149 = DIRECTION('',(1.,0.,0.));
#2150 = DEFINITIONAL_REPRESENTATION('',(#2151),#2158);
#2151 = B_SPLINE_CURVE_WITH_KNOTS('',5,(#2152,#2153,#2154,#2155,#2156,
    #2157),.UNSPECIFIED.,.F.,.F.,(6,6),(0.,1.),
  .PIECEWISE_BEZIER_KNOTS.);
#2152 = CARTESIAN_POINT('',(-3.133003052658,0.));
#2153 = CARTESIAN_POINT('',(-3.133003052658,2.604614964624E-02));
#2154 = CARTESIAN_POINT('',(-3.133867791354,5.209397102101E-02));
#2155 = CARTESIAN_POINT('',(-3.135597123981,7.800081558178E-02));
#2156 = CARTESIAN_POINT('',(-3.138179584874,0.103636040599));
#2157 = CARTESIAN_POINT('',(-3.14159265359,0.128871468745));
#2158 = ( GEOMETRIC_REPRESENTATION_CONTEXT(2) 
PARAMETRIC_REPRESENTATION_CONTEXT() REPRESENTATION_CONTEXT('2D SPACE',''
  ) );
#2159 = ORIENTED_EDGE('',*,*,#2160,.T.);
#2160 = EDGE_CURVE('',#2124,#62,#2161,.T.);
#2161 = SURFACE_CURVE('',#2162,(#2168,#2177),.PCURVE_S1.);
#2162 = B_SPLINE_CURVE_WITH_KNOTS('',4,(#2163,#2164,#2165,#2166,#2167),
  .UNSPECIFIED.,.F.,.F.,(5,5),(0.,1.),.PIECEWISE_BEZIER_KNOTS.);
#2163 = CARTESIAN_POINT('',(-3.999852438419,-9.034357981226,3.0000006));
#2164 = CARTESIAN_POINT('',(-3.999852438419,-9.034357981226,2.8000003));
#2165 = CARTESIAN_POINT('',(-3.999852438419,-9.034357981226,2.6));
#2166 = CARTESIAN_POINT('',(-3.999852438419,-9.034357981226,2.3999997));
#2167 = CARTESIAN_POINT('',(-3.999852438419,-9.034357981226,2.1999994));
#2168 = PCURVE('',#103,#2169);
#2169 = DEFINITIONAL_REPRESENTATION('',(#2170),#2176);
#2170 = B_SPLINE_CURVE_WITH_KNOTS('',4,(#2171,#2172,#2173,#2174,#2175),
  .UNSPECIFIED.,.F.,.F.,(5,5),(0.,1.),.PIECEWISE_BEZIER_KNOTS.);
#2171 = CARTESIAN_POINT('',(75.064909683537,-0.8000006));
#2172 = CARTESIAN_POINT('',(75.064909683537,-0.6000003));
#2173 = CARTESIAN_POINT('',(75.064909683537,-0.4));
#2174 = CARTESIAN_POINT('',(75.064909683537,-0.1999997));
#2175 = CARTESIAN_POINT('',(75.064909683537,6.000000000173E-07));
#2176 = ( GEOMETRIC_REPRESENTATION_CONTEXT(2) 
PARAMETRIC_REPRESENTATION_CONTEXT() REPRESENTATION_CONTEXT('2D SPACE',''
  ) );
#2177 = PCURVE('',#152,#2178);
#2178 = DEFINITIONAL_REPRESENTATION('',(#2179),#2185);
#2179 = B_SPLINE_CURVE_WITH_KNOTS('',4,(#2180,#2181,#2182,#2183,#2184),
  .UNSPECIFIED.,.F.,.F.,(5,5),(0.,1.),.PIECEWISE_BEZIER_KNOTS.);
#2180 = CARTESIAN_POINT('',(3.133003052658,-3.0000006));
#2181 = CARTESIAN_POINT('',(3.133003052658,-2.8000003));
#2182 = CARTESIAN_POINT('',(3.133003052658,-2.6));
#2183 = CARTESIAN_POINT('',(3.133003052658,-2.3999997));
#2184 = CARTESIAN_POINT('',(3.133003052658,-2.1999994));
#2185 = ( GEOMETRIC_REPRESENTATION_CONTEXT(2) 
PARAMETRIC_REPRESENTATION_CONTEXT() REPRESENTATION_CONTEXT('2D SPACE',''
  ) );
#2186 = ORIENTED_EDGE('',*,*,#61,.T.);
#2187 = ORIENTED_EDGE('',*,*,#326,.F.);
#2188 = ADVANCED_FACE('',(#2189),#178,.T.);
#2189 = FACE_BOUND('',#2190,.T.);
#2190 = EDGE_LOOP('',(#2191,#2212,#2213,#2214,#2534,#2560,#2586,#2612,
    #2638,#2664,#2690,#2716,#2742,#2768,#2794,#2820,#2846,#2872));
#2191 = ORIENTED_EDGE('',*,*,#2192,.T.);
#2192 = EDGE_CURVE('',#2193,#132,#2195,.T.);
#2193 = VERTEX_POINT('',#2194);
#2194 = CARTESIAN_POINT('',(-3.656933037144E-16,-13.,3.));
#2195 = SURFACE_CURVE('',#2196,(#2200,#2206),.PCURVE_S1.);
#2196 = LINE('',#2197,#2198);
#2197 = CARTESIAN_POINT('',(0.,-13.,0.));
#2198 = VECTOR('',#2199,1.);
#2199 = DIRECTION('',(0.,-0.,-1.));
#2200 = PCURVE('',#178,#2201);
#2201 = DEFINITIONAL_REPRESENTATION('',(#2202),#2205);
#2202 = B_SPLINE_CURVE_WITH_KNOTS('',1,(#2203,#2204),.UNSPECIFIED.,.F.,
  .F.,(2,2),(-3.0000006,-1.42),.PIECEWISE_BEZIER_KNOTS.);
#2203 = CARTESIAN_POINT('',(0.8000006,-17.));
#2204 = CARTESIAN_POINT('',(-0.78,-17.));
#2205 = ( GEOMETRIC_REPRESENTATION_CONTEXT(2) 
PARAMETRIC_REPRESENTATION_CONTEXT() REPRESENTATION_CONTEXT('2D SPACE',''
  ) );
#2206 = PCURVE('',#152,#2207);
#2207 = DEFINITIONAL_REPRESENTATION('',(#2208),#2211);
#2208 = B_SPLINE_CURVE_WITH_KNOTS('',1,(#2209,#2210),.UNSPECIFIED.,.F.,
  .F.,(2,2),(-3.0000006,-1.42),.PIECEWISE_BEZIER_KNOTS.);
#2209 = CARTESIAN_POINT('',(1.570796326795,-3.0000006));
#2210 = CARTESIAN_POINT('',(1.570796326795,-1.42));
#2211 = ( GEOMETRIC_REPRESENTATION_CONTEXT(2) 
PARAMETRIC_REPRESENTATION_CONTEXT() REPRESENTATION_CONTEXT('2D SPACE',''
  ) );
#2212 = ORIENTED_EDGE('',*,*,#164,.T.);
#2213 = ORIENTED_EDGE('',*,*,#552,.F.);
#2214 = ORIENTED_EDGE('',*,*,#2215,.T.);
#2215 = EDGE_CURVE('',#529,#2216,#2218,.T.);
#2216 = VERTEX_POINT('',#2217);
#2217 = CARTESIAN_POINT('',(4.406877377904E-17,12.,5.));
#2218 = SURFACE_CURVE('',#2219,(#2322,#2428),.PCURVE_S1.);
#2219 = B_SPLINE_CURVE_WITH_KNOTS('',6,(#2220,#2221,#2222,#2223,#2224,
    #2225,#2226,#2227,#2228,#2229,#2230,#2231,#2232,#2233,#2234,#2235,
    #2236,#2237,#2238,#2239,#2240,#2241,#2242,#2243,#2244,#2245,#2246,
    #2247,#2248,#2249,#2250,#2251,#2252,#2253,#2254,#2255,#2256,#2257,
    #2258,#2259,#2260,#2261,#2262,#2263,#2264,#2265,#2266,#2267,#2268,
    #2269,#2270,#2271,#2272,#2273,#2274,#2275,#2276,#2277,#2278,#2279,
    #2280,#2281,#2282,#2283,#2284,#2285,#2286,#2287,#2288,#2289,#2290,
    #2291,#2292,#2293,#2294,#2295,#2296,#2297,#2298,#2299,#2300,#2301,
    #2302,#2303,#2304,#2305,#2306,#2307,#2308,#2309,#2310,#2311,#2312,
    #2313,#2314,#2315,#2316,#2317,#2318,#2319,#2320,#2321),
  .UNSPECIFIED.,.F.,.F.,(7,5,5,5,5,5,5,5,5,5,5,5,5,5,5,5,5,5,5,5,7),(0.,
    2.600100168428E-02,4.800184927986E-02,7.700296651854E-02,
    0.104004006722,0.130005008407,0.150005778953,0.171006588024,
    0.199007666746,0.22600870695,0.253009747154,0.30301167249,
    0.329012674174,0.350013483246,0.368014176741,0.406015640532,
    0.43801687331,0.467017990549,0.559021512818,0.58702259154,1.),
  .UNSPECIFIED.);
#2220 = CARTESIAN_POINT('',(0.,14.,3.));
#2221 = CARTESIAN_POINT('',(0.,14.,3.013613568145));
#2222 = CARTESIAN_POINT('',(0.,13.999888802456,3.027227136377));
#2223 = CARTESIAN_POINT('',(0.,13.999666407371,3.04083956915));
#2224 = CARTESIAN_POINT('',(0.,13.9993328302,3.05444973123));
#2225 = CARTESIAN_POINT('',(0.,13.998888101851,3.068056487699));
#2226 = CARTESIAN_POINT('',(0.,13.997861948314,3.093168271568));
#2227 = CARTESIAN_POINT('',(0.,13.99731207952,3.104674588597));
#2228 = CARTESIAN_POINT('',(0.,13.996682690392,3.116176967706));
#2229 = CARTESIAN_POINT('',(0.,13.995973816926,3.127674722019));
#2230 = CARTESIAN_POINT('',(0.,13.99518550303,3.139167165121));
#2231 = CARTESIAN_POINT('',(0.,13.993174010853,3.165794835218));
#2232 = CARTESIAN_POINT('',(0.,13.991892275251,3.180925638901));
#2233 = CARTESIAN_POINT('',(0.,13.99047271242,3.19604445079));
#2234 = CARTESIAN_POINT('',(0.,13.988915464869,3.211149701919));
#2235 = CARTESIAN_POINT('',(0.,13.987220698918,3.226239825663));
#2236 = CARTESIAN_POINT('',(0.,13.983682861789,3.255347142792));
#2237 = CARTESIAN_POINT('',(0.,13.981858079248,3.269366559323));
#2238 = CARTESIAN_POINT('',(0.,13.979914410508,3.283370244932));
#2239 = CARTESIAN_POINT('',(0.,13.977852026805,3.297356939763));
#2240 = CARTESIAN_POINT('',(0.,13.975671117167,3.311325386503));
#2241 = CARTESIAN_POINT('',(0.,13.971157816285,3.338706646728));
#2242 = CARTESIAN_POINT('',(0.,13.968834027086,3.352120878301));
#2243 = CARTESIAN_POINT('',(0.,13.966400705504,3.365515904678));
#2244 = CARTESIAN_POINT('',(0.,13.963858051419,3.378890608255));
#2245 = CARTESIAN_POINT('',(0.,13.961206279908,3.392243874252));
#2246 = CARTESIAN_POINT('',(0.,13.956322037654,3.415828988001));
#2247 = CARTESIAN_POINT('',(0.,13.95413402378,3.426070042443));
#2248 = CARTESIAN_POINT('',(0.,13.95188168443,3.436297247952));
#2249 = CARTESIAN_POINT('',(0.,13.949565129689,3.44651009962));
#2250 = CARTESIAN_POINT('',(0.,13.947184474928,3.456708093722));
#2251 = CARTESIAN_POINT('',(0.,13.942172974957,3.4775824934));
#2252 = CARTESIAN_POINT('',(0.,13.939535571848,3.488257324618));
#2253 = CARTESIAN_POINT('',(0.,13.936827771141,3.498914639602));
#2254 = CARTESIAN_POINT('',(0.,13.934049718873,3.509553858227));
#2255 = CARTESIAN_POINT('',(0.,13.931201567457,3.520174402009));
#2256 = CARTESIAN_POINT('',(0.,13.92439268663,3.544910750211));
#2257 = CARTESIAN_POINT('',(0.,13.920377559106,3.559011581273));
#2258 = CARTESIAN_POINT('',(0.,13.916238469505,3.573076819836));
#2259 = CARTESIAN_POINT('',(0.,13.911975814151,3.587105104403));
#2260 = CARTESIAN_POINT('',(0.,13.907590009287,3.601095079434));
#2261 = CARTESIAN_POINT('',(0.,13.898733991366,3.628497485692));
#2262 = CARTESIAN_POINT('',(0.,13.894272386956,3.641912699342));
#2263 = CARTESIAN_POINT('',(0.,13.889697068922,3.655289826228));
#2264 = CARTESIAN_POINT('',(0.,13.885008445325,3.668627662168));
#2265 = CARTESIAN_POINT('',(0.,13.880206941207,3.681925008874));
#2266 = CARTESIAN_POINT('',(0.,13.870379055982,3.708436339011));
#2267 = CARTESIAN_POINT('',(0.,13.865352674802,3.721650322643));
#2268 = CARTESIAN_POINT('',(0.,13.860214297085,3.734821432439));
#2269 = CARTESIAN_POINT('',(0.,13.854964381581,3.747948482603));
#2270 = CARTESIAN_POINT('',(0.,13.849603403757,3.761030293944));
#2271 = CARTESIAN_POINT('',(0.,13.833999359773,3.798205322907));
#2272 = CARTESIAN_POINT('',(0.,13.823487678404,3.822185793192));
#2273 = CARTESIAN_POINT('',(0.,13.812599938958,3.845999654601));
#2274 = CARTESIAN_POINT('',(0.,13.801339460269,3.869639546419));
#2275 = CARTESIAN_POINT('',(0.,13.789709752745,3.893098197342));
#2276 = CARTESIAN_POINT('',(0.,13.771476996356,3.928468944348));
#2277 = CARTESIAN_POINT('',(0.,13.765140635569,3.940518514337));
#2278 = CARTESIAN_POINT('',(0.,13.758705956289,3.952516126105));
#2279 = CARTESIAN_POINT('',(0.,13.752173492401,3.964460777674));
#2280 = CARTESIAN_POINT('',(0.,13.745543791379,3.976351474427));
#2281 = CARTESIAN_POINT('',(0.,13.733384571247,3.997746877127));
#2282 = CARTESIAN_POINT('',(0.,13.7278886599,4.007270682835));
#2283 = CARTESIAN_POINT('',(0.,13.72232997586,4.016758126068));
#2284 = CARTESIAN_POINT('',(0.,13.716708820408,4.026208690005));
#2285 = CARTESIAN_POINT('',(0.,13.711025500488,4.03562186117));
#2286 = CARTESIAN_POINT('',(0.,13.700355895753,4.053033073659));
#2287 = CARTESIAN_POINT('',(0.,13.695386020596,4.061041170885));
#2288 = CARTESIAN_POINT('',(0.,13.690370900093,4.069021099871));
#2289 = CARTESIAN_POINT('',(0.,13.685310734102,4.076972541277));
#2290 = CARTESIAN_POINT('',(0.,13.680205725479,4.084895177658));
#2291 = CARTESIAN_POINT('',(0.,13.664184606545,4.10945278229));
#2292 = CARTESIAN_POINT('',(0.,13.653114195917,4.125987087384));
#2293 = CARTESIAN_POINT('',(0.,13.641846785665,4.142388638985));
#2294 = CARTESIAN_POINT('',(0.,13.63038437115,4.158654507611));
#2295 = CARTESIAN_POINT('',(0.,13.618729005621,4.174781804062));
#2296 = CARTESIAN_POINT('',(0.,13.596907048276,4.204229469237));
#2297 = CARTESIAN_POINT('',(0.,13.586795963505,4.217590972058));
#2298 = CARTESIAN_POINT('',(0.,13.576550806503,4.230850486787));
#2299 = CARTESIAN_POINT('',(0.,13.566172865816,4.244006334155));
#2300 = CARTESIAN_POINT('',(0.,13.555663457947,4.257056856717));
#2301 = CARTESIAN_POINT('',(0.,13.535381852746,4.281730522061));
#2302 = CARTESIAN_POINT('',(0.,13.525632909541,4.293372780115));
#2303 = CARTESIAN_POINT('',(0.,13.51577809837,4.304925975707));
#2304 = CARTESIAN_POINT('',(0.,13.505818437994,4.316388907129));
#2305 = CARTESIAN_POINT('',(0.,13.495754965303,4.327760388283));
#2306 = CARTESIAN_POINT('',(0.,13.453337254822,4.374820452379));
#2307 = CARTESIAN_POINT('',(0.,13.420051568614,4.409669538063));
#2308 = CARTESIAN_POINT('',(0.,13.385765431747,4.443549062307));
#2309 = CARTESIAN_POINT('',(0.,13.350514277725,4.476423330122));
#2310 = CARTESIAN_POINT('',(0.,13.314335218498,4.508258394954));
#2311 = CARTESIAN_POINT('',(0.,13.26598542357,4.548384915116));
#2312 = CARTESIAN_POINT('',(0.,13.25462144259,4.557648533305));
#2313 = CARTESIAN_POINT('',(0.,13.243176192933,4.566812007474));
#2314 = CARTESIAN_POINT('',(0.,13.231650778931,4.575874448131));
#2315 = CARTESIAN_POINT('',(0.,13.220046317838,4.584834982066));
#2316 = CARTESIAN_POINT('',(0.,13.036064927967,4.724332684362));
#2317 = CARTESIAN_POINT('',(0.,12.846757401353,4.832664249714));
#2318 = CARTESIAN_POINT('',(0.,12.644182589155,4.915808826742));
#2319 = CARTESIAN_POINT('',(0.,12.432527129813,4.971947420927));
#2320 = CARTESIAN_POINT('',(0.,12.216226134688,5.));
#2321 = CARTESIAN_POINT('',(0.,12.,5.));
#2322 = PCURVE('',#178,#2323);
#2323 = DEFINITIONAL_REPRESENTATION('',(#2324),#2427);
#2324 = B_SPLINE_CURVE_WITH_KNOTS('',6,(#2325,#2326,#2327,#2328,#2329,
    #2330,#2331,#2332,#2333,#2334,#2335,#2336,#2337,#2338,#2339,#2340,
    #2341,#2342,#2343,#2344,#2345,#2346,#2347,#2348,#2349,#2350,#2351,
    #2352,#2353,#2354,#2355,#2356,#2357,#2358,#2359,#2360,#2361,#2362,
    #2363,#2364,#2365,#2366,#2367,#2368,#2369,#2370,#2371,#2372,#2373,
    #2374,#2375,#2376,#2377,#2378,#2379,#2380,#2381,#2382,#2383,#2384,
    #2385,#2386,#2387,#2388,#2389,#2390,#2391,#2392,#2393,#2394,#2395,
    #2396,#2397,#2398,#2399,#2400,#2401,#2402,#2403,#2404,#2405,#2406,
    #2407,#2408,#2409,#2410,#2411,#2412,#2413,#2414,#2415,#2416,#2417,
    #2418,#2419,#2420,#2421,#2422,#2423,#2424,#2425,#2426),
  .UNSPECIFIED.,.F.,.F.,(7,5,5,5,5,5,5,5,5,5,5,5,5,5,5,5,5,5,5,5,7),(0.,
    2.600100168428E-02,4.800184927986E-02,7.700296651854E-02,
    0.104004006722,0.130005008407,0.150005778953,0.171006588024,
    0.199007666746,0.22600870695,0.253009747154,0.30301167249,
    0.329012674174,0.350013483246,0.368014176741,0.406015640532,
    0.43801687331,0.467017990549,0.559021512818,0.58702259154,1.),
  .UNSPECIFIED.);
#2325 = CARTESIAN_POINT('',(0.8,-44.));
#2326 = CARTESIAN_POINT('',(0.813613568145,-44.));
#2327 = CARTESIAN_POINT('',(0.827227136377,-43.99988880245));
#2328 = CARTESIAN_POINT('',(0.84083956915,-43.99966640737));
#2329 = CARTESIAN_POINT('',(0.85444973123,-43.9993328302));
#2330 = CARTESIAN_POINT('',(0.868056487699,-43.99888810185));
#2331 = CARTESIAN_POINT('',(0.893168271568,-43.99786194831));
#2332 = CARTESIAN_POINT('',(0.904674588597,-43.99731207952));
#2333 = CARTESIAN_POINT('',(0.916176967706,-43.99668269039));
#2334 = CARTESIAN_POINT('',(0.927674722019,-43.99597381692));
#2335 = CARTESIAN_POINT('',(0.939167165121,-43.99518550303));
#2336 = CARTESIAN_POINT('',(0.965794835218,-43.99317401085));
#2337 = CARTESIAN_POINT('',(0.980925638901,-43.99189227525));
#2338 = CARTESIAN_POINT('',(0.99604445079,-43.99047271242));
#2339 = CARTESIAN_POINT('',(1.011149701919,-43.98891546486));
#2340 = CARTESIAN_POINT('',(1.026239825663,-43.98722069891));
#2341 = CARTESIAN_POINT('',(1.055347142792,-43.98368286178));
#2342 = CARTESIAN_POINT('',(1.069366559323,-43.98185807924));
#2343 = CARTESIAN_POINT('',(1.083370244932,-43.9799144105));
#2344 = CARTESIAN_POINT('',(1.097356939763,-43.9778520268));
#2345 = CARTESIAN_POINT('',(1.111325386503,-43.97567111716));
#2346 = CARTESIAN_POINT('',(1.138706646728,-43.97115781628));
#2347 = CARTESIAN_POINT('',(1.152120878301,-43.96883402708));
#2348 = CARTESIAN_POINT('',(1.165515904678,-43.9664007055));
#2349 = CARTESIAN_POINT('',(1.178890608255,-43.96385805141));
#2350 = CARTESIAN_POINT('',(1.192243874252,-43.9612062799));
#2351 = CARTESIAN_POINT('',(1.215828988001,-43.95632203765));
#2352 = CARTESIAN_POINT('',(1.226070042443,-43.95413402378));
#2353 = CARTESIAN_POINT('',(1.236297247952,-43.95188168443));
#2354 = CARTESIAN_POINT('',(1.24651009962,-43.94956512968));
#2355 = CARTESIAN_POINT('',(1.256708093722,-43.94718447492));
#2356 = CARTESIAN_POINT('',(1.2775824934,-43.94217297495));
#2357 = CARTESIAN_POINT('',(1.288257324618,-43.93953557184));
#2358 = CARTESIAN_POINT('',(1.298914639602,-43.93682777114));
#2359 = CARTESIAN_POINT('',(1.309553858227,-43.93404971887));
#2360 = CARTESIAN_POINT('',(1.320174402009,-43.93120156745));
#2361 = CARTESIAN_POINT('',(1.344910750211,-43.92439268663));
#2362 = CARTESIAN_POINT('',(1.359011581273,-43.9203775591));
#2363 = CARTESIAN_POINT('',(1.373076819836,-43.9162384695));
#2364 = CARTESIAN_POINT('',(1.387105104403,-43.91197581415));
#2365 = CARTESIAN_POINT('',(1.401095079434,-43.90759000928));
#2366 = CARTESIAN_POINT('',(1.428497485692,-43.89873399136));
#2367 = CARTESIAN_POINT('',(1.441912699342,-43.89427238695));
#2368 = CARTESIAN_POINT('',(1.455289826228,-43.88969706892));
#2369 = CARTESIAN_POINT('',(1.468627662168,-43.88500844532));
#2370 = CARTESIAN_POINT('',(1.481925008874,-43.8802069412));
#2371 = CARTESIAN_POINT('',(1.508436339011,-43.87037905598));
#2372 = CARTESIAN_POINT('',(1.521650322643,-43.8653526748));
#2373 = CARTESIAN_POINT('',(1.534821432439,-43.86021429708));
#2374 = CARTESIAN_POINT('',(1.547948482603,-43.85496438158));
#2375 = CARTESIAN_POINT('',(1.561030293944,-43.84960340375));
#2376 = CARTESIAN_POINT('',(1.598205322907,-43.83399935977));
#2377 = CARTESIAN_POINT('',(1.622185793192,-43.8234876784));
#2378 = CARTESIAN_POINT('',(1.645999654601,-43.81259993895));
#2379 = CARTESIAN_POINT('',(1.669639546419,-43.80133946026));
#2380 = CARTESIAN_POINT('',(1.693098197342,-43.78970975274));
#2381 = CARTESIAN_POINT('',(1.728468944348,-43.77147699635));
#2382 = CARTESIAN_POINT('',(1.740518514337,-43.76514063556));
#2383 = CARTESIAN_POINT('',(1.752516126105,-43.75870595628));
#2384 = CARTESIAN_POINT('',(1.764460777674,-43.7521734924));
#2385 = CARTESIAN_POINT('',(1.776351474427,-43.74554379137));
#2386 = CARTESIAN_POINT('',(1.797746877127,-43.73338457124));
#2387 = CARTESIAN_POINT('',(1.807270682835,-43.7278886599));
#2388 = CARTESIAN_POINT('',(1.816758126068,-43.72232997586));
#2389 = CARTESIAN_POINT('',(1.826208690005,-43.7167088204));
#2390 = CARTESIAN_POINT('',(1.83562186117,-43.71102550048));
#2391 = CARTESIAN_POINT('',(1.853033073659,-43.70035589575));
#2392 = CARTESIAN_POINT('',(1.861041170885,-43.69538602059));
#2393 = CARTESIAN_POINT('',(1.869021099871,-43.69037090009));
#2394 = CARTESIAN_POINT('',(1.876972541277,-43.6853107341));
#2395 = CARTESIAN_POINT('',(1.884895177658,-43.68020572547));
#2396 = CARTESIAN_POINT('',(1.90945278229,-43.66418460654));
#2397 = CARTESIAN_POINT('',(1.925987087384,-43.65311419591));
#2398 = CARTESIAN_POINT('',(1.942388638985,-43.64184678566));
#2399 = CARTESIAN_POINT('',(1.958654507611,-43.63038437115));
#2400 = CARTESIAN_POINT('',(1.974781804062,-43.61872900562));
#2401 = CARTESIAN_POINT('',(2.004229469237,-43.59690704827));
#2402 = CARTESIAN_POINT('',(2.017590972058,-43.5867959635));
#2403 = CARTESIAN_POINT('',(2.030850486787,-43.5765508065));
#2404 = CARTESIAN_POINT('',(2.044006334155,-43.56617286581));
#2405 = CARTESIAN_POINT('',(2.057056856717,-43.55566345794));
#2406 = CARTESIAN_POINT('',(2.081730522061,-43.53538185274));
#2407 = CARTESIAN_POINT('',(2.093372780115,-43.52563290954));
#2408 = CARTESIAN_POINT('',(2.104925975707,-43.51577809837));
#2409 = CARTESIAN_POINT('',(2.116388907129,-43.50581843799));
#2410 = CARTESIAN_POINT('',(2.127760388283,-43.4957549653));
#2411 = CARTESIAN_POINT('',(2.174820452379,-43.45333725482));
#2412 = CARTESIAN_POINT('',(2.209669538063,-43.42005156861));
#2413 = CARTESIAN_POINT('',(2.243549062307,-43.38576543174));
#2414 = CARTESIAN_POINT('',(2.276423330122,-43.35051427772));
#2415 = CARTESIAN_POINT('',(2.308258394954,-43.31433521849));
#2416 = CARTESIAN_POINT('',(2.348384915116,-43.26598542357));
#2417 = CARTESIAN_POINT('',(2.357648533305,-43.25462144259));
#2418 = CARTESIAN_POINT('',(2.366812007474,-43.24317619293));
#2419 = CARTESIAN_POINT('',(2.375874448131,-43.23165077893));
#2420 = CARTESIAN_POINT('',(2.384834982066,-43.22004631783));
#2421 = CARTESIAN_POINT('',(2.524332684362,-43.03606492796));
#2422 = CARTESIAN_POINT('',(2.632664249714,-42.84675740135));
#2423 = CARTESIAN_POINT('',(2.715808826742,-42.64418258915));
#2424 = CARTESIAN_POINT('',(2.771947420927,-42.43252712981));
#2425 = CARTESIAN_POINT('',(2.8,-42.21622613468));
#2426 = CARTESIAN_POINT('',(2.8,-42.));
#2427 = ( GEOMETRIC_REPRESENTATION_CONTEXT(2) 
PARAMETRIC_REPRESENTATION_CONTEXT() REPRESENTATION_CONTEXT('2D SPACE',''
  ) );
#2428 = PCURVE('',#372,#2429);
#2429 = DEFINITIONAL_REPRESENTATION('',(#2430),#2533);
#2430 = B_SPLINE_CURVE_WITH_KNOTS('',6,(#2431,#2432,#2433,#2434,#2435,
    #2436,#2437,#2438,#2439,#2440,#2441,#2442,#2443,#2444,#2445,#2446,
    #2447,#2448,#2449,#2450,#2451,#2452,#2453,#2454,#2455,#2456,#2457,
    #2458,#2459,#2460,#2461,#2462,#2463,#2464,#2465,#2466,#2467,#2468,
    #2469,#2470,#2471,#2472,#2473,#2474,#2475,#2476,#2477,#2478,#2479,
    #2480,#2481,#2482,#2483,#2484,#2485,#2486,#2487,#2488,#2489,#2490,
    #2491,#2492,#2493,#2494,#2495,#2496,#2497,#2498,#2499,#2500,#2501,
    #2502,#2503,#2504,#2505,#2506,#2507,#2508,#2509,#2510,#2511,#2512,
    #2513,#2514,#2515,#2516,#2517,#2518,#2519,#2520,#2521,#2522,#2523,
    #2524,#2525,#2526,#2527,#2528,#2529,#2530,#2531,#2532),
  .UNSPECIFIED.,.F.,.F.,(7,5,5,5,5,5,5,5,5,5,5,5,5,5,5,5,5,5,5,5,7),(0.,
    2.600100168428E-02,4.800184927986E-02,7.700296651854E-02,
    0.104004006722,0.130005008407,0.150005778953,0.171006588024,
    0.199007666746,0.22600870695,0.253009747154,0.30301167249,
    0.329012674174,0.350013483246,0.368014176741,0.406015640532,
    0.43801687331,0.467017990549,0.559021512818,0.58702259154,1.),
  .UNSPECIFIED.);
#2431 = CARTESIAN_POINT('',(-1.570796326795,0.));
#2432 = CARTESIAN_POINT('',(-1.570796326795,6.806784072256E-03));
#2433 = CARTESIAN_POINT('',(-1.570796326795,1.361356815714E-02));
#2434 = CARTESIAN_POINT('',(-1.570796326795,2.042035224833E-02));
#2435 = CARTESIAN_POINT('',(-1.570796326795,2.722713633953E-02));
#2436 = CARTESIAN_POINT('',(-1.570796326795,3.403392042441E-02));
#2437 = CARTESIAN_POINT('',(-1.570796326795,4.660029102368E-02));
#2438 = CARTESIAN_POINT('',(-1.570796326795,5.235987755618E-02));
#2439 = CARTESIAN_POINT('',(-1.570796326795,5.811946409141E-02));
#2440 = CARTESIAN_POINT('',(-1.570796326795,6.387905062664E-02));
#2441 = CARTESIAN_POINT('',(-1.570796326795,6.963863715914E-02));
#2442 = CARTESIAN_POINT('',(-1.570796326795,8.299040591417E-02));
#2443 = CARTESIAN_POINT('',(-1.570796326795,9.058258816398E-02));
#2444 = CARTESIAN_POINT('',(-1.570796326795,9.817477042468E-02));
#2445 = CARTESIAN_POINT('',(-1.570796326795,0.105766952685));
#2446 = CARTESIAN_POINT('',(-1.570796326795,0.113359134935));
#2447 = CARTESIAN_POINT('',(-1.570796326795,0.128019900621));
#2448 = CARTESIAN_POINT('',(-1.570796326795,0.135088484094));
#2449 = CARTESIAN_POINT('',(-1.570796326795,0.142157067575));
#2450 = CARTESIAN_POINT('',(-1.570796326795,0.149225651056));
#2451 = CARTESIAN_POINT('',(-1.570796326795,0.156294234529));
#2452 = CARTESIAN_POINT('',(-1.570796326795,0.170169602059));
#2453 = CARTESIAN_POINT('',(-1.570796326795,0.176976386144));
#2454 = CARTESIAN_POINT('',(-1.570796326795,0.183783170235));
#2455 = CARTESIAN_POINT('',(-1.570796326795,0.190589954326));
#2456 = CARTESIAN_POINT('',(-1.570796326795,0.197396738411));
#2457 = CARTESIAN_POINT('',(-1.570796326795,0.209439510236));
#2458 = CARTESIAN_POINT('',(-1.570796326795,0.214675497993));
#2459 = CARTESIAN_POINT('',(-1.570796326795,0.219911485751));
#2460 = CARTESIAN_POINT('',(-1.570796326795,0.22514747351));
#2461 = CARTESIAN_POINT('',(-1.570796326795,0.230383461266));
#2462 = CARTESIAN_POINT('',(-1.570796326795,0.241117236159));
#2463 = CARTESIAN_POINT('',(-1.570796326795,0.246615023304));
#2464 = CARTESIAN_POINT('',(-1.570796326795,0.252112810451));
#2465 = CARTESIAN_POINT('',(-1.570796326795,0.257610597597));
#2466 = CARTESIAN_POINT('',(-1.570796326795,0.263108384742));
#2467 = CARTESIAN_POINT('',(-1.570796326795,0.275936554725));
#2468 = CARTESIAN_POINT('',(-1.570796326795,0.283266937586));
#2469 = CARTESIAN_POINT('',(-1.570796326795,0.290597320457));
#2470 = CARTESIAN_POINT('',(-1.570796326795,0.297927703328));
#2471 = CARTESIAN_POINT('',(-1.570796326795,0.305258086189));
#2472 = CARTESIAN_POINT('',(-1.570796326795,0.31965705249));
#2473 = CARTESIAN_POINT('',(-1.570796326795,0.326725635963));
#2474 = CARTESIAN_POINT('',(-1.570796326795,0.333794219444));
#2475 = CARTESIAN_POINT('',(-1.570796326795,0.340862802925));
#2476 = CARTESIAN_POINT('',(-1.570796326795,0.347931386398));
#2477 = CARTESIAN_POINT('',(-1.570796326795,0.362068553314));
#2478 = CARTESIAN_POINT('',(-1.570796326795,0.369137136787));
#2479 = CARTESIAN_POINT('',(-1.570796326795,0.376205720267));
#2480 = CARTESIAN_POINT('',(-1.570796326795,0.383274303748));
#2481 = CARTESIAN_POINT('',(-1.570796326795,0.390342887221));
#2482 = CARTESIAN_POINT('',(-1.570796326795,0.410501439792));
#2483 = CARTESIAN_POINT('',(-1.570796326795,0.423591409238));
#2484 = CARTESIAN_POINT('',(-1.570796326795,0.436681378849));
#2485 = CARTESIAN_POINT('',(-1.570796326795,0.44977134846));
#2486 = CARTESIAN_POINT('',(-1.570796326795,0.462861317906));
#2487 = CARTESIAN_POINT('',(-1.570796326795,0.482758071091));
#2488 = CARTESIAN_POINT('',(-1.570796326795,0.489564855176));
#2489 = CARTESIAN_POINT('',(-1.570796326795,0.496371639267));
#2490 = CARTESIAN_POINT('',(-1.570796326795,0.503178423358));
#2491 = CARTESIAN_POINT('',(-1.570796326795,0.509985207443));
#2492 = CARTESIAN_POINT('',(-1.570796326795,0.522289778656));
#2493 = CARTESIAN_POINT('',(-1.570796326795,0.5277875658));
#2494 = CARTESIAN_POINT('',(-1.570796326795,0.533285352947));
#2495 = CARTESIAN_POINT('',(-1.570796326795,0.538783140094));
#2496 = CARTESIAN_POINT('',(-1.570796326795,0.544280927238));
#2497 = CARTESIAN_POINT('',(-1.570796326795,0.554491103357));
#2498 = CARTESIAN_POINT('',(-1.570796326795,0.559203492338));
#2499 = CARTESIAN_POINT('',(-1.570796326795,0.563915881319));
#2500 = CARTESIAN_POINT('',(-1.570796326795,0.568628270301));
#2501 = CARTESIAN_POINT('',(-1.570796326795,0.573340659282));
#2502 = CARTESIAN_POINT('',(-1.570796326795,0.588001424927));
#2503 = CARTESIAN_POINT('',(-1.570796326795,0.597949801677));
#2504 = CARTESIAN_POINT('',(-1.570796326795,0.60789817847));
#2505 = CARTESIAN_POINT('',(-1.570796326795,0.617846555262));
#2506 = CARTESIAN_POINT('',(-1.570796326795,0.627794932013));
#2507 = CARTESIAN_POINT('',(-1.570796326795,0.646120889059));
#2508 = CARTESIAN_POINT('',(-1.570796326795,0.654498469474));
#2509 = CARTESIAN_POINT('',(-1.570796326795,0.662876049907));
#2510 = CARTESIAN_POINT('',(-1.570796326795,0.671253630341));
#2511 = CARTESIAN_POINT('',(-1.570796326795,0.679631210756));
#2512 = CARTESIAN_POINT('',(-1.570796326795,0.695600973364));
#2513 = CARTESIAN_POINT('',(-1.570796326795,0.703193155614));
#2514 = CARTESIAN_POINT('',(-1.570796326795,0.710785337875));
#2515 = CARTESIAN_POINT('',(-1.570796326795,0.718377520135));
#2516 = CARTESIAN_POINT('',(-1.570796326795,0.725969702385));
#2517 = CARTESIAN_POINT('',(-1.570796326795,0.757647422454));
#2518 = CARTESIAN_POINT('',(-1.570796326795,0.781732967299));
#2519 = CARTESIAN_POINT('',(-1.570796326795,0.805818515646));
#2520 = CARTESIAN_POINT('',(-1.570796326795,0.829904063992));
#2521 = CARTESIAN_POINT('',(-1.570796326795,0.853989608837));
#2522 = CARTESIAN_POINT('',(-1.570796326795,0.885405529521));
#2523 = CARTESIAN_POINT('',(-1.570796326795,0.892735912383));
#2524 = CARTESIAN_POINT('',(-1.570796326795,0.900066295253));
#2525 = CARTESIAN_POINT('',(-1.570796326795,0.907396678124));
#2526 = CARTESIAN_POINT('',(-1.570796326795,0.914727060985));
#2527 = CARTESIAN_POINT('',(-1.570796326795,1.030170511173));
#2528 = CARTESIAN_POINT('',(-1.570796326795,1.138320104703));
#2529 = CARTESIAN_POINT('',(-1.570796326795,1.246426885312));
#2530 = CARTESIAN_POINT('',(-1.570796326795,1.35453366592));
#2531 = CARTESIAN_POINT('',(-1.570796326795,1.462683259451));
#2532 = CARTESIAN_POINT('',(-1.570796326795,1.570796326795));
#2533 = ( GEOMETRIC_REPRESENTATION_CONTEXT(2) 
PARAMETRIC_REPRESENTATION_CONTEXT() REPRESENTATION_CONTEXT('2D SPACE',''
  ) );
#2534 = ORIENTED_EDGE('',*,*,#2535,.T.);
#2535 = EDGE_CURVE('',#2216,#2536,#2538,.T.);
#2536 = VERTEX_POINT('',#2537);
#2537 = CARTESIAN_POINT('',(0.,-2.7,5.));
#2538 = SURFACE_CURVE('',#2539,(#2543,#2549),.PCURVE_S1.);
#2539 = LINE('',#2540,#2541);
#2540 = CARTESIAN_POINT('',(0.,-14.75,5.));
#2541 = VECTOR('',#2542,1.);
#2542 = DIRECTION('',(0.,-1.,0.));
#2543 = PCURVE('',#178,#2544);
#2544 = DEFINITIONAL_REPRESENTATION('',(#2545),#2548);
#2545 = B_SPLINE_CURVE_WITH_KNOTS('',1,(#2546,#2547),.UNSPECIFIED.,.F.,
  .F.,(2,2),(-26.75,-12.05),.PIECEWISE_BEZIER_KNOTS.);
#2546 = CARTESIAN_POINT('',(2.8,-42.));
#2547 = CARTESIAN_POINT('',(2.8,-27.3));
#2548 = ( GEOMETRIC_REPRESENTATION_CONTEXT(2) 
PARAMETRIC_REPRESENTATION_CONTEXT() REPRESENTATION_CONTEXT('2D SPACE',''
  ) );
#2549 = PCURVE('',#2550,#2555);
#2550 = PLANE('',#2551);
#2551 = AXIS2_PLACEMENT_3D('',#2552,#2553,#2554);
#2552 = CARTESIAN_POINT('',(-3.724619179388E-16,0.5,5.));
#2553 = DIRECTION('',(-0.,-0.,-1.));
#2554 = DIRECTION('',(-1.,0.,0.));
#2555 = DEFINITIONAL_REPRESENTATION('',(#2556),#2559);
#2556 = B_SPLINE_CURVE_WITH_KNOTS('',1,(#2557,#2558),.UNSPECIFIED.,.F.,
  .F.,(2,2),(-26.75,-12.05),.PIECEWISE_BEZIER_KNOTS.);
#2557 = CARTESIAN_POINT('',(-3.724619179388E-16,11.5));
#2558 = CARTESIAN_POINT('',(-3.724619179388E-16,-3.2));
#2559 = ( GEOMETRIC_REPRESENTATION_CONTEXT(2) 
PARAMETRIC_REPRESENTATION_CONTEXT() REPRESENTATION_CONTEXT('2D SPACE',''
  ) );
#2560 = ORIENTED_EDGE('',*,*,#2561,.T.);
#2561 = EDGE_CURVE('',#2536,#2562,#2564,.T.);
#2562 = VERTEX_POINT('',#2563);
#2563 = CARTESIAN_POINT('',(0.,-2.7,4.5));
#2564 = SURFACE_CURVE('',#2565,(#2569,#2575),.PCURVE_S1.);
#2565 = LINE('',#2566,#2567);
#2566 = CARTESIAN_POINT('',(0.,-2.7,3.35));
#2567 = VECTOR('',#2568,1.);
#2568 = DIRECTION('',(0.,0.,-1.));
#2569 = PCURVE('',#178,#2570);
#2570 = DEFINITIONAL_REPRESENTATION('',(#2571),#2574);
#2571 = B_SPLINE_CURVE_WITH_KNOTS('',1,(#2572,#2573),.UNSPECIFIED.,.F.,
  .F.,(2,2),(-1.65,-1.15),.PIECEWISE_BEZIER_KNOTS.);
#2572 = CARTESIAN_POINT('',(2.8,-27.3));
#2573 = CARTESIAN_POINT('',(2.3,-27.3));
#2574 = ( GEOMETRIC_REPRESENTATION_CONTEXT(2) 
PARAMETRIC_REPRESENTATION_CONTEXT() REPRESENTATION_CONTEXT('2D SPACE',''
  ) );
#2575 = PCURVE('',#2576,#2581);
#2576 = PLANE('',#2577);
#2577 = AXIS2_PLACEMENT_3D('',#2578,#2579,#2580);
#2578 = CARTESIAN_POINT('',(-5.,-2.7,4.5));
#2579 = DIRECTION('',(0.,1.,0.));
#2580 = DIRECTION('',(0.,0.,1.));
#2581 = DEFINITIONAL_REPRESENTATION('',(#2582),#2585);
#2582 = B_SPLINE_CURVE_WITH_KNOTS('',1,(#2583,#2584),.UNSPECIFIED.,.F.,
  .F.,(2,2),(-1.65,-1.15),.PIECEWISE_BEZIER_KNOTS.);
#2583 = CARTESIAN_POINT('',(0.5,5.));
#2584 = CARTESIAN_POINT('',(-1.33226762955E-15,5.));
#2585 = ( GEOMETRIC_REPRESENTATION_CONTEXT(2) 
PARAMETRIC_REPRESENTATION_CONTEXT() REPRESENTATION_CONTEXT('2D SPACE',''
  ) );
#2586 = ORIENTED_EDGE('',*,*,#2587,.F.);
#2587 = EDGE_CURVE('',#2588,#2562,#2590,.T.);
#2588 = VERTEX_POINT('',#2589);
#2589 = CARTESIAN_POINT('',(0.,-3.3,4.5));
#2590 = SURFACE_CURVE('',#2591,(#2595,#2601),.PCURVE_S1.);
#2591 = LINE('',#2592,#2593);
#2592 = CARTESIAN_POINT('',(0.,-16.65,4.5));
#2593 = VECTOR('',#2594,1.);
#2594 = DIRECTION('',(0.,1.,0.));
#2595 = PCURVE('',#178,#2596);
#2596 = DEFINITIONAL_REPRESENTATION('',(#2597),#2600);
#2597 = B_SPLINE_CURVE_WITH_KNOTS('',1,(#2598,#2599),.UNSPECIFIED.,.F.,
  .F.,(2,2),(13.35,13.95),.PIECEWISE_BEZIER_KNOTS.);
#2598 = CARTESIAN_POINT('',(2.3,-26.7));
#2599 = CARTESIAN_POINT('',(2.3,-27.3));
#2600 = ( GEOMETRIC_REPRESENTATION_CONTEXT(2) 
PARAMETRIC_REPRESENTATION_CONTEXT() REPRESENTATION_CONTEXT('2D SPACE',''
  ) );
#2601 = PCURVE('',#2602,#2607);
#2602 = PLANE('',#2603);
#2603 = AXIS2_PLACEMENT_3D('',#2604,#2605,#2606);
#2604 = CARTESIAN_POINT('',(-5.,-3.3,4.5));
#2605 = DIRECTION('',(0.,0.,1.));
#2606 = DIRECTION('',(1.,0.,0.));
#2607 = DEFINITIONAL_REPRESENTATION('',(#2608),#2611);
#2608 = B_SPLINE_CURVE_WITH_KNOTS('',1,(#2609,#2610),.UNSPECIFIED.,.F.,
  .F.,(2,2),(13.35,13.95),.PIECEWISE_BEZIER_KNOTS.);
#2609 = CARTESIAN_POINT('',(5.,0.));
#2610 = CARTESIAN_POINT('',(5.,0.6));
#2611 = ( GEOMETRIC_REPRESENTATION_CONTEXT(2) 
PARAMETRIC_REPRESENTATION_CONTEXT() REPRESENTATION_CONTEXT('2D SPACE',''
  ) );
#2612 = ORIENTED_EDGE('',*,*,#2613,.F.);
#2613 = EDGE_CURVE('',#2614,#2588,#2616,.T.);
#2614 = VERTEX_POINT('',#2615);
#2615 = CARTESIAN_POINT('',(0.,-3.3,5.));
#2616 = SURFACE_CURVE('',#2617,(#2621,#2627),.PCURVE_S1.);
#2617 = LINE('',#2618,#2619);
#2618 = CARTESIAN_POINT('',(0.,-3.3,3.35));
#2619 = VECTOR('',#2620,1.);
#2620 = DIRECTION('',(0.,0.,-1.));
#2621 = PCURVE('',#178,#2622);
#2622 = DEFINITIONAL_REPRESENTATION('',(#2623),#2626);
#2623 = B_SPLINE_CURVE_WITH_KNOTS('',1,(#2624,#2625),.UNSPECIFIED.,.F.,
  .F.,(2,2),(-1.65,-1.15),.PIECEWISE_BEZIER_KNOTS.);
#2624 = CARTESIAN_POINT('',(2.8,-26.7));
#2625 = CARTESIAN_POINT('',(2.3,-26.7));
#2626 = ( GEOMETRIC_REPRESENTATION_CONTEXT(2) 
PARAMETRIC_REPRESENTATION_CONTEXT() REPRESENTATION_CONTEXT('2D SPACE',''
  ) );
#2627 = PCURVE('',#2628,#2633);
#2628 = PLANE('',#2629);
#2629 = AXIS2_PLACEMENT_3D('',#2630,#2631,#2632);
#2630 = CARTESIAN_POINT('',(-5.,-3.3,4.5));
#2631 = DIRECTION('',(0.,1.,0.));
#2632 = DIRECTION('',(0.,0.,1.));
#2633 = DEFINITIONAL_REPRESENTATION('',(#2634),#2637);
#2634 = B_SPLINE_CURVE_WITH_KNOTS('',1,(#2635,#2636),.UNSPECIFIED.,.F.,
  .F.,(2,2),(-1.65,-1.15),.PIECEWISE_BEZIER_KNOTS.);
#2635 = CARTESIAN_POINT('',(0.5,5.));
#2636 = CARTESIAN_POINT('',(-1.554312234475E-15,5.));
#2637 = ( GEOMETRIC_REPRESENTATION_CONTEXT(2) 
PARAMETRIC_REPRESENTATION_CONTEXT() REPRESENTATION_CONTEXT('2D SPACE',''
  ) );
#2638 = ORIENTED_EDGE('',*,*,#2639,.T.);
#2639 = EDGE_CURVE('',#2614,#2640,#2642,.T.);
#2640 = VERTEX_POINT('',#2641);
#2641 = CARTESIAN_POINT('',(0.,-5.7,5.));
#2642 = SURFACE_CURVE('',#2643,(#2647,#2653),.PCURVE_S1.);
#2643 = LINE('',#2644,#2645);
#2644 = CARTESIAN_POINT('',(0.,-14.75,5.));
#2645 = VECTOR('',#2646,1.);
#2646 = DIRECTION('',(0.,-1.,0.));
#2647 = PCURVE('',#178,#2648);
#2648 = DEFINITIONAL_REPRESENTATION('',(#2649),#2652);
#2649 = B_SPLINE_CURVE_WITH_KNOTS('',1,(#2650,#2651),.UNSPECIFIED.,.F.,
  .F.,(2,2),(-11.45,-9.05),.PIECEWISE_BEZIER_KNOTS.);
#2650 = CARTESIAN_POINT('',(2.8,-26.7));
#2651 = CARTESIAN_POINT('',(2.8,-24.3));
#2652 = ( GEOMETRIC_REPRESENTATION_CONTEXT(2) 
PARAMETRIC_REPRESENTATION_CONTEXT() REPRESENTATION_CONTEXT('2D SPACE',''
  ) );
#2653 = PCURVE('',#2654,#2659);
#2654 = PLANE('',#2655);
#2655 = AXIS2_PLACEMENT_3D('',#2656,#2657,#2658);
#2656 = CARTESIAN_POINT('',(-3.724619179388E-16,0.5,5.));
#2657 = DIRECTION('',(-0.,-0.,-1.));
#2658 = DIRECTION('',(-1.,0.,0.));
#2659 = DEFINITIONAL_REPRESENTATION('',(#2660),#2663);
#2660 = B_SPLINE_CURVE_WITH_KNOTS('',1,(#2661,#2662),.UNSPECIFIED.,.F.,
  .F.,(2,2),(-11.45,-9.05),.PIECEWISE_BEZIER_KNOTS.);
#2661 = CARTESIAN_POINT('',(-3.724619179388E-16,-3.8));
#2662 = CARTESIAN_POINT('',(-3.724619179388E-16,-6.2));
#2663 = ( GEOMETRIC_REPRESENTATION_CONTEXT(2) 
PARAMETRIC_REPRESENTATION_CONTEXT() REPRESENTATION_CONTEXT('2D SPACE',''
  ) );
#2664 = ORIENTED_EDGE('',*,*,#2665,.T.);
#2665 = EDGE_CURVE('',#2640,#2666,#2668,.T.);
#2666 = VERTEX_POINT('',#2667);
#2667 = CARTESIAN_POINT('',(0.,-5.7,4.5));
#2668 = SURFACE_CURVE('',#2669,(#2673,#2679),.PCURVE_S1.);
#2669 = LINE('',#2670,#2671);
#2670 = CARTESIAN_POINT('',(0.,-5.7,3.35));
#2671 = VECTOR('',#2672,1.);
#2672 = DIRECTION('',(0.,0.,-1.));
#2673 = PCURVE('',#178,#2674);
#2674 = DEFINITIONAL_REPRESENTATION('',(#2675),#2678);
#2675 = B_SPLINE_CURVE_WITH_KNOTS('',1,(#2676,#2677),.UNSPECIFIED.,.F.,
  .F.,(2,2),(-1.65,-1.15),.PIECEWISE_BEZIER_KNOTS.);
#2676 = CARTESIAN_POINT('',(2.8,-24.3));
#2677 = CARTESIAN_POINT('',(2.3,-24.3));
#2678 = ( GEOMETRIC_REPRESENTATION_CONTEXT(2) 
PARAMETRIC_REPRESENTATION_CONTEXT() REPRESENTATION_CONTEXT('2D SPACE',''
  ) );
#2679 = PCURVE('',#2680,#2685);
#2680 = PLANE('',#2681);
#2681 = AXIS2_PLACEMENT_3D('',#2682,#2683,#2684);
#2682 = CARTESIAN_POINT('',(-5.,-5.7,4.5));
#2683 = DIRECTION('',(0.,1.,0.));
#2684 = DIRECTION('',(0.,0.,1.));
#2685 = DEFINITIONAL_REPRESENTATION('',(#2686),#2689);
#2686 = B_SPLINE_CURVE_WITH_KNOTS('',1,(#2687,#2688),.UNSPECIFIED.,.F.,
  .F.,(2,2),(-1.65,-1.15),.PIECEWISE_BEZIER_KNOTS.);
#2687 = CARTESIAN_POINT('',(0.5,5.));
#2688 = CARTESIAN_POINT('',(0.,5.));
#2689 = ( GEOMETRIC_REPRESENTATION_CONTEXT(2) 
PARAMETRIC_REPRESENTATION_CONTEXT() REPRESENTATION_CONTEXT('2D SPACE',''
  ) );
#2690 = ORIENTED_EDGE('',*,*,#2691,.F.);
#2691 = EDGE_CURVE('',#2692,#2666,#2694,.T.);
#2692 = VERTEX_POINT('',#2693);
#2693 = CARTESIAN_POINT('',(0.,-6.3,4.5));
#2694 = SURFACE_CURVE('',#2695,(#2699,#2705),.PCURVE_S1.);
#2695 = LINE('',#2696,#2697);
#2696 = CARTESIAN_POINT('',(0.,-18.15,4.5));
#2697 = VECTOR('',#2698,1.);
#2698 = DIRECTION('',(0.,1.,0.));
#2699 = PCURVE('',#178,#2700);
#2700 = DEFINITIONAL_REPRESENTATION('',(#2701),#2704);
#2701 = B_SPLINE_CURVE_WITH_KNOTS('',1,(#2702,#2703),.UNSPECIFIED.,.F.,
  .F.,(2,2),(11.85,12.45),.PIECEWISE_BEZIER_KNOTS.);
#2702 = CARTESIAN_POINT('',(2.3,-23.7));
#2703 = CARTESIAN_POINT('',(2.3,-24.3));
#2704 = ( GEOMETRIC_REPRESENTATION_CONTEXT(2) 
PARAMETRIC_REPRESENTATION_CONTEXT() REPRESENTATION_CONTEXT('2D SPACE',''
  ) );
#2705 = PCURVE('',#2706,#2711);
#2706 = PLANE('',#2707);
#2707 = AXIS2_PLACEMENT_3D('',#2708,#2709,#2710);
#2708 = CARTESIAN_POINT('',(-5.,-6.3,4.5));
#2709 = DIRECTION('',(0.,0.,1.));
#2710 = DIRECTION('',(1.,0.,0.));
#2711 = DEFINITIONAL_REPRESENTATION('',(#2712),#2715);
#2712 = B_SPLINE_CURVE_WITH_KNOTS('',1,(#2713,#2714),.UNSPECIFIED.,.F.,
  .F.,(2,2),(11.85,12.45),.PIECEWISE_BEZIER_KNOTS.);
#2713 = CARTESIAN_POINT('',(5.,0.));
#2714 = CARTESIAN_POINT('',(5.,0.6));
#2715 = ( GEOMETRIC_REPRESENTATION_CONTEXT(2) 
PARAMETRIC_REPRESENTATION_CONTEXT() REPRESENTATION_CONTEXT('2D SPACE',''
  ) );
#2716 = ORIENTED_EDGE('',*,*,#2717,.F.);
#2717 = EDGE_CURVE('',#2718,#2692,#2720,.T.);
#2718 = VERTEX_POINT('',#2719);
#2719 = CARTESIAN_POINT('',(0.,-6.3,5.));
#2720 = SURFACE_CURVE('',#2721,(#2725,#2731),.PCURVE_S1.);
#2721 = LINE('',#2722,#2723);
#2722 = CARTESIAN_POINT('',(0.,-6.3,3.35));
#2723 = VECTOR('',#2724,1.);
#2724 = DIRECTION('',(0.,0.,-1.));
#2725 = PCURVE('',#178,#2726);
#2726 = DEFINITIONAL_REPRESENTATION('',(#2727),#2730);
#2727 = B_SPLINE_CURVE_WITH_KNOTS('',1,(#2728,#2729),.UNSPECIFIED.,.F.,
  .F.,(2,2),(-1.65,-1.15),.PIECEWISE_BEZIER_KNOTS.);
#2728 = CARTESIAN_POINT('',(2.8,-23.7));
#2729 = CARTESIAN_POINT('',(2.3,-23.7));
#2730 = ( GEOMETRIC_REPRESENTATION_CONTEXT(2) 
PARAMETRIC_REPRESENTATION_CONTEXT() REPRESENTATION_CONTEXT('2D SPACE',''
  ) );
#2731 = PCURVE('',#2732,#2737);
#2732 = PLANE('',#2733);
#2733 = AXIS2_PLACEMENT_3D('',#2734,#2735,#2736);
#2734 = CARTESIAN_POINT('',(-5.,-6.3,4.5));
#2735 = DIRECTION('',(0.,1.,0.));
#2736 = DIRECTION('',(0.,0.,1.));
#2737 = DEFINITIONAL_REPRESENTATION('',(#2738),#2741);
#2738 = B_SPLINE_CURVE_WITH_KNOTS('',1,(#2739,#2740),.UNSPECIFIED.,.F.,
  .F.,(2,2),(-1.65,-1.15),.PIECEWISE_BEZIER_KNOTS.);
#2739 = CARTESIAN_POINT('',(0.5,5.));
#2740 = CARTESIAN_POINT('',(0.,5.));
#2741 = ( GEOMETRIC_REPRESENTATION_CONTEXT(2) 
PARAMETRIC_REPRESENTATION_CONTEXT() REPRESENTATION_CONTEXT('2D SPACE',''
  ) );
#2742 = ORIENTED_EDGE('',*,*,#2743,.T.);
#2743 = EDGE_CURVE('',#2718,#2744,#2746,.T.);
#2744 = VERTEX_POINT('',#2745);
#2745 = CARTESIAN_POINT('',(0.,-8.7,5.));
#2746 = SURFACE_CURVE('',#2747,(#2751,#2757),.PCURVE_S1.);
#2747 = LINE('',#2748,#2749);
#2748 = CARTESIAN_POINT('',(0.,-14.75,5.));
#2749 = VECTOR('',#2750,1.);
#2750 = DIRECTION('',(0.,-1.,0.));
#2751 = PCURVE('',#178,#2752);
#2752 = DEFINITIONAL_REPRESENTATION('',(#2753),#2756);
#2753 = B_SPLINE_CURVE_WITH_KNOTS('',1,(#2754,#2755),.UNSPECIFIED.,.F.,
  .F.,(2,2),(-8.45,-6.05),.PIECEWISE_BEZIER_KNOTS.);
#2754 = CARTESIAN_POINT('',(2.8,-23.7));
#2755 = CARTESIAN_POINT('',(2.8,-21.3));
#2756 = ( GEOMETRIC_REPRESENTATION_CONTEXT(2) 
PARAMETRIC_REPRESENTATION_CONTEXT() REPRESENTATION_CONTEXT('2D SPACE',''
  ) );
#2757 = PCURVE('',#2758,#2763);
#2758 = PLANE('',#2759);
#2759 = AXIS2_PLACEMENT_3D('',#2760,#2761,#2762);
#2760 = CARTESIAN_POINT('',(-3.724619179388E-16,0.5,5.));
#2761 = DIRECTION('',(-0.,-0.,-1.));
#2762 = DIRECTION('',(-1.,0.,0.));
#2763 = DEFINITIONAL_REPRESENTATION('',(#2764),#2767);
#2764 = B_SPLINE_CURVE_WITH_KNOTS('',1,(#2765,#2766),.UNSPECIFIED.,.F.,
  .F.,(2,2),(-8.45,-6.05),.PIECEWISE_BEZIER_KNOTS.);
#2765 = CARTESIAN_POINT('',(-3.724619179388E-16,-6.8));
#2766 = CARTESIAN_POINT('',(-3.724619179388E-16,-9.2));
#2767 = ( GEOMETRIC_REPRESENTATION_CONTEXT(2) 
PARAMETRIC_REPRESENTATION_CONTEXT() REPRESENTATION_CONTEXT('2D SPACE',''
  ) );
#2768 = ORIENTED_EDGE('',*,*,#2769,.T.);
#2769 = EDGE_CURVE('',#2744,#2770,#2772,.T.);
#2770 = VERTEX_POINT('',#2771);
#2771 = CARTESIAN_POINT('',(0.,-8.7,4.5));
#2772 = SURFACE_CURVE('',#2773,(#2777,#2783),.PCURVE_S1.);
#2773 = LINE('',#2774,#2775);
#2774 = CARTESIAN_POINT('',(0.,-8.7,3.35));
#2775 = VECTOR('',#2776,1.);
#2776 = DIRECTION('',(0.,0.,-1.));
#2777 = PCURVE('',#178,#2778);
#2778 = DEFINITIONAL_REPRESENTATION('',(#2779),#2782);
#2779 = B_SPLINE_CURVE_WITH_KNOTS('',1,(#2780,#2781),.UNSPECIFIED.,.F.,
  .F.,(2,2),(-1.65,-1.15),.PIECEWISE_BEZIER_KNOTS.);
#2780 = CARTESIAN_POINT('',(2.8,-21.3));
#2781 = CARTESIAN_POINT('',(2.3,-21.3));
#2782 = ( GEOMETRIC_REPRESENTATION_CONTEXT(2) 
PARAMETRIC_REPRESENTATION_CONTEXT() REPRESENTATION_CONTEXT('2D SPACE',''
  ) );
#2783 = PCURVE('',#2784,#2789);
#2784 = PLANE('',#2785);
#2785 = AXIS2_PLACEMENT_3D('',#2786,#2787,#2788);
#2786 = CARTESIAN_POINT('',(-5.,-8.7,4.5));
#2787 = DIRECTION('',(0.,1.,0.));
#2788 = DIRECTION('',(0.,0.,1.));
#2789 = DEFINITIONAL_REPRESENTATION('',(#2790),#2793);
#2790 = B_SPLINE_CURVE_WITH_KNOTS('',1,(#2791,#2792),.UNSPECIFIED.,.F.,
  .F.,(2,2),(-1.65,-1.15),.PIECEWISE_BEZIER_KNOTS.);
#2791 = CARTESIAN_POINT('',(0.5,5.));
#2792 = CARTESIAN_POINT('',(0.,5.));
#2793 = ( GEOMETRIC_REPRESENTATION_CONTEXT(2) 
PARAMETRIC_REPRESENTATION_CONTEXT() REPRESENTATION_CONTEXT('2D SPACE',''
  ) );
#2794 = ORIENTED_EDGE('',*,*,#2795,.F.);
#2795 = EDGE_CURVE('',#2796,#2770,#2798,.T.);
#2796 = VERTEX_POINT('',#2797);
#2797 = CARTESIAN_POINT('',(0.,-9.3,4.5));
#2798 = SURFACE_CURVE('',#2799,(#2803,#2809),.PCURVE_S1.);
#2799 = LINE('',#2800,#2801);
#2800 = CARTESIAN_POINT('',(0.,-19.65,4.5));
#2801 = VECTOR('',#2802,1.);
#2802 = DIRECTION('',(0.,1.,0.));
#2803 = PCURVE('',#178,#2804);
#2804 = DEFINITIONAL_REPRESENTATION('',(#2805),#2808);
#2805 = B_SPLINE_CURVE_WITH_KNOTS('',1,(#2806,#2807),.UNSPECIFIED.,.F.,
  .F.,(2,2),(10.35,10.95),.PIECEWISE_BEZIER_KNOTS.);
#2806 = CARTESIAN_POINT('',(2.3,-20.7));
#2807 = CARTESIAN_POINT('',(2.3,-21.3));
#2808 = ( GEOMETRIC_REPRESENTATION_CONTEXT(2) 
PARAMETRIC_REPRESENTATION_CONTEXT() REPRESENTATION_CONTEXT('2D SPACE',''
  ) );
#2809 = PCURVE('',#2810,#2815);
#2810 = PLANE('',#2811);
#2811 = AXIS2_PLACEMENT_3D('',#2812,#2813,#2814);
#2812 = CARTESIAN_POINT('',(-5.,-9.3,4.5));
#2813 = DIRECTION('',(0.,0.,1.));
#2814 = DIRECTION('',(1.,0.,0.));
#2815 = DEFINITIONAL_REPRESENTATION('',(#2816),#2819);
#2816 = B_SPLINE_CURVE_WITH_KNOTS('',1,(#2817,#2818),.UNSPECIFIED.,.F.,
  .F.,(2,2),(10.35,10.95),.PIECEWISE_BEZIER_KNOTS.);
#2817 = CARTESIAN_POINT('',(5.,0.));
#2818 = CARTESIAN_POINT('',(5.,0.6));
#2819 = ( GEOMETRIC_REPRESENTATION_CONTEXT(2) 
PARAMETRIC_REPRESENTATION_CONTEXT() REPRESENTATION_CONTEXT('2D SPACE',''
  ) );
#2820 = ORIENTED_EDGE('',*,*,#2821,.F.);
#2821 = EDGE_CURVE('',#2822,#2796,#2824,.T.);
#2822 = VERTEX_POINT('',#2823);
#2823 = CARTESIAN_POINT('',(0.,-9.3,5.));
#2824 = SURFACE_CURVE('',#2825,(#2829,#2835),.PCURVE_S1.);
#2825 = LINE('',#2826,#2827);
#2826 = CARTESIAN_POINT('',(0.,-9.3,3.35));
#2827 = VECTOR('',#2828,1.);
#2828 = DIRECTION('',(0.,0.,-1.));
#2829 = PCURVE('',#178,#2830);
#2830 = DEFINITIONAL_REPRESENTATION('',(#2831),#2834);
#2831 = B_SPLINE_CURVE_WITH_KNOTS('',1,(#2832,#2833),.UNSPECIFIED.,.F.,
  .F.,(2,2),(-1.65,-1.15),.PIECEWISE_BEZIER_KNOTS.);
#2832 = CARTESIAN_POINT('',(2.8,-20.7));
#2833 = CARTESIAN_POINT('',(2.3,-20.7));
#2834 = ( GEOMETRIC_REPRESENTATION_CONTEXT(2) 
PARAMETRIC_REPRESENTATION_CONTEXT() REPRESENTATION_CONTEXT('2D SPACE',''
  ) );
#2835 = PCURVE('',#2836,#2841);
#2836 = PLANE('',#2837);
#2837 = AXIS2_PLACEMENT_3D('',#2838,#2839,#2840);
#2838 = CARTESIAN_POINT('',(-5.,-9.3,4.5));
#2839 = DIRECTION('',(0.,1.,0.));
#2840 = DIRECTION('',(0.,0.,1.));
#2841 = DEFINITIONAL_REPRESENTATION('',(#2842),#2845);
#2842 = B_SPLINE_CURVE_WITH_KNOTS('',1,(#2843,#2844),.UNSPECIFIED.,.F.,
  .F.,(2,2),(-1.65,-1.15),.PIECEWISE_BEZIER_KNOTS.);
#2843 = CARTESIAN_POINT('',(0.5,5.));
#2844 = CARTESIAN_POINT('',(0.,5.));
#2845 = ( GEOMETRIC_REPRESENTATION_CONTEXT(2) 
PARAMETRIC_REPRESENTATION_CONTEXT() REPRESENTATION_CONTEXT('2D SPACE',''
  ) );
#2846 = ORIENTED_EDGE('',*,*,#2847,.T.);
#2847 = EDGE_CURVE('',#2822,#2848,#2850,.T.);
#2848 = VERTEX_POINT('',#2849);
#2849 = CARTESIAN_POINT('',(-4.406877377904E-17,-11.,5.));
#2850 = SURFACE_CURVE('',#2851,(#2855,#2861),.PCURVE_S1.);
#2851 = LINE('',#2852,#2853);
#2852 = CARTESIAN_POINT('',(0.,-14.75,5.));
#2853 = VECTOR('',#2854,1.);
#2854 = DIRECTION('',(0.,-1.,0.));
#2855 = PCURVE('',#178,#2856);
#2856 = DEFINITIONAL_REPRESENTATION('',(#2857),#2860);
#2857 = B_SPLINE_CURVE_WITH_KNOTS('',1,(#2858,#2859),.UNSPECIFIED.,.F.,
  .F.,(2,2),(-5.45,-3.75),.PIECEWISE_BEZIER_KNOTS.);
#2858 = CARTESIAN_POINT('',(2.8,-20.7));
#2859 = CARTESIAN_POINT('',(2.8,-19.));
#2860 = ( GEOMETRIC_REPRESENTATION_CONTEXT(2) 
PARAMETRIC_REPRESENTATION_CONTEXT() REPRESENTATION_CONTEXT('2D SPACE',''
  ) );
#2861 = PCURVE('',#2862,#2867);
#2862 = PLANE('',#2863);
#2863 = AXIS2_PLACEMENT_3D('',#2864,#2865,#2866);
#2864 = CARTESIAN_POINT('',(-3.724619179388E-16,0.5,5.));
#2865 = DIRECTION('',(-0.,-0.,-1.));
#2866 = DIRECTION('',(-1.,0.,0.));
#2867 = DEFINITIONAL_REPRESENTATION('',(#2868),#2871);
#2868 = B_SPLINE_CURVE_WITH_KNOTS('',1,(#2869,#2870),.UNSPECIFIED.,.F.,
  .F.,(2,2),(-5.45,-3.75),.PIECEWISE_BEZIER_KNOTS.);
#2869 = CARTESIAN_POINT('',(-3.724619179388E-16,-9.8));
#2870 = CARTESIAN_POINT('',(-3.724619179388E-16,-11.5));
#2871 = ( GEOMETRIC_REPRESENTATION_CONTEXT(2) 
PARAMETRIC_REPRESENTATION_CONTEXT() REPRESENTATION_CONTEXT('2D SPACE',''
  ) );
#2872 = ORIENTED_EDGE('',*,*,#2873,.F.);
#2873 = EDGE_CURVE('',#2193,#2848,#2874,.T.);
#2874 = SURFACE_CURVE('',#2875,(#2944,#3016),.PCURVE_S1.);
#2875 = B_SPLINE_CURVE_WITH_KNOTS('',7,(#2876,#2877,#2878,#2879,#2880,
    #2881,#2882,#2883,#2884,#2885,#2886,#2887,#2888,#2889,#2890,#2891,
    #2892,#2893,#2894,#2895,#2896,#2897,#2898,#2899,#2900,#2901,#2902,
    #2903,#2904,#2905,#2906,#2907,#2908,#2909,#2910,#2911,#2912,#2913,
    #2914,#2915,#2916,#2917,#2918,#2919,#2920,#2921,#2922,#2923,#2924,
    #2925,#2926,#2927,#2928,#2929,#2930,#2931,#2932,#2933,#2934,#2935,
    #2936,#2937,#2938,#2939,#2940,#2941,#2942,#2943),.UNSPECIFIED.,.F.,
  .F.,(8,6,6,6,6,6,6,6,6,6,6,8),(0.,0.303011709012,0.331013564472,
    0.36001548619,0.389017407907,0.416019197109,0.445021118826,
    0.474023040544,0.503024962261,0.531026817722,0.551028143081,1.),
  .UNSPECIFIED.);
#2876 = CARTESIAN_POINT('',(0.,-13.,3.));
#2877 = CARTESIAN_POINT('',(0.,-13.,3.135982325651));
#2878 = CARTESIAN_POINT('',(0.,-12.98921345027,3.271976110154));
#2879 = CARTESIAN_POINT('',(0.,-12.96763722569,3.40693414484));
#2880 = CARTESIAN_POINT('',(0.,-12.93539943227,3.539833944562));
#2881 = CARTESIAN_POINT('',(0.,-12.89274197525,3.669678258852));
#2882 = CARTESIAN_POINT('',(0.,-12.84001947318,3.795499548205));
#2883 = CARTESIAN_POINT('',(0.,-12.77195680574,3.927538135199));
#2884 = CARTESIAN_POINT('',(0.,-12.76611721483,3.938665638761));
#2885 = CARTESIAN_POINT('',(0.,-12.76019611698,3.949750215779));
#2886 = CARTESIAN_POINT('',(0.,-12.75419389135,3.960791150123));
#2887 = CARTESIAN_POINT('',(0.,-12.74811092494,3.971787729917));
#2888 = CARTESIAN_POINT('',(0.,-12.74194761259,3.982739247542));
#2889 = CARTESIAN_POINT('',(0.,-12.72923812787,4.004940242865));
#2890 = CARTESIAN_POINT('',(0.,-12.72268614321,4.016186393403));
#2891 = CARTESIAN_POINT('',(0.,-12.71604885031,4.027382669787));
#2892 = CARTESIAN_POINT('',(0.,-12.70932670533,4.038528295855));
#2893 = CARTESIAN_POINT('',(0.,-12.70252017318,4.049622500738));
#2894 = CARTESIAN_POINT('',(0.,-12.69562972758,4.060664518866));
#2895 = CARTESIAN_POINT('',(0.,-12.68168197442,4.08264266105));
#2896 = CARTESIAN_POINT('',(0.,-12.67462466675,4.093578785292));
#2897 = CARTESIAN_POINT('',(0.,-12.66748441049,4.104461202408));
#2898 = CARTESIAN_POINT('',(0.,-12.66026169663,4.115289157813));
#2899 = CARTESIAN_POINT('',(0.,-12.65295702474,4.126061902608));
#2900 = CARTESIAN_POINT('',(0.,-12.64557090289,4.136778693588));
#2901 = CARTESIAN_POINT('',(0.,-12.63115176178,4.157363713599));
#2902 = CARTESIAN_POINT('',(0.,-12.62412952072,4.167239492627));
#2903 = CARTESIAN_POINT('',(0.,-12.6170375414,4.177065535128));
#2904 = CARTESIAN_POINT('',(0.,-12.60987624694,4.186841250464));
#2905 = CARTESIAN_POINT('',(0.,-12.6026460667,4.196566052549));
#2906 = CARTESIAN_POINT('',(0.,-12.59534743623,4.20623935985));
#2907 = CARTESIAN_POINT('',(0.,-12.5800684814,4.226194515036));
#2908 = CARTESIAN_POINT('',(0.,-12.57207770844,4.236468363024));
#2909 = CARTESIAN_POINT('',(0.,-12.56400902583,4.246681424405));
#2910 = CARTESIAN_POINT('',(0.,-12.55586298897,4.256832990647));
#2911 = CARTESIAN_POINT('',(0.,-12.54764016128,4.266922359635));
#2912 = CARTESIAN_POINT('',(0.,-12.53934111415,4.276948835669));
#2913 = CARTESIAN_POINT('',(0.,-12.52259173981,4.296874623266));
#2914 = CARTESIAN_POINT('',(0.,-12.51414141247,4.306773934997));
#2915 = CARTESIAN_POINT('',(0.,-12.50561602435,4.316608975379));
#2916 = CARTESIAN_POINT('',(0.,-12.49701616256,4.326379061909));
#2917 = CARTESIAN_POINT('',(0.,-12.48834242189,4.336083518854));
#2918 = CARTESIAN_POINT('',(0.,-12.47959540483,4.345721677259));
#2919 = CARTESIAN_POINT('',(0.,-12.46195603829,4.364864072621));
#2920 = CARTESIAN_POINT('',(0.,-12.45306368867,4.374368309739));
#2921 = CARTESIAN_POINT('',(0.,-12.44409928289,4.383804924114));
#2922 = CARTESIAN_POINT('',(0.,-12.43506343851,4.393173260683));
#2923 = CARTESIAN_POINT('',(0.,-12.42595678049,4.402472671502));
#2924 = CARTESIAN_POINT('',(0.,-12.41677994116,4.411702515744));
#2925 = CARTESIAN_POINT('',(0.,-12.39860601998,4.429705953866));
#2926 = CARTESIAN_POINT('',(0.,-12.38961365129,4.438484305809));
#2927 = CARTESIAN_POINT('',(0.,-12.38055702992,4.44719664515));
#2928 = CARTESIAN_POINT('',(0.,-12.37143673778,4.45584240798));
#2929 = CARTESIAN_POINT('',(0.,-12.3622533629,4.464421036854));
#2930 = CARTESIAN_POINT('',(0.,-12.35300749947,4.472931980795));
#2931 = CARTESIAN_POINT('',(0.,-12.33705135368,4.487405205653));
#2932 = CARTESIAN_POINT('',(0.,-12.33037138391,4.493400905117));
#2933 = CARTESIAN_POINT('',(0.,-12.32366005719,4.499361595265));
#2934 = CARTESIAN_POINT('',(0.,-12.31691759381,4.505287079425));
#2935 = CARTESIAN_POINT('',(0.,-12.31014421556,4.511177162662));
#2936 = CARTESIAN_POINT('',(0.,-12.3033401458,4.517031651787));
#2937 = CARTESIAN_POINT('',(0.,-12.1430900508,4.653463407116));
#2938 = CARTESIAN_POINT('',(0.,-11.97426191939,4.766096938141));
#2939 = CARTESIAN_POINT('',(0.,-11.79265456583,4.858466780552));
#2940 = CARTESIAN_POINT('',(0.,-11.60120915931,4.928923944047));
#2941 = CARTESIAN_POINT('',(0.,-11.40304973843,4.976318696678));
#2942 = CARTESIAN_POINT('',(0.,-11.2014847461,5.));
#2943 = CARTESIAN_POINT('',(0.,-11.,5.));
#2944 = PCURVE('',#178,#2945);
#2945 = DEFINITIONAL_REPRESENTATION('',(#2946),#3015);
#2946 = B_SPLINE_CURVE_WITH_KNOTS('',7,(#2947,#2948,#2949,#2950,#2951,
    #2952,#2953,#2954,#2955,#2956,#2957,#2958,#2959,#2960,#2961,#2962,
    #2963,#2964,#2965,#2966,#2967,#2968,#2969,#2970,#2971,#2972,#2973,
    #2974,#2975,#2976,#2977,#2978,#2979,#2980,#2981,#2982,#2983,#2984,
    #2985,#2986,#2987,#2988,#2989,#2990,#2991,#2992,#2993,#2994,#2995,
    #2996,#2997,#2998,#2999,#3000,#3001,#3002,#3003,#3004,#3005,#3006,
    #3007,#3008,#3009,#3010,#3011,#3012,#3013,#3014),.UNSPECIFIED.,.F.,
  .F.,(8,6,6,6,6,6,6,6,6,6,6,8),(0.,0.303011709012,0.331013564472,
    0.36001548619,0.389017407907,0.416019197109,0.445021118826,
    0.474023040544,0.503024962261,0.531026817722,0.551028143081,1.),
  .UNSPECIFIED.);
#2947 = CARTESIAN_POINT('',(0.8,-17.));
#2948 = CARTESIAN_POINT('',(0.935982325651,-17.));
#2949 = CARTESIAN_POINT('',(1.071976110154,-17.01078654972));
#2950 = CARTESIAN_POINT('',(1.20693414484,-17.0323627743));
#2951 = CARTESIAN_POINT('',(1.339833944562,-17.06460056772));
#2952 = CARTESIAN_POINT('',(1.469678258852,-17.10725802475));
#2953 = CARTESIAN_POINT('',(1.595499548205,-17.15998052681));
#2954 = CARTESIAN_POINT('',(1.727538135199,-17.22804319425));
#2955 = CARTESIAN_POINT('',(1.738665638761,-17.23388278516));
#2956 = CARTESIAN_POINT('',(1.749750215779,-17.23980388301));
#2957 = CARTESIAN_POINT('',(1.760791150123,-17.24580610864));
#2958 = CARTESIAN_POINT('',(1.771787729917,-17.25188907505));
#2959 = CARTESIAN_POINT('',(1.782739247542,-17.2580523874));
#2960 = CARTESIAN_POINT('',(1.804940242865,-17.27076187212));
#2961 = CARTESIAN_POINT('',(1.816186393403,-17.27731385678));
#2962 = CARTESIAN_POINT('',(1.827382669787,-17.28395114968));
#2963 = CARTESIAN_POINT('',(1.838528295855,-17.29067329466));
#2964 = CARTESIAN_POINT('',(1.849622500738,-17.29747982681));
#2965 = CARTESIAN_POINT('',(1.860664518866,-17.30437027241));
#2966 = CARTESIAN_POINT('',(1.88264266105,-17.31831802557));
#2967 = CARTESIAN_POINT('',(1.893578785292,-17.32537533324));
#2968 = CARTESIAN_POINT('',(1.904461202408,-17.3325155895));
#2969 = CARTESIAN_POINT('',(1.915289157813,-17.33973830336));
#2970 = CARTESIAN_POINT('',(1.926061902608,-17.34704297525));
#2971 = CARTESIAN_POINT('',(1.936778693588,-17.3544290971));
#2972 = CARTESIAN_POINT('',(1.957363713599,-17.36884823821));
#2973 = CARTESIAN_POINT('',(1.967239492627,-17.37587047927));
#2974 = CARTESIAN_POINT('',(1.977065535128,-17.38296245859));
#2975 = CARTESIAN_POINT('',(1.986841250464,-17.39012375305));
#2976 = CARTESIAN_POINT('',(1.996566052549,-17.39735393329));
#2977 = CARTESIAN_POINT('',(2.00623935985,-17.40465256376));
#2978 = CARTESIAN_POINT('',(2.026194515036,-17.41993151859));
#2979 = CARTESIAN_POINT('',(2.036468363024,-17.42792229155));
#2980 = CARTESIAN_POINT('',(2.046681424405,-17.43599097416));
#2981 = CARTESIAN_POINT('',(2.056832990647,-17.44413701102));
#2982 = CARTESIAN_POINT('',(2.066922359635,-17.45235983871));
#2983 = CARTESIAN_POINT('',(2.076948835669,-17.46065888584));
#2984 = CARTESIAN_POINT('',(2.096874623266,-17.47740826018));
#2985 = CARTESIAN_POINT('',(2.106773934997,-17.48585858752));
#2986 = CARTESIAN_POINT('',(2.116608975379,-17.49438397564));
#2987 = CARTESIAN_POINT('',(2.126379061909,-17.50298383743));
#2988 = CARTESIAN_POINT('',(2.136083518854,-17.5116575781));
#2989 = CARTESIAN_POINT('',(2.145721677259,-17.52040459517));
#2990 = CARTESIAN_POINT('',(2.164864072621,-17.5380439617));
#2991 = CARTESIAN_POINT('',(2.174368309739,-17.54693631132));
#2992 = CARTESIAN_POINT('',(2.183804924114,-17.5559007171));
#2993 = CARTESIAN_POINT('',(2.193173260683,-17.56493656148));
#2994 = CARTESIAN_POINT('',(2.202472671502,-17.5740432195));
#2995 = CARTESIAN_POINT('',(2.211702515744,-17.58322005883));
#2996 = CARTESIAN_POINT('',(2.229705953866,-17.60139398001));
#2997 = CARTESIAN_POINT('',(2.238484305809,-17.6103863487));
#2998 = CARTESIAN_POINT('',(2.24719664515,-17.61944297007));
#2999 = CARTESIAN_POINT('',(2.25584240798,-17.62856326221));
#3000 = CARTESIAN_POINT('',(2.264421036854,-17.63774663709));
#3001 = CARTESIAN_POINT('',(2.272931980795,-17.64699250053));
#3002 = CARTESIAN_POINT('',(2.287405205653,-17.66294864631));
#3003 = CARTESIAN_POINT('',(2.293400905117,-17.66962861608));
#3004 = CARTESIAN_POINT('',(2.299361595265,-17.6763399428));
#3005 = CARTESIAN_POINT('',(2.305287079425,-17.68308240618));
#3006 = CARTESIAN_POINT('',(2.311177162662,-17.68985578443));
#3007 = CARTESIAN_POINT('',(2.317031651787,-17.69665985419));
#3008 = CARTESIAN_POINT('',(2.453463407116,-17.85690994919));
#3009 = CARTESIAN_POINT('',(2.566096938141,-18.0257380806));
#3010 = CARTESIAN_POINT('',(2.658466780552,-18.20734543416));
#3011 = CARTESIAN_POINT('',(2.728923944047,-18.39879084069));
#3012 = CARTESIAN_POINT('',(2.776318696678,-18.59695026156));
#3013 = CARTESIAN_POINT('',(2.8,-18.7985152539));
#3014 = CARTESIAN_POINT('',(2.8,-19.));
#3015 = ( GEOMETRIC_REPRESENTATION_CONTEXT(2) 
PARAMETRIC_REPRESENTATION_CONTEXT() REPRESENTATION_CONTEXT('2D SPACE',''
  ) );
#3016 = PCURVE('',#2145,#3017);
#3017 = DEFINITIONAL_REPRESENTATION('',(#3018),#3087);
#3018 = B_SPLINE_CURVE_WITH_KNOTS('',7,(#3019,#3020,#3021,#3022,#3023,
    #3024,#3025,#3026,#3027,#3028,#3029,#3030,#3031,#3032,#3033,#3034,
    #3035,#3036,#3037,#3038,#3039,#3040,#3041,#3042,#3043,#3044,#3045,
    #3046,#3047,#3048,#3049,#3050,#3051,#3052,#3053,#3054,#3055,#3056,
    #3057,#3058,#3059,#3060,#3061,#3062,#3063,#3064,#3065,#3066,#3067,
    #3068,#3069,#3070,#3071,#3072,#3073,#3074,#3075,#3076,#3077,#3078,
    #3079,#3080,#3081,#3082,#3083,#3084,#3085,#3086),.UNSPECIFIED.,.F.,
  .F.,(8,6,6,6,6,6,6,6,6,6,6,8),(0.,0.303011709012,0.331013564472,
    0.36001548619,0.389017407907,0.416019197109,0.445021118826,
    0.474023040544,0.503024962261,0.531026817722,0.551028143081,1.),
  .UNSPECIFIED.);
#3019 = CARTESIAN_POINT('',(-1.570796326795,0.));
#3020 = CARTESIAN_POINT('',(-1.570796326795,6.799116282547E-02));
#3021 = CARTESIAN_POINT('',(-1.570796326795,0.135987978913));
#3022 = CARTESIAN_POINT('',(-1.570796326795,0.203980636788));
#3023 = CARTESIAN_POINT('',(-1.570796326795,0.271970650231));
#3024 = CARTESIAN_POINT('',(-1.570796326795,0.339963308106));
#3025 = CARTESIAN_POINT('',(-1.570796326795,0.407960124193));
#3026 = CARTESIAN_POINT('',(-1.570796326795,0.482234472313));
#3027 = CARTESIAN_POINT('',(-1.570796326795,0.48851765762));
#3028 = CARTESIAN_POINT('',(-1.570796326795,0.494800842935));
#3029 = CARTESIAN_POINT('',(-1.570796326795,0.501084028253));
#3030 = CARTESIAN_POINT('',(-1.570796326795,0.507367213568));
#3031 = CARTESIAN_POINT('',(-1.570796326795,0.513650398875));
#3032 = CARTESIAN_POINT('',(-1.570796326795,0.526441168936));
#3033 = CARTESIAN_POINT('',(-1.570796326795,0.532948753718));
#3034 = CARTESIAN_POINT('',(-1.570796326795,0.53945633851));
#3035 = CARTESIAN_POINT('',(-1.570796326795,0.545963923305));
#3036 = CARTESIAN_POINT('',(-1.570796326795,0.552471508097));
#3037 = CARTESIAN_POINT('',(-1.570796326795,0.558979092879));
#3038 = CARTESIAN_POINT('',(-1.570796326795,0.571994262413));
#3039 = CARTESIAN_POINT('',(-1.570796326795,0.578501847195));
#3040 = CARTESIAN_POINT('',(-1.570796326795,0.585009431987));
#3041 = CARTESIAN_POINT('',(-1.570796326795,0.591517016782));
#3042 = CARTESIAN_POINT('',(-1.570796326795,0.598024601574));
#3043 = CARTESIAN_POINT('',(-1.570796326795,0.604532186356));
#3044 = CARTESIAN_POINT('',(-1.570796326795,0.617098556944));
#3045 = CARTESIAN_POINT('',(-1.570796326795,0.623157342776));
#3046 = CARTESIAN_POINT('',(-1.570796326795,0.629216128615));
#3047 = CARTESIAN_POINT('',(-1.570796326795,0.635274914455));
#3048 = CARTESIAN_POINT('',(-1.570796326795,0.641333700294));
#3049 = CARTESIAN_POINT('',(-1.570796326795,0.647392486126));
#3050 = CARTESIAN_POINT('',(-1.570796326795,0.659958856714));
#3051 = CARTESIAN_POINT('',(-1.570796326795,0.666466441496));
#3052 = CARTESIAN_POINT('',(-1.570796326795,0.672974026288));
#3053 = CARTESIAN_POINT('',(-1.570796326795,0.679481611083));
#3054 = CARTESIAN_POINT('',(-1.570796326795,0.685989195874));
#3055 = CARTESIAN_POINT('',(-1.570796326795,0.692496780657));
#3056 = CARTESIAN_POINT('',(-1.570796326795,0.705511950191));
#3057 = CARTESIAN_POINT('',(-1.570796326795,0.712019534973));
#3058 = CARTESIAN_POINT('',(-1.570796326795,0.718527119765));
#3059 = CARTESIAN_POINT('',(-1.570796326795,0.72503470456));
#3060 = CARTESIAN_POINT('',(-1.570796326795,0.731542289351));
#3061 = CARTESIAN_POINT('',(-1.570796326795,0.738049874134));
#3062 = CARTESIAN_POINT('',(-1.570796326795,0.751065043668));
#3063 = CARTESIAN_POINT('',(-1.570796326795,0.75757262845));
#3064 = CARTESIAN_POINT('',(-1.570796326795,0.764080213242));
#3065 = CARTESIAN_POINT('',(-1.570796326795,0.770587798037));
#3066 = CARTESIAN_POINT('',(-1.570796326795,0.777095382829));
#3067 = CARTESIAN_POINT('',(-1.570796326795,0.783602967611));
#3068 = CARTESIAN_POINT('',(-1.570796326795,0.796393737672));
#3069 = CARTESIAN_POINT('',(-1.570796326795,0.802676922979));
#3070 = CARTESIAN_POINT('',(-1.570796326795,0.808960108294));
#3071 = CARTESIAN_POINT('',(-1.570796326795,0.815243293612));
#3072 = CARTESIAN_POINT('',(-1.570796326795,0.821526478927));
#3073 = CARTESIAN_POINT('',(-1.570796326795,0.827809664234));
#3074 = CARTESIAN_POINT('',(-1.570796326795,0.838580839031));
#3075 = CARTESIAN_POINT('',(-1.570796326795,0.843068828536));
#3076 = CARTESIAN_POINT('',(-1.570796326795,0.847556818043));
#3077 = CARTESIAN_POINT('',(-1.570796326795,0.85204480755));
#3078 = CARTESIAN_POINT('',(-1.570796326795,0.856532797056));
#3079 = CARTESIAN_POINT('',(-1.570796326795,0.861020786561));
#3080 = CARTESIAN_POINT('',(-1.570796326795,0.966251149114));
#3081 = CARTESIAN_POINT('',(-1.570796326795,1.067033664152));
#3082 = CARTESIAN_POINT('',(-1.570796326795,1.167783303791));
#3083 = CARTESIAN_POINT('',(-1.570796326795,1.268521799068));
#3084 = CARTESIAN_POINT('',(-1.570796326795,1.369271438707));
#3085 = CARTESIAN_POINT('',(-1.570796326795,1.470053953745));
#3086 = CARTESIAN_POINT('',(-1.570796326795,1.570796326795));
#3087 = ( GEOMETRIC_REPRESENTATION_CONTEXT(2) 
PARAMETRIC_REPRESENTATION_CONTEXT() REPRESENTATION_CONTEXT('2D SPACE',''
  ) );
#3088 = ADVANCED_FACE('',(#3089),#152,.T.);
#3089 = FACE_BOUND('',#3090,.T.);
#3090 = EDGE_LOOP('',(#3091,#3092,#3114,#3115));
#3091 = ORIENTED_EDGE('',*,*,#2192,.F.);
#3092 = ORIENTED_EDGE('',*,*,#3093,.T.);
#3093 = EDGE_CURVE('',#2193,#2124,#3094,.T.);
#3094 = SURFACE_CURVE('',#3095,(#3100,#3107),.PCURVE_S1.);
#3095 = CIRCLE('',#3096,4.);
#3096 = AXIS2_PLACEMENT_3D('',#3097,#3098,#3099);
#3097 = CARTESIAN_POINT('',(-1.498801083244E-15,-9.,3.));
#3098 = DIRECTION('',(0.,0.,-1.));
#3099 = DIRECTION('',(1.,0.,0.));
#3100 = PCURVE('',#152,#3101);
#3101 = DEFINITIONAL_REPRESENTATION('',(#3102),#3106);
#3102 = LINE('',#3103,#3104);
#3103 = CARTESIAN_POINT('',(0.,-3.));
#3104 = VECTOR('',#3105,1.);
#3105 = DIRECTION('',(1.,0.));
#3106 = ( GEOMETRIC_REPRESENTATION_CONTEXT(2) 
PARAMETRIC_REPRESENTATION_CONTEXT() REPRESENTATION_CONTEXT('2D SPACE',''
  ) );
#3107 = PCURVE('',#2145,#3108);
#3108 = DEFINITIONAL_REPRESENTATION('',(#3109),#3113);
#3109 = LINE('',#3110,#3111);
#3110 = CARTESIAN_POINT('',(-0.,0.));
#3111 = VECTOR('',#3112,1.);
#3112 = DIRECTION('',(-1.,0.));
#3113 = ( GEOMETRIC_REPRESENTATION_CONTEXT(2) 
PARAMETRIC_REPRESENTATION_CONTEXT() REPRESENTATION_CONTEXT('2D SPACE',''
  ) );
#3114 = ORIENTED_EDGE('',*,*,#2160,.T.);
#3115 = ORIENTED_EDGE('',*,*,#131,.F.);
#3116 = ADVANCED_FACE('',(#3117),#213,.T.);
#3117 = FACE_BOUND('',#3118,.F.);
#3118 = EDGE_LOOP('',(#3119,#3142,#3169,#3170));
#3119 = ORIENTED_EDGE('',*,*,#3120,.F.);
#3120 = EDGE_CURVE('',#3121,#193,#3123,.T.);
#3121 = VERTEX_POINT('',#3122);
#3122 = CARTESIAN_POINT('',(-13.,-6.,0.7));
#3123 = SEAM_CURVE('',#3124,(#3128,#3135),.PCURVE_S1.);
#3124 = LINE('',#3125,#3126);
#3125 = CARTESIAN_POINT('',(-13.,-6.,0.7));
#3126 = VECTOR('',#3127,1.);
#3127 = DIRECTION('',(1.745240643728E-02,4.274606736168E-18,
    0.999847695156));
#3128 = PCURVE('',#213,#3129);
#3129 = DEFINITIONAL_REPRESENTATION('',(#3130),#3134);
#3130 = LINE('',#3131,#3132);
#3131 = CARTESIAN_POINT('',(0.,-0.));
#3132 = VECTOR('',#3133,1.);
#3133 = DIRECTION('',(0.,-1.));
#3134 = ( GEOMETRIC_REPRESENTATION_CONTEXT(2) 
PARAMETRIC_REPRESENTATION_CONTEXT() REPRESENTATION_CONTEXT('2D SPACE',''
  ) );
#3135 = PCURVE('',#213,#3136);
#3136 = DEFINITIONAL_REPRESENTATION('',(#3137),#3141);
#3137 = LINE('',#3138,#3139);
#3138 = CARTESIAN_POINT('',(6.28318530718,-0.));
#3139 = VECTOR('',#3140,1.);
#3140 = DIRECTION('',(0.,-1.));
#3141 = ( GEOMETRIC_REPRESENTATION_CONTEXT(2) 
PARAMETRIC_REPRESENTATION_CONTEXT() REPRESENTATION_CONTEXT('2D SPACE',''
  ) );
#3142 = ORIENTED_EDGE('',*,*,#3143,.F.);
#3143 = EDGE_CURVE('',#3121,#3121,#3144,.T.);
#3144 = SURFACE_CURVE('',#3145,(#3150,#3157),.PCURVE_S1.);
#3145 = CIRCLE('',#3146,2.5);
#3146 = AXIS2_PLACEMENT_3D('',#3147,#3148,#3149);
#3147 = CARTESIAN_POINT('',(-10.5,-6.,0.7));
#3148 = DIRECTION('',(-0.,0.,1.));
#3149 = DIRECTION('',(-1.,-3.552713678801E-16,-0.));
#3150 = PCURVE('',#213,#3151);
#3151 = DEFINITIONAL_REPRESENTATION('',(#3152),#3156);
#3152 = LINE('',#3153,#3154);
#3153 = CARTESIAN_POINT('',(6.28318530718,-0.));
#3154 = VECTOR('',#3155,1.);
#3155 = DIRECTION('',(-1.,-0.));
#3156 = ( GEOMETRIC_REPRESENTATION_CONTEXT(2) 
PARAMETRIC_REPRESENTATION_CONTEXT() REPRESENTATION_CONTEXT('2D SPACE',''
  ) );
#3157 = PCURVE('',#3158,#3163);
#3158 = PLANE('',#3159);
#3159 = AXIS2_PLACEMENT_3D('',#3160,#3161,#3162);
#3160 = CARTESIAN_POINT('',(-10.5,-6.,0.7));
#3161 = DIRECTION('',(0.,0.,1.));
#3162 = DIRECTION('',(1.,0.,0.));
#3163 = DEFINITIONAL_REPRESENTATION('',(#3164),#3168);
#3164 = CIRCLE('',#3165,2.5);
#3165 = AXIS2_PLACEMENT_2D('',#3166,#3167);
#3166 = CARTESIAN_POINT('',(0.,-8.881784197001E-16));
#3167 = DIRECTION('',(-1.,-3.552713678801E-16));
#3168 = ( GEOMETRIC_REPRESENTATION_CONTEXT(2) 
PARAMETRIC_REPRESENTATION_CONTEXT() REPRESENTATION_CONTEXT('2D SPACE',''
  ) );
#3169 = ORIENTED_EDGE('',*,*,#3120,.T.);
#3170 = ORIENTED_EDGE('',*,*,#192,.F.);
#3171 = ADVANCED_FACE('',(#3172),#244,.F.);
#3172 = FACE_BOUND('',#3173,.F.);
#3173 = EDGE_LOOP('',(#3174,#3175,#3195,#3222));
#3174 = ORIENTED_EDGE('',*,*,#227,.T.);
#3175 = ORIENTED_EDGE('',*,*,#3176,.T.);
#3176 = EDGE_CURVE('',#228,#3177,#3179,.T.);
#3177 = VERTEX_POINT('',#3178);
#3178 = CARTESIAN_POINT('',(-1.,-6.,2.5));
#3179 = SEAM_CURVE('',#3180,(#3183,#3189),.PCURVE_S1.);
#3180 = B_SPLINE_CURVE_WITH_KNOTS('',1,(#3181,#3182),.UNSPECIFIED.,.F.,
  .F.,(2,2),(0.,1.),.PIECEWISE_BEZIER_KNOTS.);
#3181 = CARTESIAN_POINT('',(-0.7,-6.,2.2));
#3182 = CARTESIAN_POINT('',(-1.,-6.,2.5));
#3183 = PCURVE('',#244,#3184);
#3184 = DEFINITIONAL_REPRESENTATION('',(#3185),#3188);
#3185 = B_SPLINE_CURVE_WITH_KNOTS('',1,(#3186,#3187),.UNSPECIFIED.,.F.,
  .F.,(2,2),(0.,1.),.PIECEWISE_BEZIER_KNOTS.);
#3186 = CARTESIAN_POINT('',(-6.28318530718,0.));
#3187 = CARTESIAN_POINT('',(-6.28318530718,-0.3));
#3188 = ( GEOMETRIC_REPRESENTATION_CONTEXT(2) 
PARAMETRIC_REPRESENTATION_CONTEXT() REPRESENTATION_CONTEXT('2D SPACE',''
  ) );
#3189 = PCURVE('',#244,#3190);
#3190 = DEFINITIONAL_REPRESENTATION('',(#3191),#3194);
#3191 = B_SPLINE_CURVE_WITH_KNOTS('',1,(#3192,#3193),.UNSPECIFIED.,.F.,
  .F.,(2,2),(0.,1.),.PIECEWISE_BEZIER_KNOTS.);
#3192 = CARTESIAN_POINT('',(0.,0.));
#3193 = CARTESIAN_POINT('',(0.,-0.3));
#3194 = ( GEOMETRIC_REPRESENTATION_CONTEXT(2) 
PARAMETRIC_REPRESENTATION_CONTEXT() REPRESENTATION_CONTEXT('2D SPACE',''
  ) );
#3195 = ORIENTED_EDGE('',*,*,#3196,.F.);
#3196 = EDGE_CURVE('',#3177,#3177,#3197,.T.);
#3197 = SURFACE_CURVE('',#3198,(#3203,#3210),.PCURVE_S1.);
#3198 = CIRCLE('',#3199,1.);
#3199 = AXIS2_PLACEMENT_3D('',#3200,#3201,#3202);
#3200 = CARTESIAN_POINT('',(-2.,-6.,2.5));
#3201 = DIRECTION('',(0.,0.,1.));
#3202 = DIRECTION('',(1.,0.,0.));
#3203 = PCURVE('',#244,#3204);
#3204 = DEFINITIONAL_REPRESENTATION('',(#3205),#3209);
#3205 = LINE('',#3206,#3207);
#3206 = CARTESIAN_POINT('',(-0.,-0.3));
#3207 = VECTOR('',#3208,1.);
#3208 = DIRECTION('',(-1.,-0.));
#3209 = ( GEOMETRIC_REPRESENTATION_CONTEXT(2) 
PARAMETRIC_REPRESENTATION_CONTEXT() REPRESENTATION_CONTEXT('2D SPACE',''
  ) );
#3210 = PCURVE('',#3211,#3216);
#3211 = CYLINDRICAL_SURFACE('',#3212,1.);
#3212 = AXIS2_PLACEMENT_3D('',#3213,#3214,#3215);
#3213 = CARTESIAN_POINT('',(-2.,-6.,2.2));
#3214 = DIRECTION('',(-0.,-0.,-1.));
#3215 = DIRECTION('',(1.,0.,0.));
#3216 = DEFINITIONAL_REPRESENTATION('',(#3217),#3221);
#3217 = LINE('',#3218,#3219);
#3218 = CARTESIAN_POINT('',(-0.,-0.3));
#3219 = VECTOR('',#3220,1.);
#3220 = DIRECTION('',(-1.,0.));
#3221 = ( GEOMETRIC_REPRESENTATION_CONTEXT(2) 
PARAMETRIC_REPRESENTATION_CONTEXT() REPRESENTATION_CONTEXT('2D SPACE',''
  ) );
#3222 = ORIENTED_EDGE('',*,*,#3176,.F.);
#3223 = ADVANCED_FACE('',(#3224),#279,.T.);
#3224 = FACE_BOUND('',#3225,.F.);
#3225 = EDGE_LOOP('',(#3226,#3249,#3276,#3277));
#3226 = ORIENTED_EDGE('',*,*,#3227,.F.);
#3227 = EDGE_CURVE('',#3228,#259,#3230,.T.);
#3228 = VERTEX_POINT('',#3229);
#3229 = CARTESIAN_POINT('',(-13.,10.,0.7));
#3230 = SEAM_CURVE('',#3231,(#3235,#3242),.PCURVE_S1.);
#3231 = LINE('',#3232,#3233);
#3232 = CARTESIAN_POINT('',(-13.,10.,0.7));
#3233 = VECTOR('',#3234,1.);
#3234 = DIRECTION('',(1.745240643728E-02,4.274606736168E-18,
    0.999847695156));
#3235 = PCURVE('',#279,#3236);
#3236 = DEFINITIONAL_REPRESENTATION('',(#3237),#3241);
#3237 = LINE('',#3238,#3239);
#3238 = CARTESIAN_POINT('',(0.,-0.));
#3239 = VECTOR('',#3240,1.);
#3240 = DIRECTION('',(0.,-1.));
#3241 = ( GEOMETRIC_REPRESENTATION_CONTEXT(2) 
PARAMETRIC_REPRESENTATION_CONTEXT() REPRESENTATION_CONTEXT('2D SPACE',''
  ) );
#3242 = PCURVE('',#279,#3243);
#3243 = DEFINITIONAL_REPRESENTATION('',(#3244),#3248);
#3244 = LINE('',#3245,#3246);
#3245 = CARTESIAN_POINT('',(6.28318530718,-0.));
#3246 = VECTOR('',#3247,1.);
#3247 = DIRECTION('',(0.,-1.));
#3248 = ( GEOMETRIC_REPRESENTATION_CONTEXT(2) 
PARAMETRIC_REPRESENTATION_CONTEXT() REPRESENTATION_CONTEXT('2D SPACE',''
  ) );
#3249 = ORIENTED_EDGE('',*,*,#3250,.F.);
#3250 = EDGE_CURVE('',#3228,#3228,#3251,.T.);
#3251 = SURFACE_CURVE('',#3252,(#3257,#3264),.PCURVE_S1.);
#3252 = CIRCLE('',#3253,2.5);
#3253 = AXIS2_PLACEMENT_3D('',#3254,#3255,#3256);
#3254 = CARTESIAN_POINT('',(-10.5,10.,0.7));
#3255 = DIRECTION('',(0.,0.,1.));
#3256 = DIRECTION('',(-1.,-0.,-0.));
#3257 = PCURVE('',#279,#3258);
#3258 = DEFINITIONAL_REPRESENTATION('',(#3259),#3263);
#3259 = LINE('',#3260,#3261);
#3260 = CARTESIAN_POINT('',(6.28318530718,-0.));
#3261 = VECTOR('',#3262,1.);
#3262 = DIRECTION('',(-1.,-0.));
#3263 = ( GEOMETRIC_REPRESENTATION_CONTEXT(2) 
PARAMETRIC_REPRESENTATION_CONTEXT() REPRESENTATION_CONTEXT('2D SPACE',''
  ) );
#3264 = PCURVE('',#3265,#3270);
#3265 = PLANE('',#3266);
#3266 = AXIS2_PLACEMENT_3D('',#3267,#3268,#3269);
#3267 = CARTESIAN_POINT('',(-10.5,10.,0.7));
#3268 = DIRECTION('',(0.,0.,1.));
#3269 = DIRECTION('',(1.,0.,0.));
#3270 = DEFINITIONAL_REPRESENTATION('',(#3271),#3275);
#3271 = CIRCLE('',#3272,2.5);
#3272 = AXIS2_PLACEMENT_2D('',#3273,#3274);
#3273 = CARTESIAN_POINT('',(-1.7763568394E-15,1.7763568394E-15));
#3274 = DIRECTION('',(-1.,0.));
#3275 = ( GEOMETRIC_REPRESENTATION_CONTEXT(2) 
PARAMETRIC_REPRESENTATION_CONTEXT() REPRESENTATION_CONTEXT('2D SPACE',''
  ) );
#3276 = ORIENTED_EDGE('',*,*,#3227,.T.);
#3277 = ORIENTED_EDGE('',*,*,#258,.F.);
#3278 = ADVANCED_FACE('',(#3279),#310,.F.);
#3279 = FACE_BOUND('',#3280,.F.);
#3280 = EDGE_LOOP('',(#3281,#3282,#3302,#3329));
#3281 = ORIENTED_EDGE('',*,*,#293,.T.);
#3282 = ORIENTED_EDGE('',*,*,#3283,.T.);
#3283 = EDGE_CURVE('',#294,#3284,#3286,.T.);
#3284 = VERTEX_POINT('',#3285);
#3285 = CARTESIAN_POINT('',(-1.,6.,2.5));
#3286 = SEAM_CURVE('',#3287,(#3290,#3296),.PCURVE_S1.);
#3287 = B_SPLINE_CURVE_WITH_KNOTS('',1,(#3288,#3289),.UNSPECIFIED.,.F.,
  .F.,(2,2),(0.,1.),.PIECEWISE_BEZIER_KNOTS.);
#3288 = CARTESIAN_POINT('',(-0.7,6.,2.2));
#3289 = CARTESIAN_POINT('',(-1.,6.,2.5));
#3290 = PCURVE('',#310,#3291);
#3291 = DEFINITIONAL_REPRESENTATION('',(#3292),#3295);
#3292 = B_SPLINE_CURVE_WITH_KNOTS('',1,(#3293,#3294),.UNSPECIFIED.,.F.,
  .F.,(2,2),(0.,1.),.PIECEWISE_BEZIER_KNOTS.);
#3293 = CARTESIAN_POINT('',(-6.28318530718,0.));
#3294 = CARTESIAN_POINT('',(-6.28318530718,-0.3));
#3295 = ( GEOMETRIC_REPRESENTATION_CONTEXT(2) 
PARAMETRIC_REPRESENTATION_CONTEXT() REPRESENTATION_CONTEXT('2D SPACE',''
  ) );
#3296 = PCURVE('',#310,#3297);
#3297 = DEFINITIONAL_REPRESENTATION('',(#3298),#3301);
#3298 = B_SPLINE_CURVE_WITH_KNOTS('',1,(#3299,#3300),.UNSPECIFIED.,.F.,
  .F.,(2,2),(0.,1.),.PIECEWISE_BEZIER_KNOTS.);
#3299 = CARTESIAN_POINT('',(0.,0.));
#3300 = CARTESIAN_POINT('',(0.,-0.3));
#3301 = ( GEOMETRIC_REPRESENTATION_CONTEXT(2) 
PARAMETRIC_REPRESENTATION_CONTEXT() REPRESENTATION_CONTEXT('2D SPACE',''
  ) );
#3302 = ORIENTED_EDGE('',*,*,#3303,.F.);
#3303 = EDGE_CURVE('',#3284,#3284,#3304,.T.);
#3304 = SURFACE_CURVE('',#3305,(#3310,#3317),.PCURVE_S1.);
#3305 = CIRCLE('',#3306,1.);
#3306 = AXIS2_PLACEMENT_3D('',#3307,#3308,#3309);
#3307 = CARTESIAN_POINT('',(-2.,6.,2.5));
#3308 = DIRECTION('',(0.,0.,1.));
#3309 = DIRECTION('',(1.,0.,0.));
#3310 = PCURVE('',#310,#3311);
#3311 = DEFINITIONAL_REPRESENTATION('',(#3312),#3316);
#3312 = LINE('',#3313,#3314);
#3313 = CARTESIAN_POINT('',(-0.,-0.3));
#3314 = VECTOR('',#3315,1.);
#3315 = DIRECTION('',(-1.,-0.));
#3316 = ( GEOMETRIC_REPRESENTATION_CONTEXT(2) 
PARAMETRIC_REPRESENTATION_CONTEXT() REPRESENTATION_CONTEXT('2D SPACE',''
  ) );
#3317 = PCURVE('',#3318,#3323);
#3318 = CYLINDRICAL_SURFACE('',#3319,1.);
#3319 = AXIS2_PLACEMENT_3D('',#3320,#3321,#3322);
#3320 = CARTESIAN_POINT('',(-2.,6.,2.2));
#3321 = DIRECTION('',(-0.,-0.,-1.));
#3322 = DIRECTION('',(1.,0.,0.));
#3323 = DEFINITIONAL_REPRESENTATION('',(#3324),#3328);
#3324 = LINE('',#3325,#3326);
#3325 = CARTESIAN_POINT('',(-0.,-0.3));
#3326 = VECTOR('',#3327,1.);
#3327 = DIRECTION('',(-1.,0.));
#3328 = ( GEOMETRIC_REPRESENTATION_CONTEXT(2) 
PARAMETRIC_REPRESENTATION_CONTEXT() REPRESENTATION_CONTEXT('2D SPACE',''
  ) );
#3329 = ORIENTED_EDGE('',*,*,#3283,.F.);
#3330 = ADVANCED_FACE('',(#3331,#3733),#372,.T.);
#3331 = FACE_BOUND('',#3332,.F.);
#3332 = EDGE_LOOP('',(#3333,#3334,#3335,#3385,#3643,#3644,#3645,#3669,
    #3691));
#3333 = ORIENTED_EDGE('',*,*,#574,.T.);
#3334 = ORIENTED_EDGE('',*,*,#355,.T.);
#3335 = ORIENTED_EDGE('',*,*,#3336,.F.);
#3336 = EDGE_CURVE('',#3337,#356,#3339,.T.);
#3337 = VERTEX_POINT('',#3338);
#3338 = CARTESIAN_POINT('',(-2.594006869965,12.876651865738,3.7));
#3339 = SURFACE_CURVE('',#3340,(#3353,#3369),.PCURVE_S1.);
#3340 = B_SPLINE_CURVE_WITH_KNOTS('',6,(#3341,#3342,#3343,#3344,#3345,
    #3346,#3347,#3348,#3349,#3350,#3351,#3352),.UNSPECIFIED.,.F.,.F.,(7,
    5,7),(0.,0.444034577931,1.),.UNSPECIFIED.);
#3341 = CARTESIAN_POINT('',(-2.594006869965,12.876651865738,3.7));
#3342 = CARTESIAN_POINT('',(-2.597912169893,12.902288106166,
    3.642044525303));
#3343 = CARTESIAN_POINT('',(-2.597473341609,12.928518748878,
    3.583963293048));
#3344 = CARTESIAN_POINT('',(-2.592641053936,12.955266105102,
    3.526129904211));
#3345 = CARTESIAN_POINT('',(-2.583394721538,12.982481523373,
    3.468942361159));
#3346 = CARTESIAN_POINT('',(-2.569755098925,13.010135206642,
    3.412817228787));
#3347 = CARTESIAN_POINT('',(-2.52931179706,13.073352857081,
    3.289778538016));
#3348 = CARTESIAN_POINT('',(-2.50005593673,13.109154318177,
    3.223710348499));
#3349 = CARTESIAN_POINT('',(-2.464177478252,13.145565183885,
    3.16082928152));
#3350 = CARTESIAN_POINT('',(-2.421961574894,13.182558885099,
    3.102014708842));
#3351 = CARTESIAN_POINT('',(-2.373865367609,13.220101246027,
    3.04813880352));
#3352 = CARTESIAN_POINT('',(-2.320522990356,13.258093468768,3.));
#3353 = PCURVE('',#372,#3354);
#3354 = DEFINITIONAL_REPRESENTATION('',(#3355),#3368);
#3355 = B_SPLINE_CURVE_WITH_KNOTS('',6,(#3356,#3357,#3358,#3359,#3360,
    #3361,#3362,#3363,#3364,#3365,#3366,#3367),.UNSPECIFIED.,.F.,.F.,(7,
    5,7),(0.,0.444034577931,1.),.UNSPECIFIED.);
#3356 = CARTESIAN_POINT('',(-0.837017889643,0.357571103535));
#3357 = CARTESIAN_POINT('',(-0.840701334345,0.326636759649));
#3358 = CARTESIAN_POINT('',(-0.845271024933,0.296064361667));
#3359 = CARTESIAN_POINT('',(-0.850710981653,0.265981120405));
#3360 = CARTESIAN_POINT('',(-0.857014419503,0.236521127145));
#3361 = CARTESIAN_POINT('',(-0.864177596631,0.207828969661));
#3362 = CARTESIAN_POINT('',(-0.882230393622,0.145298656025));
#3363 = CARTESIAN_POINT('',(-0.893604388174,0.111985679487));
#3364 = CARTESIAN_POINT('',(-0.906300942547,8.043964710363E-02));
#3365 = CARTESIAN_POINT('',(-0.920296094737,5.100738018993E-02));
#3366 = CARTESIAN_POINT('',(-0.935534857602,2.406940175992E-02));
#3367 = CARTESIAN_POINT('',(-0.951907124931,0.));
#3368 = ( GEOMETRIC_REPRESENTATION_CONTEXT(2) 
PARAMETRIC_REPRESENTATION_CONTEXT() REPRESENTATION_CONTEXT('2D SPACE',''
  ) );
#3369 = PCURVE('',#438,#3370);
#3370 = DEFINITIONAL_REPRESENTATION('',(#3371),#3384);
#3371 = B_SPLINE_CURVE_WITH_KNOTS('',6,(#3372,#3373,#3374,#3375,#3376,
    #3377,#3378,#3379,#3380,#3381,#3382,#3383),.UNSPECIFIED.,.F.,.F.,(7,
    5,7),(0.,0.444034577931,1.),.UNSPECIFIED.);
#3372 = CARTESIAN_POINT('',(6.28318530718,0.890999270557));
#3373 = CARTESIAN_POINT('',(6.217845143862,0.917884438846));
#3374 = CARTESIAN_POINT('',(6.152585706555,0.945050989907));
#3375 = CARTESIAN_POINT('',(6.087306244767,0.972359512074));
#3376 = CARTESIAN_POINT('',(6.021925031862,0.999698230176));
#3377 = CARTESIAN_POINT('',(5.956374803745,1.026978007823));
#3378 = CARTESIAN_POINT('',(5.808240830696,1.088120412549));
#3379 = CARTESIAN_POINT('',(5.725527188193,1.121909635567));
#3380 = CARTESIAN_POINT('',(5.642355340774,1.155350772737));
#3381 = CARTESIAN_POINT('',(5.558655899676,1.188340600881));
#3382 = CARTESIAN_POINT('',(5.474382289056,1.220804850707));
#3383 = CARTESIAN_POINT('',(5.389523625451,1.25265151423));
#3384 = ( GEOMETRIC_REPRESENTATION_CONTEXT(2) 
PARAMETRIC_REPRESENTATION_CONTEXT() REPRESENTATION_CONTEXT('2D SPACE',''
  ) );
#3385 = ORIENTED_EDGE('',*,*,#3386,.F.);
#3386 = EDGE_CURVE('',#385,#3337,#3387,.T.);
#3387 = SURFACE_CURVE('',#3388,(#3471,#3557),.PCURVE_S1.);
#3388 = B_SPLINE_CURVE_WITH_KNOTS('',6,(#3389,#3390,#3391,#3392,#3393,
    #3394,#3395,#3396,#3397,#3398,#3399,#3400,#3401,#3402,#3403,#3404,
    #3405,#3406,#3407,#3408,#3409,#3410,#3411,#3412,#3413,#3414,#3415,
    #3416,#3417,#3418,#3419,#3420,#3421,#3422,#3423,#3424,#3425,#3426,
    #3427,#3428,#3429,#3430,#3431,#3432,#3433,#3434,#3435,#3436,#3437,
    #3438,#3439,#3440,#3441,#3442,#3443,#3444,#3445,#3446,#3447,#3448,
    #3449,#3450,#3451,#3452,#3453,#3454,#3455,#3456,#3457,#3458,#3459,
    #3460,#3461,#3462,#3463,#3464,#3465,#3466,#3467,#3468,#3469,#3470),
  .UNSPECIFIED.,.F.,.F.,(7,5,5,5,5,5,5,5,5,5,5,5,5,5,5,5,7),(0.,
    6.961603022682E-02,0.165122503217,0.205875720235,0.271765402751,
    0.352929435104,0.448952159223,0.531804520808,0.560152280451,
    0.598746604918,0.631194829591,0.686404923361,0.743424481611,
    0.778822347285,0.891874361862,0.98988181506,1.),.UNSPECIFIED.);
#3389 = CARTESIAN_POINT('',(-1.27691592584,13.790710450343,3.));
#3390 = CARTESIAN_POINT('',(-1.242801678684,13.802201970484,
    3.028970017581));
#3391 = CARTESIAN_POINT('',(-1.210199091619,13.81224269371,
    3.060134419507));
#3392 = CARTESIAN_POINT('',(-1.179273793058,13.820706972303,
    3.093334543784));
#3393 = CARTESIAN_POINT('',(-1.150172406048,13.827481499692,
    3.128385340888));
#3394 = CARTESIAN_POINT('',(-1.123019858442,13.83247208227,
    3.165077656135));
#3395 = CARTESIAN_POINT('',(-1.063477573536,13.839915895541,
    3.255453952055));
#3396 = CARTESIAN_POINT('',(-1.032889167273,13.840736095853,
    3.310392507115));
#3397 = CARTESIAN_POINT('',(-1.006418905756,13.837891675843,
    3.367389983097));
#3398 = CARTESIAN_POINT('',(-0.984213213032,13.831304663442,
    3.425809790777));
#3399 = CARTESIAN_POINT('',(-0.966311430373,13.82099851,3.485015066417)
  );
#3400 = CARTESIAN_POINT('',(-0.946834478557,13.801166777589,
    3.569738204347));
#3401 = CARTESIAN_POINT('',(-0.941782694104,13.794580455664,
    3.595112033518));
#3402 = CARTESIAN_POINT('',(-0.937499681664,13.787348586531,
    3.620474398588));
#3403 = CARTESIAN_POINT('',(-0.933978107587,13.779483003739,
    3.645781850943));
#3404 = CARTESIAN_POINT('',(-0.931208010476,13.770997971563,
    3.670993374605));
#3405 = CARTESIAN_POINT('',(-0.925892747921,13.74721707816,
    3.736614825559));
#3406 = CARTESIAN_POINT('',(-0.92454044348,13.730947968703,
    3.776808234374));
#3407 = CARTESIAN_POINT('',(-0.925067871012,13.713172475757,
    3.81648806758));
#3408 = CARTESIAN_POINT('',(-0.927408844211,13.693972659438,
    3.855513553121));
#3409 = CARTESIAN_POINT('',(-0.931488996461,13.673438719713,
    3.893764832612));
#3410 = CARTESIAN_POINT('',(-0.944305816169,13.624843081356,
    3.977184058538));
#3411 = CARTESIAN_POINT('',(-0.953902649644,13.5961398723,4.021899604931
    ));
#3412 = CARTESIAN_POINT('',(-0.965879023294,13.565729792922,
    4.065104683135));
#3413 = CARTESIAN_POINT('',(-0.980087683237,13.533794841651,
    4.106661107223));
#3414 = CARTESIAN_POINT('',(-0.996389108498,13.500518234064,
    4.14646804916));
#3415 = CARTESIAN_POINT('',(-1.036282838363,13.425333551837,
    4.229392997451));
#3416 = CARTESIAN_POINT('',(-1.060661410373,13.382963976032,
    4.271779372649));
#3417 = CARTESIAN_POINT('',(-1.087602804524,13.339261983709,
    4.311498445923));
#3418 = CARTESIAN_POINT('',(-1.116941148432,13.294520802446,
    4.348478651389));
#3419 = CARTESIAN_POINT('',(-1.148560587887,13.249041284991,
    4.382668843106));
#3420 = CARTESIAN_POINT('',(-1.211626009581,13.163532005888,
    4.441063760909));
#3421 = CARTESIAN_POINT('',(-1.242495304952,13.123618173548,
    4.465989797309));
#3422 = CARTESIAN_POINT('',(-1.274997933041,13.08359538746,
    4.488762572294));
#3423 = CARTESIAN_POINT('',(-1.309132585815,13.043693047494,
    4.509334922797));
#3424 = CARTESIAN_POINT('',(-1.344930590038,13.004184763095,
    4.527629709985));
#3425 = CARTESIAN_POINT('',(-1.395307160071,12.952131722333,
    4.548964067237));
#3426 = CARTESIAN_POINT('',(-1.408351984217,12.938947679746,
    4.554121521149));
#3427 = CARTESIAN_POINT('',(-1.421601883046,12.92586293162,
    4.558992689519));
#3428 = CARTESIAN_POINT('',(-1.435059355814,12.912892482243,
    4.563571611158));
#3429 = CARTESIAN_POINT('',(-1.448726872244,12.900052656727,
    4.567851428937));
#3430 = CARTESIAN_POINT('',(-1.481503929685,12.87008206291,
    4.577233414771));
#3431 = CARTESIAN_POINT('',(-1.500794330533,12.853078329199,
    4.582073493696));
#3432 = CARTESIAN_POINT('',(-1.520484462853,12.836393829137,
    4.586325217186));
#3433 = CARTESIAN_POINT('',(-1.540578454902,12.82007928011,4.58996515275
    ));
#3434 = CARTESIAN_POINT('',(-1.561076689754,12.804190791163,
    4.592966522295));
#3435 = CARTESIAN_POINT('',(-1.5995440271,12.775838943597,4.59726165263)
  );
#3436 = CARTESIAN_POINT('',(-1.617395635155,12.763233372474,
    4.598751180513));
#3437 = CARTESIAN_POINT('',(-1.635525706975,12.751007614927,
    4.599751042669));
#3438 = CARTESIAN_POINT('',(-1.653926871928,12.73920041037,
    4.600242336211));
#3439 = CARTESIAN_POINT('',(-1.672586588107,12.727851410482,
    4.600205946476));
#3440 = CARTESIAN_POINT('',(-1.723642765804,12.698534388632,
    4.59863333515));
#3441 = CARTESIAN_POINT('',(-1.75650194498,12.681502470678,
    4.596062423198));
#3442 = CARTESIAN_POINT('',(-1.789954314969,12.666105536972,
    4.591822625008));
#3443 = CARTESIAN_POINT('',(-1.823847508734,12.652518542045,
    4.58583736311));
#3444 = CARTESIAN_POINT('',(-1.857981456221,12.640859618107,
    4.578067558383));
#3445 = CARTESIAN_POINT('',(-1.927344720861,12.621143247776,
    4.558694592191));
#3446 = CARTESIAN_POINT('',(-1.962588281749,12.61321253129,
    4.546970299525));
#3447 = CARTESIAN_POINT('',(-1.997558833908,12.60740769375,
    4.533389034498));
#3448 = CARTESIAN_POINT('',(-2.032008710089,12.603651200029,
    4.518027397337));
#3449 = CARTESIAN_POINT('',(-2.065724007448,12.60179525405,
    4.500998188405));
#3450 = CARTESIAN_POINT('',(-2.118896435802,12.601589877184,
    4.47091039964));
#3451 = CARTESIAN_POINT('',(-2.13891571666,12.602177617779,
    4.458792846959));
#3452 = CARTESIAN_POINT('',(-2.158550323014,12.603390802021,
    4.446111139085));
#3453 = CARTESIAN_POINT('',(-2.177769847571,12.605185929374,
    4.432895310457));
#3454 = CARTESIAN_POINT('',(-2.196550307633,12.607519722624,
    4.419174810377));
#3455 = CARTESIAN_POINT('',(-2.273392012874,12.619397135359,
    4.359632749162));
#3456 = CARTESIAN_POINT('',(-2.327181529819,12.633516695788,
    4.309468177737));
#3457 = CARTESIAN_POINT('',(-2.375787899163,12.651386709308,
    4.255294674819));
#3458 = CARTESIAN_POINT('',(-2.418957815791,12.672014501602,
    4.197871482566));
#3459 = CARTESIAN_POINT('',(-2.456590540085,12.694754533829,
    4.137843941926));
#3460 = CARTESIAN_POINT('',(-2.516397356945,12.740385206313,
    4.021789932347));
#3461 = CARTESIAN_POINT('',(-2.539942954859,12.762838866977,
    3.966331326524));
#3462 = CARTESIAN_POINT('',(-2.559208529293,12.786270592271,
    3.90966186317));
#3463 = CARTESIAN_POINT('',(-2.574138465248,12.81049153881,
    3.852142088052));
#3464 = CARTESIAN_POINT('',(-2.584699121672,12.83536736416,
    3.794137191176));
#3465 = CARTESIAN_POINT('',(-2.591517306849,12.863432735433,
    3.73001294956));
#3466 = CARTESIAN_POINT('',(-2.59210864511,12.866065016417,
    3.724011118768));
#3467 = CARTESIAN_POINT('',(-2.592653277474,12.868703170092,
    3.718008491999));
#3468 = CARTESIAN_POINT('',(-2.593151195402,12.871347094372,
    3.712005484923));
#3469 = CARTESIAN_POINT('',(-2.593602393588,12.873996691039,
    3.706002514703));
#3470 = CARTESIAN_POINT('',(-2.594006869965,12.876651865738,3.7));
#3471 = PCURVE('',#372,#3472);
#3472 = DEFINITIONAL_REPRESENTATION('',(#3473),#3556);
#3473 = B_SPLINE_CURVE_WITH_KNOTS('',6,(#3474,#3475,#3476,#3477,#3478,
    #3479,#3480,#3481,#3482,#3483,#3484,#3485,#3486,#3487,#3488,#3489,
    #3490,#3491,#3492,#3493,#3494,#3495,#3496,#3497,#3498,#3499,#3500,
    #3501,#3502,#3503,#3504,#3505,#3506,#3507,#3508,#3509,#3510,#3511,
    #3512,#3513,#3514,#3515,#3516,#3517,#3518,#3519,#3520,#3521,#3522,
    #3523,#3524,#3525,#3526,#3527,#3528,#3529,#3530,#3531,#3532,#3533,
    #3534,#3535,#3536,#3537,#3538,#3539,#3540,#3541,#3542,#3543,#3544,
    #3545,#3546,#3547,#3548,#3549,#3550,#3551,#3552,#3553,#3554,#3555),
  .UNSPECIFIED.,.F.,.F.,(7,5,5,5,5,5,5,5,5,5,5,5,5,5,5,5,7),(0.,
    6.961603022682E-02,0.165122503217,0.205875720235,0.271765402751,
    0.352929435104,0.448952159223,0.531804520808,0.560152280451,
    0.598746604918,0.631194829591,0.686404923361,0.743424481611,
    0.778822347285,0.891874361862,0.98988181506,1.),.UNSPECIFIED.);
#3474 = CARTESIAN_POINT('',(-1.24588053848,0.));
#3475 = CARTESIAN_POINT('',(-1.254879972123,1.448500879068E-02));
#3476 = CARTESIAN_POINT('',(-1.2634054875,3.006724930079E-02));
#3477 = CARTESIAN_POINT('',(-1.271414188408,4.667267506316E-02));
#3478 = CARTESIAN_POINT('',(-1.278869780578,6.421872428633E-02));
#3479 = CARTESIAN_POINT('',(-1.285742311424,8.261531124504E-02));
#3480 = CARTESIAN_POINT('',(-1.3006037059,0.128038463766));
#3481 = CARTESIAN_POINT('',(-1.308058672528,0.155735315278));
#3482 = CARTESIAN_POINT('',(-1.314309621065,0.184600873505));
#3483 = CARTESIAN_POINT('',(-1.319322158408,0.214380047614));
#3484 = CARTESIAN_POINT('',(-1.323084092682,0.244821000942));
#3485 = CARTESIAN_POINT('',(-1.326671897117,0.288844873091));
#3486 = CARTESIAN_POINT('',(-1.327517959444,0.302088453301));
#3487 = CARTESIAN_POINT('',(-1.328137430168,0.315390382592));
#3488 = CARTESIAN_POINT('',(-1.328531153968,0.328733088238));
#3489 = CARTESIAN_POINT('',(-1.328700415971,0.342099780112));
#3490 = CARTESIAN_POINT('',(-1.328560484778,0.377098579095));
#3491 = CARTESIAN_POINT('',(-1.327891716909,0.398743786496));
#3492 = CARTESIAN_POINT('',(-1.326647707243,0.420342416298));
#3493 = CARTESIAN_POINT('',(-1.324837620584,0.441833746397));
#3494 = CARTESIAN_POINT('',(-1.322471736962,0.463162898839));
#3495 = CARTESIAN_POINT('',(-1.315974324418,0.510291845512));
#3496 = CARTESIAN_POINT('',(-1.311560652378,0.535981684062));
#3497 = CARTESIAN_POINT('',(-1.30633886878,0.561257223134));
#3498 = CARTESIAN_POINT('',(-1.300328449048,0.586037537272));
#3499 = CARTESIAN_POINT('',(-1.293547677682,0.610248682257));
#3500 = CARTESIAN_POINT('',(-1.277097630211,0.661705555664));
#3501 = CARTESIAN_POINT('',(-1.267127594149,0.688693161947));
#3502 = CARTESIAN_POINT('',(-1.256127736481,0.714667599465));
#3503 = CARTESIAN_POINT('',(-1.244120761554,0.739512300053));
#3504 = CARTESIAN_POINT('',(-1.231127995495,0.763095782693));
#3505 = CARTESIAN_POINT('',(-1.205127868668,0.804381460586));
#3506 = CARTESIAN_POINT('',(-1.192369254163,0.822442910835));
#3507 = CARTESIAN_POINT('',(-1.17890747792,0.839342535706));
#3508 = CARTESIAN_POINT('',(-1.16476094146,0.854952618518));
#3509 = CARTESIAN_POINT('',(-1.149960135877,0.869110070909));
#3510 = CARTESIAN_POINT('',(-1.129282687281,0.885884721274));
#3511 = CARTESIAN_POINT('',(-1.123940911284,0.889966541605));
#3512 = CARTESIAN_POINT('',(-1.118530678146,0.893845463001));
#3513 = CARTESIAN_POINT('',(-1.11305464599,0.89751235174));
#3514 = CARTESIAN_POINT('',(-1.107516023565,0.900957371527));
#3515 = CARTESIAN_POINT('',(-1.094297864693,0.908543824341));
#3516 = CARTESIAN_POINT('',(-1.086568342391,0.912486772061));
#3517 = CARTESIAN_POINT('',(-1.078739382628,0.915972554054));
#3518 = CARTESIAN_POINT('',(-1.070823392594,0.918971941338));
#3519 = CARTESIAN_POINT('',(-1.062836066017,0.921454212133));
#3520 = CARTESIAN_POINT('',(-1.048037486216,0.925014967357));
#3521 = CARTESIAN_POINT('',(-1.041241664467,0.926254016645));
#3522 = CARTESIAN_POINT('',(-1.034420737458,0.927087576967));
#3523 = CARTESIAN_POINT('',(-1.027588553316,0.927497393193));
#3524 = CARTESIAN_POINT('',(-1.020761034222,0.927466702933));
#3525 = CARTESIAN_POINT('',(-1.00237725249,0.926156740855));
#3526 = CARTESIAN_POINT('',(-0.990860346724,0.92401665413));
#3527 = CARTESIAN_POINT('',(-0.979498782527,0.920492680281));
#3528 = CARTESIAN_POINT('',(-0.968395747467,0.915548504723));
#3529 = CARTESIAN_POINT('',(-0.957652554007,0.909196923464));
#3530 = CARTESIAN_POINT('',(-0.936724248384,0.893584175484));
#3531 = CARTESIAN_POINT('',(-0.926564359902,0.884230797529));
#3532 = CARTESIAN_POINT('',(-0.916975643717,0.873540112412));
#3533 = CARTESIAN_POINT('',(-0.908013742538,0.861646847151));
#3534 = CARTESIAN_POINT('',(-0.899701422217,0.848709303588));
#3535 = CARTESIAN_POINT('',(-0.887280932688,0.826298047685));
#3536 = CARTESIAN_POINT('',(-0.882773039586,0.817369763923));
#3537 = CARTESIAN_POINT('',(-0.878513699694,0.808132496387));
#3538 = CARTESIAN_POINT('',(-0.874498751076,0.798619862096));
#3539 = CARTESIAN_POINT('',(-0.870721927103,0.788862716137));
#3540 = CARTESIAN_POINT('',(-0.85585137499,0.747031556934));
#3541 = CARTESIAN_POINT('',(-0.846894575908,0.712990285778));
#3542 = CARTESIAN_POINT('',(-0.840033365644,0.677587404893));
#3543 = CARTESIAN_POINT('',(-0.834993723485,0.641383851829));
#3544 = CARTESIAN_POINT('',(-0.831577588492,0.604741496814));
#3545 = CARTESIAN_POINT('',(-0.827966211119,0.53591137849));
#3546 = CARTESIAN_POINT('',(-0.827404193703,0.503801687164));
#3547 = CARTESIAN_POINT('',(-0.827864697455,0.471710663984));
#3548 = CARTESIAN_POINT('',(-0.829288155167,0.439774976974));
#3549 = CARTESIAN_POINT('',(-0.831632818839,0.408119662993));
#3550 = CARTESIAN_POINT('',(-0.835204608404,0.373637705463));
#3551 = CARTESIAN_POINT('',(-0.835548362847,0.37041524582));
#3552 = CARTESIAN_POINT('',(-0.835901598529,0.367197218032));
#3553 = CARTESIAN_POINT('',(-0.836264284505,0.363983759832));
#3554 = CARTESIAN_POINT('',(-0.836636391043,0.360775009078));
#3555 = CARTESIAN_POINT('',(-0.837017889617,0.357571103753));
#3556 = ( GEOMETRIC_REPRESENTATION_CONTEXT(2) 
PARAMETRIC_REPRESENTATION_CONTEXT() REPRESENTATION_CONTEXT('2D SPACE',''
  ) );
#3557 = PCURVE('',#438,#3558);
#3558 = DEFINITIONAL_REPRESENTATION('',(#3559),#3642);
#3559 = B_SPLINE_CURVE_WITH_KNOTS('',6,(#3560,#3561,#3562,#3563,#3564,
    #3565,#3566,#3567,#3568,#3569,#3570,#3571,#3572,#3573,#3574,#3575,
    #3576,#3577,#3578,#3579,#3580,#3581,#3582,#3583,#3584,#3585,#3586,
    #3587,#3588,#3589,#3590,#3591,#3592,#3593,#3594,#3595,#3596,#3597,
    #3598,#3599,#3600,#3601,#3602,#3603,#3604,#3605,#3606,#3607,#3608,
    #3609,#3610,#3611,#3612,#3613,#3614,#3615,#3616,#3617,#3618,#3619,
    #3620,#3621,#3622,#3623,#3624,#3625,#3626,#3627,#3628,#3629,#3630,
    #3631,#3632,#3633,#3634,#3635,#3636,#3637,#3638,#3639,#3640,#3641),
  .UNSPECIFIED.,.F.,.F.,(7,5,5,5,5,5,5,5,5,5,5,5,5,5,5,5,7),(0.,
    6.961603022682E-02,0.165122503217,0.205875720235,0.271765402751,
    0.352929435104,0.448952159223,0.531804520808,0.560152280451,
    0.598746604918,0.631194829591,0.686404923361,0.743424481611,
    0.778822347285,0.891874361862,0.98988181506,1.),.UNSPECIFIED.);
#3560 = CARTESIAN_POINT('',(4.032659958788,1.620944064237));
#3561 = CARTESIAN_POINT('',(3.981462833037,1.626347077688));
#3562 = CARTESIAN_POINT('',(3.930277248125,1.630608007171));
#3563 = CARTESIAN_POINT('',(3.879138237746,1.633658346162));
#3564 = CARTESIAN_POINT('',(3.828080512371,1.635437991241));
#3565 = CARTESIAN_POINT('',(3.777142821353,1.635898915194));
#3566 = CARTESIAN_POINT('',(3.656720081582,1.633787743026));
#3567 = CARTESIAN_POINT('',(3.587369398004,1.630023561502));
#3568 = CARTESIAN_POINT('',(3.518454745412,1.623632486155));
#3569 = CARTESIAN_POINT('',(3.45008174192,1.614587875966));
#3570 = CARTESIAN_POINT('',(3.382346665043,1.602920625108));
#3571 = CARTESIAN_POINT('',(3.286770621898,1.582659832461));
#3572 = CARTESIAN_POINT('',(3.258318644121,1.576138311648));
#3573 = CARTESIAN_POINT('',(3.230006465842,1.569161547154));
#3574 = CARTESIAN_POINT('',(3.20183957389,1.561737439366));
#3575 = CARTESIAN_POINT('',(3.173822516833,1.55387520925));
#3576 = CARTESIAN_POINT('',(3.100909098535,1.53218245626));
#3577 = CARTESIAN_POINT('',(3.05626003861,1.517661550845));
#3578 = CARTESIAN_POINT('',(3.012027039083,1.502066781795));
#3579 = CARTESIAN_POINT('',(2.96821690133,1.485448751092));
#3580 = CARTESIAN_POINT('',(2.924829216956,1.467862662765));
#3581 = CARTESIAN_POINT('',(2.828924588286,1.426582439245));
#3582 = CARTESIAN_POINT('',(2.776623232212,1.402417505104));
#3583 = CARTESIAN_POINT('',(2.724937573724,1.376978726275));
#3584 = CARTESIAN_POINT('',(2.673837975865,1.350378458057));
#3585 = CARTESIAN_POINT('',(2.623279799195,1.322732144307));
#3586 = CARTESIAN_POINT('',(2.513956479571,1.260348765863));
#3587 = CARTESIAN_POINT('',(2.455388578551,1.225242952399));
#3588 = CARTESIAN_POINT('',(2.39738721195,1.189028548497));
#3589 = CARTESIAN_POINT('',(2.339829011136,1.151905279894));
#3590 = CARTESIAN_POINT('',(2.282557346508,1.114091296219));
#3591 = CARTESIAN_POINT('',(2.176010274299,1.042819746859));
#3592 = CARTESIAN_POINT('',(2.126725022606,1.009482511944));
#3593 = CARTESIAN_POINT('',(2.077360970694,0.975974087699));
#3594 = CARTESIAN_POINT('',(2.027770682252,0.942482222627));
#3595 = CARTESIAN_POINT('',(1.977780643952,0.909242297644));
#3596 = CARTESIAN_POINT('',(1.909851002057,0.865366146088));
#3597 = CARTESIAN_POINT('',(1.892462035107,0.854245894825));
#3598 = CARTESIAN_POINT('',(1.874992766316,0.843202802178));
#3599 = CARTESIAN_POINT('',(1.857434761259,0.832250455806));
#3600 = CARTESIAN_POINT('',(1.839779491927,0.821403776198));
#3601 = CARTESIAN_POINT('',(1.797837244638,0.796077691784));
#3602 = CARTESIAN_POINT('',(1.773460476002,0.781702768422));
#3603 = CARTESIAN_POINT('',(1.748865672495,0.767594782632));
#3604 = CARTESIAN_POINT('',(1.724032380959,0.753800868304));
#3605 = CARTESIAN_POINT('',(1.698942559658,0.740373640635));
#3606 = CARTESIAN_POINT('',(1.652258393856,0.716437319997));
#3607 = CARTESIAN_POINT('',(1.630744181054,0.705804289179));
#3608 = CARTESIAN_POINT('',(1.60903014114,0.695504946179));
#3609 = CARTESIAN_POINT('',(1.58711093135,0.685576191874));
#3610 = CARTESIAN_POINT('',(1.564985139199,0.676056084005));
#3611 = CARTESIAN_POINT('',(1.50466403217,0.651542743874));
#3612 = CARTESIAN_POINT('',(1.466073261171,0.637390404937));
#3613 = CARTESIAN_POINT('',(1.426921845402,0.624719153346));
#3614 = CARTESIAN_POINT('',(1.387271332335,0.61370266121));
#3615 = CARTESIAN_POINT('',(1.347222019365,0.604463706766));
#3616 = CARTESIAN_POINT('',(1.265313508307,0.589380562306));
#3617 = CARTESIAN_POINT('',(1.223420964276,0.583654521788));
#3618 = CARTESIAN_POINT('',(1.181418440843,0.579915652841));
#3619 = CARTESIAN_POINT('',(1.139441482557,0.578105874483));
#3620 = CARTESIAN_POINT('',(1.097600289804,0.578099154422));
#3621 = CARTESIAN_POINT('',(1.030153118167,0.580761374422));
#3622 = CARTESIAN_POINT('',(1.004402725827,0.582416860258));
#3623 = CARTESIAN_POINT('',(0.978752052743,0.584671722416));
#3624 = CARTESIAN_POINT('',(0.95321199957,0.587486578691));
#3625 = CARTESIAN_POINT('',(0.927788559876,0.59082172314));
#3626 = CARTESIAN_POINT('',(0.821665001309,0.606833635207));
#3627 = CARTESIAN_POINT('',(0.742138652591,0.623940529314));
#3628 = CARTESIAN_POINT('',(0.663773248186,0.644740099711));
#3629 = CARTESIAN_POINT('',(0.586407154356,0.668256459658));
#3630 = CARTESIAN_POINT('',(0.509829735397,0.693814891892));
#3631 = CARTESIAN_POINT('',(0.367701673271,0.744482493767));
#3632 = CARTESIAN_POINT('',(0.302085264703,0.769182929845));
#3633 = CARTESIAN_POINT('',(0.236686266772,0.794734309574));
#3634 = CARTESIAN_POINT('',(0.171379559063,0.820896479992));
#3635 = CARTESIAN_POINT('',(0.10604864145,0.847477801833));
#3636 = CARTESIAN_POINT('',(3.38191312408E-02,0.877100054754));
#3637 = CARTESIAN_POINT('',(2.705861029002E-02,0.879874887605));
#3638 = CARTESIAN_POINT('',(2.029654931997E-02,0.882652390462));
#3639 = CARTESIAN_POINT('',(1.353283496786E-02,0.885432396565));
#3640 = CARTESIAN_POINT('',(6.767355337628E-03,0.888214742973));
#3641 = CARTESIAN_POINT('',(0.,0.890999270557));
#3642 = ( GEOMETRIC_REPRESENTATION_CONTEXT(2) 
PARAMETRIC_REPRESENTATION_CONTEXT() REPRESENTATION_CONTEXT('2D SPACE',''
  ) );
#3643 = ORIENTED_EDGE('',*,*,#528,.T.);
#3644 = ORIENTED_EDGE('',*,*,#2215,.T.);
#3645 = ORIENTED_EDGE('',*,*,#3646,.F.);
#3646 = EDGE_CURVE('',#3647,#2216,#3649,.T.);
#3647 = VERTEX_POINT('',#3648);
#3648 = CARTESIAN_POINT('',(-2.,10.,5.));
#3649 = SURFACE_CURVE('',#3650,(#3655,#3662),.PCURVE_S1.);
#3650 = CIRCLE('',#3651,2.);
#3651 = AXIS2_PLACEMENT_3D('',#3652,#3653,#3654);
#3652 = CARTESIAN_POINT('',(1.498801083244E-15,10.,5.));
#3653 = DIRECTION('',(0.,0.,-1.));
#3654 = DIRECTION('',(-1.,0.,0.));
#3655 = PCURVE('',#372,#3656);
#3656 = DEFINITIONAL_REPRESENTATION('',(#3657),#3661);
#3657 = LINE('',#3658,#3659);
#3658 = CARTESIAN_POINT('',(-0.,1.570796326795));
#3659 = VECTOR('',#3660,1.);
#3660 = DIRECTION('',(-1.,0.));
#3661 = ( GEOMETRIC_REPRESENTATION_CONTEXT(2) 
PARAMETRIC_REPRESENTATION_CONTEXT() REPRESENTATION_CONTEXT('2D SPACE',''
  ) );
#3662 = PCURVE('',#2550,#3663);
#3663 = DEFINITIONAL_REPRESENTATION('',(#3664),#3668);
#3664 = CIRCLE('',#3665,2.);
#3665 = AXIS2_PLACEMENT_2D('',#3666,#3667);
#3666 = CARTESIAN_POINT('',(-1.871263001183E-15,9.5));
#3667 = DIRECTION('',(1.,0.));
#3668 = ( GEOMETRIC_REPRESENTATION_CONTEXT(2) 
PARAMETRIC_REPRESENTATION_CONTEXT() REPRESENTATION_CONTEXT('2D SPACE',''
  ) );
#3669 = ORIENTED_EDGE('',*,*,#3670,.F.);
#3670 = EDGE_CURVE('',#3671,#3647,#3673,.T.);
#3671 = VERTEX_POINT('',#3672);
#3672 = CARTESIAN_POINT('',(-3.892836633859,10.,3.645886582551));
#3673 = SURFACE_CURVE('',#3674,(#3679,#3685),.PCURVE_S1.);
#3674 = CIRCLE('',#3675,2.);
#3675 = AXIS2_PLACEMENT_3D('',#3676,#3677,#3678);
#3676 = CARTESIAN_POINT('',(-2.,10.,3.));
#3677 = DIRECTION('',(1.110223024625E-16,1.,0.));
#3678 = DIRECTION('',(-1.,1.110223024625E-16,0.));
#3679 = PCURVE('',#372,#3680);
#3680 = DEFINITIONAL_REPRESENTATION('',(#3681),#3684);
#3681 = B_SPLINE_CURVE_WITH_KNOTS('',1,(#3682,#3683),.UNSPECIFIED.,.F.,
  .F.,(2,2),(0.,1.570796326795),.PIECEWISE_BEZIER_KNOTS.);
#3682 = CARTESIAN_POINT('',(0.,0.));
#3683 = CARTESIAN_POINT('',(0.,1.570796326795));
#3684 = ( GEOMETRIC_REPRESENTATION_CONTEXT(2) 
PARAMETRIC_REPRESENTATION_CONTEXT() REPRESENTATION_CONTEXT('2D SPACE',''
  ) );
#3685 = PCURVE('',#2108,#3686);
#3686 = DEFINITIONAL_REPRESENTATION('',(#3687),#3690);
#3687 = B_SPLINE_CURVE_WITH_KNOTS('',1,(#3688,#3689),.UNSPECIFIED.,.F.,
  .F.,(2,2),(0.,1.570796326795),.PIECEWISE_BEZIER_KNOTS.);
#3688 = CARTESIAN_POINT('',(0.,19.));
#3689 = CARTESIAN_POINT('',(1.570796326795,19.));
#3690 = ( GEOMETRIC_REPRESENTATION_CONTEXT(2) 
PARAMETRIC_REPRESENTATION_CONTEXT() REPRESENTATION_CONTEXT('2D SPACE',''
  ) );
#3691 = ORIENTED_EDGE('',*,*,#3692,.T.);
#3692 = EDGE_CURVE('',#3671,#575,#3693,.T.);
#3693 = SURFACE_CURVE('',#3694,(#3705,#3719),.PCURVE_S1.);
#3694 = B_SPLINE_CURVE_WITH_KNOTS('',5,(#3695,#3696,#3697,#3698,#3699,
    #3700,#3701,#3702,#3703,#3704),.UNSPECIFIED.,.F.,.F.,(6,4,6),(0.,
    0.460138798153,1.),.UNSPECIFIED.);
#3695 = CARTESIAN_POINT('',(-3.892836633859,10.,3.645886582551));
#3696 = CARTESIAN_POINT('',(-3.897488768029,10.019621233914,
    3.632253027963));
#3697 = CARTESIAN_POINT('',(-3.901889567193,10.037408782959,
    3.618592190424));
#3698 = CARTESIAN_POINT('',(-3.906073543967,10.053479790767,
    3.604941892158));
#3699 = CARTESIAN_POINT('',(-3.910064323218,10.06793218125,
    3.591337475075));
#3700 = CARTESIAN_POINT('',(-3.918357326912,10.09602009567,
    3.561940018136));
#3701 = CARTESIAN_POINT('',(-3.922593708642,10.109080233149,
    3.546176160281));
#3702 = CARTESIAN_POINT('',(-3.926618748706,10.12018240803,
    3.530570145663));
#3703 = CARTESIAN_POINT('',(-3.930451466254,10.129457097022,
    3.515166051453));
#3704 = CARTESIAN_POINT('',(-3.934106037519,10.137026924252,3.5));
#3705 = PCURVE('',#372,#3706);
#3706 = DEFINITIONAL_REPRESENTATION('',(#3707),#3718);
#3707 = B_SPLINE_CURVE_WITH_KNOTS('',5,(#3708,#3709,#3710,#3711,#3712,
    #3713,#3714,#3715,#3716,#3717),.UNSPECIFIED.,.F.,.F.,(6,4,6),(0.,
    0.460138798153,1.),.UNSPECIFIED.);
#3708 = CARTESIAN_POINT('',(0.,0.328837770297));
#3709 = CARTESIAN_POINT('',(-5.040343523049E-03,0.321635059644));
#3710 = CARTESIAN_POINT('',(-9.594588475028E-03,0.314440063331));
#3711 = CARTESIAN_POINT('',(-1.369681932136E-02,0.30727189));
#3712 = CARTESIAN_POINT('',(-1.737533849886E-02,0.300147872741));
#3713 = CARTESIAN_POINT('',(-2.450500999488E-02,0.28479443829));
#3714 = CARTESIAN_POINT('',(-2.780634010677E-02,0.27658735158));
#3715 = CARTESIAN_POINT('',(-3.060147123896E-02,0.268486407088));
#3716 = CARTESIAN_POINT('',(-3.292692994885E-02,0.260511970449));
#3717 = CARTESIAN_POINT('',(-3.481643635598E-02,0.252680255154));
#3718 = ( GEOMETRIC_REPRESENTATION_CONTEXT(2) 
PARAMETRIC_REPRESENTATION_CONTEXT() REPRESENTATION_CONTEXT('2D SPACE',''
  ) );
#3719 = PCURVE('',#1208,#3720);
#3720 = DEFINITIONAL_REPRESENTATION('',(#3721),#3732);
#3721 = B_SPLINE_CURVE_WITH_KNOTS('',5,(#3722,#3723,#3724,#3725,#3726,
    #3727,#3728,#3729,#3730,#3731),.UNSPECIFIED.,.F.,.F.,(6,4,6),(0.,
    0.460138798153,1.),.UNSPECIFIED.);
#3722 = CARTESIAN_POINT('',(17.896810385287,6.273947479892));
#3723 = CARTESIAN_POINT('',(16.249942549689,6.293598621431));
#3724 = CARTESIAN_POINT('',(14.603029757769,6.311476952013));
#3725 = CARTESIAN_POINT('',(12.956080060007,6.327708837101));
#3726 = CARTESIAN_POINT('',(11.309099737649,6.34239686829));
#3727 = CARTESIAN_POINT('',(7.729731649439,6.371163491649));
#3728 = CARTESIAN_POINT('',(5.797334310352,6.384695561336));
#3729 = CARTESIAN_POINT('',(3.864909440812,6.396378196257));
#3730 = CARTESIAN_POINT('',(1.932463161941,6.406339573848));
#3731 = CARTESIAN_POINT('',(0.,6.414697300065));
#3732 = ( GEOMETRIC_REPRESENTATION_CONTEXT(2) 
PARAMETRIC_REPRESENTATION_CONTEXT() REPRESENTATION_CONTEXT('2D SPACE',''
  ) );
#3733 = FACE_BOUND('',#3734,.F.);
#3734 = EDGE_LOOP('',(#3735,#3780));
#3735 = ORIENTED_EDGE('',*,*,#3736,.F.);
#3736 = EDGE_CURVE('',#3737,#3739,#3741,.T.);
#3737 = VERTEX_POINT('',#3738);
#3738 = CARTESIAN_POINT('',(-2.27641506148,11.750729454455,4.8));
#3739 = VERTEX_POINT('',#3740);
#3740 = CARTESIAN_POINT('',(-2.766432600453,10.770694376511,4.8));
#3741 = SURFACE_CURVE('',#3742,(#3751,#3763),.PCURVE_S1.);
#3742 = B_SPLINE_CURVE_WITH_KNOTS('',7,(#3743,#3744,#3745,#3746,#3747,
    #3748,#3749,#3750),.UNSPECIFIED.,.F.,.F.,(8,8),(0.,1.),
  .PIECEWISE_BEZIER_KNOTS.);
#3743 = CARTESIAN_POINT('',(-2.098932860964,11.96,4.8));
#3744 = CARTESIAN_POINT('',(-2.305328725855,11.738973947353,4.8));
#3745 = CARTESIAN_POINT('',(-2.484678662451,11.492474423187,4.8));
#3746 = CARTESIAN_POINT('',(-2.632997677525,11.224672788341,4.8));
#3747 = CARTESIAN_POINT('',(-2.747424226057,10.940297841649,4.8));
#3748 = CARTESIAN_POINT('',(-2.825925163336,10.644402883407,4.8));
#3749 = CARTESIAN_POINT('',(-2.867289036599,10.342380601907,4.8));
#3750 = CARTESIAN_POINT('',(-2.871501202304,10.04,4.8));
#3751 = PCURVE('',#372,#3752);
#3752 = DEFINITIONAL_REPRESENTATION('',(#3753),#3762);
#3753 = B_SPLINE_CURVE_WITH_KNOTS('',7,(#3754,#3755,#3756,#3757,#3758,
    #3759,#3760,#3761),.UNSPECIFIED.,.F.,.F.,(8,8),(0.,1.),
  .PIECEWISE_BEZIER_KNOTS.);
#3754 = CARTESIAN_POINT('',(-0.751182608457,1.119769514999));
#3755 = CARTESIAN_POINT('',(-0.645878595757,1.119769514999));
#3756 = CARTESIAN_POINT('',(-0.540519150357,1.119769514999));
#3757 = CARTESIAN_POINT('',(-0.435205721608,1.119769514999));
#3758 = CARTESIAN_POINT('',(-0.329906017784,1.119769514999));
#3759 = CARTESIAN_POINT('',(-0.224592497917,1.119769514999));
#3760 = CARTESIAN_POINT('',(-0.119233125763,1.119769514999));
#3761 = CARTESIAN_POINT('',(-1.392911205134E-02,1.119769514999));
#3762 = ( GEOMETRIC_REPRESENTATION_CONTEXT(2) 
PARAMETRIC_REPRESENTATION_CONTEXT() REPRESENTATION_CONTEXT('2D SPACE',''
  ) );
#3763 = PCURVE('',#3764,#3769);
#3764 = PLANE('',#3765);
#3765 = AXIS2_PLACEMENT_3D('',#3766,#3767,#3768);
#3766 = CARTESIAN_POINT('',(-2.,11.,4.8));
#3767 = DIRECTION('',(0.,0.,1.));
#3768 = DIRECTION('',(1.,0.,-0.));
#3769 = DEFINITIONAL_REPRESENTATION('',(#3770),#3779);
#3770 = B_SPLINE_CURVE_WITH_KNOTS('',7,(#3771,#3772,#3773,#3774,#3775,
    #3776,#3777,#3778),.UNSPECIFIED.,.F.,.F.,(8,8),(0.,1.),
  .PIECEWISE_BEZIER_KNOTS.);
#3771 = CARTESIAN_POINT('',(-9.893286096352E-02,0.96));
#3772 = CARTESIAN_POINT('',(-0.305328725855,0.738973947353));
#3773 = CARTESIAN_POINT('',(-0.484678662451,0.492474423187));
#3774 = CARTESIAN_POINT('',(-0.632997677525,0.224672788341));
#3775 = CARTESIAN_POINT('',(-0.747424226057,-5.970215835067E-02));
#3776 = CARTESIAN_POINT('',(-0.825925163336,-0.355597116593));
#3777 = CARTESIAN_POINT('',(-0.867289036599,-0.657619398093));
#3778 = CARTESIAN_POINT('',(-0.871501202304,-0.96));
#3779 = ( GEOMETRIC_REPRESENTATION_CONTEXT(2) 
PARAMETRIC_REPRESENTATION_CONTEXT() REPRESENTATION_CONTEXT('2D SPACE',''
  ) );
#3780 = ORIENTED_EDGE('',*,*,#3781,.T.);
#3781 = EDGE_CURVE('',#3737,#3739,#3782,.T.);
#3782 = SURFACE_CURVE('',#3783,(#3806,#3832),.PCURVE_S1.);
#3783 = B_SPLINE_CURVE_WITH_KNOTS('',6,(#3784,#3785,#3786,#3787,#3788,
    #3789,#3790,#3791,#3792,#3793,#3794,#3795,#3796,#3797,#3798,#3799,
    #3800,#3801,#3802,#3803,#3804,#3805),.UNSPECIFIED.,.F.,.F.,(7,5,5,5,
    7),(0.,0.206939924619,0.504570056346,0.691721578665,1.),
  .UNSPECIFIED.);
#3784 = CARTESIAN_POINT('',(-2.276412881263,11.750730257197,4.8000006));
#3785 = CARTESIAN_POINT('',(-2.314650242984,11.736651566184,
    4.789477600327));
#3786 = CARTESIAN_POINT('',(-2.352147846246,11.720191295913,
    4.779312827156));
#3787 = CARTESIAN_POINT('',(-2.388737401088,11.701380194583,
    4.769625308889));
#3788 = CARTESIAN_POINT('',(-2.424240616815,11.680263215914,
    4.760537732952));
#3789 = CARTESIAN_POINT('',(-2.458472986552,11.656907076063,
    4.752169768421));
#3790 = CARTESIAN_POINT('',(-2.538385426604,11.594733641595,
    4.733789358208));
#3791 = CARTESIAN_POINT('',(-2.582521037331,11.553616188263,
    4.724660253419));
#3792 = CARTESIAN_POINT('',(-2.62306792577,11.508359029122,
    4.717577589185));
#3793 = CARTESIAN_POINT('',(-2.659471095814,11.459390673301,
    4.712818694393));
#3794 = CARTESIAN_POINT('',(-2.691239979428,11.407282031739,
    4.710539020057));
#3795 = CARTESIAN_POINT('',(-2.734875540092,11.3184611323,4.71084816427)
  );
#3796 = CARTESIAN_POINT('',(-2.749755611523,11.283207288427,
    4.711943942721));
#3797 = CARTESIAN_POINT('',(-2.762585221453,11.247162879839,
    4.714014798272));
#3798 = CARTESIAN_POINT('',(-2.77330862061,11.210506915121,4.71703413122
    ));
#3799 = CARTESIAN_POINT('',(-2.781896305809,11.17341923536,
    4.720954432879));
#3800 = CARTESIAN_POINT('',(-2.798959779167,11.074563796096,
    4.733547723257));
#3801 = CARTESIAN_POINT('',(-2.803766088186,11.012356941549,
    4.743654815851));
#3802 = CARTESIAN_POINT('',(-2.802736807409,10.950226502917,
    4.755749887297));
#3803 = CARTESIAN_POINT('',(-2.796017627145,10.888860098197,
    4.769442384541));
#3804 = CARTESIAN_POINT('',(-2.783830791284,10.828845587181,
    4.784324524402));
#3805 = CARTESIAN_POINT('',(-2.766431934516,10.770692150692,4.8000006));
#3806 = PCURVE('',#372,#3807);
#3807 = DEFINITIONAL_REPRESENTATION('',(#3808),#3831);
#3808 = B_SPLINE_CURVE_WITH_KNOTS('',6,(#3809,#3810,#3811,#3812,#3813,
    #3814,#3815,#3816,#3817,#3818,#3819,#3820,#3821,#3822,#3823,#3824,
    #3825,#3826,#3827,#3828,#3829,#3830),.UNSPECIFIED.,.F.,.F.,(7,5,5,5,
    7),(0.,0.206939924619,0.504570056346,0.691721578665,1.),
  .UNSPECIFIED.);
#3809 = CARTESIAN_POINT('',(-0.65559721004,1.119770203246));
#3810 = CARTESIAN_POINT('',(-0.643593951296,1.10769947763));
#3811 = CARTESIAN_POINT('',(-0.631308297402,1.096400615427));
#3812 = CARTESIAN_POINT('',(-0.618762019719,1.085920703114));
#3813 = CARTESIAN_POINT('',(-0.605976457381,1.076311846612));
#3814 = CARTESIAN_POINT('',(-0.592974269363,1.067627470715));
#3815 = CARTESIAN_POINT('',(-0.560806312659,1.048831407126));
#3816 = CARTESIAN_POINT('',(-0.541431322154,1.039758961704));
#3817 = CARTESIAN_POINT('',(-0.521743772984,1.03286101561));
#3818 = CARTESIAN_POINT('',(-0.501836368933,1.028271172618));
#3819 = CARTESIAN_POINT('',(-0.481813588349,1.02607069431));
#3820 = CARTESIAN_POINT('',(-0.449218855344,1.026369080643));
#3821 = CARTESIAN_POINT('',(-0.436637736841,1.027426796823));
#3822 = CARTESIAN_POINT('',(-0.424088754365,1.029426321702));
#3823 = CARTESIAN_POINT('',(-0.411599404157,1.03235423076));
#3824 = CARTESIAN_POINT('',(-0.399195474713,1.03618685521));
#3825 = CARTESIAN_POINT('',(-0.366651487098,1.048644355197));
#3826 = CARTESIAN_POINT('',(-0.346699893933,1.05876560028));
#3827 = CARTESIAN_POINT('',(-0.327152085095,1.071118153377));
#3828 = CARTESIAN_POINT('',(-0.308088072903,1.085518588812));
#3829 = CARTESIAN_POINT('',(-0.289579220289,1.101788485756));
#3830 = CARTESIAN_POINT('',(-0.271698007962,1.119770203246));
#3831 = ( GEOMETRIC_REPRESENTATION_CONTEXT(2) 
PARAMETRIC_REPRESENTATION_CONTEXT() REPRESENTATION_CONTEXT('2D SPACE',''
  ) );
#3832 = PCURVE('',#3833,#3838);
#3833 = CYLINDRICAL_SURFACE('',#3834,0.8);
#3834 = AXIS2_PLACEMENT_3D('',#3835,#3836,#3837);
#3835 = CARTESIAN_POINT('',(-2.,11.,4.4));
#3836 = DIRECTION('',(-0.,-0.,-1.));
#3837 = DIRECTION('',(1.,0.,0.));
#3838 = DEFINITIONAL_REPRESENTATION('',(#3839),#3862);
#3839 = B_SPLINE_CURVE_WITH_KNOTS('',6,(#3840,#3841,#3842,#3843,#3844,
    #3845,#3846,#3847,#3848,#3849,#3850,#3851,#3852,#3853,#3854,#3855,
    #3856,#3857,#3858,#3859,#3860,#3861),.UNSPECIFIED.,.F.,.F.,(7,5,5,5,
    7),(0.,0.206939924619,0.504570056346,0.691721578665,1.),
  .UNSPECIFIED.);
#3840 = CARTESIAN_POINT('',(-1.923585029103,-0.4000006));
#3841 = CARTESIAN_POINT('',(-1.97451858527,-0.389477600327));
#3842 = CARTESIAN_POINT('',(-2.025613115599,-0.379312827156));
#3843 = CARTESIAN_POINT('',(-2.07689515047,-0.369625308889));
#3844 = CARTESIAN_POINT('',(-2.128382678005,-0.360537732952));
#3845 = CARTESIAN_POINT('',(-2.180082914109,-0.352169768421));
#3846 = CARTESIAN_POINT('',(-2.30664523836,-0.333789358208));
#3847 = CARTESIAN_POINT('',(-2.38174892861,-0.324660253419));
#3848 = CARTESIAN_POINT('',(-2.457239071384,-0.317577589185));
#3849 = CARTESIAN_POINT('',(-2.533031105567,-0.312818694393));
#3850 = CARTESIAN_POINT('',(-2.609002980434,-0.310539020057));
#3851 = CARTESIAN_POINT('',(-2.732703818721,-0.31084816427));
#3852 = CARTESIAN_POINT('',(-2.78045730231,-0.311943942721));
#3853 = CARTESIAN_POINT('',(-2.828163858972,-0.314014798272));
#3854 = CARTESIAN_POINT('',(-2.875787254743,-0.31703413122));
#3855 = CARTESIAN_POINT('',(-2.923297254498,-0.320954432879));
#3856 = CARTESIAN_POINT('',(-3.048693875236,-0.333547723257));
#3857 = CARTESIAN_POINT('',(-3.126341120905,-0.343654815851));
#3858 = CARTESIAN_POINT('',(-3.20350923909,-0.355749887297));
#3859 = CARTESIAN_POINT('',(-3.280192788434,-0.369442384541));
#3860 = CARTESIAN_POINT('',(-3.356429520618,-0.384324524402));
#3861 = CARTESIAN_POINT('',(-3.432305060075,-0.4000006));
#3862 = ( GEOMETRIC_REPRESENTATION_CONTEXT(2) 
PARAMETRIC_REPRESENTATION_CONTEXT() REPRESENTATION_CONTEXT('2D SPACE',''
  ) );
#3863 = ADVANCED_FACE('',(#3864),#438,.T.);
#3864 = FACE_BOUND('',#3865,.T.);
#3865 = EDGE_LOOP('',(#3866,#3867,#3896,#4189,#4190,#4191));
#3866 = ORIENTED_EDGE('',*,*,#3336,.F.);
#3867 = ORIENTED_EDGE('',*,*,#3868,.T.);
#3868 = EDGE_CURVE('',#3337,#3869,#3871,.T.);
#3869 = VERTEX_POINT('',#3870);
#3870 = CARTESIAN_POINT('',(-5.3468721007,17.770078636122,3.7));
#3871 = SEAM_CURVE('',#3872,(#3882,#3889),.PCURVE_S1.);
#3872 = ( BOUNDED_CURVE() B_SPLINE_CURVE(8,(#3873,#3874,#3875,#3876,
    #3877,#3878,#3879,#3880,#3881),.UNSPECIFIED.,.F.,.F.) 
B_SPLINE_CURVE_WITH_KNOTS((9,9),(0.,8.602478734935),
.PIECEWISE_BEZIER_KNOTS.) CURVE() GEOMETRIC_REPRESENTATION_ITEM() 
RATIONAL_B_SPLINE_CURVE((1.669078461068,1.669078461068,1.669078461068,
    1.669078461068,1.669078461068,1.669078461068,1.669078461068,
1.669078461068,1.669078461068)) REPRESENTATION_ITEM('') );
#3873 = CARTESIAN_POINT('',(-2.5,12.,3.7));
#3874 = CARTESIAN_POINT('',(-2.570382932262,13.09082844683,3.7));
#3875 = CARTESIAN_POINT('',(-2.760478427577,14.090617848334,3.7));
#3876 = CARTESIAN_POINT('',(-3.065921783009,15.001326562661,3.7));
#3877 = CARTESIAN_POINT('',(-3.48232690722,15.82642262378,3.7));
#3878 = CARTESIAN_POINT('',(-4.005457188549,16.581061554037,3.7));
#3879 = CARTESIAN_POINT('',(-4.649756208822,17.274020696472,3.7));
#3880 = CARTESIAN_POINT('',(-5.421549751903,17.904132639818,3.7));
#3881 = CARTESIAN_POINT('',(-6.325535101812,18.469375023173,3.7));
#3882 = PCURVE('',#438,#3883);
#3883 = DEFINITIONAL_REPRESENTATION('',(#3884),#3888);
#3884 = LINE('',#3885,#3886);
#3885 = CARTESIAN_POINT('',(0.,0.));
#3886 = VECTOR('',#3887,1.);
#3887 = DIRECTION('',(0.,1.));
#3888 = ( GEOMETRIC_REPRESENTATION_CONTEXT(2) 
PARAMETRIC_REPRESENTATION_CONTEXT() REPRESENTATION_CONTEXT('2D SPACE',''
  ) );
#3889 = PCURVE('',#438,#3890);
#3890 = DEFINITIONAL_REPRESENTATION('',(#3891),#3895);
#3891 = LINE('',#3892,#3893);
#3892 = CARTESIAN_POINT('',(6.28318530718,0.));
#3893 = VECTOR('',#3894,1.);
#3894 = DIRECTION('',(0.,1.));
#3895 = ( GEOMETRIC_REPRESENTATION_CONTEXT(2) 
PARAMETRIC_REPRESENTATION_CONTEXT() REPRESENTATION_CONTEXT('2D SPACE',''
  ) );
#3896 = ORIENTED_EDGE('',*,*,#3897,.T.);
#3897 = EDGE_CURVE('',#3869,#3869,#3898,.T.);
#3898 = SURFACE_CURVE('',#3899,(#3992,#4088),.PCURVE_S1.);
#3899 = B_SPLINE_CURVE_WITH_KNOTS('',6,(#3900,#3901,#3902,#3903,#3904,
    #3905,#3906,#3907,#3908,#3909,#3910,#3911,#3912,#3913,#3914,#3915,
    #3916,#3917,#3918,#3919,#3920,#3921,#3922,#3923,#3924,#3925,#3926,
    #3927,#3928,#3929,#3930,#3931,#3932,#3933,#3934,#3935,#3936,#3937,
    #3938,#3939,#3940,#3941,#3942,#3943,#3944,#3945,#3946,#3947,#3948,
    #3949,#3950,#3951,#3952,#3953,#3954,#3955,#3956,#3957,#3958,#3959,
    #3960,#3961,#3962,#3963,#3964,#3965,#3966,#3967,#3968,#3969,#3970,
    #3971,#3972,#3973,#3974,#3975,#3976,#3977,#3978,#3979,#3980,#3981,
    #3982,#3983,#3984,#3985,#3986,#3987,#3988,#3989,#3990,#3991),
  .UNSPECIFIED.,.T.,.F.,(7,5,5,5,5,5,5,5,5,5,5,5,5,5,5,5,5,5,7),(0.,
    8.407626795148E-02,0.157647629218,0.205327372965,0.249604816975,
    0.29488333611,0.342477509902,0.411000595397,0.438601865528,
    0.500623609143,0.561391954438,0.588992638847,0.657513632353,
    0.705106225836,0.750383734829,0.794661120937,0.842341912025,
    0.915916201165,1.),.UNSPECIFIED.);
#3900 = CARTESIAN_POINT('',(-5.3468721007,17.770078636122,3.7));
#3901 = CARTESIAN_POINT('',(-5.3468721007,17.770078636122,3.620041669306
    ));
#3902 = CARTESIAN_POINT('',(-5.341916441637,17.777014372633,
    3.539905789091));
#3903 = CARTESIAN_POINT('',(-5.331963905167,17.790943533749,
    3.460776614044));
#3904 = CARTESIAN_POINT('',(-5.3171101115,17.811732244288,3.383860459798
    ));
#3905 = CARTESIAN_POINT('',(-5.297593252402,17.839047048285,
    3.310328623205));
#3906 = CARTESIAN_POINT('',(-5.252970546467,17.901498373057,
    3.180778817262));
#3907 = CARTESIAN_POINT('',(-5.228864235049,17.935236038032,
    3.12371037508));
#3908 = CARTESIAN_POINT('',(-5.201738103192,17.973199888667,
    3.07076579995));
#3909 = CARTESIAN_POINT('',(-5.171940209011,18.014902742087,
    3.022580918023));
#3910 = CARTESIAN_POINT('',(-5.13988154096,18.05976936415,2.979647753344
    ));
#3911 = CARTESIAN_POINT('',(-5.084055579371,18.137898285437,
    2.918095153738));
#3912 = CARTESIAN_POINT('',(-5.06133804176,18.169691578873,
    2.896233430032));
#3913 = CARTESIAN_POINT('',(-5.037975849137,18.20238696487,
    2.876804905231));
#3914 = CARTESIAN_POINT('',(-5.014085350777,18.235821606627,
    2.859863142685));
#3915 = CARTESIAN_POINT('',(-4.989776033757,18.269842273983,
    2.845435859859));
#3916 = CARTESIAN_POINT('',(-4.942276724971,18.336316913068,
    2.82248533226));
#3917 = CARTESIAN_POINT('',(-4.919129970255,18.368710389917,
    2.813614026894));
#3918 = CARTESIAN_POINT('',(-4.895785750304,18.401380122252,
    2.806931085847));
#3919 = CARTESIAN_POINT('',(-4.872313435327,18.434229027261,
    2.802436488035));
#3920 = CARTESIAN_POINT('',(-4.84877685809,18.467167772911,
    2.800127367625));
#3921 = CARTESIAN_POINT('',(-4.801166439895,18.533796963771,
    2.799878179916));
#3922 = CARTESIAN_POINT('',(-4.777093027346,18.567486805254,
    2.802038088119));
#3923 = CARTESIAN_POINT('',(-4.753083464049,18.601087196966,
    2.80648284669));
#3924 = CARTESIAN_POINT('',(-4.729205718674,18.6345030209,2.813215166598
    ));
#3925 = CARTESIAN_POINT('',(-4.705533641054,18.66763092999,
    2.822234805271));
#3926 = CARTESIAN_POINT('',(-4.657572160102,18.734750482396,
    2.845406669072));
#3927 = CARTESIAN_POINT('',(-4.633312356197,18.768700693438,
    2.859798023773));
#3928 = CARTESIAN_POINT('',(-4.609470462266,18.802065966011,
    2.876692603782));
#3929 = CARTESIAN_POINT('',(-4.586155014562,18.834694415767,
    2.896062521083));
#3930 = CARTESIAN_POINT('',(-4.563481233272,18.866424807163,
    2.917854552445));
#3931 = CARTESIAN_POINT('',(-4.510019238549,18.941240981013,
    2.97671276898));
#3932 = CARTESIAN_POINT('',(-4.480041930896,18.983191870389,
    3.016287291114));
#3933 = CARTESIAN_POINT('',(-4.451993635064,19.022443103449,
    3.060436721998));
#3934 = CARTESIAN_POINT('',(-4.426206442729,19.058529981862,
    3.108777866985));
#3935 = CARTESIAN_POINT('',(-4.402967714598,19.0910504125,3.160820646216
    ));
#3936 = CARTESIAN_POINT('',(-4.374261579633,19.131221869959,
    3.238226745991));
#3937 = CARTESIAN_POINT('',(-4.366468621573,19.142127347521,
    3.260963707231));
#3938 = CARTESIAN_POINT('',(-4.359139983304,19.152383044101,
    3.28417516736));
#3939 = CARTESIAN_POINT('',(-4.35228864295,19.161970800543,
    3.307824074726));
#3940 = CARTESIAN_POINT('',(-4.345925995136,19.170874673527,
    3.331872302117));
#3941 = CARTESIAN_POINT('',(-4.326884760094,19.197520908716,
    3.411127691363));
#3942 = CARTESIAN_POINT('',(-4.316225040497,19.212438047473,
    3.467792260718));
#3943 = CARTESIAN_POINT('',(-4.308193405884,19.223677443768,
    3.525833946624));
#3944 = CARTESIAN_POINT('',(-4.302861938169,19.23113824479,
    3.584791695472));
#3945 = CARTESIAN_POINT('',(-4.300265460602,19.234771729069,
    3.644196288169));
#3946 = CARTESIAN_POINT('',(-4.300537583419,19.234390923177,
    3.761769208644));
#3947 = CARTESIAN_POINT('',(-4.303296798925,19.230529705095,
    3.819936937575));
#3948 = CARTESIAN_POINT('',(-4.308679516023,19.222997185634,
    3.877648609735));
#3949 = CARTESIAN_POINT('',(-4.31665158504,19.211841143936,
    3.934463213481));
#3950 = CARTESIAN_POINT('',(-4.327144485534,19.19715744986,
    3.989947429709));
#3951 = CARTESIAN_POINT('',(-4.345917530967,19.170886518262,
    4.068095160448));
#3952 = CARTESIAN_POINT('',(-4.352279489152,19.161983610353,
    4.092143314614));
#3953 = CARTESIAN_POINT('',(-4.359130128926,19.152396834311,
    4.115792200691));
#3954 = CARTESIAN_POINT('',(-4.366458057481,19.142142130917,
    4.139003693266));
#3955 = CARTESIAN_POINT('',(-4.374250298651,19.131237656586,
    4.161740742233));
#3956 = CARTESIAN_POINT('',(-4.402953728814,19.09106998429,
    4.239146830878));
#3957 = CARTESIAN_POINT('',(-4.426190389974,19.058552446237,
    4.291189859362));
#3958 = CARTESIAN_POINT('',(-4.451975471151,19.022468522269,
    4.339531698395));
#3959 = CARTESIAN_POINT('',(-4.480021657899,18.983220240776,
    4.383682285573));
#3960 = CARTESIAN_POINT('',(-4.509996902586,18.941272238458,
    4.423258418349));
#3961 = CARTESIAN_POINT('',(-4.563455484111,18.866460841319,
    4.48212002925));
#3962 = CARTESIAN_POINT('',(-4.586127867246,18.834732406627,
    4.503913633595));
#3963 = CARTESIAN_POINT('',(-4.609441964719,18.802105846523,
    4.523285335426));
#3964 = CARTESIAN_POINT('',(-4.633282564673,18.768742384891,
    4.540181899375));
#3965 = CARTESIAN_POINT('',(-4.657541135813,18.734793899136,
    4.554575425236));
#3966 = CARTESIAN_POINT('',(-4.705500590082,18.667677183178,
    4.577751997821));
#3967 = CARTESIAN_POINT('',(-4.729171874305,18.634550384516,
    4.586774107715));
#3968 = CARTESIAN_POINT('',(-4.753048889319,18.6011355828,4.593509003315
    ));
#3969 = CARTESIAN_POINT('',(-4.777057784438,18.567536126291,
    4.597956439139));
#3970 = CARTESIAN_POINT('',(-4.801130591904,18.533847131718,
    4.600119126332));
#3971 = CARTESIAN_POINT('',(-4.848740440759,18.467218737867,
    4.599875636406));
#3972 = CARTESIAN_POINT('',(-4.872277050738,18.434279946515,
    4.597569338364));
#3973 = CARTESIAN_POINT('',(-4.895749463459,18.401430904836,
    4.593077570595));
#3974 = CARTESIAN_POINT('',(-4.919093850079,18.368760939373,
    4.586397467595));
#3975 = CARTESIAN_POINT('',(-4.942240846514,18.336367124363,
    4.577529005285));
#3976 = CARTESIAN_POINT('',(-4.989741401573,18.269890741385,
    4.55458409726));
#3977 = CARTESIAN_POINT('',(-5.014051721065,18.235868671204,
    4.540159472928));
#3978 = CARTESIAN_POINT('',(-5.03794330415,18.202432511505,
    4.523220236939));
#3979 = CARTESIAN_POINT('',(-5.061306663429,18.169735492893,
    4.503794091512));
#3980 = CARTESIAN_POINT('',(-5.084025445849,18.137940457456,
    4.481934583074));
#3981 = CARTESIAN_POINT('',(-5.139855354358,18.059806012696,
    4.420386495568));
#3982 = CARTESIAN_POINT('',(-5.171916758168,18.014935562046,
    4.377455180077));
#3983 = CARTESIAN_POINT('',(-5.201717431777,17.973228818879,
    4.32927148793));
#3984 = CARTESIAN_POINT('',(-5.228846317028,17.935261114892,
    4.276327437856));
#3985 = CARTESIAN_POINT('',(-5.252955284262,17.901519733087,
    4.219258892844));
#3986 = CARTESIAN_POINT('',(-5.297584530056,17.839059255638,
    4.089704237626));
#3987 = CARTESIAN_POINT('',(-5.317104799581,17.811739678614,
    4.016167042688));
#3988 = CARTESIAN_POINT('',(-5.331961236658,17.790947268485,
    3.939244604828));
#3989 = CARTESIAN_POINT('',(-5.341915555642,17.777015612635,
    3.860108536126));
#3990 = CARTESIAN_POINT('',(-5.3468721007,17.770078636122,3.779965477361
    ));
#3991 = CARTESIAN_POINT('',(-5.3468721007,17.770078636122,3.7));
#3992 = PCURVE('',#438,#3993);
#3993 = DEFINITIONAL_REPRESENTATION('',(#3994),#4087);
#3994 = B_SPLINE_CURVE_WITH_KNOTS('',6,(#3995,#3996,#3997,#3998,#3999,
    #4000,#4001,#4002,#4003,#4004,#4005,#4006,#4007,#4008,#4009,#4010,
    #4011,#4012,#4013,#4014,#4015,#4016,#4017,#4018,#4019,#4020,#4021,
    #4022,#4023,#4024,#4025,#4026,#4027,#4028,#4029,#4030,#4031,#4032,
    #4033,#4034,#4035,#4036,#4037,#4038,#4039,#4040,#4041,#4042,#4043,
    #4044,#4045,#4046,#4047,#4048,#4049,#4050,#4051,#4052,#4053,#4054,
    #4055,#4056,#4057,#4058,#4059,#4060,#4061,#4062,#4063,#4064,#4065,
    #4066,#4067,#4068,#4069,#4070,#4071,#4072,#4073,#4074,#4075,#4076,
    #4077,#4078,#4079,#4080,#4081,#4082,#4083,#4084,#4085,#4086),
  .UNSPECIFIED.,.F.,.F.,(7,5,5,5,5,5,5,5,5,5,5,5,5,5,5,5,5,5,7),(0.,
    8.407626795148E-02,0.157647629218,0.205327372965,0.249604816975,
    0.29488333611,0.342477509902,0.411000595397,0.438601865528,
    0.500623609143,0.561391954438,0.588992638847,0.657513632353,
    0.705106225836,0.750383734829,0.794661120937,0.842341912025,
    0.915916201165,1.),.UNSPECIFIED.);
#3995 = CARTESIAN_POINT('',(6.28318530718,7.345373228685));
#3996 = CARTESIAN_POINT('',(6.193038683181,7.345373228685));
#3997 = CARTESIAN_POINT('',(6.103115912699,7.346578184286));
#3998 = CARTESIAN_POINT('',(6.013376852363,7.348998193364));
#3999 = CARTESIAN_POINT('',(5.923793333703,7.352591466597));
#4000 = CARTESIAN_POINT('',(5.834364131663,7.357262979442));
#4001 = CARTESIAN_POINT('',(5.667063394929,7.367796572197));
#4002 = CARTESIAN_POINT('',(5.589130886557,7.373437766002));
#4003 = CARTESIAN_POINT('',(5.511406997037,7.379714412257));
#4004 = CARTESIAN_POINT('',(5.433959039971,7.386513969319));
#4005 = CARTESIAN_POINT('',(5.35685920077,7.393715576056));
#4006 = CARTESIAN_POINT('',(5.230507085934,7.406051812309));
#4007 = CARTESIAN_POINT('',(5.180997322881,7.411022559729));
#4008 = CARTESIAN_POINT('',(5.131684019537,7.416080979993));
#4009 = CARTESIAN_POINT('',(5.082570472934,7.421197733956));
#4010 = CARTESIAN_POINT('',(5.033645388872,7.426346715008));
#4011 = CARTESIAN_POINT('',(4.939605171059,7.436296248493));
#4012 = CARTESIAN_POINT('',(4.894465894032,7.441095577311));
#4013 = CARTESIAN_POINT('',(4.849445001532,7.445885910334));
#4014 = CARTESIAN_POINT('',(4.804507346418,7.450652632971));
#4015 = CARTESIAN_POINT('',(4.759610215255,7.45538322336));
#4016 = CARTESIAN_POINT('',(4.668790880222,7.464855341397));
#4017 = CARTESIAN_POINT('',(4.622869319849,7.469594590447));
#4018 = CARTESIAN_POINT('',(4.5768947631,7.47427200348));
#4019 = CARTESIAN_POINT('',(4.530821597337,7.478875936931));
#4020 = CARTESIAN_POINT('',(4.484612763435,7.483394463873));
#4021 = CARTESIAN_POINT('',(4.389506326018,7.492460892865));
#4022 = CARTESIAN_POINT('',(4.340590536007,7.496998626543));
#4023 = CARTESIAN_POINT('',(4.291476371292,7.501412440655));
#4024 = CARTESIAN_POINT('',(4.242154753353,7.505686276707));
#4025 = CARTESIAN_POINT('',(4.192631726357,7.509803822703));
#4026 = CARTESIAN_POINT('',(4.071375472146,7.519428794975));
#4027 = CARTESIAN_POINT('',(3.999440253293,7.52475214212));
#4028 = CARTESIAN_POINT('',(3.927202036527,7.52967022592));
#4029 = CARTESIAN_POINT('',(3.854732307787,7.534142331134));
#4030 = CARTESIAN_POINT('',(3.78210293898,7.538136202218));
#4031 = CARTESIAN_POINT('',(3.680094272832,7.543034564782));
#4032 = CARTESIAN_POINT('',(3.650787122987,7.544359719825));
#4033 = CARTESIAN_POINT('',(3.621467012505,7.545602010795));
#4034 = CARTESIAN_POINT('',(3.592136720591,7.546760139772));
#4035 = CARTESIAN_POINT('',(3.562798515009,7.547833007949));
#4036 = CARTESIAN_POINT('',(3.467515572262,7.551036908213));
#4037 = CARTESIAN_POINT('',(3.401547417253,7.552818968707));
#4038 = CARTESIAN_POINT('',(3.33556665011,7.554155725522));
#4039 = CARTESIAN_POINT('',(3.269582202276,7.555041082175));
#4040 = CARTESIAN_POINT('',(3.203597290192,7.555472338096));
#4041 = CARTESIAN_POINT('',(3.072959676733,7.55542714212));
#4042 = CARTESIAN_POINT('',(3.008308308929,7.554968859264));
#4043 = CARTESIAN_POINT('',(2.943657569159,7.554074808272));
#4044 = CARTESIAN_POINT('',(2.879010659051,7.5527476533));
#4045 = CARTESIAN_POINT('',(2.81437615536,7.55099320094));
#4046 = CARTESIAN_POINT('',(2.720426381599,7.547834434667));
#4047 = CARTESIAN_POINT('',(2.691088794595,7.546761685808));
#4048 = CARTESIAN_POINT('',(2.661759119009,7.545603678851));
#4049 = CARTESIAN_POINT('',(2.632439622104,7.544361512399));
#4050 = CARTESIAN_POINT('',(2.603133082521,7.543036484143));
#4051 = CARTESIAN_POINT('',(2.501127204872,7.53813860263));
#4052 = CARTESIAN_POINT('',(2.42849999569,7.534145105736));
#4053 = CARTESIAN_POINT('',(2.356032386297,7.529673391741));
#4054 = CARTESIAN_POINT('',(2.283796236927,7.524755709963));
#4055 = CARTESIAN_POINT('',(2.211863029138,7.519432768928));
#4056 = CARTESIAN_POINT('',(2.090610223482,7.509808491232));
#4057 = CARTESIAN_POINT('',(2.041088662554,7.505691236026));
#4058 = CARTESIAN_POINT('',(1.991768487593,7.501417688493));
#4059 = CARTESIAN_POINT('',(1.942655750751,7.497004159005));
#4060 = CARTESIAN_POINT('',(1.893741385269,7.492466704877));
#4061 = CARTESIAN_POINT('',(1.79863724342,7.483400761738));
#4062 = CARTESIAN_POINT('',(1.752429282539,7.478882439471));
#4063 = CARTESIAN_POINT('',(1.706357014874,7.474278702973));
#4064 = CARTESIAN_POINT('',(1.660383391987,7.4696014789));
#4065 = CARTESIAN_POINT('',(1.614462809209,7.464862410135));
#4066 = CARTESIAN_POINT('',(1.52364455952,7.455390530355));
#4067 = CARTESIAN_POINT('',(1.47874753415,7.450659996371));
#4068 = CARTESIAN_POINT('',(1.433810030197,7.445893317716));
#4069 = CARTESIAN_POINT('',(1.38878932989,7.441103014781));
#4070 = CARTESIAN_POINT('',(1.343650278426,7.436303700123));
#4071 = CARTESIAN_POINT('',(1.249609441609,7.426354037819));
#4072 = CARTESIAN_POINT('',(1.200683509618,7.421204911393));
#4073 = CARTESIAN_POINT('',(1.151569120028,7.416087989849));
#4074 = CARTESIAN_POINT('',(1.102254966063,7.411029378774));
#4075 = CARTESIAN_POINT('',(1.052744335489,7.406058417136));
#4076 = CARTESIAN_POINT('',(0.926388592945,7.393721445887));
#4077 = CARTESIAN_POINT('',(0.849285944553,7.386519297227));
#4078 = CARTESIAN_POINT('',(0.771835107175,7.37971916618));
#4079 = CARTESIAN_POINT('',(0.694108273644,7.37344192993));
#4080 = CARTESIAN_POINT('',(0.616172774468,7.367800149784));
#4081 = CARTESIAN_POINT('',(0.448861141074,7.357265067208));
#4082 = CARTESIAN_POINT('',(0.359424005759,7.352592751578));
#4083 = CARTESIAN_POINT('',(0.269832518575,7.348998842247));
#4084 = CARTESIAN_POINT('',(0.180085469271,7.346578399705));
#4085 = CARTESIAN_POINT('',(9.015468129471E-02,7.345373228685));
#4086 = CARTESIAN_POINT('',(0.,7.345373228685));
#4087 = ( GEOMETRIC_REPRESENTATION_CONTEXT(2) 
PARAMETRIC_REPRESENTATION_CONTEXT() REPRESENTATION_CONTEXT('2D SPACE',''
  ) );
#4088 = PCURVE('',#4089,#4094);
#4089 = SPHERICAL_SURFACE('',#4090,1.5);
#4090 = AXIS2_PLACEMENT_3D('',#4091,#4092,#4093);
#4091 = CARTESIAN_POINT('',(-5.8,19.2,3.7));
#4092 = DIRECTION('',(0.,0.,1.));
#4093 = DIRECTION('',(-1.,-0.,0.));
#4094 = DEFINITIONAL_REPRESENTATION('',(#4095),#4188);
#4095 = B_SPLINE_CURVE_WITH_KNOTS('',6,(#4096,#4097,#4098,#4099,#4100,
    #4101,#4102,#4103,#4104,#4105,#4106,#4107,#4108,#4109,#4110,#4111,
    #4112,#4113,#4114,#4115,#4116,#4117,#4118,#4119,#4120,#4121,#4122,
    #4123,#4124,#4125,#4126,#4127,#4128,#4129,#4130,#4131,#4132,#4133,
    #4134,#4135,#4136,#4137,#4138,#4139,#4140,#4141,#4142,#4143,#4144,
    #4145,#4146,#4147,#4148,#4149,#4150,#4151,#4152,#4153,#4154,#4155,
    #4156,#4157,#4158,#4159,#4160,#4161,#4162,#4163,#4164,#4165,#4166,
    #4167,#4168,#4169,#4170,#4171,#4172,#4173,#4174,#4175,#4176,#4177,
    #4178,#4179,#4180,#4181,#4182,#4183,#4184,#4185,#4186,#4187),
  .UNSPECIFIED.,.F.,.F.,(7,5,5,5,5,5,5,5,5,5,5,5,5,5,5,5,5,5,7),(0.,
    8.407626795148E-02,0.157647629218,0.205327372965,0.249604816975,
    0.29488333611,0.342477509902,0.411000595397,0.438601865528,
    0.500623609143,0.561391954438,0.588992638847,0.657513632353,
    0.705106225836,0.750383734829,0.794661120937,0.842341912025,
    0.915916201165,1.),.UNSPECIFIED.);
#4096 = CARTESIAN_POINT('',(-4.405509619803,0.));
#4097 = CARTESIAN_POINT('',(-4.405509619803,-5.330555379571E-02));
#4098 = CARTESIAN_POINT('',(-4.400963666379,-0.106729574219));
#4099 = CARTESIAN_POINT('',(-4.391832219527,-0.159754535372));
#4100 = CARTESIAN_POINT('',(-4.377976087997,-0.211857050257));
#4101 = CARTESIAN_POINT('',(-4.35912284,-0.262443377533));
#4102 = CARTESIAN_POINT('',(-4.313962896836,-0.353156681181));
#4103 = CARTESIAN_POINT('',(-4.288878252787,-0.393808075131));
#4104 = CARTESIAN_POINT('',(-4.259636223941,-0.432295685363));
#4105 = CARTESIAN_POINT('',(-4.226112981759,-0.468106983946));
#4106 = CARTESIAN_POINT('',(-4.188318869152,-0.500686722964));
#4107 = CARTESIAN_POINT('',(-4.119562082711,-0.548233779588));
#4108 = CARTESIAN_POINT('',(-4.090872971984,-0.565366656284));
#4109 = CARTESIAN_POINT('',(-4.060621398981,-0.580800296496));
#4110 = CARTESIAN_POINT('',(-4.028947108677,-0.594416626185));
#4111 = CARTESIAN_POINT('',(-3.996038687651,-0.606119209669));
#4112 = CARTESIAN_POINT('',(-3.930644766118,-0.624862984875));
#4113 = CARTESIAN_POINT('',(-3.898295467378,-0.632177498712));
#4114 = CARTESIAN_POINT('',(-3.865267604402,-0.637725645219));
#4115 = CARTESIAN_POINT('',(-3.831774557724,-0.641470844483));
#4116 = CARTESIAN_POINT('',(-3.798044369751,-0.643394969378));
#4117 = CARTESIAN_POINT('',(-3.729801893866,-0.643602625261));
#4118 = CARTESIAN_POINT('',(-3.69528958333,-0.641802862284));
#4119 = CARTESIAN_POINT('',(-3.661010854039,-0.638097838656));
#4120 = CARTESIAN_POINT('',(-3.627210176893,-0.632506425632));
#4121 = CARTESIAN_POINT('',(-3.594116206302,-0.625067613363));
#4122 = CARTESIAN_POINT('',(-3.528086907388,-0.606143026528));
#4123 = CARTESIAN_POINT('',(-3.495244948853,-0.594469419671));
#4124 = CARTESIAN_POINT('',(-3.463632976454,-0.580890541414));
#4125 = CARTESIAN_POINT('',(-3.433438034932,-0.565502427609));
#4126 = CARTESIAN_POINT('',(-3.404798611331,-0.54842235185));
#4127 = CARTESIAN_POINT('',(-3.338936795268,-0.502950019581));
#4128 = CARTESIAN_POINT('',(-3.303472367266,-0.472881757298));
#4129 = CARTESIAN_POINT('',(-3.271685830164,-0.439979226597));
#4130 = CARTESIAN_POINT('',(-3.243604536913,-0.404684298668));
#4131 = CARTESIAN_POINT('',(-3.219143430484,-0.367410519056));
#4132 = CARTESIAN_POINT('',(-3.189750641917,-0.312890315274));
#4133 = CARTESIAN_POINT('',(-3.181879523005,-0.296976077035));
#4134 = CARTESIAN_POINT('',(-3.174569099286,-0.280827103942));
#4135 = CARTESIAN_POINT('',(-3.16781124167,-0.26446681111));
#4136 = CARTESIAN_POINT('',(-3.161597760674,-0.247917526262));
#4137 = CARTESIAN_POINT('',(-3.143163043904,-0.193636285316));
#4138 = CARTESIAN_POINT('',(-3.133114038239,-0.155225863459));
#4139 = CARTESIAN_POINT('',(-3.125681323591,-0.116209273303));
#4140 = CARTESIAN_POINT('',(-3.120793690988,-7.680125310812E-02));
#4141 = CARTESIAN_POINT('',(-3.118411538892,-3.72025852197E-02));
#4142 = CARTESIAN_POINT('',(-3.118661160569,4.1179585355E-02));
#4143 = CARTESIAN_POINT('',(-3.121192557431,7.996248168203E-02));
#4144 = CARTESIAN_POINT('',(-3.126131436791,0.118550755525));
#4145 = CARTESIAN_POINT('',(-3.133516307252,0.156755030974));
#4146 = CARTESIAN_POINT('',(-3.14341462702,0.194372817623));
#4147 = CARTESIAN_POINT('',(-3.161589506816,0.247895154389));
#4148 = CARTESIAN_POINT('',(-3.167802243162,0.264444293535));
#4149 = CARTESIAN_POINT('',(-3.174559325312,0.280804468712));
#4150 = CARTESIAN_POINT('',(-3.18186894212,0.296953354371));
#4151 = CARTESIAN_POINT('',(-3.189739222367,0.312867537683));
#4152 = CARTESIAN_POINT('',(-3.219128784592,0.367387309928));
#4153 = CARTESIAN_POINT('',(-3.24358727296,0.404660921031));
#4154 = CARTESIAN_POINT('',(-3.271665686783,0.439955973961));
#4155 = CARTESIAN_POINT('',(-3.3034491002,0.472858971725));
#4156 = CARTESIAN_POINT('',(-3.338910220652,0.50292808482));
#4157 = CARTESIAN_POINT('',(-3.404766236393,0.548402488691));
#4158 = CARTESIAN_POINT('',(-3.433403195209,0.565483585604));
#4159 = CARTESIAN_POINT('',(-3.463595662816,0.580872928445));
#4160 = CARTESIAN_POINT('',(-3.495205197696,0.594453243703));
#4161 = CARTESIAN_POINT('',(-3.528044804635,0.606128490113));
#4162 = CARTESIAN_POINT('',(-3.594070126065,0.62505675247));
#4163 = CARTESIAN_POINT('',(-3.627162477909,0.632497543667));
#4164 = CARTESIAN_POINT('',(-3.660961710633,0.638091060546));
#4165 = CARTESIAN_POINT('',(-3.695239200978,0.641798301001));
#4166 = CARTESIAN_POINT('',(-3.729750503042,0.643600380485));
#4167 = CARTESIAN_POINT('',(-3.797992178761,0.643397472718));
#4168 = CARTESIAN_POINT('',(-3.831722563938,0.641475699144));
#4169 = CARTESIAN_POINT('',(-3.86521604409,0.637732842502));
#4170 = CARTESIAN_POINT('',(-3.89824456961,0.632187015749));
#4171 = CARTESIAN_POINT('',(-3.930594745425,0.624874784039));
#4172 = CARTESIAN_POINT('',(-3.995991681012,0.60613541233));
#4173 = CARTESIAN_POINT('',(-4.028902223241,0.594434849667));
#4174 = CARTESIAN_POINT('',(-4.060578771216,0.580820372841));
#4175 = CARTESIAN_POINT('',(-4.090832691111,0.56538840659));
#4176 = CARTESIAN_POINT('',(-4.119524192099,0.548257018902));
#4177 = CARTESIAN_POINT('',(-4.188287815198,0.500712764705));
#4178 = CARTESIAN_POINT('',(-4.226086244648,0.468133949929));
#4179 = CARTESIAN_POINT('',(-4.259613511747,0.432323031526));
#4180 = CARTESIAN_POINT('',(-4.288859192147,0.393835326612));
#4181 = CARTESIAN_POINT('',(-4.313947099431,0.353183439489));
#4182 = CARTESIAN_POINT('',(-4.359114414062,0.262465984188));
#4183 = CARTESIAN_POINT('',(-4.377971133124,0.211875680508));
#4184 = CARTESIAN_POINT('',(-4.391829770886,0.159768754074));
#4185 = CARTESIAN_POINT('',(-4.400962853752,0.106739124455));
#4186 = CARTESIAN_POINT('',(-4.405509619803,5.331031824086E-02));
#4187 = CARTESIAN_POINT('',(-4.405509619803,3.330669073875E-16));
#4188 = ( GEOMETRIC_REPRESENTATION_CONTEXT(2) 
PARAMETRIC_REPRESENTATION_CONTEXT() REPRESENTATION_CONTEXT('2D SPACE',''
  ) );
#4189 = ORIENTED_EDGE('',*,*,#3868,.F.);
#4190 = ORIENTED_EDGE('',*,*,#3386,.F.);
#4191 = ORIENTED_EDGE('',*,*,#384,.F.);
#4192 = ADVANCED_FACE('',(#4193),#1208,.F.);
#4193 = FACE_BOUND('',#4194,.F.);
#4194 = EDGE_LOOP('',(#4195,#4196,#4197,#4307,#4909));
#4195 = ORIENTED_EDGE('',*,*,#618,.F.);
#4196 = ORIENTED_EDGE('',*,*,#3692,.F.);
#4197 = ORIENTED_EDGE('',*,*,#4198,.F.);
#4198 = EDGE_CURVE('',#4199,#3671,#4201,.T.);
#4199 = VERTEX_POINT('',#4200);
#4200 = CARTESIAN_POINT('',(-3.732050807569,8.339431584634,4.));
#4201 = SURFACE_CURVE('',#4202,(#4235,#4271),.PCURVE_S1.);
#4202 = B_SPLINE_CURVE_WITH_KNOTS('',6,(#4203,#4204,#4205,#4206,#4207,
    #4208,#4209,#4210,#4211,#4212,#4213,#4214,#4215,#4216,#4217,#4218,
    #4219,#4220,#4221,#4222,#4223,#4224,#4225,#4226,#4227,#4228,#4229,
    #4230,#4231,#4232,#4233,#4234),.UNSPECIFIED.,.F.,.F.,(7,5,5,5,5,5,7)
  ,(0.,0.311298141595,0.637537118713,0.951185601326,0.974827602764,
    0.986026275948,1.),.UNSPECIFIED.);
#4203 = CARTESIAN_POINT('',(-3.732050807569,8.339431584634,4.));
#4204 = CARTESIAN_POINT('',(-3.732050807569,8.429711464018,4.));
#4205 = CARTESIAN_POINT('',(-3.733254088027,8.524237468784,
    3.997915955574));
#4206 = CARTESIAN_POINT('',(-3.735791797153,8.622351528958,
    3.993520021511));
#4207 = CARTESIAN_POINT('',(-3.739754698707,8.723102375396,
    3.986614029893));
#4208 = CARTESIAN_POINT('',(-3.745140485392,8.825223328871,
    3.977076308037));
#4209 = CARTESIAN_POINT('',(-3.758882027471,9.034334723298,
    3.952127329456));
#4210 = CARTESIAN_POINT('',(-3.767367885028,9.141322938559,
    3.936456068769));
#4211 = CARTESIAN_POINT('',(-3.777195481358,9.246701940123,
    3.917865314617));
#4212 = CARTESIAN_POINT('',(-3.788135643733,9.348718211167,
    3.896468159767));
#4213 = CARTESIAN_POINT('',(-3.799861977899,9.445755385089,
    3.872539836381));
#4214 = CARTESIAN_POINT('',(-3.823761765316,9.623882154283,3.82137639596
    ));
#4215 = CARTESIAN_POINT('',(-3.83590030541,9.705442309474,3.794304640631
    ));
#4216 = CARTESIAN_POINT('',(-3.848171048124,9.780143849971,
    3.765571710644));
#4217 = CARTESIAN_POINT('',(-3.860275276596,9.847187173493,
    3.735598275762));
#4218 = CARTESIAN_POINT('',(-3.871979081535,9.906225529829,3.70483225214
    ));
#4219 = CARTESIAN_POINT('',(-3.883961222684,9.961099093049,
    3.671339205105));
#4220 = CARTESIAN_POINT('',(-3.88479790691,9.96489987849,3.668989392022)
  );
#4221 = CARTESIAN_POINT('',(-3.885631331409,9.968655145922,
    3.666637601034));
#4222 = CARTESIAN_POINT('',(-3.886461429423,9.972364904194,3.66428400828
    ));
#4223 = CARTESIAN_POINT('',(-3.887288136528,9.97602917306,3.661928788749
    ));
#4224 = CARTESIAN_POINT('',(-3.888501347194,9.981362130423,
    3.658455814647));
#4225 = CARTESIAN_POINT('',(-3.888890527911,9.983066073261,
    3.657339190154));
#4226 = CARTESIAN_POINT('',(-3.889278926199,9.984759815074,
    3.656222261251));
#4227 = CARTESIAN_POINT('',(-3.889666535592,9.986443359778,
    3.655105046322));
#4228 = CARTESIAN_POINT('',(-3.890053349744,9.98811671182,3.653987563682
    ));
#4229 = CARTESIAN_POINT('',(-3.890921029729,9.991855175573,
    3.651475123504));
#4230 = CARTESIAN_POINT('',(-3.891252998471,9.993274664732,
    3.650509746308));
#4231 = CARTESIAN_POINT('',(-3.891657729085,9.995010426721,
    3.649334733284));
#4232 = CARTESIAN_POINT('',(-3.892187905707,9.99726431631,3.647787923017
    ));
#4233 = CARTESIAN_POINT('',(-3.892700384866,9.999425370861,
    3.646285884155));
#4234 = CARTESIAN_POINT('',(-3.892841450427,10.000020314321,
    3.645872466935));
#4235 = PCURVE('',#1208,#4236);
#4236 = DEFINITIONAL_REPRESENTATION('',(#4237),#4270);
#4237 = B_SPLINE_CURVE_WITH_KNOTS('',6,(#4238,#4239,#4240,#4241,#4242,
    #4243,#4244,#4245,#4246,#4247,#4248,#4249,#4250,#4251,#4252,#4253,
    #4254,#4255,#4256,#4257,#4258,#4259,#4260,#4261,#4262,#4263,#4264,
    #4265,#4266,#4267,#4268,#4269),.UNSPECIFIED.,.F.,.F.,(7,5,5,5,5,5,7)
  ,(0.,0.311298141595,0.637537118713,0.951185601326,0.974827602764,
    0.986026275948,1.),.UNSPECIFIED.);
#4238 = CARTESIAN_POINT('',(90.099773855045,4.651738577412));
#4239 = CARTESIAN_POINT('',(86.345036563557,4.740024711317));
#4240 = CARTESIAN_POINT('',(82.590599751757,4.832380695157));
#4241 = CARTESIAN_POINT('',(78.836435758161,4.928147202599));
#4242 = CARTESIAN_POINT('',(75.08248503442,5.026387822135));
#4243 = CARTESIAN_POINT('',(71.328654670513,5.125878221655));
#4244 = CARTESIAN_POINT('',(63.640847195088,5.329483337242));
#4245 = CARTESIAN_POINT('',(59.706876457545,5.433590154331));
#4246 = CARTESIAN_POINT('',(55.772788986564,5.536095242375));
#4247 = CARTESIAN_POINT('',(51.838455938202,5.635341229907));
#4248 = CARTESIAN_POINT('',(47.90377484577,5.729816378565));
#4249 = CARTESIAN_POINT('',(40.185468591128,5.903495407339));
#4250 = CARTESIAN_POINT('',(36.401872920161,5.98314761603));
#4251 = CARTESIAN_POINT('',(32.617867084234,6.05629019355));
#4252 = CARTESIAN_POINT('',(28.833446863155,6.122186223074));
#4253 = CARTESIAN_POINT('',(25.048647466748,6.180519041266));
#4254 = CARTESIAN_POINT('',(20.97822663031,6.235112210436));
#4255 = CARTESIAN_POINT('',(20.692913214424,6.238895869202));
#4256 = CARTESIAN_POINT('',(20.407598029405,6.242636538486));
#4257 = CARTESIAN_POINT('',(20.122281099886,6.246334227572));
#4258 = CARTESIAN_POINT('',(19.8369624509,6.249988955781));
#4259 = CARTESIAN_POINT('',(19.416492413269,6.255311577631));
#4260 = CARTESIAN_POINT('',(19.281342718855,6.25701276542));
#4261 = CARTESIAN_POINT('',(19.146193024643,6.258704319088));
#4262 = CARTESIAN_POINT('',(19.011043330632,6.260386242367));
#4263 = CARTESIAN_POINT('',(18.875893636823,6.262058539475));
#4264 = CARTESIAN_POINT('',(18.572103918358,6.265795904703));
#4265 = CARTESIAN_POINT('',(18.455482531326,6.267215842771));
#4266 = CARTESIAN_POINT('',(18.313234978816,6.268951910071));
#4267 = CARTESIAN_POINT('',(18.126624869713,6.271207489969));
#4268 = CARTESIAN_POINT('',(17.945006575097,6.273371998072));
#4269 = CARTESIAN_POINT('',(17.895067846213,6.273967850686));
#4270 = ( GEOMETRIC_REPRESENTATION_CONTEXT(2) 
PARAMETRIC_REPRESENTATION_CONTEXT() REPRESENTATION_CONTEXT('2D SPACE',''
  ) );
#4271 = PCURVE('',#2108,#4272);
#4272 = DEFINITIONAL_REPRESENTATION('',(#4273),#4306);
#4273 = B_SPLINE_CURVE_WITH_KNOTS('',6,(#4274,#4275,#4276,#4277,#4278,
    #4279,#4280,#4281,#4282,#4283,#4284,#4285,#4286,#4287,#4288,#4289,
    #4290,#4291,#4292,#4293,#4294,#4295,#4296,#4297,#4298,#4299,#4300,
    #4301,#4302,#4303,#4304,#4305),.UNSPECIFIED.,.F.,.F.,(7,5,5,5,5,5,7)
  ,(0.,0.311298141595,0.637537118713,0.951185601326,0.974827602764,
    0.986026275948,1.),.UNSPECIFIED.);
#4274 = CARTESIAN_POINT('',(0.523598775598,17.339431584634));
#4275 = CARTESIAN_POINT('',(0.523598775598,17.429711464018));
#4276 = CARTESIAN_POINT('',(0.522395537513,17.524237468784));
#4277 = CARTESIAN_POINT('',(0.519857617356,17.622351528958));
#4278 = CARTESIAN_POINT('',(0.515876497521,17.723102375396));
#4279 = CARTESIAN_POINT('',(0.510400154327,17.825223328871));
#4280 = CARTESIAN_POINT('',(0.496158652379,18.034334723298));
#4281 = CARTESIAN_POINT('',(0.487248248191,18.141322938559));
#4282 = CARTESIAN_POINT('',(0.47673479993,18.246701940124));
#4283 = CARTESIAN_POINT('',(0.464721122448,18.348718211167));
#4284 = CARTESIAN_POINT('',(0.451399870171,18.445755385089));
#4285 = CARTESIAN_POINT('',(0.423164708252,18.623882154283));
#4286 = CARTESIAN_POINT('',(0.408332193057,18.705442309474));
#4287 = CARTESIAN_POINT('',(0.392714460359,18.780143849971));
#4288 = CARTESIAN_POINT('',(0.376556854539,18.847187173493));
#4289 = CARTESIAN_POINT('',(0.360101629317,18.906225529829));
#4290 = CARTESIAN_POINT('',(0.342315708577,18.961099093049));
#4291 = CARTESIAN_POINT('',(0.341068546991,18.96489987849));
#4292 = CARTESIAN_POINT('',(0.339820999764,18.968655145922));
#4293 = CARTESIAN_POINT('',(0.338573157564,18.972364904194));
#4294 = CARTESIAN_POINT('',(0.337325110121,18.97602917306));
#4295 = CARTESIAN_POINT('',(0.335485719649,18.981362130423));
#4296 = CARTESIAN_POINT('',(0.334894468606,18.983066073261));
#4297 = CARTESIAN_POINT('',(0.334303202518,18.984759815074));
#4298 = CARTESIAN_POINT('',(0.333711930756,18.986443359778));
#4299 = CARTESIAN_POINT('',(0.333120662641,18.98811671182));
#4300 = CARTESIAN_POINT('',(0.331791638168,18.991855175573));
#4301 = CARTESIAN_POINT('',(0.331281208204,18.993274664732));
#4302 = CARTESIAN_POINT('',(0.330659826094,18.995010426721));
#4303 = CARTESIAN_POINT('',(0.329842253289,18.99726431631));
#4304 = CARTESIAN_POINT('',(0.329048723822,18.999425370861));
#4305 = CARTESIAN_POINT('',(0.328830312919,19.000020314321));
#4306 = ( GEOMETRIC_REPRESENTATION_CONTEXT(2) 
PARAMETRIC_REPRESENTATION_CONTEXT() REPRESENTATION_CONTEXT('2D SPACE',''
  ) );
#4307 = ORIENTED_EDGE('',*,*,#4308,.T.);
#4308 = EDGE_CURVE('',#4199,#4309,#4311,.T.);
#4309 = VERTEX_POINT('',#4310);
#4310 = CARTESIAN_POINT('',(-3.732050807569,-7.075106883921,4.));
#4311 = SURFACE_CURVE('',#4312,(#4603,#4610),.PCURVE_S1.);
#4312 = ( BOUNDED_CURVE() B_SPLINE_CURVE(13,(#4313,#4314,#4315,#4316,
    #4317,#4318,#4319,#4320,#4321,#4322,#4323,#4324,#4325,#4326,#4327,
    #4328,#4329,#4330,#4331,#4332,#4333,#4334,#4335,#4336,#4337,#4338,
    #4339,#4340,#4341,#4342,#4343,#4344,#4345,#4346,#4347,#4348,#4349,
    #4350,#4351,#4352,#4353,#4354,#4355,#4356,#4357,#4358,#4359,#4360,
    #4361,#4362,#4363,#4364,#4365,#4366,#4367,#4368,#4369,#4370,#4371,
    #4372,#4373,#4374,#4375,#4376,#4377,#4378,#4379,#4380,#4381,#4382,
    #4383,#4384,#4385,#4386,#4387,#4388,#4389,#4390,#4391,#4392,#4393,
    #4394,#4395,#4396,#4397,#4398,#4399,#4400,#4401,#4402,#4403,#4404,
    #4405,#4406,#4407,#4408,#4409,#4410,#4411,#4412,#4413,#4414,#4415,
    #4416,#4417,#4418,#4419,#4420,#4421,#4422,#4423,#4424,#4425,#4426,
    #4427,#4428,#4429,#4430,#4431,#4432,#4433,#4434,#4435,#4436,#4437,
    #4438,#4439,#4440,#4441,#4442,#4443,#4444,#4445,#4446,#4447,#4448,
    #4449,#4450,#4451,#4452,#4453,#4454,#4455,#4456,#4457,#4458,#4459,
    #4460,#4461,#4462,#4463,#4464,#4465,#4466,#4467,#4468,#4469,#4470,
    #4471,#4472,#4473,#4474,#4475,#4476,#4477,#4478,#4479,#4480,#4481,
    #4482,#4483,#4484,#4485,#4486,#4487,#4488,#4489,#4490,#4491,#4492,
    #4493,#4494,#4495,#4496,#4497,#4498,#4499,#4500,#4501,#4502,#4503,
    #4504,#4505,#4506,#4507,#4508,#4509,#4510,#4511,#4512,#4513,#4514,
    #4515,#4516,#4517,#4518,#4519,#4520,#4521,#4522,#4523,#4524,#4525,
    #4526,#4527,#4528,#4529,#4530,#4531,#4532,#4533,#4534,#4535,#4536,
    #4537,#4538,#4539,#4540,#4541,#4542,#4543,#4544,#4545,#4546,#4547,
    #4548,#4549,#4550,#4551,#4552,#4553,#4554,#4555,#4556,#4557,#4558,
    #4559,#4560,#4561,#4562,#4563,#4564,#4565,#4566,#4567,#4568,#4569,
    #4570,#4571,#4572,#4573,#4574,#4575,#4576,#4577,#4578,#4579,#4580,
    #4581,#4582,#4583,#4584,#4585,#4586,#4587,#4588,#4589,#4590,#4591,
    #4592,#4593,#4594,#4595,#4596,#4597,#4598,#4599,#4600,#4601,#4602),
.UNSPECIFIED.,.T.,.F.) B_SPLINE_CURVE_WITH_KNOTS((14,12,12,12,12,12,12,
    12,12,12,12,12,12,12,12,12,12,12,12,12,12,12,12,12,14),(
    -3.318067981453E-15,1.669940179262E-02,3.339880358525E-02,
    6.679760717051E-02,0.133595214341,0.267190428682,0.534380857364,
    1.068761714728,2.137523429456,4.275046858913,8.550093717826,
    15.4121930842,21.617290054193,27.319887584005,32.645026775413,
    39.295341149812,42.408353571716,45.52136599362,50.333223060695,
    56.642265234472,62.344862764283,68.995177138682,75.487127977126,
81.938880591057,90.099773855045),.UNSPECIFIED.) CURVE() 
GEOMETRIC_REPRESENTATION_ITEM() RATIONAL_B_SPLINE_CURVE((1.,1.,
    0.999999999999,1.000000000003,0.999999999994,1.000000000009,
    0.999999999989,1.000000000011,0.999999999992,1.000000000005,
    0.999999999997,1.000000000001,1.,1.,1.,0.999999999999,1.000000000003
    ,0.999999999996,1.000000000005,0.999999999995,1.000000000004,
    0.999999999997,1.000000000001,1.,1.,1.,1.000000000001,0.999999999998
    ,1.000000000004,0.999999999994,1.000000000007,0.999999999993,
    1.000000000005,0.999999999997,1.000000000002,1.,1.,1.,0.999999999999
    ,1.000000000002,0.999999999997,1.000000000004,0.999999999995,
    1.000000000004,0.999999999997,1.000000000002,0.999999999999,1.,1.,1.
    ,1.,0.999999999999,1.000000000001,0.999999999998,1.000000000002,
    0.999999999998,1.000000000002,0.999999999999,1.000000000001,1.,1.,1.
    ,1.000000000001,0.999999999996,1.000000000007,0.99999999999,
    1.000000000012,0.999999999989,1.000000000008,0.999999999995,
    1.000000000002,0.999999999999,1.,1.,1.000000000001,0.999999999998,
    1.000000000004,0.999999999995,1.000000000006,0.999999999994,
    1.000000000005,0.999999999997,1.000000000001,0.999999999999,1.,1.,
    1.000000000001,0.999999999999,1.000000000003,0.999999999996,
    1.000000000004,0.999999999996,1.000000000003,0.999999999998,
    1.000000000001,1.,1.,1.,1.,0.999999999999,1.000000000002,
    0.999999999998,1.000000000003,0.999999999998,1.000000000002,
    0.999999999999,1.000000000001,1.,1.,1.,1.000000000001,0.999999999997
    ,1.000000000006,0.999999999992,1.000000000009,0.999999999991,
    1.000000000006,0.999999999996,1.000000000002,0.999999999999,1.,1.,1.
    ,1.000000000001,0.999999999999,1.000000000003,0.999999999996,
    1.000000000004,0.999999999997,1.000000000002,0.999999999999,1.,1.,1.
    ,1.,0.999999999999,1.000000000001,0.999999999998,1.000000000003,
    0.999999999996,1.000000000003,0.999999999998,1.000000000001,1.,1.,1.
    ,1.000000000001,0.999999999996,1.000000000007,0.999999999989,
    1.000000000014,0.999999999987,1.000000000011,0.999999999993,
    1.000000000004,0.999999999999,1.,1.,1.000000000003,0.999999999993,
    1.000000000014,0.999999999979,1.000000000025,0.999999999977,
    1.000000000018,0.999999999989,1.000000000005,0.999999999999,1.,1.,
    0.999999999999,1.000000000003,0.999999999994,1.000000000008,
    0.999999999991,1.000000000008,0.999999999994,1.000000000003,
    0.999999999998,1.,1.,1.,1.,0.999999999999,1.000000000001,
    0.999999999997,1.000000000004,0.999999999996,1.000000000003,
    0.999999999998,1.000000000001,1.,1.,1.,1.000000000001,0.999999999997
    ,1.000000000005,0.999999999992,1.00000000001,0.999999999991,
    1.000000000007,0.999999999996,1.000000000002,0.999999999999,1.,1.,
    1.000000000001,0.999999999998,1.000000000003,0.999999999995,
    1.000000000006,0.999999999994,1.000000000004,0.999999999998,
    1.000000000001,1.,1.,1.,0.999999999998,1.000000000007,0.999999999987
    ,1.00000000002,0.999999999977,1.000000000022,0.999999999983,
    1.00000000001,0.999999999995,1.000000000002,1.,1.,0.999999999999,
    1.000000000002,0.999999999996,1.000000000005,0.999999999994,
    1.000000000006,0.999999999995,1.000000000003,0.999999999998,
    1.000000000001,1.,1.,0.999999999999,1.000000000003,0.999999999994,
    1.000000000009,0.99999999999,1.00000000001,0.999999999992,
    1.000000000005,0.999999999998,1.000000000001,1.,1.,1.,1.,1.,
    1.000000000001,0.999999999999,1.000000000002,0.999999999998,
    1.000000000001,0.999999999999,1.,1.,1.,1.,0.999999999999,
    1.000000000003,0.999999999995,1.000000000007,0.999999999992,
    1.000000000006,0.999999999996,1.000000000002,0.999999999999,1.,1.,
    0.999999999999,1.000000000002,0.999999999996,1.000000000007,
    0.999999999992,1.000000000008,0.999999999993,1.000000000004,
0.999999999998,1.000000000001,1.,1.)) REPRESENTATION_ITEM('') );
#4313 = CARTESIAN_POINT('',(-2.999967959387,4.005660352122,4.));
#4314 = CARTESIAN_POINT('',(-2.999953576785,4.006930739509,4.));
#4315 = CARTESIAN_POINT('',(-2.999946064299,4.007606357598,4.));
#4316 = CARTESIAN_POINT('',(-2.999911798375,4.010657107902,4.));
#4317 = CARTESIAN_POINT('',(-2.999948820655,4.007423164811,4.));
#4318 = CARTESIAN_POINT('',(-2.999849556051,4.016239226617,4.));
#4319 = CARTESIAN_POINT('',(-2.99994753605,4.007645112629,4.));
#4320 = CARTESIAN_POINT('',(-2.999827268585,4.01834041891,4.));
#4321 = CARTESIAN_POINT('',(-2.999893392147,4.012584224149,4.));
#4322 = CARTESIAN_POINT('',(-2.999838357747,4.017541722346,4.));
#4323 = CARTESIAN_POINT('',(-2.999842417701,4.017291583741,4.));
#4324 = CARTESIAN_POINT('',(-2.999826200085,4.018844570635,4.));
#4325 = CARTESIAN_POINT('',(-2.99981467738,4.0199949142,4.));
#4326 = CARTESIAN_POINT('',(-2.999790901481,4.022384218761,4.));
#4327 = CARTESIAN_POINT('',(-2.999779149754,4.023578887211,4.));
#4328 = CARTESIAN_POINT('',(-2.999767534202,4.024773571816,4.));
#4329 = CARTESIAN_POINT('',(-2.999756054928,4.025968272562,4.));
#4330 = CARTESIAN_POINT('',(-2.999744711699,4.027162989435,4.));
#4331 = CARTESIAN_POINT('',(-2.999733504881,4.028357722419,4.));
#4332 = CARTESIAN_POINT('',(-2.999722433965,4.029552471504,4.));
#4333 = CARTESIAN_POINT('',(-2.999711499504,4.03074723667,4.));
#4334 = CARTESIAN_POINT('',(-2.999700700972,4.031942017907,4.));
#4335 = CARTESIAN_POINT('',(-2.99969003876,4.033136815199,4.));
#4336 = CARTESIAN_POINT('',(-2.999679512614,4.034331628533,4.));
#4337 = CARTESIAN_POINT('',(-2.999669122648,4.035526457893,4.));
#4338 = CARTESIAN_POINT('',(-2.999638361137,4.039110994012,4.));
#4339 = CARTESIAN_POINT('',(-2.999618398025,4.041500748808,4.));
#4340 = CARTESIAN_POINT('',(-2.99959897939,4.043890567544,4.));
#4341 = CARTESIAN_POINT('',(-2.999580105243,4.046280450094,4.));
#4342 = CARTESIAN_POINT('',(-2.999561775415,4.048670396366,4.));
#4343 = CARTESIAN_POINT('',(-2.999543990015,4.051060406215,4.));
#4344 = CARTESIAN_POINT('',(-2.999526748791,4.053450479563,4.));
#4345 = CARTESIAN_POINT('',(-2.999510051886,4.05584061626,4.));
#4346 = CARTESIAN_POINT('',(-2.999493899081,4.058230816221,4.));
#4347 = CARTESIAN_POINT('',(-2.999478290434,4.060621079313,4.));
#4348 = CARTESIAN_POINT('',(-2.999463225827,4.063011405432,4.));
#4349 = CARTESIAN_POINT('',(-2.999448705233,4.06540179446,4.));
#4350 = CARTESIAN_POINT('',(-2.9994067753,4.072573149929,4.));
#4351 = CARTESIAN_POINT('',(-2.999380997816,4.077354304759,4.));
#4352 = CARTESIAN_POINT('',(-2.999357395695,4.082135709857,4.));
#4353 = CARTESIAN_POINT('',(-2.999335968506,4.086917364312,4.));
#4354 = CARTESIAN_POINT('',(-2.999316715794,4.091699267205,4.));
#4355 = CARTESIAN_POINT('',(-2.999299637148,4.096481417626,4.));
#4356 = CARTESIAN_POINT('',(-2.99928473209,4.101263814659,4.));
#4357 = CARTESIAN_POINT('',(-2.999272000227,4.106046457386,4.));
#4358 = CARTESIAN_POINT('',(-2.999261441076,4.110829344902,4.));
#4359 = CARTESIAN_POINT('',(-2.999253054233,4.115612476282,4.));
#4360 = CARTESIAN_POINT('',(-2.999246839236,4.120395850619,4.));
#4361 = CARTESIAN_POINT('',(-2.999242795659,4.125179466996,4.));
#4362 = CARTESIAN_POINT('',(-2.999237177857,4.139531039506,4.));
#4363 = CARTESIAN_POINT('',(-2.999242116572,4.149099719037,4.));
#4364 = CARTESIAN_POINT('',(-2.999255735683,4.158669355755,4.));
#4365 = CARTESIAN_POINT('',(-2.999278031676,4.168239942326,4.));
#4366 = CARTESIAN_POINT('',(-2.999309001023,4.177811471407,4.));
#4367 = CARTESIAN_POINT('',(-2.999348640212,4.187383935672,4.));
#4368 = CARTESIAN_POINT('',(-2.999396945723,4.196957327768,4.));
#4369 = CARTESIAN_POINT('',(-2.999453914032,4.206531640378,4.));
#4370 = CARTESIAN_POINT('',(-2.999519541624,4.216106866145,4.));
#4371 = CARTESIAN_POINT('',(-2.99959382498,4.225682997748,4.));
#4372 = CARTESIAN_POINT('',(-2.999676760578,4.23526002784,4.));
#4373 = CARTESIAN_POINT('',(-2.9997683449,4.24483794909,4.));
#4374 = CARTESIAN_POINT('',(-3.000069033483,4.273574364296,4.));
#4375 = CARTESIAN_POINT('',(-3.000304073502,4.292735510008,4.));
#4376 = CARTESIAN_POINT('',(-3.000573666183,4.31190013227,4.));
#4377 = CARTESIAN_POINT('',(-3.00087778322,4.331068172009,4.));
#4378 = CARTESIAN_POINT('',(-3.001216396323,4.350239570264,4.));
#4379 = CARTESIAN_POINT('',(-3.001589477156,4.369414267867,4.));
#4380 = CARTESIAN_POINT('',(-3.001996997478,4.388592205961,4.));
#4381 = CARTESIAN_POINT('',(-3.002438928898,4.407773325303,4.));
#4382 = CARTESIAN_POINT('',(-3.002915243212,4.426957567049,4.));
#4383 = CARTESIAN_POINT('',(-3.003425912032,4.446144872011,4.));
#4384 = CARTESIAN_POINT('',(-3.003970907111,4.465335181247,4.));
#4385 = CARTESIAN_POINT('',(-3.004550200119,4.484528435673,4.));
#4386 = CARTESIAN_POINT('',(-3.006390888049,4.542116857455,4.));
#4387 = CARTESIAN_POINT('',(-3.007755094546,4.580520687423,4.));
#4388 = CARTESIAN_POINT('',(-3.009256153106,4.618935588952,4.));
#4389 = CARTESIAN_POINT('',(-3.010893834709,4.657361084807,4.));
#4390 = CARTESIAN_POINT('',(-3.012667910043,4.69579669778,4.));
#4391 = CARTESIAN_POINT('',(-3.014578150319,4.73424195062,4.));
#4392 = CARTESIAN_POINT('',(-3.01662432599,4.772696366139,4.));
#4393 = CARTESIAN_POINT('',(-3.018806208412,4.811159467068,4.));
#4394 = CARTESIAN_POINT('',(-3.021123568048,4.849630776226,4.));
#4395 = CARTESIAN_POINT('',(-3.023576176096,4.888109816352,4.));
#4396 = CARTESIAN_POINT('',(-3.026163803254,4.926596110246,4.));
#4397 = CARTESIAN_POINT('',(-3.028886220497,4.96508918067,4.));
#4398 = CARTESIAN_POINT('',(-3.037457155042,5.08058728987,4.));
#4399 = CARTESIAN_POINT('',(-3.043709404413,5.157611271838,4.));
#4400 = CARTESIAN_POINT('',(-3.050498064133,5.234656616502,4.));
#4401 = CARTESIAN_POINT('',(-3.057821251499,5.311719444064,4.));
#4402 = CARTESIAN_POINT('',(-3.065677083917,5.388795874715,4.));
#4403 = CARTESIAN_POINT('',(-3.074063678596,5.465882028659,4.));
#4404 = CARTESIAN_POINT('',(-3.082979153028,5.542974026091,4.));
#4405 = CARTESIAN_POINT('',(-3.09242162437,5.620067987206,4.));
#4406 = CARTESIAN_POINT('',(-3.10238921011,5.697160032209,4.));
#4407 = CARTESIAN_POINT('',(-3.112880027463,5.774246281288,4.));
#4408 = CARTESIAN_POINT('',(-3.123892193832,5.851322854648,4.));
#4409 = CARTESIAN_POINT('',(-3.135423826513,5.928385872483,4.));
#4410 = CARTESIAN_POINT('',(-3.171571475524,6.159522620007,4.));
#4411 = CARTESIAN_POINT('',(-3.197741036928,6.313544262319,4.));
#4412 = CARTESIAN_POINT('',(-3.225965803534,6.467464798335,4.));
#4413 = CARTESIAN_POINT('',(-3.256229851799,6.621252644509,4.));
#4414 = CARTESIAN_POINT('',(-3.288517258199,6.774876217195,4.));
#4415 = CARTESIAN_POINT('',(-3.322812099189,6.928303932916,4.));
#4416 = CARTESIAN_POINT('',(-3.359098451244,7.081504207963,4.));
#4417 = CARTESIAN_POINT('',(-3.397360390827,7.234445458891,4.));
#4418 = CARTESIAN_POINT('',(-3.437581994397,7.387096102005,4.));
#4419 = CARTESIAN_POINT('',(-3.479747338432,7.539424553807,4.));
#4420 = CARTESIAN_POINT('',(-3.523840499388,7.691399230672,4.));
#4421 = CARTESIAN_POINT('',(-3.569845553736,7.842988549039,4.));
#4422 = CARTESIAN_POINT('',(-3.713548626345,8.296505677892,4.));
#4423 = CARTESIAN_POINT('',(-3.81693095812,8.597182392938,4.));
#4424 = CARTESIAN_POINT('',(-3.927761138756,8.895936077293,4.));
#4425 = CARTESIAN_POINT('',(-4.045905332457,9.192512215255,4.));
#4426 = CARTESIAN_POINT('',(-4.171228302255,9.486656768857,4.));
#4427 = CARTESIAN_POINT('',(-4.303593409789,9.778116177318,4.));
#4428 = CARTESIAN_POINT('',(-4.442862615645,10.066637357956,4.));
#4429 = CARTESIAN_POINT('',(-4.588896478923,10.351967704929,4.));
#4430 = CARTESIAN_POINT('',(-4.741554157696,10.633855090684,4.));
#4431 = CARTESIAN_POINT('',(-4.900693408603,10.912047864562,4.));
#4432 = CARTESIAN_POINT('',(-5.066170587152,11.186294853919,4.));
#4433 = CARTESIAN_POINT('',(-5.237840647531,11.456345363382,4.));
#4434 = CARTESIAN_POINT('',(-5.700819103377,12.148283624728,4.));
#4435 = CARTESIAN_POINT('',(-6.001546420662,12.563003687002,4.));
#4436 = CARTESIAN_POINT('',(-6.317360943366,12.964996116414,4.));
#4437 = CARTESIAN_POINT('',(-6.647871480959,13.353161238156,4.));
#4438 = CARTESIAN_POINT('',(-6.992678490306,13.726413518582,4.));
#4439 = CARTESIAN_POINT('',(-7.351378761713,14.083682135568,4.));
#4440 = CARTESIAN_POINT('',(-7.723570106083,14.423911548679,4.));
#4441 = CARTESIAN_POINT('',(-8.10885604058,14.746062069755,4.));
#4442 = CARTESIAN_POINT('',(-8.506850475974,15.04911043284,4.));
#4443 = CARTESIAN_POINT('',(-8.917182402395,15.332050364922,4.));
#4444 = CARTESIAN_POINT('',(-9.339500576349,15.593893155863,4.));
#4445 = CARTESIAN_POINT('',(-9.773478206899,15.833668228987,4.));
#4446 = CARTESIAN_POINT('',(-10.6215186575,16.246426233838,4.));
#4447 = CARTESIAN_POINT('',(-11.03399248038,16.423837653285,4.));
#4448 = CARTESIAN_POINT('',(-11.45525182701,16.582128147582,4.));
#4449 = CARTESIAN_POINT('',(-11.88430566651,16.72078135184,4.));
#4450 = CARTESIAN_POINT('',(-12.3201620096,16.839292673429,4.));
#4451 = CARTESIAN_POINT('',(-12.76183069723,16.93716760766,4.));
#4452 = CARTESIAN_POINT('',(-13.20832618907,17.013920052549,4.));
#4453 = CARTESIAN_POINT('',(-13.65867035213,17.06907062492,4.));
#4454 = CARTESIAN_POINT('',(-14.11189524933,17.102144974855,4.));
#4455 = CARTESIAN_POINT('',(-14.56704592803,17.112672101871,4.));
#4456 = CARTESIAN_POINT('',(-15.02318320865,17.100182669574,4.));
#4457 = CARTESIAN_POINT('',(-15.47938647321,17.064207321436,4.));
#4458 = CARTESIAN_POINT('',(-16.35324978923,16.949196093306,4.));
#4459 = CARTESIAN_POINT('',(-16.77092700144,16.873876174162,4.));
#4460 = CARTESIAN_POINT('',(-17.18528475866,16.778138811282,4.));
#4461 = CARTESIAN_POINT('',(-17.59380058146,16.661803055891,4.));
#4462 = CARTESIAN_POINT('',(-17.99396025784,16.524726446694,4.));
#4463 = CARTESIAN_POINT('',(-18.38328421514,16.36683020327,4.));
#4464 = CARTESIAN_POINT('',(-18.75935284962,16.188106606807,4.));
#4465 = CARTESIAN_POINT('',(-19.11983081244,15.988608563548,4.));
#4466 = CARTESIAN_POINT('',(-19.46249025383,15.768421356941,4.));
#4467 = CARTESIAN_POINT('',(-19.78523302322,15.527616581882,4.));
#4468 = CARTESIAN_POINT('',(-20.08611182774,15.266188267282,4.));
#4469 = CARTESIAN_POINT('',(-20.3633503469,14.983971181952,4.));
#4470 = CARTESIAN_POINT('',(-20.85069344108,14.397195675882,4.));
#4471 = CARTESIAN_POINT('',(-21.06610110878,14.092836066675,4.));
#4472 = CARTESIAN_POINT('',(-21.26113063982,13.769532561289,4.));
#4473 = CARTESIAN_POINT('',(-21.43529804215,13.429540024486,4.));
#4474 = CARTESIAN_POINT('',(-21.58812219044,13.075257244035,4.));
#4475 = CARTESIAN_POINT('',(-21.71915142078,12.709191121095,4.));
#4476 = CARTESIAN_POINT('',(-21.827984532,12.333925931641,4.));
#4477 = CARTESIAN_POINT('',(-21.9142861898,11.952097658682,4.));
#4478 = CARTESIAN_POINT('',(-21.97779673875,11.566373394773,4.));
#4479 = CARTESIAN_POINT('',(-22.01833641658,11.179435816214,4.));
#4480 = CARTESIAN_POINT('',(-22.03580397585,10.793972726894,4.));
#4481 = CARTESIAN_POINT('',(-22.03016970918,10.412671673954,4.));
#4482 = CARTESIAN_POINT('',(-21.9656122802,9.570584197486,4.));
#4483 = CARTESIAN_POINT('',(-21.89375283585,9.113022830231,4.));
#4484 = CARTESIAN_POINT('',(-21.7861886486,8.666193600859,4.));
#4485 = CARTESIAN_POINT('',(-21.6431494944,8.230609707817,4.));
#4486 = CARTESIAN_POINT('',(-21.46470570072,7.806731423989,4.));
#4487 = CARTESIAN_POINT('',(-21.25074530486,7.395045197803,4.));
#4488 = CARTESIAN_POINT('',(-21.0009974081,6.996127198874,4.));
#4489 = CARTESIAN_POINT('',(-20.71508564258,6.610688598352,4.));
#4490 = CARTESIAN_POINT('',(-20.3925956648,6.239599872799,4.));
#4491 = CARTESIAN_POINT('',(-20.03314059238,5.883891421187,4.));
#4492 = CARTESIAN_POINT('',(-19.63640829871,5.544727784513,4.));
#4493 = CARTESIAN_POINT('',(-19.20217448138,5.223352757122,4.));
#4494 = CARTESIAN_POINT('',(-18.50936476896,4.779472596097,4.));
#4495 = CARTESIAN_POINT('',(-18.27847659091,4.641003478977,4.));
#4496 = CARTESIAN_POINT('',(-18.0392725356,4.505454659429,4.));
#4497 = CARTESIAN_POINT('',(-17.79341897534,4.372586521881,4.));
#4498 = CARTESIAN_POINT('',(-17.54257022696,4.242086319296,4.));
#4499 = CARTESIAN_POINT('',(-17.28836208911,4.113587378462,4.));
#4500 = CARTESIAN_POINT('',(-17.03240569526,3.986681695732,4.));
#4501 = CARTESIAN_POINT('',(-16.77628168114,3.86092592231,4.));
#4502 = CARTESIAN_POINT('',(-16.52153466822,3.735840740187,4.));
#4503 = CARTESIAN_POINT('',(-16.26966806154,3.610903627578,4.));
#4504 = CARTESIAN_POINT('',(-16.0221391634,3.485535014887,4.));
#4505 = CARTESIAN_POINT('',(-15.78035460171,3.35907783041,4.));
#4506 = CARTESIAN_POINT('',(-15.31097754603,3.102463042181,4.));
#4507 = CARTESIAN_POINT('',(-15.08344562704,2.972284114266,4.));
#4508 = CARTESIAN_POINT('',(-14.86402992538,2.839581509693,4.));
#4509 = CARTESIAN_POINT('',(-14.6550121506,2.703068846995,4.));
#4510 = CARTESIAN_POINT('',(-14.45645427332,2.562315860417,4.));
#4511 = CARTESIAN_POINT('',(-14.26976059492,2.415549613503,4.));
#4512 = CARTESIAN_POINT('',(-14.09707968992,2.260757946493,4.));
#4513 = CARTESIAN_POINT('',(-13.93923659488,2.096472852376,4.));
#4514 = CARTESIAN_POINT('',(-13.79667746601,1.919817121513,4.));
#4515 = CARTESIAN_POINT('',(-13.67335261197,1.725034531297,4.));
#4516 = CARTESIAN_POINT('',(-13.5783737282,1.508404059727,4.));
#4517 = CARTESIAN_POINT('',(-13.52047171346,1.277774037667,4.));
#4518 = CARTESIAN_POINT('',(-13.47234563199,0.6713336708,4.));
#4519 = CARTESIAN_POINT('',(-13.53827493236,0.307855250322,4.));
#4520 = CARTESIAN_POINT('',(-13.67685790288,-2.419608479908E-02,4.));
#4521 = CARTESIAN_POINT('',(-13.83918289234,-0.339728336082,4.));
#4522 = CARTESIAN_POINT('',(-14.04798803283,-0.668986296435,4.));
#4523 = CARTESIAN_POINT('',(-14.28073069506,-0.98861605388,4.));
#4524 = CARTESIAN_POINT('',(-14.53279232769,-1.312269456294,4.));
#4525 = CARTESIAN_POINT('',(-14.80312037778,-1.645040583118,4.));
#4526 = CARTESIAN_POINT('',(-15.0762461048,-1.970891573006,4.));
#4527 = CARTESIAN_POINT('',(-15.35068005767,-2.304053062571,4.));
#4528 = CARTESIAN_POINT('',(-15.61574155176,-2.633975205211,4.));
#4529 = CARTESIAN_POINT('',(-15.86464704808,-2.962352566229,4.));
#4530 = CARTESIAN_POINT('',(-16.38453402752,-3.709425267813,4.));
#4531 = CARTESIAN_POINT('',(-16.6442386767,-4.133076952054,4.));
#4532 = CARTESIAN_POINT('',(-16.86989226057,-4.556877606244,4.));
#4533 = CARTESIAN_POINT('',(-17.06277711957,-4.981214607073,4.));
#4534 = CARTESIAN_POINT('',(-17.22418458389,-5.4066211405,4.));
#4535 = CARTESIAN_POINT('',(-17.35534425004,-5.833787834125,4.));
#4536 = CARTESIAN_POINT('',(-17.45737348273,-6.263524864769,4.));
#4537 = CARTESIAN_POINT('',(-17.53124820459,-6.696693922553,4.));
#4538 = CARTESIAN_POINT('',(-17.57779603451,-7.134129418967,4.));
#4539 = CARTESIAN_POINT('',(-17.59771283743,-7.576568320462,4.));
#4540 = CARTESIAN_POINT('',(-17.5916037464,-8.024607993901,4.));
#4541 = CARTESIAN_POINT('',(-17.56004971947,-8.478711447001,4.));
#4542 = CARTESIAN_POINT('',(-17.4527681085,-9.355576039253,4.));
#4543 = CARTESIAN_POINT('',(-17.38176753559,-9.775601194236,4.));
#4544 = CARTESIAN_POINT('',(-17.29020948215,-10.19550007396,4.));
#4545 = CARTESIAN_POINT('',(-17.17772659765,-10.61157381774,4.));
#4546 = CARTESIAN_POINT('',(-17.04400959248,-11.02014350703,4.));
#4547 = CARTESIAN_POINT('',(-16.88881173161,-11.41750933814,4.));
#4548 = CARTESIAN_POINT('',(-16.7119885375,-11.79998137446,4.));
#4549 = CARTESIAN_POINT('',(-16.51353933668,-12.16395835283,4.));
#4550 = CARTESIAN_POINT('',(-16.29361728592,-12.50603101223,4.));
#4551 = CARTESIAN_POINT('',(-16.0524745118,-12.8230864209,4.));
#4552 = CARTESIAN_POINT('',(-15.79030899991,-13.11238976967,4.));
#4553 = CARTESIAN_POINT('',(-15.50697986762,-13.37162010666,4.));
#4554 = CARTESIAN_POINT('',(-14.84537721165,-13.86381403492,4.));
#4555 = CARTESIAN_POINT('',(-14.45309523547,-14.08978970097,4.));
#4556 = CARTESIAN_POINT('',(-14.02820798853,-14.27709384913,4.));
#4557 = CARTESIAN_POINT('',(-13.57534197418,-14.42543234231,4.));
#4558 = CARTESIAN_POINT('',(-13.09984031319,-14.53444367943,4.));
#4559 = CARTESIAN_POINT('',(-12.6074635095,-14.60400407728,4.));
#4560 = CARTESIAN_POINT('',(-12.1041850293,-14.63434178767,4.));
#4561 = CARTESIAN_POINT('',(-11.59606211586,-14.62602194137,4.));
#4562 = CARTESIAN_POINT('',(-11.08916226331,-14.57986321479,4.));
#4563 = CARTESIAN_POINT('',(-10.58952577099,-14.49684761012,4.));
#4564 = CARTESIAN_POINT('',(-10.10314480215,-14.37808464479,4.));
#4565 = CARTESIAN_POINT('',(-9.635939368394,-14.22489124179,4.));
#4566 = CARTESIAN_POINT('',(-8.762012724249,-13.85763144857,4.));
#4567 = CARTESIAN_POINT('',(-8.351049283578,-13.64377954683,4.));
#4568 = CARTESIAN_POINT('',(-7.959339590732,-13.39955698788,4.));
#4569 = CARTESIAN_POINT('',(-7.585754779419,-13.12686744325,4.));
#4570 = CARTESIAN_POINT('',(-7.229451170873,-12.82764578093,4.));
#4571 = CARTESIAN_POINT('',(-6.889793521196,-12.50396271829,4.));
#4572 = CARTESIAN_POINT('',(-6.566275720029,-12.15806173728,4.));
#4573 = CARTESIAN_POINT('',(-6.258446447852,-11.7923474834,4.));
#4574 = CARTESIAN_POINT('',(-5.96584729872,-11.40934485647,4.));
#4575 = CARTESIAN_POINT('',(-5.687970875873,-11.01164801727,4.));
#4576 = CARTESIAN_POINT('',(-5.424246367,-10.6018785177,4.));
#4577 = CARTESIAN_POINT('',(-5.174060106496,-10.18267177651,4.));
#4578 = CARTESIAN_POINT('',(-4.70104615842,-9.333388000154,4.));
#4579 = CARTESIAN_POINT('',(-4.478884541556,-8.90488386698,4.));
#4580 = CARTESIAN_POINT('',(-4.270555221098,-8.471516071213,4.));
#4581 = CARTESIAN_POINT('',(-4.076278800065,-8.033599131558,4.));
#4582 = CARTESIAN_POINT('',(-3.896275044688,-7.591444726701,4.));
#4583 = CARTESIAN_POINT('',(-3.730762884011,-7.145361695259,4.));
#4584 = CARTESIAN_POINT('',(-3.579960410485,-6.695656035833,4.));
#4585 = CARTESIAN_POINT('',(-3.444084879236,-6.242630906995,4.));
#4586 = CARTESIAN_POINT('',(-3.323352708819,-5.786586627226,4.));
#4587 = CARTESIAN_POINT('',(-3.217979480565,-5.327820675054,4.));
#4588 = CARTESIAN_POINT('',(-3.128179939054,-4.866627688879,4.));
#4589 = CARTESIAN_POINT('',(-3.054167991834,-4.403299467131,4.));
#4590 = CARTESIAN_POINT('',(-2.922777596757,-3.349720597697,4.));
#4591 = CARTESIAN_POINT('',(-2.874635520081,-2.755473529771,4.));
#4592 = CARTESIAN_POINT('',(-2.848352153534,-2.155818849061,4.));
#4593 = CARTESIAN_POINT('',(-2.840481454266,-1.551308740128,4.));
#4594 = CARTESIAN_POINT('',(-2.847513832236,-0.942563173546,4.));
#4595 = CARTESIAN_POINT('',(-2.865879447554,-0.330230212417,4.));
#4596 = CARTESIAN_POINT('',(-2.891950635965,0.285044061357,4.));
#4597 = CARTESIAN_POINT('',(-2.922043461766,0.902636000419,4.));
#4598 = CARTESIAN_POINT('',(-2.952418399087,1.521955225308,4.));
#4599 = CARTESIAN_POINT('',(-2.979280140482,2.142445837837,4.));
#4600 = CARTESIAN_POINT('',(-2.99877653385,2.763578014067,4.));
#4601 = CARTESIAN_POINT('',(-3.00699664685,3.384829977542,4.));
#4602 = CARTESIAN_POINT('',(-2.999967959387,4.005660352122,4.));
#4603 = PCURVE('',#1208,#4604);
#4604 = DEFINITIONAL_REPRESENTATION('',(#4605),#4609);
#4605 = LINE('',#4606,#4607);
#4606 = CARTESIAN_POINT('',(90.099773855045,0.));
#4607 = VECTOR('',#4608,1.);
#4608 = DIRECTION('',(0.,1.));
#4609 = ( GEOMETRIC_REPRESENTATION_CONTEXT(2) 
PARAMETRIC_REPRESENTATION_CONTEXT() REPRESENTATION_CONTEXT('2D SPACE',''
  ) );
#4610 = PCURVE('',#4611,#4616);
#4611 = PLANE('',#4612);
#4612 = AXIS2_PLACEMENT_3D('',#4613,#4614,#4615);
#4613 = CARTESIAN_POINT('',(-11.94227012323,1.845701029435,4.));
#4614 = DIRECTION('',(0.,-0.,-1.));
#4615 = DIRECTION('',(-1.,0.,0.));
#4616 = DEFINITIONAL_REPRESENTATION('',(#4617),#4908);
#4617 = ( BOUNDED_CURVE() B_SPLINE_CURVE(13,(#4618,#4619,#4620,#4621,
    #4622,#4623,#4624,#4625,#4626,#4627,#4628,#4629,#4630,#4631,#4632,
    #4633,#4634,#4635,#4636,#4637,#4638,#4639,#4640,#4641,#4642,#4643,
    #4644,#4645,#4646,#4647,#4648,#4649,#4650,#4651,#4652,#4653,#4654,
    #4655,#4656,#4657,#4658,#4659,#4660,#4661,#4662,#4663,#4664,#4665,
    #4666,#4667,#4668,#4669,#4670,#4671,#4672,#4673,#4674,#4675,#4676,
    #4677,#4678,#4679,#4680,#4681,#4682,#4683,#4684,#4685,#4686,#4687,
    #4688,#4689,#4690,#4691,#4692,#4693,#4694,#4695,#4696,#4697,#4698,
    #4699,#4700,#4701,#4702,#4703,#4704,#4705,#4706,#4707,#4708,#4709,
    #4710,#4711,#4712,#4713,#4714,#4715,#4716,#4717,#4718,#4719,#4720,
    #4721,#4722,#4723,#4724,#4725,#4726,#4727,#4728,#4729,#4730,#4731,
    #4732,#4733,#4734,#4735,#4736,#4737,#4738,#4739,#4740,#4741,#4742,
    #4743,#4744,#4745,#4746,#4747,#4748,#4749,#4750,#4751,#4752,#4753,
    #4754,#4755,#4756,#4757,#4758,#4759,#4760,#4761,#4762,#4763,#4764,
    #4765,#4766,#4767,#4768,#4769,#4770,#4771,#4772,#4773,#4774,#4775,
    #4776,#4777,#4778,#4779,#4780,#4781,#4782,#4783,#4784,#4785,#4786,
    #4787,#4788,#4789,#4790,#4791,#4792,#4793,#4794,#4795,#4796,#4797,
    #4798,#4799,#4800,#4801,#4802,#4803,#4804,#4805,#4806,#4807,#4808,
    #4809,#4810,#4811,#4812,#4813,#4814,#4815,#4816,#4817,#4818,#4819,
    #4820,#4821,#4822,#4823,#4824,#4825,#4826,#4827,#4828,#4829,#4830,
    #4831,#4832,#4833,#4834,#4835,#4836,#4837,#4838,#4839,#4840,#4841,
    #4842,#4843,#4844,#4845,#4846,#4847,#4848,#4849,#4850,#4851,#4852,
    #4853,#4854,#4855,#4856,#4857,#4858,#4859,#4860,#4861,#4862,#4863,
    #4864,#4865,#4866,#4867,#4868,#4869,#4870,#4871,#4872,#4873,#4874,
    #4875,#4876,#4877,#4878,#4879,#4880,#4881,#4882,#4883,#4884,#4885,
    #4886,#4887,#4888,#4889,#4890,#4891,#4892,#4893,#4894,#4895,#4896,
    #4897,#4898,#4899,#4900,#4901,#4902,#4903,#4904,#4905,#4906,#4907),
.UNSPECIFIED.,.T.,.F.) B_SPLINE_CURVE_WITH_KNOTS((14,12,12,12,12,12,12,
    12,12,12,12,12,12,12,12,12,12,12,12,12,12,12,12,12,14),(
    -3.318067981453E-15,1.669940179262E-02,3.339880358525E-02,
    6.679760717051E-02,0.133595214341,0.267190428682,0.534380857364,
    1.068761714728,2.137523429456,4.275046858913,8.550093717826,
    15.4121930842,21.617290054193,27.319887584005,32.645026775413,
    39.295341149812,42.408353571716,45.52136599362,50.333223060695,
    56.642265234472,62.344862764283,68.995177138682,75.487127977126,
81.938880591057,90.099773855045),.UNSPECIFIED.) CURVE() 
GEOMETRIC_REPRESENTATION_ITEM() RATIONAL_B_SPLINE_CURVE((1.,1.,
    0.999999999999,1.000000000003,0.999999999994,1.000000000009,
    0.999999999989,1.000000000011,0.999999999992,1.000000000005,
    0.999999999997,1.000000000001,1.,1.,1.,0.999999999999,1.000000000003
    ,0.999999999996,1.000000000005,0.999999999995,1.000000000004,
    0.999999999997,1.000000000001,1.,1.,1.,1.000000000001,0.999999999998
    ,1.000000000004,0.999999999994,1.000000000007,0.999999999993,
    1.000000000005,0.999999999997,1.000000000002,1.,1.,1.,0.999999999999
    ,1.000000000002,0.999999999997,1.000000000004,0.999999999995,
    1.000000000004,0.999999999997,1.000000000002,0.999999999999,1.,1.,1.
    ,1.,0.999999999999,1.000000000001,0.999999999998,1.000000000002,
    0.999999999998,1.000000000002,0.999999999999,1.000000000001,1.,1.,1.
    ,1.000000000001,0.999999999996,1.000000000007,0.99999999999,
    1.000000000012,0.999999999989,1.000000000008,0.999999999995,
    1.000000000002,0.999999999999,1.,1.,1.000000000001,0.999999999998,
    1.000000000004,0.999999999995,1.000000000006,0.999999999994,
    1.000000000005,0.999999999997,1.000000000001,0.999999999999,1.,1.,
    1.000000000001,0.999999999999,1.000000000003,0.999999999996,
    1.000000000004,0.999999999996,1.000000000003,0.999999999998,
    1.000000000001,1.,1.,1.,1.,0.999999999999,1.000000000002,
    0.999999999998,1.000000000003,0.999999999998,1.000000000002,
    0.999999999999,1.000000000001,1.,1.,1.,1.000000000001,0.999999999997
    ,1.000000000006,0.999999999992,1.000000000009,0.999999999991,
    1.000000000006,0.999999999996,1.000000000002,0.999999999999,1.,1.,1.
    ,1.000000000001,0.999999999999,1.000000000003,0.999999999996,
    1.000000000004,0.999999999997,1.000000000002,0.999999999999,1.,1.,1.
    ,1.,0.999999999999,1.000000000001,0.999999999998,1.000000000003,
    0.999999999996,1.000000000003,0.999999999998,1.000000000001,1.,1.,1.
    ,1.000000000001,0.999999999996,1.000000000007,0.999999999989,
    1.000000000014,0.999999999987,1.000000000011,0.999999999993,
    1.000000000004,0.999999999999,1.,1.,1.000000000003,0.999999999993,
    1.000000000014,0.999999999979,1.000000000025,0.999999999977,
    1.000000000018,0.999999999989,1.000000000005,0.999999999999,1.,1.,
    0.999999999999,1.000000000003,0.999999999994,1.000000000008,
    0.999999999991,1.000000000008,0.999999999994,1.000000000003,
    0.999999999998,1.,1.,1.,1.,0.999999999999,1.000000000001,
    0.999999999997,1.000000000004,0.999999999996,1.000000000003,
    0.999999999998,1.000000000001,1.,1.,1.,1.000000000001,0.999999999997
    ,1.000000000005,0.999999999992,1.00000000001,0.999999999991,
    1.000000000007,0.999999999996,1.000000000002,0.999999999999,1.,1.,
    1.000000000001,0.999999999998,1.000000000003,0.999999999995,
    1.000000000006,0.999999999994,1.000000000004,0.999999999998,
    1.000000000001,1.,1.,1.,0.999999999998,1.000000000007,0.999999999987
    ,1.00000000002,0.999999999977,1.000000000022,0.999999999983,
    1.00000000001,0.999999999995,1.000000000002,1.,1.,0.999999999999,
    1.000000000002,0.999999999996,1.000000000005,0.999999999994,
    1.000000000006,0.999999999995,1.000000000003,0.999999999998,
    1.000000000001,1.,1.,0.999999999999,1.000000000003,0.999999999994,
    1.000000000009,0.99999999999,1.00000000001,0.999999999992,
    1.000000000005,0.999999999998,1.000000000001,1.,1.,1.,1.,1.,
    1.000000000001,0.999999999999,1.000000000002,0.999999999998,
    1.000000000001,0.999999999999,1.,1.,1.,1.,0.999999999999,
    1.000000000003,0.999999999995,1.000000000007,0.999999999992,
    1.000000000006,0.999999999996,1.000000000002,0.999999999999,1.,1.,
    0.999999999999,1.000000000002,0.999999999996,1.000000000007,
    0.999999999992,1.000000000008,0.999999999993,1.000000000004,
0.999999999998,1.000000000001,1.,1.)) REPRESENTATION_ITEM('') );
#4618 = CARTESIAN_POINT('',(-8.942302163852,2.159959322687));
#4619 = CARTESIAN_POINT('',(-8.942316546454,2.161229710074));
#4620 = CARTESIAN_POINT('',(-8.94232405894,2.161905328162));
#4621 = CARTESIAN_POINT('',(-8.942358324864,2.164956078467));
#4622 = CARTESIAN_POINT('',(-8.942321302584,2.161722135376));
#4623 = CARTESIAN_POINT('',(-8.942420567188,2.170538197181));
#4624 = CARTESIAN_POINT('',(-8.942322587189,2.161944083193));
#4625 = CARTESIAN_POINT('',(-8.942442854654,2.172639389474));
#4626 = CARTESIAN_POINT('',(-8.942376731092,2.166883194714));
#4627 = CARTESIAN_POINT('',(-8.942431765492,2.171840692911));
#4628 = CARTESIAN_POINT('',(-8.942427705538,2.171590554305));
#4629 = CARTESIAN_POINT('',(-8.942443923155,2.1731435412));
#4630 = CARTESIAN_POINT('',(-8.942455445859,2.174293884764));
#4631 = CARTESIAN_POINT('',(-8.942479221758,2.176683189325));
#4632 = CARTESIAN_POINT('',(-8.942490973486,2.177877857775));
#4633 = CARTESIAN_POINT('',(-8.942502589037,2.179072542381));
#4634 = CARTESIAN_POINT('',(-8.942514068312,2.180267243126));
#4635 = CARTESIAN_POINT('',(-8.94252541154,2.18146196));
#4636 = CARTESIAN_POINT('',(-8.942536618358,2.182656692984));
#4637 = CARTESIAN_POINT('',(-8.942547689274,2.183851442068));
#4638 = CARTESIAN_POINT('',(-8.942558623736,2.185046207234));
#4639 = CARTESIAN_POINT('',(-8.942569422267,2.186240988472));
#4640 = CARTESIAN_POINT('',(-8.942580084479,2.187435785764));
#4641 = CARTESIAN_POINT('',(-8.942590610626,2.188630599098));
#4642 = CARTESIAN_POINT('',(-8.942601000592,2.189825428458));
#4643 = CARTESIAN_POINT('',(-8.942631762102,2.193409964577));
#4644 = CARTESIAN_POINT('',(-8.942651725215,2.195799719373));
#4645 = CARTESIAN_POINT('',(-8.942671143849,2.198189538109));
#4646 = CARTESIAN_POINT('',(-8.942690017996,2.200579420659));
#4647 = CARTESIAN_POINT('',(-8.942708347825,2.202969366931));
#4648 = CARTESIAN_POINT('',(-8.942726133225,2.20535937678));
#4649 = CARTESIAN_POINT('',(-8.942743374448,2.207749450127));
#4650 = CARTESIAN_POINT('',(-8.942760071353,2.210139586825));
#4651 = CARTESIAN_POINT('',(-8.942776224158,2.212529786786));
#4652 = CARTESIAN_POINT('',(-8.942791832805,2.214920049878));
#4653 = CARTESIAN_POINT('',(-8.942806897412,2.217310375997));
#4654 = CARTESIAN_POINT('',(-8.942821418006,2.219700765024));
#4655 = CARTESIAN_POINT('',(-8.94286334794,2.226872120494));
#4656 = CARTESIAN_POINT('',(-8.942889125424,2.231653275324));
#4657 = CARTESIAN_POINT('',(-8.942912727545,2.236434680422));
#4658 = CARTESIAN_POINT('',(-8.942934154734,2.241216334877));
#4659 = CARTESIAN_POINT('',(-8.942953407445,2.245998237769));
#4660 = CARTESIAN_POINT('',(-8.942970486092,2.25078038819));
#4661 = CARTESIAN_POINT('',(-8.942985391149,2.255562785224));
#4662 = CARTESIAN_POINT('',(-8.942998123012,2.26034542795));
#4663 = CARTESIAN_POINT('',(-8.943008682164,2.265128315467));
#4664 = CARTESIAN_POINT('',(-8.943017069007,2.269911446846));
#4665 = CARTESIAN_POINT('',(-8.943023284003,2.274694821184));
#4666 = CARTESIAN_POINT('',(-8.94302732758,2.279478437561));
#4667 = CARTESIAN_POINT('',(-8.943032945383,2.29383001007));
#4668 = CARTESIAN_POINT('',(-8.943028006667,2.303398689601));
#4669 = CARTESIAN_POINT('',(-8.943014387556,2.31296832632));
#4670 = CARTESIAN_POINT('',(-8.942992091564,2.322538912891));
#4671 = CARTESIAN_POINT('',(-8.942961122216,2.332110441972));
#4672 = CARTESIAN_POINT('',(-8.942921483027,2.341682906237));
#4673 = CARTESIAN_POINT('',(-8.942873177517,2.351256298333));
#4674 = CARTESIAN_POINT('',(-8.942816209208,2.360830610942));
#4675 = CARTESIAN_POINT('',(-8.942750581615,2.370405836709));
#4676 = CARTESIAN_POINT('',(-8.942676298259,2.379981968312));
#4677 = CARTESIAN_POINT('',(-8.942593362662,2.389558998405));
#4678 = CARTESIAN_POINT('',(-8.942501778339,2.399136919655));
#4679 = CARTESIAN_POINT('',(-8.942201089756,2.42787333486));
#4680 = CARTESIAN_POINT('',(-8.941966049737,2.447034480573));
#4681 = CARTESIAN_POINT('',(-8.941696457056,2.466199102835));
#4682 = CARTESIAN_POINT('',(-8.941392340019,2.485367142574));
#4683 = CARTESIAN_POINT('',(-8.941053726917,2.504538540828));
#4684 = CARTESIAN_POINT('',(-8.940680646083,2.523713238432));
#4685 = CARTESIAN_POINT('',(-8.940273125761,2.542891176526));
#4686 = CARTESIAN_POINT('',(-8.939831194341,2.562072295867));
#4687 = CARTESIAN_POINT('',(-8.939354880027,2.581256537614));
#4688 = CARTESIAN_POINT('',(-8.938844211208,2.600443842576));
#4689 = CARTESIAN_POINT('',(-8.938299216129,2.619634151812));
#4690 = CARTESIAN_POINT('',(-8.93771992312,2.638827406237));
#4691 = CARTESIAN_POINT('',(-8.935879235191,2.696415828019));
#4692 = CARTESIAN_POINT('',(-8.934515028694,2.734819657988));
#4693 = CARTESIAN_POINT('',(-8.933013970134,2.773234559517));
#4694 = CARTESIAN_POINT('',(-8.93137628853,2.811660055372));
#4695 = CARTESIAN_POINT('',(-8.929602213196,2.850095668345));
#4696 = CARTESIAN_POINT('',(-8.92769197292,2.888540921185));
#4697 = CARTESIAN_POINT('',(-8.92564579725,2.926995336704));
#4698 = CARTESIAN_POINT('',(-8.923463914827,2.965458437633));
#4699 = CARTESIAN_POINT('',(-8.921146555192,3.00392974679));
#4700 = CARTESIAN_POINT('',(-8.918693947143,3.042408786917));
#4701 = CARTESIAN_POINT('',(-8.916106319985,3.08089508081));
#4702 = CARTESIAN_POINT('',(-8.913383902743,3.119388151234));
#4703 = CARTESIAN_POINT('',(-8.904812968197,3.234886260435));
#4704 = CARTESIAN_POINT('',(-8.898560718826,3.311910242402));
#4705 = CARTESIAN_POINT('',(-8.891772059106,3.388955587067));
#4706 = CARTESIAN_POINT('',(-8.88444887174,3.466018414628));
#4707 = CARTESIAN_POINT('',(-8.876593039322,3.54309484528));
#4708 = CARTESIAN_POINT('',(-8.868206444644,3.620180999224));
#4709 = CARTESIAN_POINT('',(-8.859290970212,3.697272996656));
#4710 = CARTESIAN_POINT('',(-8.84984849887,3.774366957771));
#4711 = CARTESIAN_POINT('',(-8.839880913129,3.851459002774));
#4712 = CARTESIAN_POINT('',(-8.829390095776,3.928545251852));
#4713 = CARTESIAN_POINT('',(-8.818377929407,4.005621825213));
#4714 = CARTESIAN_POINT('',(-8.806846296726,4.082684843047));
#4715 = CARTESIAN_POINT('',(-8.770698647716,4.313821590572));
#4716 = CARTESIAN_POINT('',(-8.744529086311,4.467843232884));
#4717 = CARTESIAN_POINT('',(-8.716304319706,4.6217637689));
#4718 = CARTESIAN_POINT('',(-8.686040271441,4.775551615074));
#4719 = CARTESIAN_POINT('',(-8.65375286504,4.929175187759));
#4720 = CARTESIAN_POINT('',(-8.61945802405,5.082602903481));
#4721 = CARTESIAN_POINT('',(-8.583171671996,5.235803178527));
#4722 = CARTESIAN_POINT('',(-8.544909732413,5.388744429456));
#4723 = CARTESIAN_POINT('',(-8.504688128842,5.54139507257));
#4724 = CARTESIAN_POINT('',(-8.462522784807,5.693723524372));
#4725 = CARTESIAN_POINT('',(-8.418429623851,5.845698201236));
#4726 = CARTESIAN_POINT('',(-8.372424569504,5.997287519603));
#4727 = CARTESIAN_POINT('',(-8.228721496894,6.450804648457));
#4728 = CARTESIAN_POINT('',(-8.125339165119,6.751481363503));
#4729 = CARTESIAN_POINT('',(-8.014508984483,7.050235047857));
#4730 = CARTESIAN_POINT('',(-7.896364790783,7.34681118582));
#4731 = CARTESIAN_POINT('',(-7.771041820984,7.640955739422));
#4732 = CARTESIAN_POINT('',(-7.63867671345,7.932415147883));
#4733 = CARTESIAN_POINT('',(-7.499407507594,8.220936328521));
#4734 = CARTESIAN_POINT('',(-7.353373644316,8.506266675494));
#4735 = CARTESIAN_POINT('',(-7.200715965543,8.788154061249));
#4736 = CARTESIAN_POINT('',(-7.041576714636,9.066346835127));
#4737 = CARTESIAN_POINT('',(-6.876099536087,9.340593824484));
#4738 = CARTESIAN_POINT('',(-6.704429475708,9.610644333947));
#4739 = CARTESIAN_POINT('',(-6.241451019862,10.302582595293));
#4740 = CARTESIAN_POINT('',(-5.940723702578,10.717302657567));
#4741 = CARTESIAN_POINT('',(-5.624909179874,11.119295086978));
#4742 = CARTESIAN_POINT('',(-5.29439864228,11.50746020872));
#4743 = CARTESIAN_POINT('',(-4.949591632933,11.880712489147));
#4744 = CARTESIAN_POINT('',(-4.590891361526,12.237981106133));
#4745 = CARTESIAN_POINT('',(-4.218700017157,12.578210519244));
#4746 = CARTESIAN_POINT('',(-3.83341408266,12.90036104032));
#4747 = CARTESIAN_POINT('',(-3.435419647265,13.203409403405));
#4748 = CARTESIAN_POINT('',(-3.025087720844,13.486349335486));
#4749 = CARTESIAN_POINT('',(-2.60276954689,13.748192126427));
#4750 = CARTESIAN_POINT('',(-2.16879191634,13.987967199552));
#4751 = CARTESIAN_POINT('',(-1.320751465737,14.400725204403));
#4752 = CARTESIAN_POINT('',(-0.908277642855,14.57813662385));
#4753 = CARTESIAN_POINT('',(-0.487018296226,14.736427118147));
#4754 = CARTESIAN_POINT('',(-5.796445672598E-02,14.875080322405));
#4755 = CARTESIAN_POINT('',(0.377891886367,14.993591643994));
#4756 = CARTESIAN_POINT('',(0.819560573998,15.091466578224));
#4757 = CARTESIAN_POINT('',(1.266056065832,15.168219023114));
#4758 = CARTESIAN_POINT('',(1.716400228896,15.223369595485));
#4759 = CARTESIAN_POINT('',(2.169625126091,15.25644394542));
#4760 = CARTESIAN_POINT('',(2.624775804794,15.266971072435));
#4761 = CARTESIAN_POINT('',(3.080913085419,15.254481640138));
#4762 = CARTESIAN_POINT('',(3.53711634998,15.218506292001));
#4763 = CARTESIAN_POINT('',(4.410979666,15.103495063871));
#4764 = CARTESIAN_POINT('',(4.828656878202,15.028175144726));
#4765 = CARTESIAN_POINT('',(5.243014635421,14.932437781847));
#4766 = CARTESIAN_POINT('',(5.651530458228,14.816102026456));
#4767 = CARTESIAN_POINT('',(6.051690134609,14.679025417259));
#4768 = CARTESIAN_POINT('',(6.441014091901,14.521129173834));
#4769 = CARTESIAN_POINT('',(6.817082726389,14.342405577372));
#4770 = CARTESIAN_POINT('',(7.177560689201,14.142907534112));
#4771 = CARTESIAN_POINT('',(7.520220130594,13.922720327505));
#4772 = CARTESIAN_POINT('',(7.842962899986,13.681915552447));
#4773 = CARTESIAN_POINT('',(8.143841704509,13.420487237847));
#4774 = CARTESIAN_POINT('',(8.421080223661,13.138270152516));
#4775 = CARTESIAN_POINT('',(8.908423317843,12.551494646446));
#4776 = CARTESIAN_POINT('',(9.123830985541,12.24713503724));
#4777 = CARTESIAN_POINT('',(9.318860516587,11.923831531854));
#4778 = CARTESIAN_POINT('',(9.493027918916,11.583838995051));
#4779 = CARTESIAN_POINT('',(9.645852067207,11.2295562146));
#4780 = CARTESIAN_POINT('',(9.77688129755,10.86349009166));
#4781 = CARTESIAN_POINT('',(9.885714408761,10.488224902206));
#4782 = CARTESIAN_POINT('',(9.972016066567,10.106396629247));
#4783 = CARTESIAN_POINT('',(10.03552661552,9.720672365338));
#4784 = CARTESIAN_POINT('',(10.076066293346,9.333734786779));
#4785 = CARTESIAN_POINT('',(10.093533852619,8.948271697459));
#4786 = CARTESIAN_POINT('',(10.087899585949,8.566970644519));
#4787 = CARTESIAN_POINT('',(10.023342156967,7.724883168051));
#4788 = CARTESIAN_POINT('',(9.951482712618,7.267321800795));
#4789 = CARTESIAN_POINT('',(9.843918525364,6.820492571424));
#4790 = CARTESIAN_POINT('',(9.700879371162,6.384908678382));
#4791 = CARTESIAN_POINT('',(9.522435577489,5.961030394554));
#4792 = CARTESIAN_POINT('',(9.308475181623,5.549344168367));
#4793 = CARTESIAN_POINT('',(9.058727284862,5.150426169439));
#4794 = CARTESIAN_POINT('',(8.772815519348,4.764987568917));
#4795 = CARTESIAN_POINT('',(8.450325541566,4.393898843364));
#4796 = CARTESIAN_POINT('',(8.090870469142,4.038190391752));
#4797 = CARTESIAN_POINT('',(7.694138175479,3.699026755077));
#4798 = CARTESIAN_POINT('',(7.25990435815,3.377651727686));
#4799 = CARTESIAN_POINT('',(6.567094645728,2.933771566662));
#4800 = CARTESIAN_POINT('',(6.33620646768,2.795302449542));
#4801 = CARTESIAN_POINT('',(6.097002412365,2.659753629994));
#4802 = CARTESIAN_POINT('',(5.851148852103,2.526885492446));
#4803 = CARTESIAN_POINT('',(5.600300103721,2.39638528986));
#4804 = CARTESIAN_POINT('',(5.346091965876,2.267886349027));
#4805 = CARTESIAN_POINT('',(5.090135572021,2.140980666297));
#4806 = CARTESIAN_POINT('',(4.834011557902,2.015224892874));
#4807 = CARTESIAN_POINT('',(4.579264544982,1.890139710751));
#4808 = CARTESIAN_POINT('',(4.327397938309,1.765202598142));
#4809 = CARTESIAN_POINT('',(4.079869040167,1.639833985452));
#4810 = CARTESIAN_POINT('',(3.838084478479,1.513376800975));
#4811 = CARTESIAN_POINT('',(3.368707422796,1.256762012746));
#4812 = CARTESIAN_POINT('',(3.141175503804,1.126583084831));
#4813 = CARTESIAN_POINT('',(2.921759802141,0.993880480258));
#4814 = CARTESIAN_POINT('',(2.712742027361,0.85736781756));
#4815 = CARTESIAN_POINT('',(2.514184150083,0.716614830982));
#4816 = CARTESIAN_POINT('',(2.327490471682,0.569848584067));
#4817 = CARTESIAN_POINT('',(2.154809566682,0.415056917058));
#4818 = CARTESIAN_POINT('',(1.996966471648,0.250771822941));
#4819 = CARTESIAN_POINT('',(1.854407342776,7.41160920772E-02));
#4820 = CARTESIAN_POINT('',(1.731082488739,-0.120666498138));
#4821 = CARTESIAN_POINT('',(1.636103604965,-0.337296969708));
#4822 = CARTESIAN_POINT('',(1.57820159023,-0.567926991768));
#4823 = CARTESIAN_POINT('',(1.530075508751,-1.174367358636));
#4824 = CARTESIAN_POINT('',(1.596004809123,-1.537845779113));
#4825 = CARTESIAN_POINT('',(1.73458777965,-1.869897114234));
#4826 = CARTESIAN_POINT('',(1.896912769106,-2.185429365518));
#4827 = CARTESIAN_POINT('',(2.105717909596,-2.51468732587));
#4828 = CARTESIAN_POINT('',(2.338460571821,-2.834317083316));
#4829 = CARTESIAN_POINT('',(2.590522204457,-3.15797048573));
#4830 = CARTESIAN_POINT('',(2.860850254548,-3.490741612553));
#4831 = CARTESIAN_POINT('',(3.133975981563,-3.816592602441));
#4832 = CARTESIAN_POINT('',(3.408409934434,-4.149754092006));
#4833 = CARTESIAN_POINT('',(3.673471428525,-4.479676234646));
#4834 = CARTESIAN_POINT('',(3.922376924842,-4.808053595664));
#4835 = CARTESIAN_POINT('',(4.442263904285,-5.555126297248));
#4836 = CARTESIAN_POINT('',(4.701968553466,-5.978777981489));
#4837 = CARTESIAN_POINT('',(4.927622137334,-6.402578635679));
#4838 = CARTESIAN_POINT('',(5.12050699633,-6.826915636509));
#4839 = CARTESIAN_POINT('',(5.281914460659,-7.252322169936));
#4840 = CARTESIAN_POINT('',(5.413074126802,-7.67948886356));
#4841 = CARTESIAN_POINT('',(5.515103359493,-8.109225894204));
#4842 = CARTESIAN_POINT('',(5.588978081354,-8.542394951989));
#4843 = CARTESIAN_POINT('',(5.635525911277,-8.979830448402));
#4844 = CARTESIAN_POINT('',(5.655442714196,-9.422269349897));
#4845 = CARTESIAN_POINT('',(5.649333623168,-9.870309023336));
#4846 = CARTESIAN_POINT('',(5.617779596235,-10.32441247643));
#4847 = CARTESIAN_POINT('',(5.510497985263,-11.20127706868));
#4848 = CARTESIAN_POINT('',(5.439497412358,-11.62130222367));
#4849 = CARTESIAN_POINT('',(5.34793935892,-12.0412011034));
#4850 = CARTESIAN_POINT('',(5.235456474415,-12.45727484717));
#4851 = CARTESIAN_POINT('',(5.10173946925,-12.86584453646));
#4852 = CARTESIAN_POINT('',(4.946541608375,-13.26321036757));
#4853 = CARTESIAN_POINT('',(4.769718414268,-13.6456824039));
#4854 = CARTESIAN_POINT('',(4.571269213445,-14.00965938227));
#4855 = CARTESIAN_POINT('',(4.351347162687,-14.35173204166));
#4856 = CARTESIAN_POINT('',(4.110204388565,-14.66878745034));
#4857 = CARTESIAN_POINT('',(3.848038876676,-14.95809079911));
#4858 = CARTESIAN_POINT('',(3.564709744388,-15.21732113609));
#4859 = CARTESIAN_POINT('',(2.903107088411,-15.70951506436));
#4860 = CARTESIAN_POINT('',(2.51082511224,-15.9354907304));
#4861 = CARTESIAN_POINT('',(2.085937865299,-16.12279487857));
#4862 = CARTESIAN_POINT('',(1.633071850945,-16.27113337175));
#4863 = CARTESIAN_POINT('',(1.157570189953,-16.38014470887));
#4864 = CARTESIAN_POINT('',(0.665193386266,-16.44970510672));
#4865 = CARTESIAN_POINT('',(0.161914906061,-16.48004281711));
#4866 = CARTESIAN_POINT('',(-0.34620800738,-16.4717229708));
#4867 = CARTESIAN_POINT('',(-0.853107859927,-16.42556424423));
#4868 = CARTESIAN_POINT('',(-1.352744352241,-16.34254863956));
#4869 = CARTESIAN_POINT('',(-1.839125321089,-16.22378567423));
#4870 = CARTESIAN_POINT('',(-2.306330754845,-16.07059227123));
#4871 = CARTESIAN_POINT('',(-3.18025739899,-15.70333247801));
#4872 = CARTESIAN_POINT('',(-3.591220839661,-15.48948057627));
#4873 = CARTESIAN_POINT('',(-3.982930532507,-15.24525801732));
#4874 = CARTESIAN_POINT('',(-4.356515343821,-14.97256847269));
#4875 = CARTESIAN_POINT('',(-4.712818952366,-14.67334681037));
#4876 = CARTESIAN_POINT('',(-5.052476602043,-14.34966374773));
#4877 = CARTESIAN_POINT('',(-5.37599440321,-14.00376276671));
#4878 = CARTESIAN_POINT('',(-5.683823675388,-13.63804851284));
#4879 = CARTESIAN_POINT('',(-5.976422824519,-13.25504588591));
#4880 = CARTESIAN_POINT('',(-6.254299247367,-12.85734904671));
#4881 = CARTESIAN_POINT('',(-6.518023756239,-12.44757954713));
#4882 = CARTESIAN_POINT('',(-6.768210016744,-12.02837280595));
#4883 = CARTESIAN_POINT('',(-7.241223964819,-11.17908902959));
#4884 = CARTESIAN_POINT('',(-7.463385581683,-10.75058489641));
#4885 = CARTESIAN_POINT('',(-7.671714902142,-10.31721710064));
#4886 = CARTESIAN_POINT('',(-7.865991323175,-9.879300160993));
#4887 = CARTESIAN_POINT('',(-8.045995078551,-9.437145756137));
#4888 = CARTESIAN_POINT('',(-8.211507239229,-8.991062724694));
#4889 = CARTESIAN_POINT('',(-8.362309712754,-8.541357065268));
#4890 = CARTESIAN_POINT('',(-8.498185244003,-8.08833193643));
#4891 = CARTESIAN_POINT('',(-8.618917414421,-7.632287656661));
#4892 = CARTESIAN_POINT('',(-8.724290642675,-7.173521704489));
#4893 = CARTESIAN_POINT('',(-8.814090184185,-6.712328718314));
#4894 = CARTESIAN_POINT('',(-8.888102131406,-6.249000496566));
#4895 = CARTESIAN_POINT('',(-9.019492526482,-5.195421627133));
#4896 = CARTESIAN_POINT('',(-9.067634603158,-4.601174559207));
#4897 = CARTESIAN_POINT('',(-9.093917969705,-4.001519878497));
#4898 = CARTESIAN_POINT('',(-9.101788668973,-3.397009769564));
#4899 = CARTESIAN_POINT('',(-9.094756291003,-2.788264202981));
#4900 = CARTESIAN_POINT('',(-9.076390675685,-2.175931241852));
#4901 = CARTESIAN_POINT('',(-9.050319487275,-1.560656968078));
#4902 = CARTESIAN_POINT('',(-9.020226661473,-0.943065029016));
#4903 = CARTESIAN_POINT('',(-8.989851724152,-0.323745804127));
#4904 = CARTESIAN_POINT('',(-8.962989982757,0.296744808402));
#4905 = CARTESIAN_POINT('',(-8.943493589389,0.917876984632));
#4906 = CARTESIAN_POINT('',(-8.935273476389,1.539128948106));
#4907 = CARTESIAN_POINT('',(-8.942302163852,2.159959322687));
#4908 = ( GEOMETRIC_REPRESENTATION_CONTEXT(2) 
PARAMETRIC_REPRESENTATION_CONTEXT() REPRESENTATION_CONTEXT('2D SPACE',''
  ) );
#4909 = ORIENTED_EDGE('',*,*,#4910,.T.);
#4910 = EDGE_CURVE('',#4309,#619,#4911,.T.);
#4911 = SURFACE_CURVE('',#4912,(#4935,#4961),.PCURVE_S1.);
#4912 = B_SPLINE_CURVE_WITH_KNOTS('',6,(#4913,#4914,#4915,#4916,#4917,
    #4918,#4919,#4920,#4921,#4922,#4923,#4924,#4925,#4926,#4927,#4928,
    #4929,#4930,#4931,#4932,#4933,#4934),.UNSPECIFIED.,.F.,.F.,(7,5,5,5,
    7),(0.,0.260080164303,0.512160078968,0.75613040212,1.),
  .UNSPECIFIED.);
#4913 = CARTESIAN_POINT('',(-3.732050807569,-7.075106883921,4.));
#4914 = CARTESIAN_POINT('',(-3.732050807569,-7.168672942633,4.));
#4915 = CARTESIAN_POINT('',(-3.733352342152,-7.267060574282,
    3.997745802143));
#4916 = CARTESIAN_POINT('',(-3.736102802355,-7.369557828056,
    3.992981231273));
#4917 = CARTESIAN_POINT('',(-3.740402716189,-7.475095912562,
    3.98548454503));
#4918 = CARTESIAN_POINT('',(-3.746240582004,-7.582211008281,
    3.975126235192));
#4919 = CARTESIAN_POINT('',(-3.760521099713,-7.793091749887,
    3.949093794525));
#4920 = CARTESIAN_POINT('',(-3.768878101848,-7.896858479019,
    3.933592906614));
#4921 = CARTESIAN_POINT('',(-3.778451825546,-7.999140154459,
    3.915403857339));
#4922 = CARTESIAN_POINT('',(-3.789031547886,-8.098338533921,
    3.89463818449));
#4923 = CARTESIAN_POINT('',(-3.800327101571,-8.192971688896,
    3.871544123326));
#4924 = CARTESIAN_POINT('',(-3.823389855695,-8.367926165701,
    3.822172561146));
#4925 = CARTESIAN_POINT('',(-3.835130037221,-8.448609649168,
    3.796021461485));
#4926 = CARTESIAN_POINT('',(-3.847002858217,-8.52287423849,
    3.768303058242));
#4927 = CARTESIAN_POINT('',(-3.858737447706,-8.589936815163,
    3.739396437379));
#4928 = CARTESIAN_POINT('',(-3.870117698561,-8.649420876736,
    3.709706788715));
#4929 = CARTESIAN_POINT('',(-3.891860073294,-8.753093186297,
    3.649529483698));
#4930 = CARTESIAN_POINT('',(-3.902222661184,-8.797288133515,
    3.619042177239));
#4931 = CARTESIAN_POINT('',(-3.911926028911,-8.833793207923,
    3.588527839458));
#4932 = CARTESIAN_POINT('',(-3.92088179251,-8.862876093591,
    3.558339294919));
#4933 = CARTESIAN_POINT('',(-3.929066158414,-8.88503123129,3.52875889473
    ));
#4934 = CARTESIAN_POINT('',(-3.936491673104,-8.900849319676,3.5));
#4935 = PCURVE('',#1208,#4936);
#4936 = DEFINITIONAL_REPRESENTATION('',(#4937),#4960);
#4937 = B_SPLINE_CURVE_WITH_KNOTS('',6,(#4938,#4939,#4940,#4941,#4942,
    #4943,#4944,#4945,#4946,#4947,#4948,#4949,#4950,#4951,#4952,#4953,
    #4954,#4955,#4956,#4957,#4958,#4959),.UNSPECIFIED.,.F.,.F.,(7,5,5,5,
    7),(0.,0.260080164303,0.512160078968,0.75613040212,1.),
  .UNSPECIFIED.);
#4938 = CARTESIAN_POINT('',(90.099773855045,78.536238079649));
#4939 = CARTESIAN_POINT('',(86.194778716557,78.443725936154));
#4940 = CARTESIAN_POINT('',(82.29012729163,78.34648130197));
#4941 = CARTESIAN_POINT('',(78.385793075984,78.245227431744));
#4942 = CARTESIAN_POINT('',(74.481709629871,78.141035124431));
#4943 = CARTESIAN_POINT('',(70.57776789845,78.035347505481));
#4944 = CARTESIAN_POINT('',(62.889992792788,77.82735656548));
#4945 = CARTESIAN_POINT('',(59.106163910506,77.725049736626));
#4946 = CARTESIAN_POINT('',(55.322226107381,77.624227892111));
#4947 = CARTESIAN_POINT('',(51.538059037311,77.526433075455));
#4948 = CARTESIAN_POINT('',(47.753565703586,77.433078824715));
#4949 = CARTESIAN_POINT('',(40.305574763544,77.260276089208));
#4950 = CARTESIAN_POINT('',(36.642100585127,77.180477141263));
#4951 = CARTESIAN_POINT('',(32.978229453171,77.10686813652));
#4952 = CARTESIAN_POINT('',(29.313953223933,77.040182327448));
#4953 = CARTESIAN_POINT('',(25.649301389991,76.980767202325));
#4954 = CARTESIAN_POINT('',(18.320885232826,76.876599779431));
#4955 = CARTESIAN_POINT('',(14.65711314034,76.831841052882));
#4956 = CARTESIAN_POINT('',(10.993079880494,76.794447039592));
#4957 = CARTESIAN_POINT('',(7.328845272223,76.76416179122));
#4958 = CARTESIAN_POINT('',(3.664467631226,76.740519924565));
#4959 = CARTESIAN_POINT('',(0.,76.722966695638));
#4960 = ( GEOMETRIC_REPRESENTATION_CONTEXT(2) 
PARAMETRIC_REPRESENTATION_CONTEXT() REPRESENTATION_CONTEXT('2D SPACE',''
  ) );
#4961 = PCURVE('',#2108,#4962);
#4962 = DEFINITIONAL_REPRESENTATION('',(#4963),#4986);
#4963 = B_SPLINE_CURVE_WITH_KNOTS('',6,(#4964,#4965,#4966,#4967,#4968,
    #4969,#4970,#4971,#4972,#4973,#4974,#4975,#4976,#4977,#4978,#4979,
    #4980,#4981,#4982,#4983,#4984,#4985),.UNSPECIFIED.,.F.,.F.,(7,5,5,5,
    7),(0.,0.260080164303,0.512160078968,0.75613040212,1.),
  .UNSPECIFIED.);
#4964 = CARTESIAN_POINT('',(0.523598775598,1.924893116079));
#4965 = CARTESIAN_POINT('',(0.523598775598,1.831327057367));
#4966 = CARTESIAN_POINT('',(0.522297295569,1.732939425718));
#4967 = CARTESIAN_POINT('',(0.51954656279,1.630442171944));
#4968 = CARTESIAN_POINT('',(0.51522541035,1.524904087438));
#4969 = CARTESIAN_POINT('',(0.509280736359,1.417788991719));
#4970 = CARTESIAN_POINT('',(0.494434683406,1.206908250113));
#4971 = CARTESIAN_POINT('',(0.485629854511,1.103141520981));
#4972 = CARTESIAN_POINT('',(0.475353267894,1.000859845541));
#4973 = CARTESIAN_POINT('',(0.463702539696,0.901661466079));
#4974 = CARTESIAN_POINT('',(0.45085037392,0.807028311104));
#4975 = CARTESIAN_POINT('',(0.423604081604,0.632073834299));
#4976 = CARTESIAN_POINT('',(0.4092729346,0.551390350832));
#4977 = CARTESIAN_POINT('',(0.394199429599,0.47712576151));
#4978 = CARTESIAN_POINT('',(0.378605086017,0.410063184837));
#4979 = CARTESIAN_POINT('',(0.362710047088,0.350579123264));
#4980 = CARTESIAN_POINT('',(0.33071770856,0.246906813703));
#4981 = CARTESIAN_POINT('',(0.314620483604,0.202711866485));
#4982 = CARTESIAN_POINT('',(0.298615202,0.166206792077));
#4983 = CARTESIAN_POINT('',(0.282874883034,0.137123906409));
#4984 = CARTESIAN_POINT('',(0.267531284521,0.11496876871));
#4985 = CARTESIAN_POINT('',(0.252680255142,9.915068032424E-02));
#4986 = ( GEOMETRIC_REPRESENTATION_CONTEXT(2) 
PARAMETRIC_REPRESENTATION_CONTEXT() REPRESENTATION_CONTEXT('2D SPACE',''
  ) );
#4987 = ADVANCED_FACE('',(#4988),#2108,.T.);
#4988 = FACE_BOUND('',#4989,.T.);
#4989 = EDGE_LOOP('',(#4990,#4991,#5013,#5034,#5058,#5081,#5105,#5126,
    #5150,#5173,#5197,#5218,#5242,#5263,#5264,#5265,#5284));
#4990 = ORIENTED_EDGE('',*,*,#2086,.T.);
#4991 = ORIENTED_EDGE('',*,*,#4992,.T.);
#4992 = EDGE_CURVE('',#2087,#4993,#4995,.T.);
#4993 = VERTEX_POINT('',#4994);
#4994 = CARTESIAN_POINT('',(-3.322875655532,-9.,4.5));
#4995 = SURFACE_CURVE('',#4996,(#5001,#5007),.PCURVE_S1.);
#4996 = CIRCLE('',#4997,2.);
#4997 = AXIS2_PLACEMENT_3D('',#4998,#4999,#5000);
#4998 = CARTESIAN_POINT('',(-2.,-9.,3.));
#4999 = DIRECTION('',(1.110223024625E-16,1.,0.));
#5000 = DIRECTION('',(-1.,1.110223024625E-16,0.));
#5001 = PCURVE('',#2108,#5002);
#5002 = DEFINITIONAL_REPRESENTATION('',(#5003),#5006);
#5003 = B_SPLINE_CURVE_WITH_KNOTS('',1,(#5004,#5005),.UNSPECIFIED.,.F.,
  .F.,(2,2),(0.,1.570796326795),.PIECEWISE_BEZIER_KNOTS.);
#5004 = CARTESIAN_POINT('',(0.,0.));
#5005 = CARTESIAN_POINT('',(1.570796326795,0.));
#5006 = ( GEOMETRIC_REPRESENTATION_CONTEXT(2) 
PARAMETRIC_REPRESENTATION_CONTEXT() REPRESENTATION_CONTEXT('2D SPACE',''
  ) );
#5007 = PCURVE('',#2145,#5008);
#5008 = DEFINITIONAL_REPRESENTATION('',(#5009),#5012);
#5009 = B_SPLINE_CURVE_WITH_KNOTS('',1,(#5010,#5011),.UNSPECIFIED.,.F.,
  .F.,(2,2),(0.,1.570796326795),.PIECEWISE_BEZIER_KNOTS.);
#5010 = CARTESIAN_POINT('',(-3.14159265359,0.));
#5011 = CARTESIAN_POINT('',(-3.14159265359,1.570796326795));
#5012 = ( GEOMETRIC_REPRESENTATION_CONTEXT(2) 
PARAMETRIC_REPRESENTATION_CONTEXT() REPRESENTATION_CONTEXT('2D SPACE',''
  ) );
#5013 = ORIENTED_EDGE('',*,*,#5014,.T.);
#5014 = EDGE_CURVE('',#4993,#5015,#5017,.T.);
#5015 = VERTEX_POINT('',#5016);
#5016 = CARTESIAN_POINT('',(-3.322875655532,-8.7,4.5));
#5017 = SURFACE_CURVE('',#5018,(#5022,#5028),.PCURVE_S1.);
#5018 = LINE('',#5019,#5020);
#5019 = CARTESIAN_POINT('',(-3.322875655532,-9.,4.5));
#5020 = VECTOR('',#5021,1.);
#5021 = DIRECTION('',(1.110223024625E-16,1.,0.));
#5022 = PCURVE('',#2108,#5023);
#5023 = DEFINITIONAL_REPRESENTATION('',(#5024),#5027);
#5024 = B_SPLINE_CURVE_WITH_KNOTS('',1,(#5025,#5026),.UNSPECIFIED.,.F.,
  .F.,(2,2),(-5.999999999062E-07,0.36),.PIECEWISE_BEZIER_KNOTS.);
#5025 = CARTESIAN_POINT('',(0.848062078981,-6.000000000531E-07));
#5026 = CARTESIAN_POINT('',(0.848062078981,0.36));
#5027 = ( GEOMETRIC_REPRESENTATION_CONTEXT(2) 
PARAMETRIC_REPRESENTATION_CONTEXT() REPRESENTATION_CONTEXT('2D SPACE',''
  ) );
#5028 = PCURVE('',#2810,#5029);
#5029 = DEFINITIONAL_REPRESENTATION('',(#5030),#5033);
#5030 = B_SPLINE_CURVE_WITH_KNOTS('',1,(#5031,#5032),.UNSPECIFIED.,.F.,
  .F.,(2,2),(-5.999999999062E-07,0.36),.PIECEWISE_BEZIER_KNOTS.);
#5031 = CARTESIAN_POINT('',(1.677124344468,0.2999994));
#5032 = CARTESIAN_POINT('',(1.677124344468,0.66));
#5033 = ( GEOMETRIC_REPRESENTATION_CONTEXT(2) 
PARAMETRIC_REPRESENTATION_CONTEXT() REPRESENTATION_CONTEXT('2D SPACE',''
  ) );
#5034 = ORIENTED_EDGE('',*,*,#5035,.T.);
#5035 = EDGE_CURVE('',#5015,#5036,#5038,.T.);
#5036 = VERTEX_POINT('',#5037);
#5037 = CARTESIAN_POINT('',(-2.,-8.7,5.));
#5038 = SURFACE_CURVE('',#5039,(#5044,#5051),.PCURVE_S1.);
#5039 = CIRCLE('',#5040,2.);
#5040 = AXIS2_PLACEMENT_3D('',#5041,#5042,#5043);
#5041 = CARTESIAN_POINT('',(-2.,-8.7,3.));
#5042 = DIRECTION('',(1.110223024625E-16,1.,0.));
#5043 = DIRECTION('',(-1.,1.110223024625E-16,0.));
#5044 = PCURVE('',#2108,#5045);
#5045 = DEFINITIONAL_REPRESENTATION('',(#5046),#5050);
#5046 = LINE('',#5047,#5048);
#5047 = CARTESIAN_POINT('',(0.,0.3));
#5048 = VECTOR('',#5049,1.);
#5049 = DIRECTION('',(1.,0.));
#5050 = ( GEOMETRIC_REPRESENTATION_CONTEXT(2) 
PARAMETRIC_REPRESENTATION_CONTEXT() REPRESENTATION_CONTEXT('2D SPACE',''
  ) );
#5051 = PCURVE('',#2784,#5052);
#5052 = DEFINITIONAL_REPRESENTATION('',(#5053),#5057);
#5053 = CIRCLE('',#5054,2.);
#5054 = AXIS2_PLACEMENT_2D('',#5055,#5056);
#5055 = CARTESIAN_POINT('',(-1.5,3.));
#5056 = DIRECTION('',(0.,-1.));
#5057 = ( GEOMETRIC_REPRESENTATION_CONTEXT(2) 
PARAMETRIC_REPRESENTATION_CONTEXT() REPRESENTATION_CONTEXT('2D SPACE',''
  ) );
#5058 = ORIENTED_EDGE('',*,*,#5059,.T.);
#5059 = EDGE_CURVE('',#5036,#5060,#5062,.T.);
#5060 = VERTEX_POINT('',#5061);
#5061 = CARTESIAN_POINT('',(-2.,-6.3,5.));
#5062 = SURFACE_CURVE('',#5063,(#5067,#5074),.PCURVE_S1.);
#5063 = LINE('',#5064,#5065);
#5064 = CARTESIAN_POINT('',(-2.,-9.,5.));
#5065 = VECTOR('',#5066,1.);
#5066 = DIRECTION('',(1.110223024625E-16,1.,0.));
#5067 = PCURVE('',#2108,#5068);
#5068 = DEFINITIONAL_REPRESENTATION('',(#5069),#5073);
#5069 = LINE('',#5070,#5071);
#5070 = CARTESIAN_POINT('',(1.570796326795,0.));
#5071 = VECTOR('',#5072,1.);
#5072 = DIRECTION('',(0.,1.));
#5073 = ( GEOMETRIC_REPRESENTATION_CONTEXT(2) 
PARAMETRIC_REPRESENTATION_CONTEXT() REPRESENTATION_CONTEXT('2D SPACE',''
  ) );
#5074 = PCURVE('',#2758,#5075);
#5075 = DEFINITIONAL_REPRESENTATION('',(#5076),#5080);
#5076 = LINE('',#5077,#5078);
#5077 = CARTESIAN_POINT('',(2.,-9.5));
#5078 = VECTOR('',#5079,1.);
#5079 = DIRECTION('',(-1.110223024625E-16,1.));
#5080 = ( GEOMETRIC_REPRESENTATION_CONTEXT(2) 
PARAMETRIC_REPRESENTATION_CONTEXT() REPRESENTATION_CONTEXT('2D SPACE',''
  ) );
#5081 = ORIENTED_EDGE('',*,*,#5082,.F.);
#5082 = EDGE_CURVE('',#5083,#5060,#5085,.T.);
#5083 = VERTEX_POINT('',#5084);
#5084 = CARTESIAN_POINT('',(-3.322875655532,-6.3,4.5));
#5085 = SURFACE_CURVE('',#5086,(#5091,#5098),.PCURVE_S1.);
#5086 = CIRCLE('',#5087,2.);
#5087 = AXIS2_PLACEMENT_3D('',#5088,#5089,#5090);
#5088 = CARTESIAN_POINT('',(-2.,-6.3,3.));
#5089 = DIRECTION('',(1.110223024625E-16,1.,0.));
#5090 = DIRECTION('',(-1.,1.110223024625E-16,0.));
#5091 = PCURVE('',#2108,#5092);
#5092 = DEFINITIONAL_REPRESENTATION('',(#5093),#5097);
#5093 = LINE('',#5094,#5095);
#5094 = CARTESIAN_POINT('',(0.,2.7));
#5095 = VECTOR('',#5096,1.);
#5096 = DIRECTION('',(1.,0.));
#5097 = ( GEOMETRIC_REPRESENTATION_CONTEXT(2) 
PARAMETRIC_REPRESENTATION_CONTEXT() REPRESENTATION_CONTEXT('2D SPACE',''
  ) );
#5098 = PCURVE('',#2732,#5099);
#5099 = DEFINITIONAL_REPRESENTATION('',(#5100),#5104);
#5100 = CIRCLE('',#5101,2.);
#5101 = AXIS2_PLACEMENT_2D('',#5102,#5103);
#5102 = CARTESIAN_POINT('',(-1.5,3.));
#5103 = DIRECTION('',(0.,-1.));
#5104 = ( GEOMETRIC_REPRESENTATION_CONTEXT(2) 
PARAMETRIC_REPRESENTATION_CONTEXT() REPRESENTATION_CONTEXT('2D SPACE',''
  ) );
#5105 = ORIENTED_EDGE('',*,*,#5106,.T.);
#5106 = EDGE_CURVE('',#5083,#5107,#5109,.T.);
#5107 = VERTEX_POINT('',#5108);
#5108 = CARTESIAN_POINT('',(-3.322875655532,-5.7,4.5));
#5109 = SURFACE_CURVE('',#5110,(#5114,#5120),.PCURVE_S1.);
#5110 = LINE('',#5111,#5112);
#5111 = CARTESIAN_POINT('',(-3.322875655532,-9.,4.5));
#5112 = VECTOR('',#5113,1.);
#5113 = DIRECTION('',(1.110223024625E-16,1.,0.));
#5114 = PCURVE('',#2108,#5115);
#5115 = DEFINITIONAL_REPRESENTATION('',(#5116),#5119);
#5116 = B_SPLINE_CURVE_WITH_KNOTS('',1,(#5117,#5118),.UNSPECIFIED.,.F.,
  .F.,(2,2),(2.64,3.36),.PIECEWISE_BEZIER_KNOTS.);
#5117 = CARTESIAN_POINT('',(0.848062078981,2.64));
#5118 = CARTESIAN_POINT('',(0.848062078981,3.36));
#5119 = ( GEOMETRIC_REPRESENTATION_CONTEXT(2) 
PARAMETRIC_REPRESENTATION_CONTEXT() REPRESENTATION_CONTEXT('2D SPACE',''
  ) );
#5120 = PCURVE('',#2706,#5121);
#5121 = DEFINITIONAL_REPRESENTATION('',(#5122),#5125);
#5122 = B_SPLINE_CURVE_WITH_KNOTS('',1,(#5123,#5124),.UNSPECIFIED.,.F.,
  .F.,(2,2),(2.64,3.36),.PIECEWISE_BEZIER_KNOTS.);
#5123 = CARTESIAN_POINT('',(1.677124344468,-6.E-02));
#5124 = CARTESIAN_POINT('',(1.677124344468,0.66));
#5125 = ( GEOMETRIC_REPRESENTATION_CONTEXT(2) 
PARAMETRIC_REPRESENTATION_CONTEXT() REPRESENTATION_CONTEXT('2D SPACE',''
  ) );
#5126 = ORIENTED_EDGE('',*,*,#5127,.T.);
#5127 = EDGE_CURVE('',#5107,#5128,#5130,.T.);
#5128 = VERTEX_POINT('',#5129);
#5129 = CARTESIAN_POINT('',(-2.,-5.7,5.));
#5130 = SURFACE_CURVE('',#5131,(#5136,#5143),.PCURVE_S1.);
#5131 = CIRCLE('',#5132,2.);
#5132 = AXIS2_PLACEMENT_3D('',#5133,#5134,#5135);
#5133 = CARTESIAN_POINT('',(-2.,-5.7,3.));
#5134 = DIRECTION('',(1.110223024625E-16,1.,0.));
#5135 = DIRECTION('',(-1.,1.110223024625E-16,0.));
#5136 = PCURVE('',#2108,#5137);
#5137 = DEFINITIONAL_REPRESENTATION('',(#5138),#5142);
#5138 = LINE('',#5139,#5140);
#5139 = CARTESIAN_POINT('',(0.,3.3));
#5140 = VECTOR('',#5141,1.);
#5141 = DIRECTION('',(1.,0.));
#5142 = ( GEOMETRIC_REPRESENTATION_CONTEXT(2) 
PARAMETRIC_REPRESENTATION_CONTEXT() REPRESENTATION_CONTEXT('2D SPACE',''
  ) );
#5143 = PCURVE('',#2680,#5144);
#5144 = DEFINITIONAL_REPRESENTATION('',(#5145),#5149);
#5145 = CIRCLE('',#5146,2.);
#5146 = AXIS2_PLACEMENT_2D('',#5147,#5148);
#5147 = CARTESIAN_POINT('',(-1.5,3.));
#5148 = DIRECTION('',(0.,-1.));
#5149 = ( GEOMETRIC_REPRESENTATION_CONTEXT(2) 
PARAMETRIC_REPRESENTATION_CONTEXT() REPRESENTATION_CONTEXT('2D SPACE',''
  ) );
#5150 = ORIENTED_EDGE('',*,*,#5151,.T.);
#5151 = EDGE_CURVE('',#5128,#5152,#5154,.T.);
#5152 = VERTEX_POINT('',#5153);
#5153 = CARTESIAN_POINT('',(-2.,-3.3,5.));
#5154 = SURFACE_CURVE('',#5155,(#5159,#5166),.PCURVE_S1.);
#5155 = LINE('',#5156,#5157);
#5156 = CARTESIAN_POINT('',(-2.,-9.,5.));
#5157 = VECTOR('',#5158,1.);
#5158 = DIRECTION('',(1.110223024625E-16,1.,0.));
#5159 = PCURVE('',#2108,#5160);
#5160 = DEFINITIONAL_REPRESENTATION('',(#5161),#5165);
#5161 = LINE('',#5162,#5163);
#5162 = CARTESIAN_POINT('',(1.570796326795,0.));
#5163 = VECTOR('',#5164,1.);
#5164 = DIRECTION('',(0.,1.));
#5165 = ( GEOMETRIC_REPRESENTATION_CONTEXT(2) 
PARAMETRIC_REPRESENTATION_CONTEXT() REPRESENTATION_CONTEXT('2D SPACE',''
  ) );
#5166 = PCURVE('',#2654,#5167);
#5167 = DEFINITIONAL_REPRESENTATION('',(#5168),#5172);
#5168 = LINE('',#5169,#5170);
#5169 = CARTESIAN_POINT('',(2.,-9.5));
#5170 = VECTOR('',#5171,1.);
#5171 = DIRECTION('',(-1.110223024625E-16,1.));
#5172 = ( GEOMETRIC_REPRESENTATION_CONTEXT(2) 
PARAMETRIC_REPRESENTATION_CONTEXT() REPRESENTATION_CONTEXT('2D SPACE',''
  ) );
#5173 = ORIENTED_EDGE('',*,*,#5174,.F.);
#5174 = EDGE_CURVE('',#5175,#5152,#5177,.T.);
#5175 = VERTEX_POINT('',#5176);
#5176 = CARTESIAN_POINT('',(-3.322875655532,-3.3,4.5));
#5177 = SURFACE_CURVE('',#5178,(#5183,#5190),.PCURVE_S1.);
#5178 = CIRCLE('',#5179,2.);
#5179 = AXIS2_PLACEMENT_3D('',#5180,#5181,#5182);
#5180 = CARTESIAN_POINT('',(-2.,-3.3,3.));
#5181 = DIRECTION('',(1.110223024625E-16,1.,0.));
#5182 = DIRECTION('',(-1.,1.110223024625E-16,0.));
#5183 = PCURVE('',#2108,#5184);
#5184 = DEFINITIONAL_REPRESENTATION('',(#5185),#5189);
#5185 = LINE('',#5186,#5187);
#5186 = CARTESIAN_POINT('',(0.,5.7));
#5187 = VECTOR('',#5188,1.);
#5188 = DIRECTION('',(1.,0.));
#5189 = ( GEOMETRIC_REPRESENTATION_CONTEXT(2) 
PARAMETRIC_REPRESENTATION_CONTEXT() REPRESENTATION_CONTEXT('2D SPACE',''
  ) );
#5190 = PCURVE('',#2628,#5191);
#5191 = DEFINITIONAL_REPRESENTATION('',(#5192),#5196);
#5192 = CIRCLE('',#5193,2.);
#5193 = AXIS2_PLACEMENT_2D('',#5194,#5195);
#5194 = CARTESIAN_POINT('',(-1.5,3.));
#5195 = DIRECTION('',(0.,-1.));
#5196 = ( GEOMETRIC_REPRESENTATION_CONTEXT(2) 
PARAMETRIC_REPRESENTATION_CONTEXT() REPRESENTATION_CONTEXT('2D SPACE',''
  ) );
#5197 = ORIENTED_EDGE('',*,*,#5198,.T.);
#5198 = EDGE_CURVE('',#5175,#5199,#5201,.T.);
#5199 = VERTEX_POINT('',#5200);
#5200 = CARTESIAN_POINT('',(-3.322875655532,-2.7,4.5));
#5201 = SURFACE_CURVE('',#5202,(#5206,#5212),.PCURVE_S1.);
#5202 = LINE('',#5203,#5204);
#5203 = CARTESIAN_POINT('',(-3.322875655532,-9.,4.5));
#5204 = VECTOR('',#5205,1.);
#5205 = DIRECTION('',(1.110223024625E-16,1.,0.));
#5206 = PCURVE('',#2108,#5207);
#5207 = DEFINITIONAL_REPRESENTATION('',(#5208),#5211);
#5208 = B_SPLINE_CURVE_WITH_KNOTS('',1,(#5209,#5210),.UNSPECIFIED.,.F.,
  .F.,(2,2),(5.64,6.36),.PIECEWISE_BEZIER_KNOTS.);
#5209 = CARTESIAN_POINT('',(0.848062078981,5.64));
#5210 = CARTESIAN_POINT('',(0.848062078981,6.36));
#5211 = ( GEOMETRIC_REPRESENTATION_CONTEXT(2) 
PARAMETRIC_REPRESENTATION_CONTEXT() REPRESENTATION_CONTEXT('2D SPACE',''
  ) );
#5212 = PCURVE('',#2602,#5213);
#5213 = DEFINITIONAL_REPRESENTATION('',(#5214),#5217);
#5214 = B_SPLINE_CURVE_WITH_KNOTS('',1,(#5215,#5216),.UNSPECIFIED.,.F.,
  .F.,(2,2),(5.64,6.36),.PIECEWISE_BEZIER_KNOTS.);
#5215 = CARTESIAN_POINT('',(1.677124344468,-6.E-02));
#5216 = CARTESIAN_POINT('',(1.677124344468,0.66));
#5217 = ( GEOMETRIC_REPRESENTATION_CONTEXT(2) 
PARAMETRIC_REPRESENTATION_CONTEXT() REPRESENTATION_CONTEXT('2D SPACE',''
  ) );
#5218 = ORIENTED_EDGE('',*,*,#5219,.T.);
#5219 = EDGE_CURVE('',#5199,#5220,#5222,.T.);
#5220 = VERTEX_POINT('',#5221);
#5221 = CARTESIAN_POINT('',(-2.,-2.7,5.));
#5222 = SURFACE_CURVE('',#5223,(#5228,#5235),.PCURVE_S1.);
#5223 = CIRCLE('',#5224,2.);
#5224 = AXIS2_PLACEMENT_3D('',#5225,#5226,#5227);
#5225 = CARTESIAN_POINT('',(-2.,-2.7,3.));
#5226 = DIRECTION('',(1.110223024625E-16,1.,0.));
#5227 = DIRECTION('',(-1.,1.110223024625E-16,0.));
#5228 = PCURVE('',#2108,#5229);
#5229 = DEFINITIONAL_REPRESENTATION('',(#5230),#5234);
#5230 = LINE('',#5231,#5232);
#5231 = CARTESIAN_POINT('',(0.,6.3));
#5232 = VECTOR('',#5233,1.);
#5233 = DIRECTION('',(1.,0.));
#5234 = ( GEOMETRIC_REPRESENTATION_CONTEXT(2) 
PARAMETRIC_REPRESENTATION_CONTEXT() REPRESENTATION_CONTEXT('2D SPACE',''
  ) );
#5235 = PCURVE('',#2576,#5236);
#5236 = DEFINITIONAL_REPRESENTATION('',(#5237),#5241);
#5237 = CIRCLE('',#5238,2.);
#5238 = AXIS2_PLACEMENT_2D('',#5239,#5240);
#5239 = CARTESIAN_POINT('',(-1.5,3.));
#5240 = DIRECTION('',(0.,-1.));
#5241 = ( GEOMETRIC_REPRESENTATION_CONTEXT(2) 
PARAMETRIC_REPRESENTATION_CONTEXT() REPRESENTATION_CONTEXT('2D SPACE',''
  ) );
#5242 = ORIENTED_EDGE('',*,*,#5243,.T.);
#5243 = EDGE_CURVE('',#5220,#3647,#5244,.T.);
#5244 = SURFACE_CURVE('',#5245,(#5249,#5256),.PCURVE_S1.);
#5245 = LINE('',#5246,#5247);
#5246 = CARTESIAN_POINT('',(-2.,-9.,5.));
#5247 = VECTOR('',#5248,1.);
#5248 = DIRECTION('',(1.110223024625E-16,1.,0.));
#5249 = PCURVE('',#2108,#5250);
#5250 = DEFINITIONAL_REPRESENTATION('',(#5251),#5255);
#5251 = LINE('',#5252,#5253);
#5252 = CARTESIAN_POINT('',(1.570796326795,0.));
#5253 = VECTOR('',#5254,1.);
#5254 = DIRECTION('',(0.,1.));
#5255 = ( GEOMETRIC_REPRESENTATION_CONTEXT(2) 
PARAMETRIC_REPRESENTATION_CONTEXT() REPRESENTATION_CONTEXT('2D SPACE',''
  ) );
#5256 = PCURVE('',#2550,#5257);
#5257 = DEFINITIONAL_REPRESENTATION('',(#5258),#5262);
#5258 = LINE('',#5259,#5260);
#5259 = CARTESIAN_POINT('',(2.,-9.5));
#5260 = VECTOR('',#5261,1.);
#5261 = DIRECTION('',(-1.110223024625E-16,1.));
#5262 = ( GEOMETRIC_REPRESENTATION_CONTEXT(2) 
PARAMETRIC_REPRESENTATION_CONTEXT() REPRESENTATION_CONTEXT('2D SPACE',''
  ) );
#5263 = ORIENTED_EDGE('',*,*,#3670,.F.);
#5264 = ORIENTED_EDGE('',*,*,#4198,.F.);
#5265 = ORIENTED_EDGE('',*,*,#5266,.F.);
#5266 = EDGE_CURVE('',#4309,#4199,#5267,.T.);
#5267 = SURFACE_CURVE('',#5268,(#5272,#5278),.PCURVE_S1.);
#5268 = LINE('',#5269,#5270);
#5269 = CARTESIAN_POINT('',(-3.732050807569,-9.,4.));
#5270 = VECTOR('',#5271,1.);
#5271 = DIRECTION('',(1.110223024625E-16,1.,0.));
#5272 = PCURVE('',#2108,#5273);
#5273 = DEFINITIONAL_REPRESENTATION('',(#5274),#5277);
#5274 = B_SPLINE_CURVE_WITH_KNOTS('',1,(#5275,#5276),.UNSPECIFIED.,.F.,
  .F.,(2,2),(-5.999999999062E-07,19.0000006),.PIECEWISE_BEZIER_KNOTS.);
#5275 = CARTESIAN_POINT('',(0.523598775598,-6.000000000985E-07));
#5276 = CARTESIAN_POINT('',(0.523598775598,19.0000006));
#5277 = ( GEOMETRIC_REPRESENTATION_CONTEXT(2) 
PARAMETRIC_REPRESENTATION_CONTEXT() REPRESENTATION_CONTEXT('2D SPACE',''
  ) );
#5278 = PCURVE('',#4611,#5279);
#5279 = DEFINITIONAL_REPRESENTATION('',(#5280),#5283);
#5280 = B_SPLINE_CURVE_WITH_KNOTS('',1,(#5281,#5282),.UNSPECIFIED.,.F.,
  .F.,(2,2),(-5.999999999062E-07,19.0000006),.PIECEWISE_BEZIER_KNOTS.);
#5281 = CARTESIAN_POINT('',(-8.21021931567,-10.84570162943));
#5282 = CARTESIAN_POINT('',(-8.21021931567,8.154299570565));
#5283 = ( GEOMETRIC_REPRESENTATION_CONTEXT(2) 
PARAMETRIC_REPRESENTATION_CONTEXT() REPRESENTATION_CONTEXT('2D SPACE',''
  ) );
#5284 = ORIENTED_EDGE('',*,*,#4910,.T.);
#5285 = ADVANCED_FACE('',(#5286),#2145,.T.);
#5286 = FACE_BOUND('',#5287,.F.);
#5287 = EDGE_LOOP('',(#5288,#5340,#5362,#5363,#5364,#5365,#5366));
#5288 = ORIENTED_EDGE('',*,*,#5289,.T.);
#5289 = EDGE_CURVE('',#5290,#5292,#5294,.T.);
#5290 = VERTEX_POINT('',#5291);
#5291 = CARTESIAN_POINT('',(-3.309305459176,-9.3,4.5));
#5292 = VERTEX_POINT('',#5293);
#5293 = CARTESIAN_POINT('',(-1.977371993329,-9.3,5.));
#5294 = SURFACE_CURVE('',#5295,(#5308,#5324),.PCURVE_S1.);
#5295 = B_SPLINE_CURVE_WITH_KNOTS('',6,(#5296,#5297,#5298,#5299,#5300,
    #5301,#5302,#5303,#5304,#5305,#5306,#5307),.UNSPECIFIED.,.F.,.F.,(7,
    5,7),(0.,0.630104661509,1.),.UNSPECIFIED.);
#5296 = CARTESIAN_POINT('',(-3.364147875106,-9.3,4.45));
#5297 = CARTESIAN_POINT('',(-3.247591095586,-9.3,4.560291093047));
#5298 = CARTESIAN_POINT('',(-3.12040132401,-9.3,4.659386079237));
#5299 = CARTESIAN_POINT('',(-2.983963181355,-9.3,4.745987041239));
#5300 = CARTESIAN_POINT('',(-2.839834349975,-9.3,4.819085887502));
#5301 = CARTESIAN_POINT('',(-2.689695416772,-9.3,4.877912025701));
#5302 = CARTESIAN_POINT('',(-2.444774872858,-9.3,4.947899444196));
#5303 = CARTESIAN_POINT('',(-2.352729758513,-9.3,4.968714420709));
#5304 = CARTESIAN_POINT('',(-2.259597725388,-9.3,4.984365236561));
#5305 = CARTESIAN_POINT('',(-2.16574642685,-9.3,4.994798244094));
#5306 = CARTESIAN_POINT('',(-2.071546811535,-9.3,5.));
#5307 = CARTESIAN_POINT('',(-1.977371993329,-9.3,5.));
#5308 = PCURVE('',#2145,#5309);
#5309 = DEFINITIONAL_REPRESENTATION('',(#5310),#5323);
#5310 = B_SPLINE_CURVE_WITH_KNOTS('',6,(#5311,#5312,#5313,#5314,#5315,
    #5316,#5317,#5318,#5319,#5320,#5321,#5322),.UNSPECIFIED.,.F.,.F.,(7,
    5,7),(0.,0.630104661509,1.),.UNSPECIFIED.);
#5311 = CARTESIAN_POINT('',(-3.052652287482,0.811034394288));
#5312 = CARTESIAN_POINT('',(-3.049587017995,0.891100655402));
#5313 = CARTESIAN_POINT('',(-3.045989169686,0.971136537297));
#5314 = CARTESIAN_POINT('',(-3.041770137545,1.051113167921));
#5315 = CARTESIAN_POINT('',(-3.036804315762,1.131028849101));
#5316 = CARTESIAN_POINT('',(-3.03091729603,1.210878923768));
#5317 = CARTESIAN_POINT('',(-3.019644661273,1.337425399053));
#5318 = CARTESIAN_POINT('',(-3.015055742126,1.384199346272));
#5319 = CARTESIAN_POINT('',(-3.009986710494,1.430931211933));
#5320 = CARTESIAN_POINT('',(-3.004363484104,1.477614910208));
#5321 = CARTESIAN_POINT('',(-2.998087492179,1.524241664795));
#5322 = CARTESIAN_POINT('',(-2.991024380813,1.570796326795));
#5323 = ( GEOMETRIC_REPRESENTATION_CONTEXT(2) 
PARAMETRIC_REPRESENTATION_CONTEXT() REPRESENTATION_CONTEXT('2D SPACE',''
  ) );
#5324 = PCURVE('',#2836,#5325);
#5325 = DEFINITIONAL_REPRESENTATION('',(#5326),#5339);
#5326 = B_SPLINE_CURVE_WITH_KNOTS('',6,(#5327,#5328,#5329,#5330,#5331,
    #5332,#5333,#5334,#5335,#5336,#5337,#5338),.UNSPECIFIED.,.F.,.F.,(7,
    5,7),(0.,0.630104661509,1.),.UNSPECIFIED.);
#5327 = CARTESIAN_POINT('',(-5.E-02,1.635852124894));
#5328 = CARTESIAN_POINT('',(6.029109304707E-02,1.752408904414));
#5329 = CARTESIAN_POINT('',(0.159386079237,1.87959867599));
#5330 = CARTESIAN_POINT('',(0.245987041239,2.016036818645));
#5331 = CARTESIAN_POINT('',(0.319085887502,2.160165650025));
#5332 = CARTESIAN_POINT('',(0.377912025701,2.310304583228));
#5333 = CARTESIAN_POINT('',(0.447899444196,2.555225127142));
#5334 = CARTESIAN_POINT('',(0.468714420709,2.647270241487));
#5335 = CARTESIAN_POINT('',(0.484365236561,2.740402274612));
#5336 = CARTESIAN_POINT('',(0.494798244094,2.83425357315));
#5337 = CARTESIAN_POINT('',(0.5,2.928453188465));
#5338 = CARTESIAN_POINT('',(0.5,3.022628006671));
#5339 = ( GEOMETRIC_REPRESENTATION_CONTEXT(2) 
PARAMETRIC_REPRESENTATION_CONTEXT() REPRESENTATION_CONTEXT('2D SPACE',''
  ) );
#5340 = ORIENTED_EDGE('',*,*,#5341,.F.);
#5341 = EDGE_CURVE('',#2848,#5292,#5342,.T.);
#5342 = SURFACE_CURVE('',#5343,(#5348,#5355),.PCURVE_S1.);
#5343 = CIRCLE('',#5344,2.);
#5344 = AXIS2_PLACEMENT_3D('',#5345,#5346,#5347);
#5345 = CARTESIAN_POINT('',(-1.498801083244E-15,-9.,5.));
#5346 = DIRECTION('',(0.,0.,-1.));
#5347 = DIRECTION('',(1.,0.,0.));
#5348 = PCURVE('',#2145,#5349);
#5349 = DEFINITIONAL_REPRESENTATION('',(#5350),#5354);
#5350 = LINE('',#5351,#5352);
#5351 = CARTESIAN_POINT('',(-0.,1.570796326795));
#5352 = VECTOR('',#5353,1.);
#5353 = DIRECTION('',(-1.,0.));
#5354 = ( GEOMETRIC_REPRESENTATION_CONTEXT(2) 
PARAMETRIC_REPRESENTATION_CONTEXT() REPRESENTATION_CONTEXT('2D SPACE',''
  ) );
#5355 = PCURVE('',#2862,#5356);
#5356 = DEFINITIONAL_REPRESENTATION('',(#5357),#5361);
#5357 = CIRCLE('',#5358,2.);
#5358 = AXIS2_PLACEMENT_2D('',#5359,#5360);
#5359 = CARTESIAN_POINT('',(1.126339165305E-15,-9.5));
#5360 = DIRECTION('',(-1.,0.));
#5361 = ( GEOMETRIC_REPRESENTATION_CONTEXT(2) 
PARAMETRIC_REPRESENTATION_CONTEXT() REPRESENTATION_CONTEXT('2D SPACE',''
  ) );
#5362 = ORIENTED_EDGE('',*,*,#2873,.F.);
#5363 = ORIENTED_EDGE('',*,*,#3093,.T.);
#5364 = ORIENTED_EDGE('',*,*,#2123,.T.);
#5365 = ORIENTED_EDGE('',*,*,#4992,.T.);
#5366 = ORIENTED_EDGE('',*,*,#5367,.T.);
#5367 = EDGE_CURVE('',#4993,#5290,#5368,.T.);
#5368 = SURFACE_CURVE('',#5369,(#5375,#5384),.PCURVE_S1.);
#5369 = B_SPLINE_CURVE_WITH_KNOTS('',4,(#5370,#5371,#5372,#5373,#5374),
  .UNSPECIFIED.,.F.,.F.,(5,5),(0.,1.),.PIECEWISE_BEZIER_KNOTS.);
#5370 = CARTESIAN_POINT('',(-3.322875655532,-9.,4.5));
#5371 = CARTESIAN_POINT('',(-3.322875655532,-9.090176992813,4.5));
#5372 = CARTESIAN_POINT('',(-3.319612661359,-9.180354032034,4.5));
#5373 = CARTESIAN_POINT('',(-3.313086677529,-9.270353802259,4.5));
#5374 = CARTESIAN_POINT('',(-3.303316912155,-9.36,4.5));
#5375 = PCURVE('',#2145,#5376);
#5376 = DEFINITIONAL_REPRESENTATION('',(#5377),#5383);
#5377 = B_SPLINE_CURVE_WITH_KNOTS('',4,(#5378,#5379,#5380,#5381,#5382),
  .UNSPECIFIED.,.F.,.F.,(5,5),(0.,1.),.PIECEWISE_BEZIER_KNOTS.);
#5378 = CARTESIAN_POINT('',(-3.14159265359,0.848062078981));
#5379 = CARTESIAN_POINT('',(-3.114454414859,0.848062078981));
#5380 = CARTESIAN_POINT('',(-3.087316172632,0.848062078981));
#5381 = CARTESIAN_POINT('',(-3.06017792778,0.848062078981));
#5382 = CARTESIAN_POINT('',(-3.033039690631,0.848062078981));
#5383 = ( GEOMETRIC_REPRESENTATION_CONTEXT(2) 
PARAMETRIC_REPRESENTATION_CONTEXT() REPRESENTATION_CONTEXT('2D SPACE',''
  ) );
#5384 = PCURVE('',#2810,#5385);
#5385 = DEFINITIONAL_REPRESENTATION('',(#5386),#5392);
#5386 = B_SPLINE_CURVE_WITH_KNOTS('',4,(#5387,#5388,#5389,#5390,#5391),
  .UNSPECIFIED.,.F.,.F.,(5,5),(0.,1.),.PIECEWISE_BEZIER_KNOTS.);
#5387 = CARTESIAN_POINT('',(1.677124344468,0.3));
#5388 = CARTESIAN_POINT('',(1.677124344468,0.209823007187));
#5389 = CARTESIAN_POINT('',(1.680387338641,0.119645967966));
#5390 = CARTESIAN_POINT('',(1.686913322471,2.964619774069E-02));
#5391 = CARTESIAN_POINT('',(1.696683087845,-6.E-02));
#5392 = ( GEOMETRIC_REPRESENTATION_CONTEXT(2) 
PARAMETRIC_REPRESENTATION_CONTEXT() REPRESENTATION_CONTEXT('2D SPACE',''
  ) );
#5393 = ADVANCED_FACE('',(#5394),#2862,.F.);
#5394 = FACE_BOUND('',#5395,.F.);
#5395 = EDGE_LOOP('',(#5396,#5397,#5398));
#5396 = ORIENTED_EDGE('',*,*,#2847,.T.);
#5397 = ORIENTED_EDGE('',*,*,#5341,.T.);
#5398 = ORIENTED_EDGE('',*,*,#5399,.T.);
#5399 = EDGE_CURVE('',#5292,#2822,#5400,.T.);
#5400 = SURFACE_CURVE('',#5401,(#5405,#5412),.PCURVE_S1.);
#5401 = LINE('',#5402,#5403);
#5402 = CARTESIAN_POINT('',(-5.,-9.3,5.));
#5403 = VECTOR('',#5404,1.);
#5404 = DIRECTION('',(1.,0.,0.));
#5405 = PCURVE('',#2862,#5406);
#5406 = DEFINITIONAL_REPRESENTATION('',(#5407),#5411);
#5407 = LINE('',#5408,#5409);
#5408 = CARTESIAN_POINT('',(5.,-9.8));
#5409 = VECTOR('',#5410,1.);
#5410 = DIRECTION('',(-1.,0.));
#5411 = ( GEOMETRIC_REPRESENTATION_CONTEXT(2) 
PARAMETRIC_REPRESENTATION_CONTEXT() REPRESENTATION_CONTEXT('2D SPACE',''
  ) );
#5412 = PCURVE('',#2836,#5413);
#5413 = DEFINITIONAL_REPRESENTATION('',(#5414),#5418);
#5414 = LINE('',#5415,#5416);
#5415 = CARTESIAN_POINT('',(0.5,0.));
#5416 = VECTOR('',#5417,1.);
#5417 = DIRECTION('',(0.,1.));
#5418 = ( GEOMETRIC_REPRESENTATION_CONTEXT(2) 
PARAMETRIC_REPRESENTATION_CONTEXT() REPRESENTATION_CONTEXT('2D SPACE',''
  ) );
#5419 = ADVANCED_FACE('',(#5420),#2836,.T.);
#5420 = FACE_BOUND('',#5421,.T.);
#5421 = EDGE_LOOP('',(#5422,#5443,#5444,#5445));
#5422 = ORIENTED_EDGE('',*,*,#5423,.F.);
#5423 = EDGE_CURVE('',#5290,#2796,#5424,.T.);
#5424 = SURFACE_CURVE('',#5425,(#5429,#5436),.PCURVE_S1.);
#5425 = LINE('',#5426,#5427);
#5426 = CARTESIAN_POINT('',(-5.,-9.3,4.5));
#5427 = VECTOR('',#5428,1.);
#5428 = DIRECTION('',(1.,0.,0.));
#5429 = PCURVE('',#2836,#5430);
#5430 = DEFINITIONAL_REPRESENTATION('',(#5431),#5435);
#5431 = LINE('',#5432,#5433);
#5432 = CARTESIAN_POINT('',(0.,0.));
#5433 = VECTOR('',#5434,1.);
#5434 = DIRECTION('',(0.,1.));
#5435 = ( GEOMETRIC_REPRESENTATION_CONTEXT(2) 
PARAMETRIC_REPRESENTATION_CONTEXT() REPRESENTATION_CONTEXT('2D SPACE',''
  ) );
#5436 = PCURVE('',#2810,#5437);
#5437 = DEFINITIONAL_REPRESENTATION('',(#5438),#5442);
#5438 = LINE('',#5439,#5440);
#5439 = CARTESIAN_POINT('',(0.,0.));
#5440 = VECTOR('',#5441,1.);
#5441 = DIRECTION('',(1.,0.));
#5442 = ( GEOMETRIC_REPRESENTATION_CONTEXT(2) 
PARAMETRIC_REPRESENTATION_CONTEXT() REPRESENTATION_CONTEXT('2D SPACE',''
  ) );
#5443 = ORIENTED_EDGE('',*,*,#5289,.T.);
#5444 = ORIENTED_EDGE('',*,*,#5399,.T.);
#5445 = ORIENTED_EDGE('',*,*,#2821,.T.);
#5446 = ADVANCED_FACE('',(#5447),#2810,.T.);
#5447 = FACE_BOUND('',#5448,.T.);
#5448 = EDGE_LOOP('',(#5449,#5470,#5471,#5472,#5473));
#5449 = ORIENTED_EDGE('',*,*,#5450,.F.);
#5450 = EDGE_CURVE('',#5015,#2770,#5451,.T.);
#5451 = SURFACE_CURVE('',#5452,(#5456,#5463),.PCURVE_S1.);
#5452 = LINE('',#5453,#5454);
#5453 = CARTESIAN_POINT('',(-5.,-8.7,4.5));
#5454 = VECTOR('',#5455,1.);
#5455 = DIRECTION('',(1.,0.,0.));
#5456 = PCURVE('',#2810,#5457);
#5457 = DEFINITIONAL_REPRESENTATION('',(#5458),#5462);
#5458 = LINE('',#5459,#5460);
#5459 = CARTESIAN_POINT('',(0.,0.6));
#5460 = VECTOR('',#5461,1.);
#5461 = DIRECTION('',(1.,0.));
#5462 = ( GEOMETRIC_REPRESENTATION_CONTEXT(2) 
PARAMETRIC_REPRESENTATION_CONTEXT() REPRESENTATION_CONTEXT('2D SPACE',''
  ) );
#5463 = PCURVE('',#2784,#5464);
#5464 = DEFINITIONAL_REPRESENTATION('',(#5465),#5469);
#5465 = LINE('',#5466,#5467);
#5466 = CARTESIAN_POINT('',(0.,0.));
#5467 = VECTOR('',#5468,1.);
#5468 = DIRECTION('',(0.,1.));
#5469 = ( GEOMETRIC_REPRESENTATION_CONTEXT(2) 
PARAMETRIC_REPRESENTATION_CONTEXT() REPRESENTATION_CONTEXT('2D SPACE',''
  ) );
#5470 = ORIENTED_EDGE('',*,*,#5014,.F.);
#5471 = ORIENTED_EDGE('',*,*,#5367,.T.);
#5472 = ORIENTED_EDGE('',*,*,#5423,.T.);
#5473 = ORIENTED_EDGE('',*,*,#2795,.T.);
#5474 = ADVANCED_FACE('',(#5475),#2784,.F.);
#5475 = FACE_BOUND('',#5476,.F.);
#5476 = EDGE_LOOP('',(#5477,#5478,#5479,#5500));
#5477 = ORIENTED_EDGE('',*,*,#5450,.F.);
#5478 = ORIENTED_EDGE('',*,*,#5035,.T.);
#5479 = ORIENTED_EDGE('',*,*,#5480,.T.);
#5480 = EDGE_CURVE('',#5036,#2744,#5481,.T.);
#5481 = SURFACE_CURVE('',#5482,(#5486,#5493),.PCURVE_S1.);
#5482 = LINE('',#5483,#5484);
#5483 = CARTESIAN_POINT('',(-5.,-8.7,5.));
#5484 = VECTOR('',#5485,1.);
#5485 = DIRECTION('',(1.,0.,0.));
#5486 = PCURVE('',#2784,#5487);
#5487 = DEFINITIONAL_REPRESENTATION('',(#5488),#5492);
#5488 = LINE('',#5489,#5490);
#5489 = CARTESIAN_POINT('',(0.5,0.));
#5490 = VECTOR('',#5491,1.);
#5491 = DIRECTION('',(0.,1.));
#5492 = ( GEOMETRIC_REPRESENTATION_CONTEXT(2) 
PARAMETRIC_REPRESENTATION_CONTEXT() REPRESENTATION_CONTEXT('2D SPACE',''
  ) );
#5493 = PCURVE('',#2758,#5494);
#5494 = DEFINITIONAL_REPRESENTATION('',(#5495),#5499);
#5495 = LINE('',#5496,#5497);
#5496 = CARTESIAN_POINT('',(5.,-9.2));
#5497 = VECTOR('',#5498,1.);
#5498 = DIRECTION('',(-1.,0.));
#5499 = ( GEOMETRIC_REPRESENTATION_CONTEXT(2) 
PARAMETRIC_REPRESENTATION_CONTEXT() REPRESENTATION_CONTEXT('2D SPACE',''
  ) );
#5500 = ORIENTED_EDGE('',*,*,#2769,.T.);
#5501 = ADVANCED_FACE('',(#5502),#2758,.F.);
#5502 = FACE_BOUND('',#5503,.F.);
#5503 = EDGE_LOOP('',(#5504,#5505,#5506,#5527));
#5504 = ORIENTED_EDGE('',*,*,#5480,.F.);
#5505 = ORIENTED_EDGE('',*,*,#5059,.T.);
#5506 = ORIENTED_EDGE('',*,*,#5507,.T.);
#5507 = EDGE_CURVE('',#5060,#2718,#5508,.T.);
#5508 = SURFACE_CURVE('',#5509,(#5513,#5520),.PCURVE_S1.);
#5509 = LINE('',#5510,#5511);
#5510 = CARTESIAN_POINT('',(-5.,-6.3,5.));
#5511 = VECTOR('',#5512,1.);
#5512 = DIRECTION('',(1.,0.,0.));
#5513 = PCURVE('',#2758,#5514);
#5514 = DEFINITIONAL_REPRESENTATION('',(#5515),#5519);
#5515 = LINE('',#5516,#5517);
#5516 = CARTESIAN_POINT('',(5.,-6.8));
#5517 = VECTOR('',#5518,1.);
#5518 = DIRECTION('',(-1.,0.));
#5519 = ( GEOMETRIC_REPRESENTATION_CONTEXT(2) 
PARAMETRIC_REPRESENTATION_CONTEXT() REPRESENTATION_CONTEXT('2D SPACE',''
  ) );
#5520 = PCURVE('',#2732,#5521);
#5521 = DEFINITIONAL_REPRESENTATION('',(#5522),#5526);
#5522 = LINE('',#5523,#5524);
#5523 = CARTESIAN_POINT('',(0.5,0.));
#5524 = VECTOR('',#5525,1.);
#5525 = DIRECTION('',(0.,1.));
#5526 = ( GEOMETRIC_REPRESENTATION_CONTEXT(2) 
PARAMETRIC_REPRESENTATION_CONTEXT() REPRESENTATION_CONTEXT('2D SPACE',''
  ) );
#5527 = ORIENTED_EDGE('',*,*,#2743,.T.);
#5528 = ADVANCED_FACE('',(#5529),#2732,.T.);
#5529 = FACE_BOUND('',#5530,.T.);
#5530 = EDGE_LOOP('',(#5531,#5552,#5553,#5554));
#5531 = ORIENTED_EDGE('',*,*,#5532,.F.);
#5532 = EDGE_CURVE('',#5083,#2692,#5533,.T.);
#5533 = SURFACE_CURVE('',#5534,(#5538,#5545),.PCURVE_S1.);
#5534 = LINE('',#5535,#5536);
#5535 = CARTESIAN_POINT('',(-5.,-6.3,4.5));
#5536 = VECTOR('',#5537,1.);
#5537 = DIRECTION('',(1.,0.,0.));
#5538 = PCURVE('',#2732,#5539);
#5539 = DEFINITIONAL_REPRESENTATION('',(#5540),#5544);
#5540 = LINE('',#5541,#5542);
#5541 = CARTESIAN_POINT('',(0.,0.));
#5542 = VECTOR('',#5543,1.);
#5543 = DIRECTION('',(0.,1.));
#5544 = ( GEOMETRIC_REPRESENTATION_CONTEXT(2) 
PARAMETRIC_REPRESENTATION_CONTEXT() REPRESENTATION_CONTEXT('2D SPACE',''
  ) );
#5545 = PCURVE('',#2706,#5546);
#5546 = DEFINITIONAL_REPRESENTATION('',(#5547),#5551);
#5547 = LINE('',#5548,#5549);
#5548 = CARTESIAN_POINT('',(0.,0.));
#5549 = VECTOR('',#5550,1.);
#5550 = DIRECTION('',(1.,0.));
#5551 = ( GEOMETRIC_REPRESENTATION_CONTEXT(2) 
PARAMETRIC_REPRESENTATION_CONTEXT() REPRESENTATION_CONTEXT('2D SPACE',''
  ) );
#5552 = ORIENTED_EDGE('',*,*,#5082,.T.);
#5553 = ORIENTED_EDGE('',*,*,#5507,.T.);
#5554 = ORIENTED_EDGE('',*,*,#2717,.T.);
#5555 = ADVANCED_FACE('',(#5556),#2706,.T.);
#5556 = FACE_BOUND('',#5557,.T.);
#5557 = EDGE_LOOP('',(#5558,#5579,#5580,#5581));
#5558 = ORIENTED_EDGE('',*,*,#5559,.F.);
#5559 = EDGE_CURVE('',#5107,#2666,#5560,.T.);
#5560 = SURFACE_CURVE('',#5561,(#5565,#5572),.PCURVE_S1.);
#5561 = LINE('',#5562,#5563);
#5562 = CARTESIAN_POINT('',(-5.,-5.7,4.5));
#5563 = VECTOR('',#5564,1.);
#5564 = DIRECTION('',(1.,0.,0.));
#5565 = PCURVE('',#2706,#5566);
#5566 = DEFINITIONAL_REPRESENTATION('',(#5567),#5571);
#5567 = LINE('',#5568,#5569);
#5568 = CARTESIAN_POINT('',(0.,0.6));
#5569 = VECTOR('',#5570,1.);
#5570 = DIRECTION('',(1.,0.));
#5571 = ( GEOMETRIC_REPRESENTATION_CONTEXT(2) 
PARAMETRIC_REPRESENTATION_CONTEXT() REPRESENTATION_CONTEXT('2D SPACE',''
  ) );
#5572 = PCURVE('',#2680,#5573);
#5573 = DEFINITIONAL_REPRESENTATION('',(#5574),#5578);
#5574 = LINE('',#5575,#5576);
#5575 = CARTESIAN_POINT('',(0.,0.));
#5576 = VECTOR('',#5577,1.);
#5577 = DIRECTION('',(0.,1.));
#5578 = ( GEOMETRIC_REPRESENTATION_CONTEXT(2) 
PARAMETRIC_REPRESENTATION_CONTEXT() REPRESENTATION_CONTEXT('2D SPACE',''
  ) );
#5579 = ORIENTED_EDGE('',*,*,#5106,.F.);
#5580 = ORIENTED_EDGE('',*,*,#5532,.T.);
#5581 = ORIENTED_EDGE('',*,*,#2691,.T.);
#5582 = ADVANCED_FACE('',(#5583),#2680,.F.);
#5583 = FACE_BOUND('',#5584,.F.);
#5584 = EDGE_LOOP('',(#5585,#5586,#5587,#5608));
#5585 = ORIENTED_EDGE('',*,*,#5559,.F.);
#5586 = ORIENTED_EDGE('',*,*,#5127,.T.);
#5587 = ORIENTED_EDGE('',*,*,#5588,.T.);
#5588 = EDGE_CURVE('',#5128,#2640,#5589,.T.);
#5589 = SURFACE_CURVE('',#5590,(#5594,#5601),.PCURVE_S1.);
#5590 = LINE('',#5591,#5592);
#5591 = CARTESIAN_POINT('',(-5.,-5.7,5.));
#5592 = VECTOR('',#5593,1.);
#5593 = DIRECTION('',(1.,0.,0.));
#5594 = PCURVE('',#2680,#5595);
#5595 = DEFINITIONAL_REPRESENTATION('',(#5596),#5600);
#5596 = LINE('',#5597,#5598);
#5597 = CARTESIAN_POINT('',(0.5,0.));
#5598 = VECTOR('',#5599,1.);
#5599 = DIRECTION('',(0.,1.));
#5600 = ( GEOMETRIC_REPRESENTATION_CONTEXT(2) 
PARAMETRIC_REPRESENTATION_CONTEXT() REPRESENTATION_CONTEXT('2D SPACE',''
  ) );
#5601 = PCURVE('',#2654,#5602);
#5602 = DEFINITIONAL_REPRESENTATION('',(#5603),#5607);
#5603 = LINE('',#5604,#5605);
#5604 = CARTESIAN_POINT('',(5.,-6.2));
#5605 = VECTOR('',#5606,1.);
#5606 = DIRECTION('',(-1.,0.));
#5607 = ( GEOMETRIC_REPRESENTATION_CONTEXT(2) 
PARAMETRIC_REPRESENTATION_CONTEXT() REPRESENTATION_CONTEXT('2D SPACE',''
  ) );
#5608 = ORIENTED_EDGE('',*,*,#2665,.T.);
#5609 = ADVANCED_FACE('',(#5610),#2654,.F.);
#5610 = FACE_BOUND('',#5611,.F.);
#5611 = EDGE_LOOP('',(#5612,#5613,#5614,#5635));
#5612 = ORIENTED_EDGE('',*,*,#5588,.F.);
#5613 = ORIENTED_EDGE('',*,*,#5151,.T.);
#5614 = ORIENTED_EDGE('',*,*,#5615,.T.);
#5615 = EDGE_CURVE('',#5152,#2614,#5616,.T.);
#5616 = SURFACE_CURVE('',#5617,(#5621,#5628),.PCURVE_S1.);
#5617 = LINE('',#5618,#5619);
#5618 = CARTESIAN_POINT('',(-5.,-3.3,5.));
#5619 = VECTOR('',#5620,1.);
#5620 = DIRECTION('',(1.,0.,0.));
#5621 = PCURVE('',#2654,#5622);
#5622 = DEFINITIONAL_REPRESENTATION('',(#5623),#5627);
#5623 = LINE('',#5624,#5625);
#5624 = CARTESIAN_POINT('',(5.,-3.8));
#5625 = VECTOR('',#5626,1.);
#5626 = DIRECTION('',(-1.,0.));
#5627 = ( GEOMETRIC_REPRESENTATION_CONTEXT(2) 
PARAMETRIC_REPRESENTATION_CONTEXT() REPRESENTATION_CONTEXT('2D SPACE',''
  ) );
#5628 = PCURVE('',#2628,#5629);
#5629 = DEFINITIONAL_REPRESENTATION('',(#5630),#5634);
#5630 = LINE('',#5631,#5632);
#5631 = CARTESIAN_POINT('',(0.5,0.));
#5632 = VECTOR('',#5633,1.);
#5633 = DIRECTION('',(0.,1.));
#5634 = ( GEOMETRIC_REPRESENTATION_CONTEXT(2) 
PARAMETRIC_REPRESENTATION_CONTEXT() REPRESENTATION_CONTEXT('2D SPACE',''
  ) );
#5635 = ORIENTED_EDGE('',*,*,#2639,.T.);
#5636 = ADVANCED_FACE('',(#5637),#2628,.T.);
#5637 = FACE_BOUND('',#5638,.T.);
#5638 = EDGE_LOOP('',(#5639,#5660,#5661,#5662));
#5639 = ORIENTED_EDGE('',*,*,#5640,.F.);
#5640 = EDGE_CURVE('',#5175,#2588,#5641,.T.);
#5641 = SURFACE_CURVE('',#5642,(#5646,#5653),.PCURVE_S1.);
#5642 = LINE('',#5643,#5644);
#5643 = CARTESIAN_POINT('',(-5.,-3.3,4.5));
#5644 = VECTOR('',#5645,1.);
#5645 = DIRECTION('',(1.,0.,0.));
#5646 = PCURVE('',#2628,#5647);
#5647 = DEFINITIONAL_REPRESENTATION('',(#5648),#5652);
#5648 = LINE('',#5649,#5650);
#5649 = CARTESIAN_POINT('',(0.,0.));
#5650 = VECTOR('',#5651,1.);
#5651 = DIRECTION('',(0.,1.));
#5652 = ( GEOMETRIC_REPRESENTATION_CONTEXT(2) 
PARAMETRIC_REPRESENTATION_CONTEXT() REPRESENTATION_CONTEXT('2D SPACE',''
  ) );
#5653 = PCURVE('',#2602,#5654);
#5654 = DEFINITIONAL_REPRESENTATION('',(#5655),#5659);
#5655 = LINE('',#5656,#5657);
#5656 = CARTESIAN_POINT('',(0.,0.));
#5657 = VECTOR('',#5658,1.);
#5658 = DIRECTION('',(1.,0.));
#5659 = ( GEOMETRIC_REPRESENTATION_CONTEXT(2) 
PARAMETRIC_REPRESENTATION_CONTEXT() REPRESENTATION_CONTEXT('2D SPACE',''
  ) );
#5660 = ORIENTED_EDGE('',*,*,#5174,.T.);
#5661 = ORIENTED_EDGE('',*,*,#5615,.T.);
#5662 = ORIENTED_EDGE('',*,*,#2613,.T.);
#5663 = ADVANCED_FACE('',(#5664),#2602,.T.);
#5664 = FACE_BOUND('',#5665,.T.);
#5665 = EDGE_LOOP('',(#5666,#5687,#5688,#5689));
#5666 = ORIENTED_EDGE('',*,*,#5667,.F.);
#5667 = EDGE_CURVE('',#5199,#2562,#5668,.T.);
#5668 = SURFACE_CURVE('',#5669,(#5673,#5680),.PCURVE_S1.);
#5669 = LINE('',#5670,#5671);
#5670 = CARTESIAN_POINT('',(-5.,-2.7,4.5));
#5671 = VECTOR('',#5672,1.);
#5672 = DIRECTION('',(1.,0.,0.));
#5673 = PCURVE('',#2602,#5674);
#5674 = DEFINITIONAL_REPRESENTATION('',(#5675),#5679);
#5675 = LINE('',#5676,#5677);
#5676 = CARTESIAN_POINT('',(0.,0.6));
#5677 = VECTOR('',#5678,1.);
#5678 = DIRECTION('',(1.,0.));
#5679 = ( GEOMETRIC_REPRESENTATION_CONTEXT(2) 
PARAMETRIC_REPRESENTATION_CONTEXT() REPRESENTATION_CONTEXT('2D SPACE',''
  ) );
#5680 = PCURVE('',#2576,#5681);
#5681 = DEFINITIONAL_REPRESENTATION('',(#5682),#5686);
#5682 = LINE('',#5683,#5684);
#5683 = CARTESIAN_POINT('',(0.,0.));
#5684 = VECTOR('',#5685,1.);
#5685 = DIRECTION('',(0.,1.));
#5686 = ( GEOMETRIC_REPRESENTATION_CONTEXT(2) 
PARAMETRIC_REPRESENTATION_CONTEXT() REPRESENTATION_CONTEXT('2D SPACE',''
  ) );
#5687 = ORIENTED_EDGE('',*,*,#5198,.F.);
#5688 = ORIENTED_EDGE('',*,*,#5640,.T.);
#5689 = ORIENTED_EDGE('',*,*,#2587,.T.);
#5690 = ADVANCED_FACE('',(#5691),#2576,.F.);
#5691 = FACE_BOUND('',#5692,.F.);
#5692 = EDGE_LOOP('',(#5693,#5694,#5695,#5716));
#5693 = ORIENTED_EDGE('',*,*,#5667,.F.);
#5694 = ORIENTED_EDGE('',*,*,#5219,.T.);
#5695 = ORIENTED_EDGE('',*,*,#5696,.T.);
#5696 = EDGE_CURVE('',#5220,#2536,#5697,.T.);
#5697 = SURFACE_CURVE('',#5698,(#5702,#5709),.PCURVE_S1.);
#5698 = LINE('',#5699,#5700);
#5699 = CARTESIAN_POINT('',(-5.,-2.7,5.));
#5700 = VECTOR('',#5701,1.);
#5701 = DIRECTION('',(1.,0.,0.));
#5702 = PCURVE('',#2576,#5703);
#5703 = DEFINITIONAL_REPRESENTATION('',(#5704),#5708);
#5704 = LINE('',#5705,#5706);
#5705 = CARTESIAN_POINT('',(0.5,0.));
#5706 = VECTOR('',#5707,1.);
#5707 = DIRECTION('',(0.,1.));
#5708 = ( GEOMETRIC_REPRESENTATION_CONTEXT(2) 
PARAMETRIC_REPRESENTATION_CONTEXT() REPRESENTATION_CONTEXT('2D SPACE',''
  ) );
#5709 = PCURVE('',#2550,#5710);
#5710 = DEFINITIONAL_REPRESENTATION('',(#5711),#5715);
#5711 = LINE('',#5712,#5713);
#5712 = CARTESIAN_POINT('',(5.,-3.2));
#5713 = VECTOR('',#5714,1.);
#5714 = DIRECTION('',(-1.,0.));
#5715 = ( GEOMETRIC_REPRESENTATION_CONTEXT(2) 
PARAMETRIC_REPRESENTATION_CONTEXT() REPRESENTATION_CONTEXT('2D SPACE',''
  ) );
#5716 = ORIENTED_EDGE('',*,*,#2561,.T.);
#5717 = ADVANCED_FACE('',(#5718),#2550,.F.);
#5718 = FACE_BOUND('',#5719,.F.);
#5719 = EDGE_LOOP('',(#5720,#5721,#5722,#5723));
#5720 = ORIENTED_EDGE('',*,*,#5696,.F.);
#5721 = ORIENTED_EDGE('',*,*,#5243,.T.);
#5722 = ORIENTED_EDGE('',*,*,#3646,.T.);
#5723 = ORIENTED_EDGE('',*,*,#2535,.T.);
#5724 = ADVANCED_FACE('',(#5725,#5728),#3158,.F.);
#5725 = FACE_BOUND('',#5726,.T.);
#5726 = EDGE_LOOP('',(#5727));
#5727 = ORIENTED_EDGE('',*,*,#3143,.F.);
#5728 = FACE_BOUND('',#5729,.T.);
#5729 = EDGE_LOOP('',(#5730));
#5730 = ORIENTED_EDGE('',*,*,#5731,.F.);
#5731 = EDGE_CURVE('',#5732,#5732,#5734,.T.);
#5732 = VERTEX_POINT('',#5733);
#5733 = CARTESIAN_POINT('',(-11.9,-6.,0.7));
#5734 = SURFACE_CURVE('',#5735,(#5740,#5751),.PCURVE_S1.);
#5735 = CIRCLE('',#5736,1.4);
#5736 = AXIS2_PLACEMENT_3D('',#5737,#5738,#5739);
#5737 = CARTESIAN_POINT('',(-10.5,-6.,0.7));
#5738 = DIRECTION('',(-0.,0.,-1.));
#5739 = DIRECTION('',(-1.,-0.,0.));
#5740 = PCURVE('',#3158,#5741);
#5741 = DEFINITIONAL_REPRESENTATION('',(#5742),#5750);
#5742 = ( BOUNDED_CURVE() B_SPLINE_CURVE(2,(#5743,#5744,#5745,#5746,
#5747,#5748,#5749),.UNSPECIFIED.,.T.,.F.) B_SPLINE_CURVE_WITH_KNOTS((1,2
    ,2,2,2,1),(-2.094395102393,0.,2.094395102393,4.188790204786,
6.28318530718,8.377580409573),.UNSPECIFIED.) CURVE() 
GEOMETRIC_REPRESENTATION_ITEM() RATIONAL_B_SPLINE_CURVE((1.,0.5,1.,0.5,
1.,0.5,1.)) REPRESENTATION_ITEM('') );
#5743 = CARTESIAN_POINT('',(-1.4,-8.881784197001E-16));
#5744 = CARTESIAN_POINT('',(-1.4,2.424871130596));
#5745 = CARTESIAN_POINT('',(0.7,1.212435565298));
#5746 = CARTESIAN_POINT('',(2.8,-5.452773159389E-16));
#5747 = CARTESIAN_POINT('',(0.7,-1.212435565298));
#5748 = CARTESIAN_POINT('',(-1.4,-2.424871130596));
#5749 = CARTESIAN_POINT('',(-1.4,-8.881784197001E-16));
#5750 = ( GEOMETRIC_REPRESENTATION_CONTEXT(2) 
PARAMETRIC_REPRESENTATION_CONTEXT() REPRESENTATION_CONTEXT('2D SPACE',''
  ) );
#5751 = PCURVE('',#5752,#5757);
#5752 = CONICAL_SURFACE('',#5753,1.4,0.785398163397);
#5753 = AXIS2_PLACEMENT_3D('',#5754,#5755,#5756);
#5754 = CARTESIAN_POINT('',(-10.5,-6.,0.7));
#5755 = DIRECTION('',(0.,0.,-1.));
#5756 = DIRECTION('',(-1.,-0.,-0.));
#5757 = DEFINITIONAL_REPRESENTATION('',(#5758),#5762);
#5758 = LINE('',#5759,#5760);
#5759 = CARTESIAN_POINT('',(0.,-0.));
#5760 = VECTOR('',#5761,1.);
#5761 = DIRECTION('',(1.,-0.));
#5762 = ( GEOMETRIC_REPRESENTATION_CONTEXT(2) 
PARAMETRIC_REPRESENTATION_CONTEXT() REPRESENTATION_CONTEXT('2D SPACE',''
  ) );
#5763 = ADVANCED_FACE('',(#5764),#3211,.F.);
#5764 = FACE_BOUND('',#5765,.T.);
#5765 = EDGE_LOOP('',(#5766,#5767,#5790,#5817));
#5766 = ORIENTED_EDGE('',*,*,#3196,.F.);
#5767 = ORIENTED_EDGE('',*,*,#5768,.T.);
#5768 = EDGE_CURVE('',#3177,#5769,#5771,.T.);
#5769 = VERTEX_POINT('',#5770);
#5770 = CARTESIAN_POINT('',(-1.,-6.,4.2));
#5771 = SEAM_CURVE('',#5772,(#5776,#5783),.PCURVE_S1.);
#5772 = LINE('',#5773,#5774);
#5773 = CARTESIAN_POINT('',(-1.,-6.,2.2));
#5774 = VECTOR('',#5775,1.);
#5775 = DIRECTION('',(0.,0.,1.));
#5776 = PCURVE('',#3211,#5777);
#5777 = DEFINITIONAL_REPRESENTATION('',(#5778),#5782);
#5778 = LINE('',#5779,#5780);
#5779 = CARTESIAN_POINT('',(-6.28318530718,0.));
#5780 = VECTOR('',#5781,1.);
#5781 = DIRECTION('',(-0.,-1.));
#5782 = ( GEOMETRIC_REPRESENTATION_CONTEXT(2) 
PARAMETRIC_REPRESENTATION_CONTEXT() REPRESENTATION_CONTEXT('2D SPACE',''
  ) );
#5783 = PCURVE('',#3211,#5784);
#5784 = DEFINITIONAL_REPRESENTATION('',(#5785),#5789);
#5785 = LINE('',#5786,#5787);
#5786 = CARTESIAN_POINT('',(-0.,0.));
#5787 = VECTOR('',#5788,1.);
#5788 = DIRECTION('',(-0.,-1.));
#5789 = ( GEOMETRIC_REPRESENTATION_CONTEXT(2) 
PARAMETRIC_REPRESENTATION_CONTEXT() REPRESENTATION_CONTEXT('2D SPACE',''
  ) );
#5790 = ORIENTED_EDGE('',*,*,#5791,.T.);
#5791 = EDGE_CURVE('',#5769,#5769,#5792,.T.);
#5792 = SURFACE_CURVE('',#5793,(#5798,#5805),.PCURVE_S1.);
#5793 = CIRCLE('',#5794,1.);
#5794 = AXIS2_PLACEMENT_3D('',#5795,#5796,#5797);
#5795 = CARTESIAN_POINT('',(-2.,-6.,4.2));
#5796 = DIRECTION('',(0.,0.,1.));
#5797 = DIRECTION('',(1.,0.,0.));
#5798 = PCURVE('',#3211,#5799);
#5799 = DEFINITIONAL_REPRESENTATION('',(#5800),#5804);
#5800 = LINE('',#5801,#5802);
#5801 = CARTESIAN_POINT('',(-0.,-2.));
#5802 = VECTOR('',#5803,1.);
#5803 = DIRECTION('',(-1.,0.));
#5804 = ( GEOMETRIC_REPRESENTATION_CONTEXT(2) 
PARAMETRIC_REPRESENTATION_CONTEXT() REPRESENTATION_CONTEXT('2D SPACE',''
  ) );
#5805 = PCURVE('',#5806,#5811);
#5806 = PLANE('',#5807);
#5807 = AXIS2_PLACEMENT_3D('',#5808,#5809,#5810);
#5808 = CARTESIAN_POINT('',(-2.,-6.,4.2));
#5809 = DIRECTION('',(0.,0.,1.));
#5810 = DIRECTION('',(1.,0.,-0.));
#5811 = DEFINITIONAL_REPRESENTATION('',(#5812),#5816);
#5812 = CIRCLE('',#5813,1.);
#5813 = AXIS2_PLACEMENT_2D('',#5814,#5815);
#5814 = CARTESIAN_POINT('',(0.,-8.881784197001E-16));
#5815 = DIRECTION('',(1.,0.));
#5816 = ( GEOMETRIC_REPRESENTATION_CONTEXT(2) 
PARAMETRIC_REPRESENTATION_CONTEXT() REPRESENTATION_CONTEXT('2D SPACE',''
  ) );
#5817 = ORIENTED_EDGE('',*,*,#5768,.F.);
#5818 = ADVANCED_FACE('',(#5819,#5822),#3265,.F.);
#5819 = FACE_BOUND('',#5820,.T.);
#5820 = EDGE_LOOP('',(#5821));
#5821 = ORIENTED_EDGE('',*,*,#3250,.F.);
#5822 = FACE_BOUND('',#5823,.T.);
#5823 = EDGE_LOOP('',(#5824));
#5824 = ORIENTED_EDGE('',*,*,#5825,.F.);
#5825 = EDGE_CURVE('',#5826,#5826,#5828,.T.);
#5826 = VERTEX_POINT('',#5827);
#5827 = CARTESIAN_POINT('',(-11.9,10.,0.7));
#5828 = SURFACE_CURVE('',#5829,(#5834,#5845),.PCURVE_S1.);
#5829 = CIRCLE('',#5830,1.4);
#5830 = AXIS2_PLACEMENT_3D('',#5831,#5832,#5833);
#5831 = CARTESIAN_POINT('',(-10.5,10.,0.7));
#5832 = DIRECTION('',(-0.,0.,-1.));
#5833 = DIRECTION('',(-1.,-0.,0.));
#5834 = PCURVE('',#3265,#5835);
#5835 = DEFINITIONAL_REPRESENTATION('',(#5836),#5844);
#5836 = ( BOUNDED_CURVE() B_SPLINE_CURVE(2,(#5837,#5838,#5839,#5840,
#5841,#5842,#5843),.UNSPECIFIED.,.T.,.F.) B_SPLINE_CURVE_WITH_KNOTS((1,2
    ,2,2,2,1),(-2.094395102393,0.,2.094395102393,4.188790204786,
6.28318530718,8.377580409573),.UNSPECIFIED.) CURVE() 
GEOMETRIC_REPRESENTATION_ITEM() RATIONAL_B_SPLINE_CURVE((1.,0.5,1.,0.5,
1.,0.5,1.)) REPRESENTATION_ITEM('') );
#5837 = CARTESIAN_POINT('',(-1.4,1.7763568394E-15));
#5838 = CARTESIAN_POINT('',(-1.4,2.424871130596));
#5839 = CARTESIAN_POINT('',(0.7,1.212435565298));
#5840 = CARTESIAN_POINT('',(2.8,2.119257943162E-15));
#5841 = CARTESIAN_POINT('',(0.7,-1.212435565298));
#5842 = CARTESIAN_POINT('',(-1.4,-2.424871130596));
#5843 = CARTESIAN_POINT('',(-1.4,1.7763568394E-15));
#5844 = ( GEOMETRIC_REPRESENTATION_CONTEXT(2) 
PARAMETRIC_REPRESENTATION_CONTEXT() REPRESENTATION_CONTEXT('2D SPACE',''
  ) );
#5845 = PCURVE('',#5846,#5851);
#5846 = CONICAL_SURFACE('',#5847,1.4,0.785398163397);
#5847 = AXIS2_PLACEMENT_3D('',#5848,#5849,#5850);
#5848 = CARTESIAN_POINT('',(-10.5,10.,0.7));
#5849 = DIRECTION('',(0.,0.,-1.));
#5850 = DIRECTION('',(-1.,-0.,-0.));
#5851 = DEFINITIONAL_REPRESENTATION('',(#5852),#5856);
#5852 = LINE('',#5853,#5854);
#5853 = CARTESIAN_POINT('',(0.,-0.));
#5854 = VECTOR('',#5855,1.);
#5855 = DIRECTION('',(1.,-0.));
#5856 = ( GEOMETRIC_REPRESENTATION_CONTEXT(2) 
PARAMETRIC_REPRESENTATION_CONTEXT() REPRESENTATION_CONTEXT('2D SPACE',''
  ) );
#5857 = ADVANCED_FACE('',(#5858),#3318,.F.);
#5858 = FACE_BOUND('',#5859,.T.);
#5859 = EDGE_LOOP('',(#5860,#5861,#5884,#5911));
#5860 = ORIENTED_EDGE('',*,*,#3303,.F.);
#5861 = ORIENTED_EDGE('',*,*,#5862,.T.);
#5862 = EDGE_CURVE('',#3284,#5863,#5865,.T.);
#5863 = VERTEX_POINT('',#5864);
#5864 = CARTESIAN_POINT('',(-1.,6.,4.2));
#5865 = SEAM_CURVE('',#5866,(#5870,#5877),.PCURVE_S1.);
#5866 = LINE('',#5867,#5868);
#5867 = CARTESIAN_POINT('',(-1.,6.,2.2));
#5868 = VECTOR('',#5869,1.);
#5869 = DIRECTION('',(0.,0.,1.));
#5870 = PCURVE('',#3318,#5871);
#5871 = DEFINITIONAL_REPRESENTATION('',(#5872),#5876);
#5872 = LINE('',#5873,#5874);
#5873 = CARTESIAN_POINT('',(-6.28318530718,0.));
#5874 = VECTOR('',#5875,1.);
#5875 = DIRECTION('',(-0.,-1.));
#5876 = ( GEOMETRIC_REPRESENTATION_CONTEXT(2) 
PARAMETRIC_REPRESENTATION_CONTEXT() REPRESENTATION_CONTEXT('2D SPACE',''
  ) );
#5877 = PCURVE('',#3318,#5878);
#5878 = DEFINITIONAL_REPRESENTATION('',(#5879),#5883);
#5879 = LINE('',#5880,#5881);
#5880 = CARTESIAN_POINT('',(-0.,0.));
#5881 = VECTOR('',#5882,1.);
#5882 = DIRECTION('',(-0.,-1.));
#5883 = ( GEOMETRIC_REPRESENTATION_CONTEXT(2) 
PARAMETRIC_REPRESENTATION_CONTEXT() REPRESENTATION_CONTEXT('2D SPACE',''
  ) );
#5884 = ORIENTED_EDGE('',*,*,#5885,.T.);
#5885 = EDGE_CURVE('',#5863,#5863,#5886,.T.);
#5886 = SURFACE_CURVE('',#5887,(#5892,#5899),.PCURVE_S1.);
#5887 = CIRCLE('',#5888,1.);
#5888 = AXIS2_PLACEMENT_3D('',#5889,#5890,#5891);
#5889 = CARTESIAN_POINT('',(-2.,6.,4.2));
#5890 = DIRECTION('',(0.,0.,1.));
#5891 = DIRECTION('',(1.,0.,0.));
#5892 = PCURVE('',#3318,#5893);
#5893 = DEFINITIONAL_REPRESENTATION('',(#5894),#5898);
#5894 = LINE('',#5895,#5896);
#5895 = CARTESIAN_POINT('',(-0.,-2.));
#5896 = VECTOR('',#5897,1.);
#5897 = DIRECTION('',(-1.,0.));
#5898 = ( GEOMETRIC_REPRESENTATION_CONTEXT(2) 
PARAMETRIC_REPRESENTATION_CONTEXT() REPRESENTATION_CONTEXT('2D SPACE',''
  ) );
#5899 = PCURVE('',#5900,#5905);
#5900 = PLANE('',#5901);
#5901 = AXIS2_PLACEMENT_3D('',#5902,#5903,#5904);
#5902 = CARTESIAN_POINT('',(-2.,6.,4.2));
#5903 = DIRECTION('',(0.,0.,1.));
#5904 = DIRECTION('',(1.,0.,-0.));
#5905 = DEFINITIONAL_REPRESENTATION('',(#5906),#5910);
#5906 = CIRCLE('',#5907,1.);
#5907 = AXIS2_PLACEMENT_2D('',#5908,#5909);
#5908 = CARTESIAN_POINT('',(0.,8.881784197001E-16));
#5909 = DIRECTION('',(1.,0.));
#5910 = ( GEOMETRIC_REPRESENTATION_CONTEXT(2) 
PARAMETRIC_REPRESENTATION_CONTEXT() REPRESENTATION_CONTEXT('2D SPACE',''
  ) );
#5911 = ORIENTED_EDGE('',*,*,#5862,.F.);
#5912 = ADVANCED_FACE('',(#5913),#3764,.F.);
#5913 = FACE_BOUND('',#5914,.F.);
#5914 = EDGE_LOOP('',(#5915,#5939,#5961));
#5915 = ORIENTED_EDGE('',*,*,#5916,.T.);
#5916 = EDGE_CURVE('',#3739,#5917,#5919,.T.);
#5917 = VERTEX_POINT('',#5918);
#5918 = CARTESIAN_POINT('',(-1.2,11.,4.8));
#5919 = SURFACE_CURVE('',#5920,(#5925,#5932),.PCURVE_S1.);
#5920 = CIRCLE('',#5921,0.8);
#5921 = AXIS2_PLACEMENT_3D('',#5922,#5923,#5924);
#5922 = CARTESIAN_POINT('',(-2.,11.,4.8));
#5923 = DIRECTION('',(0.,0.,1.));
#5924 = DIRECTION('',(1.,0.,0.));
#5925 = PCURVE('',#3764,#5926);
#5926 = DEFINITIONAL_REPRESENTATION('',(#5927),#5931);
#5927 = CIRCLE('',#5928,0.8);
#5928 = AXIS2_PLACEMENT_2D('',#5929,#5930);
#5929 = CARTESIAN_POINT('',(0.,0.));
#5930 = DIRECTION('',(1.,0.));
#5931 = ( GEOMETRIC_REPRESENTATION_CONTEXT(2) 
PARAMETRIC_REPRESENTATION_CONTEXT() REPRESENTATION_CONTEXT('2D SPACE',''
  ) );
#5932 = PCURVE('',#3833,#5933);
#5933 = DEFINITIONAL_REPRESENTATION('',(#5934),#5938);
#5934 = LINE('',#5935,#5936);
#5935 = CARTESIAN_POINT('',(-0.,-0.4));
#5936 = VECTOR('',#5937,1.);
#5937 = DIRECTION('',(-1.,0.));
#5938 = ( GEOMETRIC_REPRESENTATION_CONTEXT(2) 
PARAMETRIC_REPRESENTATION_CONTEXT() REPRESENTATION_CONTEXT('2D SPACE',''
  ) );
#5939 = ORIENTED_EDGE('',*,*,#5940,.T.);
#5940 = EDGE_CURVE('',#5917,#3737,#5941,.T.);
#5941 = SURFACE_CURVE('',#5942,(#5947,#5954),.PCURVE_S1.);
#5942 = CIRCLE('',#5943,0.8);
#5943 = AXIS2_PLACEMENT_3D('',#5944,#5945,#5946);
#5944 = CARTESIAN_POINT('',(-2.,11.,4.8));
#5945 = DIRECTION('',(0.,0.,1.));
#5946 = DIRECTION('',(1.,0.,0.));
#5947 = PCURVE('',#3764,#5948);
#5948 = DEFINITIONAL_REPRESENTATION('',(#5949),#5953);
#5949 = CIRCLE('',#5950,0.8);
#5950 = AXIS2_PLACEMENT_2D('',#5951,#5952);
#5951 = CARTESIAN_POINT('',(0.,0.));
#5952 = DIRECTION('',(1.,0.));
#5953 = ( GEOMETRIC_REPRESENTATION_CONTEXT(2) 
PARAMETRIC_REPRESENTATION_CONTEXT() REPRESENTATION_CONTEXT('2D SPACE',''
  ) );
#5954 = PCURVE('',#3833,#5955);
#5955 = DEFINITIONAL_REPRESENTATION('',(#5956),#5960);
#5956 = LINE('',#5957,#5958);
#5957 = CARTESIAN_POINT('',(-0.,-0.4));
#5958 = VECTOR('',#5959,1.);
#5959 = DIRECTION('',(-1.,0.));
#5960 = ( GEOMETRIC_REPRESENTATION_CONTEXT(2) 
PARAMETRIC_REPRESENTATION_CONTEXT() REPRESENTATION_CONTEXT('2D SPACE',''
  ) );
#5961 = ORIENTED_EDGE('',*,*,#3736,.T.);
#5962 = ADVANCED_FACE('',(#5963),#3833,.F.);
#5963 = FACE_BOUND('',#5964,.T.);
#5964 = EDGE_LOOP('',(#5965,#5994,#6015,#6016,#6017,#6018));
#5965 = ORIENTED_EDGE('',*,*,#5966,.F.);
#5966 = EDGE_CURVE('',#5967,#5967,#5969,.T.);
#5967 = VERTEX_POINT('',#5968);
#5968 = CARTESIAN_POINT('',(-1.2,11.,4.4));
#5969 = SURFACE_CURVE('',#5970,(#5975,#5982),.PCURVE_S1.);
#5970 = CIRCLE('',#5971,0.8);
#5971 = AXIS2_PLACEMENT_3D('',#5972,#5973,#5974);
#5972 = CARTESIAN_POINT('',(-2.,11.,4.4));
#5973 = DIRECTION('',(0.,0.,1.));
#5974 = DIRECTION('',(1.,0.,0.));
#5975 = PCURVE('',#3833,#5976);
#5976 = DEFINITIONAL_REPRESENTATION('',(#5977),#5981);
#5977 = LINE('',#5978,#5979);
#5978 = CARTESIAN_POINT('',(-0.,0.));
#5979 = VECTOR('',#5980,1.);
#5980 = DIRECTION('',(-1.,0.));
#5981 = ( GEOMETRIC_REPRESENTATION_CONTEXT(2) 
PARAMETRIC_REPRESENTATION_CONTEXT() REPRESENTATION_CONTEXT('2D SPACE',''
  ) );
#5982 = PCURVE('',#5983,#5988);
#5983 = PLANE('',#5984);
#5984 = AXIS2_PLACEMENT_3D('',#5985,#5986,#5987);
#5985 = CARTESIAN_POINT('',(-2.,11.,4.4));
#5986 = DIRECTION('',(0.,0.,1.));
#5987 = DIRECTION('',(1.,0.,-0.));
#5988 = DEFINITIONAL_REPRESENTATION('',(#5989),#5993);
#5989 = CIRCLE('',#5990,0.8);
#5990 = AXIS2_PLACEMENT_2D('',#5991,#5992);
#5991 = CARTESIAN_POINT('',(0.,0.));
#5992 = DIRECTION('',(1.,0.));
#5993 = ( GEOMETRIC_REPRESENTATION_CONTEXT(2) 
PARAMETRIC_REPRESENTATION_CONTEXT() REPRESENTATION_CONTEXT('2D SPACE',''
  ) );
#5994 = ORIENTED_EDGE('',*,*,#5995,.T.);
#5995 = EDGE_CURVE('',#5967,#5917,#5996,.T.);
#5996 = SEAM_CURVE('',#5997,(#6001,#6008),.PCURVE_S1.);
#5997 = LINE('',#5998,#5999);
#5998 = CARTESIAN_POINT('',(-1.2,11.,4.4));
#5999 = VECTOR('',#6000,1.);
#6000 = DIRECTION('',(0.,0.,1.));
#6001 = PCURVE('',#3833,#6002);
#6002 = DEFINITIONAL_REPRESENTATION('',(#6003),#6007);
#6003 = LINE('',#6004,#6005);
#6004 = CARTESIAN_POINT('',(-6.28318530718,0.));
#6005 = VECTOR('',#6006,1.);
#6006 = DIRECTION('',(-0.,-1.));
#6007 = ( GEOMETRIC_REPRESENTATION_CONTEXT(2) 
PARAMETRIC_REPRESENTATION_CONTEXT() REPRESENTATION_CONTEXT('2D SPACE',''
  ) );
#6008 = PCURVE('',#3833,#6009);
#6009 = DEFINITIONAL_REPRESENTATION('',(#6010),#6014);
#6010 = LINE('',#6011,#6012);
#6011 = CARTESIAN_POINT('',(-0.,0.));
#6012 = VECTOR('',#6013,1.);
#6013 = DIRECTION('',(-0.,-1.));
#6014 = ( GEOMETRIC_REPRESENTATION_CONTEXT(2) 
PARAMETRIC_REPRESENTATION_CONTEXT() REPRESENTATION_CONTEXT('2D SPACE',''
  ) );
#6015 = ORIENTED_EDGE('',*,*,#5940,.T.);
#6016 = ORIENTED_EDGE('',*,*,#3781,.T.);
#6017 = ORIENTED_EDGE('',*,*,#5916,.T.);
#6018 = ORIENTED_EDGE('',*,*,#5995,.F.);
#6019 = ADVANCED_FACE('',(#6020,#6024),#4089,.T.);
#6020 = FACE_BOUND('',#6021,.F.);
#6021 = VERTEX_LOOP('',#6022);
#6022 = VERTEX_POINT('',#6023);
#6023 = CARTESIAN_POINT('',(-5.8,19.2,5.2));
#6024 = FACE_BOUND('',#6025,.F.);
#6025 = EDGE_LOOP('',(#6026));
#6026 = ORIENTED_EDGE('',*,*,#3897,.T.);
#6027 = ADVANCED_FACE('',(#6028,#6032,#6063,#6094),#4611,.F.);
#6028 = FACE_BOUND('',#6029,.T.);
#6029 = EDGE_LOOP('',(#6030,#6031));
#6030 = ORIENTED_EDGE('',*,*,#5266,.T.);
#6031 = ORIENTED_EDGE('',*,*,#4308,.T.);
#6032 = FACE_BOUND('',#6033,.T.);
#6033 = EDGE_LOOP('',(#6034));
#6034 = ORIENTED_EDGE('',*,*,#6035,.T.);
#6035 = EDGE_CURVE('',#6036,#6036,#6038,.T.);
#6036 = VERTEX_POINT('',#6037);
#6037 = CARTESIAN_POINT('',(-14.9,-8.5,4.));
#6038 = SURFACE_CURVE('',#6039,(#6044,#6051),.PCURVE_S1.);
#6039 = CIRCLE('',#6040,2.4);
#6040 = AXIS2_PLACEMENT_3D('',#6041,#6042,#6043);
#6041 = CARTESIAN_POINT('',(-12.5,-8.5,4.));
#6042 = DIRECTION('',(0.,0.,-1.));
#6043 = DIRECTION('',(-1.,-0.,-0.));
#6044 = PCURVE('',#4611,#6045);
#6045 = DEFINITIONAL_REPRESENTATION('',(#6046),#6050);
#6046 = CIRCLE('',#6047,2.4);
#6047 = AXIS2_PLACEMENT_2D('',#6048,#6049);
#6048 = CARTESIAN_POINT('',(0.557729876761,-10.34570102943));
#6049 = DIRECTION('',(1.,-0.));
#6050 = ( GEOMETRIC_REPRESENTATION_CONTEXT(2) 
PARAMETRIC_REPRESENTATION_CONTEXT() REPRESENTATION_CONTEXT('2D SPACE',''
  ) );
#6051 = PCURVE('',#6052,#6057);
#6052 = CYLINDRICAL_SURFACE('',#6053,2.4);
#6053 = AXIS2_PLACEMENT_3D('',#6054,#6055,#6056);
#6054 = CARTESIAN_POINT('',(-12.5,-8.5,4.));
#6055 = DIRECTION('',(0.,-0.,-1.));
#6056 = DIRECTION('',(-1.,-0.,-0.));
#6057 = DEFINITIONAL_REPRESENTATION('',(#6058),#6062);
#6058 = LINE('',#6059,#6060);
#6059 = CARTESIAN_POINT('',(0.,0.));
#6060 = VECTOR('',#6061,1.);
#6061 = DIRECTION('',(1.,0.));
#6062 = ( GEOMETRIC_REPRESENTATION_CONTEXT(2) 
PARAMETRIC_REPRESENTATION_CONTEXT() REPRESENTATION_CONTEXT('2D SPACE',''
  ) );
#6063 = FACE_BOUND('',#6064,.T.);
#6064 = EDGE_LOOP('',(#6065));
#6065 = ORIENTED_EDGE('',*,*,#6066,.T.);
#6066 = EDGE_CURVE('',#6067,#6067,#6069,.T.);
#6067 = VERTEX_POINT('',#6068);
#6068 = CARTESIAN_POINT('',(-18.7,11.,4.));
#6069 = SURFACE_CURVE('',#6070,(#6075,#6082),.PCURVE_S1.);
#6070 = CIRCLE('',#6071,3.2);
#6071 = AXIS2_PLACEMENT_3D('',#6072,#6073,#6074);
#6072 = CARTESIAN_POINT('',(-15.5,11.,4.));
#6073 = DIRECTION('',(0.,0.,-1.));
#6074 = DIRECTION('',(-1.,-0.,-0.));
#6075 = PCURVE('',#4611,#6076);
#6076 = DEFINITIONAL_REPRESENTATION('',(#6077),#6081);
#6077 = CIRCLE('',#6078,3.2);
#6078 = AXIS2_PLACEMENT_2D('',#6079,#6080);
#6079 = CARTESIAN_POINT('',(3.557729876761,9.154298970565));
#6080 = DIRECTION('',(1.,-0.));
#6081 = ( GEOMETRIC_REPRESENTATION_CONTEXT(2) 
PARAMETRIC_REPRESENTATION_CONTEXT() REPRESENTATION_CONTEXT('2D SPACE',''
  ) );
#6082 = PCURVE('',#6083,#6088);
#6083 = CYLINDRICAL_SURFACE('',#6084,3.2);
#6084 = AXIS2_PLACEMENT_3D('',#6085,#6086,#6087);
#6085 = CARTESIAN_POINT('',(-15.5,11.,4.));
#6086 = DIRECTION('',(0.,-0.,-1.));
#6087 = DIRECTION('',(-1.,-0.,-0.));
#6088 = DEFINITIONAL_REPRESENTATION('',(#6089),#6093);
#6089 = LINE('',#6090,#6091);
#6090 = CARTESIAN_POINT('',(0.,0.));
#6091 = VECTOR('',#6092,1.);
#6092 = DIRECTION('',(1.,0.));
#6093 = ( GEOMETRIC_REPRESENTATION_CONTEXT(2) 
PARAMETRIC_REPRESENTATION_CONTEXT() REPRESENTATION_CONTEXT('2D SPACE',''
  ) );
#6094 = FACE_BOUND('',#6095,.T.);
#6095 = EDGE_LOOP('',(#6096));
#6096 = ORIENTED_EDGE('',*,*,#6097,.T.);
#6097 = EDGE_CURVE('',#6098,#6098,#6100,.T.);
#6098 = VERTEX_POINT('',#6099);
#6099 = CARTESIAN_POINT('',(-9.1,7.,4.));
#6100 = SURFACE_CURVE('',#6101,(#6106,#6113),.PCURVE_S1.);
#6101 = CIRCLE('',#6102,1.6);
#6102 = AXIS2_PLACEMENT_3D('',#6103,#6104,#6105);
#6103 = CARTESIAN_POINT('',(-7.5,7.,4.));
#6104 = DIRECTION('',(0.,0.,-1.));
#6105 = DIRECTION('',(-1.,-0.,-0.));
#6106 = PCURVE('',#4611,#6107);
#6107 = DEFINITIONAL_REPRESENTATION('',(#6108),#6112);
#6108 = CIRCLE('',#6109,1.6);
#6109 = AXIS2_PLACEMENT_2D('',#6110,#6111);
#6110 = CARTESIAN_POINT('',(-4.442270123239,5.154298970565));
#6111 = DIRECTION('',(1.,-0.));
#6112 = ( GEOMETRIC_REPRESENTATION_CONTEXT(2) 
PARAMETRIC_REPRESENTATION_CONTEXT() REPRESENTATION_CONTEXT('2D SPACE',''
  ) );
#6113 = PCURVE('',#6114,#6119);
#6114 = CYLINDRICAL_SURFACE('',#6115,1.6);
#6115 = AXIS2_PLACEMENT_3D('',#6116,#6117,#6118);
#6116 = CARTESIAN_POINT('',(-7.5,7.,4.));
#6117 = DIRECTION('',(0.,-0.,-1.));
#6118 = DIRECTION('',(-1.,-0.,-0.));
#6119 = DEFINITIONAL_REPRESENTATION('',(#6120),#6124);
#6120 = LINE('',#6121,#6122);
#6121 = CARTESIAN_POINT('',(0.,0.));
#6122 = VECTOR('',#6123,1.);
#6123 = DIRECTION('',(1.,0.));
#6124 = ( GEOMETRIC_REPRESENTATION_CONTEXT(2) 
PARAMETRIC_REPRESENTATION_CONTEXT() REPRESENTATION_CONTEXT('2D SPACE',''
  ) );
#6125 = ADVANCED_FACE('',(#6126),#5752,.F.);
#6126 = FACE_BOUND('',#6127,.T.);
#6127 = EDGE_LOOP('',(#6128,#6129,#6149,#6176));
#6128 = ORIENTED_EDGE('',*,*,#5731,.T.);
#6129 = ORIENTED_EDGE('',*,*,#6130,.T.);
#6130 = EDGE_CURVE('',#5732,#6131,#6133,.T.);
#6131 = VERTEX_POINT('',#6132);
#6132 = CARTESIAN_POINT('',(-11.6,-6.,1.));
#6133 = SEAM_CURVE('',#6134,(#6137,#6143),.PCURVE_S1.);
#6134 = B_SPLINE_CURVE_WITH_KNOTS('',1,(#6135,#6136),.UNSPECIFIED.,.F.,
  .F.,(2,2),(0.,1.),.PIECEWISE_BEZIER_KNOTS.);
#6135 = CARTESIAN_POINT('',(-11.9,-6.,0.7));
#6136 = CARTESIAN_POINT('',(-11.6,-6.,1.));
#6137 = PCURVE('',#5752,#6138);
#6138 = DEFINITIONAL_REPRESENTATION('',(#6139),#6142);
#6139 = B_SPLINE_CURVE_WITH_KNOTS('',1,(#6140,#6141),.UNSPECIFIED.,.F.,
  .F.,(2,2),(0.,1.),.PIECEWISE_BEZIER_KNOTS.);
#6140 = CARTESIAN_POINT('',(6.28318530718,0.));
#6141 = CARTESIAN_POINT('',(6.28318530718,-0.3));
#6142 = ( GEOMETRIC_REPRESENTATION_CONTEXT(2) 
PARAMETRIC_REPRESENTATION_CONTEXT() REPRESENTATION_CONTEXT('2D SPACE',''
  ) );
#6143 = PCURVE('',#5752,#6144);
#6144 = DEFINITIONAL_REPRESENTATION('',(#6145),#6148);
#6145 = B_SPLINE_CURVE_WITH_KNOTS('',1,(#6146,#6147),.UNSPECIFIED.,.F.,
  .F.,(2,2),(0.,1.),.PIECEWISE_BEZIER_KNOTS.);
#6146 = CARTESIAN_POINT('',(0.,0.));
#6147 = CARTESIAN_POINT('',(0.,-0.3));
#6148 = ( GEOMETRIC_REPRESENTATION_CONTEXT(2) 
PARAMETRIC_REPRESENTATION_CONTEXT() REPRESENTATION_CONTEXT('2D SPACE',''
  ) );
#6149 = ORIENTED_EDGE('',*,*,#6150,.F.);
#6150 = EDGE_CURVE('',#6131,#6131,#6151,.T.);
#6151 = SURFACE_CURVE('',#6152,(#6157,#6164),.PCURVE_S1.);
#6152 = CIRCLE('',#6153,1.1);
#6153 = AXIS2_PLACEMENT_3D('',#6154,#6155,#6156);
#6154 = CARTESIAN_POINT('',(-10.5,-6.,1.));
#6155 = DIRECTION('',(-0.,0.,-1.));
#6156 = DIRECTION('',(-1.,-0.,0.));
#6157 = PCURVE('',#5752,#6158);
#6158 = DEFINITIONAL_REPRESENTATION('',(#6159),#6163);
#6159 = LINE('',#6160,#6161);
#6160 = CARTESIAN_POINT('',(0.,-0.3));
#6161 = VECTOR('',#6162,1.);
#6162 = DIRECTION('',(1.,-0.));
#6163 = ( GEOMETRIC_REPRESENTATION_CONTEXT(2) 
PARAMETRIC_REPRESENTATION_CONTEXT() REPRESENTATION_CONTEXT('2D SPACE',''
  ) );
#6164 = PCURVE('',#6165,#6170);
#6165 = CYLINDRICAL_SURFACE('',#6166,1.1);
#6166 = AXIS2_PLACEMENT_3D('',#6167,#6168,#6169);
#6167 = CARTESIAN_POINT('',(-10.5,-6.,0.7));
#6168 = DIRECTION('',(0.,-0.,-1.));
#6169 = DIRECTION('',(-1.,-0.,-0.));
#6170 = DEFINITIONAL_REPRESENTATION('',(#6171),#6175);
#6171 = LINE('',#6172,#6173);
#6172 = CARTESIAN_POINT('',(0.,-0.3));
#6173 = VECTOR('',#6174,1.);
#6174 = DIRECTION('',(1.,0.));
#6175 = ( GEOMETRIC_REPRESENTATION_CONTEXT(2) 
PARAMETRIC_REPRESENTATION_CONTEXT() REPRESENTATION_CONTEXT('2D SPACE',''
  ) );
#6176 = ORIENTED_EDGE('',*,*,#6130,.F.);
#6177 = ADVANCED_FACE('',(#6178),#5806,.F.);
#6178 = FACE_BOUND('',#6179,.F.);
#6179 = EDGE_LOOP('',(#6180));
#6180 = ORIENTED_EDGE('',*,*,#5791,.T.);
#6181 = ADVANCED_FACE('',(#6182),#5846,.F.);
#6182 = FACE_BOUND('',#6183,.T.);
#6183 = EDGE_LOOP('',(#6184,#6185,#6205,#6232));
#6184 = ORIENTED_EDGE('',*,*,#5825,.T.);
#6185 = ORIENTED_EDGE('',*,*,#6186,.T.);
#6186 = EDGE_CURVE('',#5826,#6187,#6189,.T.);
#6187 = VERTEX_POINT('',#6188);
#6188 = CARTESIAN_POINT('',(-11.6,10.,1.));
#6189 = SEAM_CURVE('',#6190,(#6193,#6199),.PCURVE_S1.);
#6190 = B_SPLINE_CURVE_WITH_KNOTS('',1,(#6191,#6192),.UNSPECIFIED.,.F.,
  .F.,(2,2),(0.,1.),.PIECEWISE_BEZIER_KNOTS.);
#6191 = CARTESIAN_POINT('',(-11.9,10.,0.7));
#6192 = CARTESIAN_POINT('',(-11.6,10.,1.));
#6193 = PCURVE('',#5846,#6194);
#6194 = DEFINITIONAL_REPRESENTATION('',(#6195),#6198);
#6195 = B_SPLINE_CURVE_WITH_KNOTS('',1,(#6196,#6197),.UNSPECIFIED.,.F.,
  .F.,(2,2),(0.,1.),.PIECEWISE_BEZIER_KNOTS.);
#6196 = CARTESIAN_POINT('',(6.28318530718,0.));
#6197 = CARTESIAN_POINT('',(6.28318530718,-0.3));
#6198 = ( GEOMETRIC_REPRESENTATION_CONTEXT(2) 
PARAMETRIC_REPRESENTATION_CONTEXT() REPRESENTATION_CONTEXT('2D SPACE',''
  ) );
#6199 = PCURVE('',#5846,#6200);
#6200 = DEFINITIONAL_REPRESENTATION('',(#6201),#6204);
#6201 = B_SPLINE_CURVE_WITH_KNOTS('',1,(#6202,#6203),.UNSPECIFIED.,.F.,
  .F.,(2,2),(0.,1.),.PIECEWISE_BEZIER_KNOTS.);
#6202 = CARTESIAN_POINT('',(0.,0.));
#6203 = CARTESIAN_POINT('',(0.,-0.3));
#6204 = ( GEOMETRIC_REPRESENTATION_CONTEXT(2) 
PARAMETRIC_REPRESENTATION_CONTEXT() REPRESENTATION_CONTEXT('2D SPACE',''
  ) );
#6205 = ORIENTED_EDGE('',*,*,#6206,.F.);
#6206 = EDGE_CURVE('',#6187,#6187,#6207,.T.);
#6207 = SURFACE_CURVE('',#6208,(#6213,#6220),.PCURVE_S1.);
#6208 = CIRCLE('',#6209,1.1);
#6209 = AXIS2_PLACEMENT_3D('',#6210,#6211,#6212);
#6210 = CARTESIAN_POINT('',(-10.5,10.,1.));
#6211 = DIRECTION('',(-0.,0.,-1.));
#6212 = DIRECTION('',(-1.,-0.,0.));
#6213 = PCURVE('',#5846,#6214);
#6214 = DEFINITIONAL_REPRESENTATION('',(#6215),#6219);
#6215 = LINE('',#6216,#6217);
#6216 = CARTESIAN_POINT('',(0.,-0.3));
#6217 = VECTOR('',#6218,1.);
#6218 = DIRECTION('',(1.,-0.));
#6219 = ( GEOMETRIC_REPRESENTATION_CONTEXT(2) 
PARAMETRIC_REPRESENTATION_CONTEXT() REPRESENTATION_CONTEXT('2D SPACE',''
  ) );
#6220 = PCURVE('',#6221,#6226);
#6221 = CYLINDRICAL_SURFACE('',#6222,1.1);
#6222 = AXIS2_PLACEMENT_3D('',#6223,#6224,#6225);
#6223 = CARTESIAN_POINT('',(-10.5,10.,0.7));
#6224 = DIRECTION('',(0.,-0.,-1.));
#6225 = DIRECTION('',(-1.,-0.,-0.));
#6226 = DEFINITIONAL_REPRESENTATION('',(#6227),#6231);
#6227 = LINE('',#6228,#6229);
#6228 = CARTESIAN_POINT('',(0.,-0.3));
#6229 = VECTOR('',#6230,1.);
#6230 = DIRECTION('',(1.,0.));
#6231 = ( GEOMETRIC_REPRESENTATION_CONTEXT(2) 
PARAMETRIC_REPRESENTATION_CONTEXT() REPRESENTATION_CONTEXT('2D SPACE',''
  ) );
#6232 = ORIENTED_EDGE('',*,*,#6186,.F.);
#6233 = ADVANCED_FACE('',(#6234),#5900,.F.);
#6234 = FACE_BOUND('',#6235,.F.);
#6235 = EDGE_LOOP('',(#6236));
#6236 = ORIENTED_EDGE('',*,*,#5885,.T.);
#6237 = ADVANCED_FACE('',(#6238),#5983,.T.);
#6238 = FACE_BOUND('',#6239,.T.);
#6239 = EDGE_LOOP('',(#6240));
#6240 = ORIENTED_EDGE('',*,*,#5966,.T.);
#6241 = ADVANCED_FACE('',(#6242),#6052,.T.);
#6242 = FACE_BOUND('',#6243,.T.);
#6243 = EDGE_LOOP('',(#6244,#6267,#6298,#6299));
#6244 = ORIENTED_EDGE('',*,*,#6245,.T.);
#6245 = EDGE_CURVE('',#6036,#6246,#6248,.T.);
#6246 = VERTEX_POINT('',#6247);
#6247 = CARTESIAN_POINT('',(-14.9,-8.5,4.4));
#6248 = SEAM_CURVE('',#6249,(#6253,#6260),.PCURVE_S1.);
#6249 = LINE('',#6250,#6251);
#6250 = CARTESIAN_POINT('',(-14.9,-8.5,4.));
#6251 = VECTOR('',#6252,1.);
#6252 = DIRECTION('',(-0.,-0.,1.));
#6253 = PCURVE('',#6052,#6254);
#6254 = DEFINITIONAL_REPRESENTATION('',(#6255),#6259);
#6255 = LINE('',#6256,#6257);
#6256 = CARTESIAN_POINT('',(0.,0.));
#6257 = VECTOR('',#6258,1.);
#6258 = DIRECTION('',(0.,-1.));
#6259 = ( GEOMETRIC_REPRESENTATION_CONTEXT(2) 
PARAMETRIC_REPRESENTATION_CONTEXT() REPRESENTATION_CONTEXT('2D SPACE',''
  ) );
#6260 = PCURVE('',#6052,#6261);
#6261 = DEFINITIONAL_REPRESENTATION('',(#6262),#6266);
#6262 = LINE('',#6263,#6264);
#6263 = CARTESIAN_POINT('',(6.28318530718,0.));
#6264 = VECTOR('',#6265,1.);
#6265 = DIRECTION('',(0.,-1.));
#6266 = ( GEOMETRIC_REPRESENTATION_CONTEXT(2) 
PARAMETRIC_REPRESENTATION_CONTEXT() REPRESENTATION_CONTEXT('2D SPACE',''
  ) );
#6267 = ORIENTED_EDGE('',*,*,#6268,.T.);
#6268 = EDGE_CURVE('',#6246,#6246,#6269,.T.);
#6269 = SURFACE_CURVE('',#6270,(#6275,#6282),.PCURVE_S1.);
#6270 = CIRCLE('',#6271,2.4);
#6271 = AXIS2_PLACEMENT_3D('',#6272,#6273,#6274);
#6272 = CARTESIAN_POINT('',(-12.5,-8.5,4.4));
#6273 = DIRECTION('',(0.,0.,-1.));
#6274 = DIRECTION('',(-1.,-0.,-0.));
#6275 = PCURVE('',#6052,#6276);
#6276 = DEFINITIONAL_REPRESENTATION('',(#6277),#6281);
#6277 = LINE('',#6278,#6279);
#6278 = CARTESIAN_POINT('',(0.,-0.4));
#6279 = VECTOR('',#6280,1.);
#6280 = DIRECTION('',(1.,0.));
#6281 = ( GEOMETRIC_REPRESENTATION_CONTEXT(2) 
PARAMETRIC_REPRESENTATION_CONTEXT() REPRESENTATION_CONTEXT('2D SPACE',''
  ) );
#6282 = PCURVE('',#6283,#6288);
#6283 = PLANE('',#6284);
#6284 = AXIS2_PLACEMENT_3D('',#6285,#6286,#6287);
#6285 = CARTESIAN_POINT('',(-12.5,-8.5,4.4));
#6286 = DIRECTION('',(-0.,-0.,1.));
#6287 = DIRECTION('',(1.,0.,0.));
#6288 = DEFINITIONAL_REPRESENTATION('',(#6289),#6297);
#6289 = ( BOUNDED_CURVE() B_SPLINE_CURVE(2,(#6290,#6291,#6292,#6293,
#6294,#6295,#6296),.UNSPECIFIED.,.T.,.F.) B_SPLINE_CURVE_WITH_KNOTS((1,2
    ,2,2,2,1),(-2.094395102393,0.,2.094395102393,4.188790204786,
6.28318530718,8.377580409573),.UNSPECIFIED.) CURVE() 
GEOMETRIC_REPRESENTATION_ITEM() RATIONAL_B_SPLINE_CURVE((1.,0.5,1.,0.5,
1.,0.5,1.)) REPRESENTATION_ITEM('') );
#6290 = CARTESIAN_POINT('',(-2.4,0.));
#6291 = CARTESIAN_POINT('',(-2.4,4.156921938165));
#6292 = CARTESIAN_POINT('',(1.2,2.078460969083));
#6293 = CARTESIAN_POINT('',(4.8,5.878304635907E-16));
#6294 = CARTESIAN_POINT('',(1.2,-2.078460969083));
#6295 = CARTESIAN_POINT('',(-2.4,-4.156921938165));
#6296 = CARTESIAN_POINT('',(-2.4,0.));
#6297 = ( GEOMETRIC_REPRESENTATION_CONTEXT(2) 
PARAMETRIC_REPRESENTATION_CONTEXT() REPRESENTATION_CONTEXT('2D SPACE',''
  ) );
#6298 = ORIENTED_EDGE('',*,*,#6245,.F.);
#6299 = ORIENTED_EDGE('',*,*,#6035,.F.);
#6300 = ADVANCED_FACE('',(#6301),#6083,.T.);
#6301 = FACE_BOUND('',#6302,.T.);
#6302 = EDGE_LOOP('',(#6303,#6326,#6357,#6358));
#6303 = ORIENTED_EDGE('',*,*,#6304,.T.);
#6304 = EDGE_CURVE('',#6067,#6305,#6307,.T.);
#6305 = VERTEX_POINT('',#6306);
#6306 = CARTESIAN_POINT('',(-18.7,11.,4.4));
#6307 = SEAM_CURVE('',#6308,(#6312,#6319),.PCURVE_S1.);
#6308 = LINE('',#6309,#6310);
#6309 = CARTESIAN_POINT('',(-18.7,11.,4.));
#6310 = VECTOR('',#6311,1.);
#6311 = DIRECTION('',(-0.,-0.,1.));
#6312 = PCURVE('',#6083,#6313);
#6313 = DEFINITIONAL_REPRESENTATION('',(#6314),#6318);
#6314 = LINE('',#6315,#6316);
#6315 = CARTESIAN_POINT('',(0.,0.));
#6316 = VECTOR('',#6317,1.);
#6317 = DIRECTION('',(0.,-1.));
#6318 = ( GEOMETRIC_REPRESENTATION_CONTEXT(2) 
PARAMETRIC_REPRESENTATION_CONTEXT() REPRESENTATION_CONTEXT('2D SPACE',''
  ) );
#6319 = PCURVE('',#6083,#6320);
#6320 = DEFINITIONAL_REPRESENTATION('',(#6321),#6325);
#6321 = LINE('',#6322,#6323);
#6322 = CARTESIAN_POINT('',(6.28318530718,0.));
#6323 = VECTOR('',#6324,1.);
#6324 = DIRECTION('',(0.,-1.));
#6325 = ( GEOMETRIC_REPRESENTATION_CONTEXT(2) 
PARAMETRIC_REPRESENTATION_CONTEXT() REPRESENTATION_CONTEXT('2D SPACE',''
  ) );
#6326 = ORIENTED_EDGE('',*,*,#6327,.T.);
#6327 = EDGE_CURVE('',#6305,#6305,#6328,.T.);
#6328 = SURFACE_CURVE('',#6329,(#6334,#6341),.PCURVE_S1.);
#6329 = CIRCLE('',#6330,3.2);
#6330 = AXIS2_PLACEMENT_3D('',#6331,#6332,#6333);
#6331 = CARTESIAN_POINT('',(-15.5,11.,4.4));
#6332 = DIRECTION('',(0.,0.,-1.));
#6333 = DIRECTION('',(-1.,-0.,-0.));
#6334 = PCURVE('',#6083,#6335);
#6335 = DEFINITIONAL_REPRESENTATION('',(#6336),#6340);
#6336 = LINE('',#6337,#6338);
#6337 = CARTESIAN_POINT('',(0.,-0.4));
#6338 = VECTOR('',#6339,1.);
#6339 = DIRECTION('',(1.,0.));
#6340 = ( GEOMETRIC_REPRESENTATION_CONTEXT(2) 
PARAMETRIC_REPRESENTATION_CONTEXT() REPRESENTATION_CONTEXT('2D SPACE',''
  ) );
#6341 = PCURVE('',#6342,#6347);
#6342 = PLANE('',#6343);
#6343 = AXIS2_PLACEMENT_3D('',#6344,#6345,#6346);
#6344 = CARTESIAN_POINT('',(-15.5,11.,4.4));
#6345 = DIRECTION('',(-0.,-0.,1.));
#6346 = DIRECTION('',(1.,0.,0.));
#6347 = DEFINITIONAL_REPRESENTATION('',(#6348),#6356);
#6348 = ( BOUNDED_CURVE() B_SPLINE_CURVE(2,(#6349,#6350,#6351,#6352,
#6353,#6354,#6355),.UNSPECIFIED.,.T.,.F.) B_SPLINE_CURVE_WITH_KNOTS((1,2
    ,2,2,2,1),(-2.094395102393,0.,2.094395102393,4.188790204786,
6.28318530718,8.377580409573),.UNSPECIFIED.) CURVE() 
GEOMETRIC_REPRESENTATION_ITEM() RATIONAL_B_SPLINE_CURVE((1.,0.5,1.,0.5,
1.,0.5,1.)) REPRESENTATION_ITEM('') );
#6349 = CARTESIAN_POINT('',(-3.2,-1.7763568394E-15));
#6350 = CARTESIAN_POINT('',(-3.2,5.54256258422));
#6351 = CARTESIAN_POINT('',(1.6,2.77128129211));
#6352 = CARTESIAN_POINT('',(6.4,-9.925828879459E-16));
#6353 = CARTESIAN_POINT('',(1.6,-2.77128129211));
#6354 = CARTESIAN_POINT('',(-3.2,-5.54256258422));
#6355 = CARTESIAN_POINT('',(-3.2,-1.7763568394E-15));
#6356 = ( GEOMETRIC_REPRESENTATION_CONTEXT(2) 
PARAMETRIC_REPRESENTATION_CONTEXT() REPRESENTATION_CONTEXT('2D SPACE',''
  ) );
#6357 = ORIENTED_EDGE('',*,*,#6304,.F.);
#6358 = ORIENTED_EDGE('',*,*,#6066,.F.);
#6359 = ADVANCED_FACE('',(#6360),#6114,.T.);
#6360 = FACE_BOUND('',#6361,.T.);
#6361 = EDGE_LOOP('',(#6362,#6385,#6416,#6417));
#6362 = ORIENTED_EDGE('',*,*,#6363,.T.);
#6363 = EDGE_CURVE('',#6098,#6364,#6366,.T.);
#6364 = VERTEX_POINT('',#6365);
#6365 = CARTESIAN_POINT('',(-9.1,7.,4.4));
#6366 = SEAM_CURVE('',#6367,(#6371,#6378),.PCURVE_S1.);
#6367 = LINE('',#6368,#6369);
#6368 = CARTESIAN_POINT('',(-9.1,7.,4.));
#6369 = VECTOR('',#6370,1.);
#6370 = DIRECTION('',(-0.,-0.,1.));
#6371 = PCURVE('',#6114,#6372);
#6372 = DEFINITIONAL_REPRESENTATION('',(#6373),#6377);
#6373 = LINE('',#6374,#6375);
#6374 = CARTESIAN_POINT('',(0.,0.));
#6375 = VECTOR('',#6376,1.);
#6376 = DIRECTION('',(0.,-1.));
#6377 = ( GEOMETRIC_REPRESENTATION_CONTEXT(2) 
PARAMETRIC_REPRESENTATION_CONTEXT() REPRESENTATION_CONTEXT('2D SPACE',''
  ) );
#6378 = PCURVE('',#6114,#6379);
#6379 = DEFINITIONAL_REPRESENTATION('',(#6380),#6384);
#6380 = LINE('',#6381,#6382);
#6381 = CARTESIAN_POINT('',(6.28318530718,0.));
#6382 = VECTOR('',#6383,1.);
#6383 = DIRECTION('',(0.,-1.));
#6384 = ( GEOMETRIC_REPRESENTATION_CONTEXT(2) 
PARAMETRIC_REPRESENTATION_CONTEXT() REPRESENTATION_CONTEXT('2D SPACE',''
  ) );
#6385 = ORIENTED_EDGE('',*,*,#6386,.T.);
#6386 = EDGE_CURVE('',#6364,#6364,#6387,.T.);
#6387 = SURFACE_CURVE('',#6388,(#6393,#6400),.PCURVE_S1.);
#6388 = CIRCLE('',#6389,1.6);
#6389 = AXIS2_PLACEMENT_3D('',#6390,#6391,#6392);
#6390 = CARTESIAN_POINT('',(-7.5,7.,4.4));
#6391 = DIRECTION('',(0.,0.,-1.));
#6392 = DIRECTION('',(-1.,-0.,-0.));
#6393 = PCURVE('',#6114,#6394);
#6394 = DEFINITIONAL_REPRESENTATION('',(#6395),#6399);
#6395 = LINE('',#6396,#6397);
#6396 = CARTESIAN_POINT('',(0.,-0.4));
#6397 = VECTOR('',#6398,1.);
#6398 = DIRECTION('',(1.,0.));
#6399 = ( GEOMETRIC_REPRESENTATION_CONTEXT(2) 
PARAMETRIC_REPRESENTATION_CONTEXT() REPRESENTATION_CONTEXT('2D SPACE',''
  ) );
#6400 = PCURVE('',#6401,#6406);
#6401 = PLANE('',#6402);
#6402 = AXIS2_PLACEMENT_3D('',#6403,#6404,#6405);
#6403 = CARTESIAN_POINT('',(-7.5,7.,4.4));
#6404 = DIRECTION('',(-0.,-0.,1.));
#6405 = DIRECTION('',(1.,0.,0.));
#6406 = DEFINITIONAL_REPRESENTATION('',(#6407),#6415);
#6407 = ( BOUNDED_CURVE() B_SPLINE_CURVE(2,(#6408,#6409,#6410,#6411,
#6412,#6413,#6414),.UNSPECIFIED.,.T.,.F.) B_SPLINE_CURVE_WITH_KNOTS((1,2
    ,2,2,2,1),(-2.094395102393,0.,2.094395102393,4.188790204786,
6.28318530718,8.377580409573),.UNSPECIFIED.) CURVE() 
GEOMETRIC_REPRESENTATION_ITEM() RATIONAL_B_SPLINE_CURVE((1.,0.5,1.,0.5,
1.,0.5,1.)) REPRESENTATION_ITEM('') );
#6408 = CARTESIAN_POINT('',(-1.6,0.));
#6409 = CARTESIAN_POINT('',(-1.6,2.77128129211));
#6410 = CARTESIAN_POINT('',(0.8,1.385640646055));
#6411 = CARTESIAN_POINT('',(3.2,3.918869757272E-16));
#6412 = CARTESIAN_POINT('',(0.8,-1.385640646055));
#6413 = CARTESIAN_POINT('',(-1.6,-2.77128129211));
#6414 = CARTESIAN_POINT('',(-1.6,0.));
#6415 = ( GEOMETRIC_REPRESENTATION_CONTEXT(2) 
PARAMETRIC_REPRESENTATION_CONTEXT() REPRESENTATION_CONTEXT('2D SPACE',''
  ) );
#6416 = ORIENTED_EDGE('',*,*,#6363,.F.);
#6417 = ORIENTED_EDGE('',*,*,#6097,.F.);
#6418 = ADVANCED_FACE('',(#6419),#6165,.F.);
#6419 = FACE_BOUND('',#6420,.F.);
#6420 = EDGE_LOOP('',(#6421,#6422,#6445,#6476));
#6421 = ORIENTED_EDGE('',*,*,#6150,.F.);
#6422 = ORIENTED_EDGE('',*,*,#6423,.T.);
#6423 = EDGE_CURVE('',#6131,#6424,#6426,.T.);
#6424 = VERTEX_POINT('',#6425);
#6425 = CARTESIAN_POINT('',(-11.6,-6.,3.));
#6426 = SEAM_CURVE('',#6427,(#6431,#6438),.PCURVE_S1.);
#6427 = LINE('',#6428,#6429);
#6428 = CARTESIAN_POINT('',(-11.6,-6.,0.7));
#6429 = VECTOR('',#6430,1.);
#6430 = DIRECTION('',(-0.,-0.,1.));
#6431 = PCURVE('',#6165,#6432);
#6432 = DEFINITIONAL_REPRESENTATION('',(#6433),#6437);
#6433 = LINE('',#6434,#6435);
#6434 = CARTESIAN_POINT('',(6.28318530718,0.));
#6435 = VECTOR('',#6436,1.);
#6436 = DIRECTION('',(0.,-1.));
#6437 = ( GEOMETRIC_REPRESENTATION_CONTEXT(2) 
PARAMETRIC_REPRESENTATION_CONTEXT() REPRESENTATION_CONTEXT('2D SPACE',''
  ) );
#6438 = PCURVE('',#6165,#6439);
#6439 = DEFINITIONAL_REPRESENTATION('',(#6440),#6444);
#6440 = LINE('',#6441,#6442);
#6441 = CARTESIAN_POINT('',(0.,0.));
#6442 = VECTOR('',#6443,1.);
#6443 = DIRECTION('',(0.,-1.));
#6444 = ( GEOMETRIC_REPRESENTATION_CONTEXT(2) 
PARAMETRIC_REPRESENTATION_CONTEXT() REPRESENTATION_CONTEXT('2D SPACE',''
  ) );
#6445 = ORIENTED_EDGE('',*,*,#6446,.T.);
#6446 = EDGE_CURVE('',#6424,#6424,#6447,.T.);
#6447 = SURFACE_CURVE('',#6448,(#6453,#6460),.PCURVE_S1.);
#6448 = CIRCLE('',#6449,1.1);
#6449 = AXIS2_PLACEMENT_3D('',#6450,#6451,#6452);
#6450 = CARTESIAN_POINT('',(-10.5,-6.,3.));
#6451 = DIRECTION('',(0.,0.,-1.));
#6452 = DIRECTION('',(-1.,-0.,-0.));
#6453 = PCURVE('',#6165,#6454);
#6454 = DEFINITIONAL_REPRESENTATION('',(#6455),#6459);
#6455 = LINE('',#6456,#6457);
#6456 = CARTESIAN_POINT('',(0.,-2.3));
#6457 = VECTOR('',#6458,1.);
#6458 = DIRECTION('',(1.,0.));
#6459 = ( GEOMETRIC_REPRESENTATION_CONTEXT(2) 
PARAMETRIC_REPRESENTATION_CONTEXT() REPRESENTATION_CONTEXT('2D SPACE',''
  ) );
#6460 = PCURVE('',#6461,#6466);
#6461 = PLANE('',#6462);
#6462 = AXIS2_PLACEMENT_3D('',#6463,#6464,#6465);
#6463 = CARTESIAN_POINT('',(-10.5,-6.,3.));
#6464 = DIRECTION('',(-0.,-0.,1.));
#6465 = DIRECTION('',(1.,0.,0.));
#6466 = DEFINITIONAL_REPRESENTATION('',(#6467),#6475);
#6467 = ( BOUNDED_CURVE() B_SPLINE_CURVE(2,(#6468,#6469,#6470,#6471,
#6472,#6473,#6474),.UNSPECIFIED.,.T.,.F.) B_SPLINE_CURVE_WITH_KNOTS((1,2
    ,2,2,2,1),(-2.094395102393,0.,2.094395102393,4.188790204786,
6.28318530718,8.377580409573),.UNSPECIFIED.) CURVE() 
GEOMETRIC_REPRESENTATION_ITEM() RATIONAL_B_SPLINE_CURVE((1.,0.5,1.,0.5,
1.,0.5,1.)) REPRESENTATION_ITEM('') );
#6468 = CARTESIAN_POINT('',(-1.1,0.));
#6469 = CARTESIAN_POINT('',(-1.1,1.905255888326));
#6470 = CARTESIAN_POINT('',(0.55,0.952627944163));
#6471 = CARTESIAN_POINT('',(2.2,2.694222958124E-16));
#6472 = CARTESIAN_POINT('',(0.55,-0.952627944163));
#6473 = CARTESIAN_POINT('',(-1.1,-1.905255888326));
#6474 = CARTESIAN_POINT('',(-1.1,0.));
#6475 = ( GEOMETRIC_REPRESENTATION_CONTEXT(2) 
PARAMETRIC_REPRESENTATION_CONTEXT() REPRESENTATION_CONTEXT('2D SPACE',''
  ) );
#6476 = ORIENTED_EDGE('',*,*,#6423,.F.);
#6477 = ADVANCED_FACE('',(#6478),#6221,.F.);
#6478 = FACE_BOUND('',#6479,.F.);
#6479 = EDGE_LOOP('',(#6480,#6481,#6504,#6535));
#6480 = ORIENTED_EDGE('',*,*,#6206,.F.);
#6481 = ORIENTED_EDGE('',*,*,#6482,.T.);
#6482 = EDGE_CURVE('',#6187,#6483,#6485,.T.);
#6483 = VERTEX_POINT('',#6484);
#6484 = CARTESIAN_POINT('',(-11.6,10.,3.));
#6485 = SEAM_CURVE('',#6486,(#6490,#6497),.PCURVE_S1.);
#6486 = LINE('',#6487,#6488);
#6487 = CARTESIAN_POINT('',(-11.6,10.,0.7));
#6488 = VECTOR('',#6489,1.);
#6489 = DIRECTION('',(-0.,-0.,1.));
#6490 = PCURVE('',#6221,#6491);
#6491 = DEFINITIONAL_REPRESENTATION('',(#6492),#6496);
#6492 = LINE('',#6493,#6494);
#6493 = CARTESIAN_POINT('',(6.28318530718,0.));
#6494 = VECTOR('',#6495,1.);
#6495 = DIRECTION('',(0.,-1.));
#6496 = ( GEOMETRIC_REPRESENTATION_CONTEXT(2) 
PARAMETRIC_REPRESENTATION_CONTEXT() REPRESENTATION_CONTEXT('2D SPACE',''
  ) );
#6497 = PCURVE('',#6221,#6498);
#6498 = DEFINITIONAL_REPRESENTATION('',(#6499),#6503);
#6499 = LINE('',#6500,#6501);
#6500 = CARTESIAN_POINT('',(0.,0.));
#6501 = VECTOR('',#6502,1.);
#6502 = DIRECTION('',(0.,-1.));
#6503 = ( GEOMETRIC_REPRESENTATION_CONTEXT(2) 
PARAMETRIC_REPRESENTATION_CONTEXT() REPRESENTATION_CONTEXT('2D SPACE',''
  ) );
#6504 = ORIENTED_EDGE('',*,*,#6505,.T.);
#6505 = EDGE_CURVE('',#6483,#6483,#6506,.T.);
#6506 = SURFACE_CURVE('',#6507,(#6512,#6519),.PCURVE_S1.);
#6507 = CIRCLE('',#6508,1.1);
#6508 = AXIS2_PLACEMENT_3D('',#6509,#6510,#6511);
#6509 = CARTESIAN_POINT('',(-10.5,10.,3.));
#6510 = DIRECTION('',(0.,0.,-1.));
#6511 = DIRECTION('',(-1.,-0.,-0.));
#6512 = PCURVE('',#6221,#6513);
#6513 = DEFINITIONAL_REPRESENTATION('',(#6514),#6518);
#6514 = LINE('',#6515,#6516);
#6515 = CARTESIAN_POINT('',(0.,-2.3));
#6516 = VECTOR('',#6517,1.);
#6517 = DIRECTION('',(1.,0.));
#6518 = ( GEOMETRIC_REPRESENTATION_CONTEXT(2) 
PARAMETRIC_REPRESENTATION_CONTEXT() REPRESENTATION_CONTEXT('2D SPACE',''
  ) );
#6519 = PCURVE('',#6520,#6525);
#6520 = PLANE('',#6521);
#6521 = AXIS2_PLACEMENT_3D('',#6522,#6523,#6524);
#6522 = CARTESIAN_POINT('',(-10.5,10.,3.));
#6523 = DIRECTION('',(-0.,-0.,1.));
#6524 = DIRECTION('',(1.,0.,0.));
#6525 = DEFINITIONAL_REPRESENTATION('',(#6526),#6534);
#6526 = ( BOUNDED_CURVE() B_SPLINE_CURVE(2,(#6527,#6528,#6529,#6530,
#6531,#6532,#6533),.UNSPECIFIED.,.T.,.F.) B_SPLINE_CURVE_WITH_KNOTS((1,2
    ,2,2,2,1),(-2.094395102393,0.,2.094395102393,4.188790204786,
6.28318530718,8.377580409573),.UNSPECIFIED.) CURVE() 
GEOMETRIC_REPRESENTATION_ITEM() RATIONAL_B_SPLINE_CURVE((1.,0.5,1.,0.5,
1.,0.5,1.)) REPRESENTATION_ITEM('') );
#6527 = CARTESIAN_POINT('',(-1.1,-1.7763568394E-15));
#6528 = CARTESIAN_POINT('',(-1.1,1.905255888326));
#6529 = CARTESIAN_POINT('',(0.55,0.952627944163));
#6530 = CARTESIAN_POINT('',(2.2,-1.506934543588E-15));
#6531 = CARTESIAN_POINT('',(0.55,-0.952627944163));
#6532 = CARTESIAN_POINT('',(-1.1,-1.905255888326));
#6533 = CARTESIAN_POINT('',(-1.1,-1.7763568394E-15));
#6534 = ( GEOMETRIC_REPRESENTATION_CONTEXT(2) 
PARAMETRIC_REPRESENTATION_CONTEXT() REPRESENTATION_CONTEXT('2D SPACE',''
  ) );
#6535 = ORIENTED_EDGE('',*,*,#6482,.F.);
#6536 = ADVANCED_FACE('',(#6537,#6540),#6283,.T.);
#6537 = FACE_BOUND('',#6538,.F.);
#6538 = EDGE_LOOP('',(#6539));
#6539 = ORIENTED_EDGE('',*,*,#6268,.T.);
#6540 = FACE_BOUND('',#6541,.F.);
#6541 = EDGE_LOOP('',(#6542));
#6542 = ORIENTED_EDGE('',*,*,#6543,.T.);
#6543 = EDGE_CURVE('',#6544,#6544,#6546,.T.);
#6544 = VERTEX_POINT('',#6545);
#6545 = CARTESIAN_POINT('',(-13.58,-8.5,4.4));
#6546 = SURFACE_CURVE('',#6547,(#6552,#6559),.PCURVE_S1.);
#6547 = CIRCLE('',#6548,1.08);
#6548 = AXIS2_PLACEMENT_3D('',#6549,#6550,#6551);
#6549 = CARTESIAN_POINT('',(-12.5,-8.5,4.4));
#6550 = DIRECTION('',(0.,0.,1.));
#6551 = DIRECTION('',(-1.,-0.,-0.));
#6552 = PCURVE('',#6283,#6553);
#6553 = DEFINITIONAL_REPRESENTATION('',(#6554),#6558);
#6554 = CIRCLE('',#6555,1.08);
#6555 = AXIS2_PLACEMENT_2D('',#6556,#6557);
#6556 = CARTESIAN_POINT('',(-1.7763568394E-15,0.));
#6557 = DIRECTION('',(-1.,0.));
#6558 = ( GEOMETRIC_REPRESENTATION_CONTEXT(2) 
PARAMETRIC_REPRESENTATION_CONTEXT() REPRESENTATION_CONTEXT('2D SPACE',''
  ) );
#6559 = PCURVE('',#6560,#6565);
#6560 = CYLINDRICAL_SURFACE('',#6561,1.08);
#6561 = AXIS2_PLACEMENT_3D('',#6562,#6563,#6564);
#6562 = CARTESIAN_POINT('',(-12.5,-8.5,4.2));
#6563 = DIRECTION('',(0.,-0.,-1.));
#6564 = DIRECTION('',(-1.,-0.,-0.));
#6565 = DEFINITIONAL_REPRESENTATION('',(#6566),#6570);
#6566 = LINE('',#6567,#6568);
#6567 = CARTESIAN_POINT('',(6.28318530718,-0.2));
#6568 = VECTOR('',#6569,1.);
#6569 = DIRECTION('',(-1.,0.));
#6570 = ( GEOMETRIC_REPRESENTATION_CONTEXT(2) 
PARAMETRIC_REPRESENTATION_CONTEXT() REPRESENTATION_CONTEXT('2D SPACE',''
  ) );
#6571 = ADVANCED_FACE('',(#6572,#6575),#6342,.T.);
#6572 = FACE_BOUND('',#6573,.F.);
#6573 = EDGE_LOOP('',(#6574));
#6574 = ORIENTED_EDGE('',*,*,#6327,.T.);
#6575 = FACE_BOUND('',#6576,.F.);
#6576 = EDGE_LOOP('',(#6577));
#6577 = ORIENTED_EDGE('',*,*,#6578,.T.);
#6578 = EDGE_CURVE('',#6579,#6579,#6581,.T.);
#6579 = VERTEX_POINT('',#6580);
#6580 = CARTESIAN_POINT('',(-16.94,11.,4.4));
#6581 = SURFACE_CURVE('',#6582,(#6587,#6594),.PCURVE_S1.);
#6582 = CIRCLE('',#6583,1.44);
#6583 = AXIS2_PLACEMENT_3D('',#6584,#6585,#6586);
#6584 = CARTESIAN_POINT('',(-15.5,11.,4.4));
#6585 = DIRECTION('',(0.,0.,1.));
#6586 = DIRECTION('',(-1.,-0.,-0.));
#6587 = PCURVE('',#6342,#6588);
#6588 = DEFINITIONAL_REPRESENTATION('',(#6589),#6593);
#6589 = CIRCLE('',#6590,1.44);
#6590 = AXIS2_PLACEMENT_2D('',#6591,#6592);
#6591 = CARTESIAN_POINT('',(0.,-1.7763568394E-15));
#6592 = DIRECTION('',(-1.,0.));
#6593 = ( GEOMETRIC_REPRESENTATION_CONTEXT(2) 
PARAMETRIC_REPRESENTATION_CONTEXT() REPRESENTATION_CONTEXT('2D SPACE',''
  ) );
#6594 = PCURVE('',#6595,#6600);
#6595 = CYLINDRICAL_SURFACE('',#6596,1.44);
#6596 = AXIS2_PLACEMENT_3D('',#6597,#6598,#6599);
#6597 = CARTESIAN_POINT('',(-15.5,11.,4.2));
#6598 = DIRECTION('',(0.,-0.,-1.));
#6599 = DIRECTION('',(-1.,-0.,-0.));
#6600 = DEFINITIONAL_REPRESENTATION('',(#6601),#6605);
#6601 = LINE('',#6602,#6603);
#6602 = CARTESIAN_POINT('',(6.28318530718,-0.2));
#6603 = VECTOR('',#6604,1.);
#6604 = DIRECTION('',(-1.,0.));
#6605 = ( GEOMETRIC_REPRESENTATION_CONTEXT(2) 
PARAMETRIC_REPRESENTATION_CONTEXT() REPRESENTATION_CONTEXT('2D SPACE',''
  ) );
#6606 = ADVANCED_FACE('',(#6607,#6610),#6401,.T.);
#6607 = FACE_BOUND('',#6608,.F.);
#6608 = EDGE_LOOP('',(#6609));
#6609 = ORIENTED_EDGE('',*,*,#6386,.T.);
#6610 = FACE_BOUND('',#6611,.F.);
#6611 = EDGE_LOOP('',(#6612));
#6612 = ORIENTED_EDGE('',*,*,#6613,.T.);
#6613 = EDGE_CURVE('',#6614,#6614,#6616,.T.);
#6614 = VERTEX_POINT('',#6615);
#6615 = CARTESIAN_POINT('',(-8.22,7.,4.4));
#6616 = SURFACE_CURVE('',#6617,(#6622,#6629),.PCURVE_S1.);
#6617 = CIRCLE('',#6618,0.72);
#6618 = AXIS2_PLACEMENT_3D('',#6619,#6620,#6621);
#6619 = CARTESIAN_POINT('',(-7.5,7.,4.4));
#6620 = DIRECTION('',(0.,0.,1.));
#6621 = DIRECTION('',(-1.,-0.,-0.));
#6622 = PCURVE('',#6401,#6623);
#6623 = DEFINITIONAL_REPRESENTATION('',(#6624),#6628);
#6624 = CIRCLE('',#6625,0.72);
#6625 = AXIS2_PLACEMENT_2D('',#6626,#6627);
#6626 = CARTESIAN_POINT('',(-8.881784197001E-16,0.));
#6627 = DIRECTION('',(-1.,0.));
#6628 = ( GEOMETRIC_REPRESENTATION_CONTEXT(2) 
PARAMETRIC_REPRESENTATION_CONTEXT() REPRESENTATION_CONTEXT('2D SPACE',''
  ) );
#6629 = PCURVE('',#6630,#6635);
#6630 = CYLINDRICAL_SURFACE('',#6631,0.72);
#6631 = AXIS2_PLACEMENT_3D('',#6632,#6633,#6634);
#6632 = CARTESIAN_POINT('',(-7.5,7.,4.2));
#6633 = DIRECTION('',(0.,-0.,-1.));
#6634 = DIRECTION('',(-1.,-0.,-0.));
#6635 = DEFINITIONAL_REPRESENTATION('',(#6636),#6640);
#6636 = LINE('',#6637,#6638);
#6637 = CARTESIAN_POINT('',(6.28318530718,-0.2));
#6638 = VECTOR('',#6639,1.);
#6639 = DIRECTION('',(-1.,0.));
#6640 = ( GEOMETRIC_REPRESENTATION_CONTEXT(2) 
PARAMETRIC_REPRESENTATION_CONTEXT() REPRESENTATION_CONTEXT('2D SPACE',''
  ) );
#6641 = ADVANCED_FACE('',(#6642),#6461,.F.);
#6642 = FACE_BOUND('',#6643,.T.);
#6643 = EDGE_LOOP('',(#6644));
#6644 = ORIENTED_EDGE('',*,*,#6446,.T.);
#6645 = ADVANCED_FACE('',(#6646),#6520,.F.);
#6646 = FACE_BOUND('',#6647,.T.);
#6647 = EDGE_LOOP('',(#6648));
#6648 = ORIENTED_EDGE('',*,*,#6505,.T.);
#6649 = ADVANCED_FACE('',(#6650),#6560,.F.);
#6650 = FACE_BOUND('',#6651,.F.);
#6651 = EDGE_LOOP('',(#6652,#6685,#6706,#6707));
#6652 = ORIENTED_EDGE('',*,*,#6653,.F.);
#6653 = EDGE_CURVE('',#6654,#6654,#6656,.T.);
#6654 = VERTEX_POINT('',#6655);
#6655 = CARTESIAN_POINT('',(-13.58,-8.5,4.2));
#6656 = SURFACE_CURVE('',#6657,(#6662,#6669),.PCURVE_S1.);
#6657 = CIRCLE('',#6658,1.08);
#6658 = AXIS2_PLACEMENT_3D('',#6659,#6660,#6661);
#6659 = CARTESIAN_POINT('',(-12.5,-8.5,4.2));
#6660 = DIRECTION('',(0.,0.,-1.));
#6661 = DIRECTION('',(-1.,-0.,-0.));
#6662 = PCURVE('',#6560,#6663);
#6663 = DEFINITIONAL_REPRESENTATION('',(#6664),#6668);
#6664 = LINE('',#6665,#6666);
#6665 = CARTESIAN_POINT('',(0.,0.));
#6666 = VECTOR('',#6667,1.);
#6667 = DIRECTION('',(1.,0.));
#6668 = ( GEOMETRIC_REPRESENTATION_CONTEXT(2) 
PARAMETRIC_REPRESENTATION_CONTEXT() REPRESENTATION_CONTEXT('2D SPACE',''
  ) );
#6669 = PCURVE('',#6670,#6675);
#6670 = PLANE('',#6671);
#6671 = AXIS2_PLACEMENT_3D('',#6672,#6673,#6674);
#6672 = CARTESIAN_POINT('',(-12.5,-8.5,4.2));
#6673 = DIRECTION('',(-0.,-0.,1.));
#6674 = DIRECTION('',(1.,0.,0.));
#6675 = DEFINITIONAL_REPRESENTATION('',(#6676),#6684);
#6676 = ( BOUNDED_CURVE() B_SPLINE_CURVE(2,(#6677,#6678,#6679,#6680,
#6681,#6682,#6683),.UNSPECIFIED.,.T.,.F.) B_SPLINE_CURVE_WITH_KNOTS((1,2
    ,2,2,2,1),(-2.094395102393,0.,2.094395102393,4.188790204786,
6.28318530718,8.377580409573),.UNSPECIFIED.) CURVE() 
GEOMETRIC_REPRESENTATION_ITEM() RATIONAL_B_SPLINE_CURVE((1.,0.5,1.,0.5,
1.,0.5,1.)) REPRESENTATION_ITEM('') );
#6677 = CARTESIAN_POINT('',(-1.08,1.7763568394E-15));
#6678 = CARTESIAN_POINT('',(-1.08,1.870614872174));
#6679 = CARTESIAN_POINT('',(0.54,0.935307436087));
#6680 = CARTESIAN_POINT('',(2.16,2.040880548016E-15));
#6681 = CARTESIAN_POINT('',(0.54,-0.935307436087));
#6682 = CARTESIAN_POINT('',(-1.08,-1.870614872174));
#6683 = CARTESIAN_POINT('',(-1.08,1.7763568394E-15));
#6684 = ( GEOMETRIC_REPRESENTATION_CONTEXT(2) 
PARAMETRIC_REPRESENTATION_CONTEXT() REPRESENTATION_CONTEXT('2D SPACE',''
  ) );
#6685 = ORIENTED_EDGE('',*,*,#6686,.T.);
#6686 = EDGE_CURVE('',#6654,#6544,#6687,.T.);
#6687 = SEAM_CURVE('',#6688,(#6692,#6699),.PCURVE_S1.);
#6688 = LINE('',#6689,#6690);
#6689 = CARTESIAN_POINT('',(-13.58,-8.5,4.2));
#6690 = VECTOR('',#6691,1.);
#6691 = DIRECTION('',(-0.,-0.,1.));
#6692 = PCURVE('',#6560,#6693);
#6693 = DEFINITIONAL_REPRESENTATION('',(#6694),#6698);
#6694 = LINE('',#6695,#6696);
#6695 = CARTESIAN_POINT('',(6.28318530718,0.));
#6696 = VECTOR('',#6697,1.);
#6697 = DIRECTION('',(0.,-1.));
#6698 = ( GEOMETRIC_REPRESENTATION_CONTEXT(2) 
PARAMETRIC_REPRESENTATION_CONTEXT() REPRESENTATION_CONTEXT('2D SPACE',''
  ) );
#6699 = PCURVE('',#6560,#6700);
#6700 = DEFINITIONAL_REPRESENTATION('',(#6701),#6705);
#6701 = LINE('',#6702,#6703);
#6702 = CARTESIAN_POINT('',(0.,0.));
#6703 = VECTOR('',#6704,1.);
#6704 = DIRECTION('',(0.,-1.));
#6705 = ( GEOMETRIC_REPRESENTATION_CONTEXT(2) 
PARAMETRIC_REPRESENTATION_CONTEXT() REPRESENTATION_CONTEXT('2D SPACE',''
  ) );
#6706 = ORIENTED_EDGE('',*,*,#6543,.F.);
#6707 = ORIENTED_EDGE('',*,*,#6686,.F.);
#6708 = ADVANCED_FACE('',(#6709),#6595,.F.);
#6709 = FACE_BOUND('',#6710,.F.);
#6710 = EDGE_LOOP('',(#6711,#6744,#6765,#6766));
#6711 = ORIENTED_EDGE('',*,*,#6712,.F.);
#6712 = EDGE_CURVE('',#6713,#6713,#6715,.T.);
#6713 = VERTEX_POINT('',#6714);
#6714 = CARTESIAN_POINT('',(-16.94,11.,4.2));
#6715 = SURFACE_CURVE('',#6716,(#6721,#6728),.PCURVE_S1.);
#6716 = CIRCLE('',#6717,1.44);
#6717 = AXIS2_PLACEMENT_3D('',#6718,#6719,#6720);
#6718 = CARTESIAN_POINT('',(-15.5,11.,4.2));
#6719 = DIRECTION('',(0.,0.,-1.));
#6720 = DIRECTION('',(-1.,-0.,-0.));
#6721 = PCURVE('',#6595,#6722);
#6722 = DEFINITIONAL_REPRESENTATION('',(#6723),#6727);
#6723 = LINE('',#6724,#6725);
#6724 = CARTESIAN_POINT('',(0.,0.));
#6725 = VECTOR('',#6726,1.);
#6726 = DIRECTION('',(1.,0.));
#6727 = ( GEOMETRIC_REPRESENTATION_CONTEXT(2) 
PARAMETRIC_REPRESENTATION_CONTEXT() REPRESENTATION_CONTEXT('2D SPACE',''
  ) );
#6728 = PCURVE('',#6729,#6734);
#6729 = PLANE('',#6730);
#6730 = AXIS2_PLACEMENT_3D('',#6731,#6732,#6733);
#6731 = CARTESIAN_POINT('',(-15.5,11.,4.2));
#6732 = DIRECTION('',(-0.,-0.,1.));
#6733 = DIRECTION('',(1.,0.,0.));
#6734 = DEFINITIONAL_REPRESENTATION('',(#6735),#6743);
#6735 = ( BOUNDED_CURVE() B_SPLINE_CURVE(2,(#6736,#6737,#6738,#6739,
#6740,#6741,#6742),.UNSPECIFIED.,.T.,.F.) B_SPLINE_CURVE_WITH_KNOTS((1,2
    ,2,2,2,1),(-2.094395102393,0.,2.094395102393,4.188790204786,
6.28318530718,8.377580409573),.UNSPECIFIED.) CURVE() 
GEOMETRIC_REPRESENTATION_ITEM() RATIONAL_B_SPLINE_CURVE((1.,0.5,1.,0.5,
1.,0.5,1.)) REPRESENTATION_ITEM('') );
#6736 = CARTESIAN_POINT('',(-1.44,0.));
#6737 = CARTESIAN_POINT('',(-1.44,2.494153162899));
#6738 = CARTESIAN_POINT('',(0.72,1.24707658145));
#6739 = CARTESIAN_POINT('',(2.88,3.526982781544E-16));
#6740 = CARTESIAN_POINT('',(0.72,-1.24707658145));
#6741 = CARTESIAN_POINT('',(-1.44,-2.494153162899));
#6742 = CARTESIAN_POINT('',(-1.44,0.));
#6743 = ( GEOMETRIC_REPRESENTATION_CONTEXT(2) 
PARAMETRIC_REPRESENTATION_CONTEXT() REPRESENTATION_CONTEXT('2D SPACE',''
  ) );
#6744 = ORIENTED_EDGE('',*,*,#6745,.T.);
#6745 = EDGE_CURVE('',#6713,#6579,#6746,.T.);
#6746 = SEAM_CURVE('',#6747,(#6751,#6758),.PCURVE_S1.);
#6747 = LINE('',#6748,#6749);
#6748 = CARTESIAN_POINT('',(-16.94,11.,4.2));
#6749 = VECTOR('',#6750,1.);
#6750 = DIRECTION('',(-0.,-0.,1.));
#6751 = PCURVE('',#6595,#6752);
#6752 = DEFINITIONAL_REPRESENTATION('',(#6753),#6757);
#6753 = LINE('',#6754,#6755);
#6754 = CARTESIAN_POINT('',(6.28318530718,0.));
#6755 = VECTOR('',#6756,1.);
#6756 = DIRECTION('',(0.,-1.));
#6757 = ( GEOMETRIC_REPRESENTATION_CONTEXT(2) 
PARAMETRIC_REPRESENTATION_CONTEXT() REPRESENTATION_CONTEXT('2D SPACE',''
  ) );
#6758 = PCURVE('',#6595,#6759);
#6759 = DEFINITIONAL_REPRESENTATION('',(#6760),#6764);
#6760 = LINE('',#6761,#6762);
#6761 = CARTESIAN_POINT('',(0.,0.));
#6762 = VECTOR('',#6763,1.);
#6763 = DIRECTION('',(0.,-1.));
#6764 = ( GEOMETRIC_REPRESENTATION_CONTEXT(2) 
PARAMETRIC_REPRESENTATION_CONTEXT() REPRESENTATION_CONTEXT('2D SPACE',''
  ) );
#6765 = ORIENTED_EDGE('',*,*,#6578,.F.);
#6766 = ORIENTED_EDGE('',*,*,#6745,.F.);
#6767 = ADVANCED_FACE('',(#6768),#6630,.F.);
#6768 = FACE_BOUND('',#6769,.F.);
#6769 = EDGE_LOOP('',(#6770,#6803,#6824,#6825));
#6770 = ORIENTED_EDGE('',*,*,#6771,.F.);
#6771 = EDGE_CURVE('',#6772,#6772,#6774,.T.);
#6772 = VERTEX_POINT('',#6773);
#6773 = CARTESIAN_POINT('',(-8.22,7.,4.2));
#6774 = SURFACE_CURVE('',#6775,(#6780,#6787),.PCURVE_S1.);
#6775 = CIRCLE('',#6776,0.72);
#6776 = AXIS2_PLACEMENT_3D('',#6777,#6778,#6779);
#6777 = CARTESIAN_POINT('',(-7.5,7.,4.2));
#6778 = DIRECTION('',(0.,0.,-1.));
#6779 = DIRECTION('',(-1.,-0.,-0.));
#6780 = PCURVE('',#6630,#6781);
#6781 = DEFINITIONAL_REPRESENTATION('',(#6782),#6786);
#6782 = LINE('',#6783,#6784);
#6783 = CARTESIAN_POINT('',(0.,0.));
#6784 = VECTOR('',#6785,1.);
#6785 = DIRECTION('',(1.,0.));
#6786 = ( GEOMETRIC_REPRESENTATION_CONTEXT(2) 
PARAMETRIC_REPRESENTATION_CONTEXT() REPRESENTATION_CONTEXT('2D SPACE',''
  ) );
#6787 = PCURVE('',#6788,#6793);
#6788 = PLANE('',#6789);
#6789 = AXIS2_PLACEMENT_3D('',#6790,#6791,#6792);
#6790 = CARTESIAN_POINT('',(-7.5,7.,4.2));
#6791 = DIRECTION('',(-0.,-0.,1.));
#6792 = DIRECTION('',(1.,0.,0.));
#6793 = DEFINITIONAL_REPRESENTATION('',(#6794),#6802);
#6794 = ( BOUNDED_CURVE() B_SPLINE_CURVE(2,(#6795,#6796,#6797,#6798,
#6799,#6800,#6801),.UNSPECIFIED.,.T.,.F.) B_SPLINE_CURVE_WITH_KNOTS((1,2
    ,2,2,2,1),(-2.094395102393,0.,2.094395102393,4.188790204786,
6.28318530718,8.377580409573),.UNSPECIFIED.) CURVE() 
GEOMETRIC_REPRESENTATION_ITEM() RATIONAL_B_SPLINE_CURVE((1.,0.5,1.,0.5,
1.,0.5,1.)) REPRESENTATION_ITEM('') );
#6795 = CARTESIAN_POINT('',(-0.72,-8.881784197001E-16));
#6796 = CARTESIAN_POINT('',(-0.72,1.24707658145));
#6797 = CARTESIAN_POINT('',(0.36,0.623538290725));
#6798 = CARTESIAN_POINT('',(1.44,-7.118292806229E-16));
#6799 = CARTESIAN_POINT('',(0.36,-0.623538290725));
#6800 = CARTESIAN_POINT('',(-0.72,-1.24707658145));
#6801 = CARTESIAN_POINT('',(-0.72,-8.881784197001E-16));
#6802 = ( GEOMETRIC_REPRESENTATION_CONTEXT(2) 
PARAMETRIC_REPRESENTATION_CONTEXT() REPRESENTATION_CONTEXT('2D SPACE',''
  ) );
#6803 = ORIENTED_EDGE('',*,*,#6804,.T.);
#6804 = EDGE_CURVE('',#6772,#6614,#6805,.T.);
#6805 = SEAM_CURVE('',#6806,(#6810,#6817),.PCURVE_S1.);
#6806 = LINE('',#6807,#6808);
#6807 = CARTESIAN_POINT('',(-8.22,7.,4.2));
#6808 = VECTOR('',#6809,1.);
#6809 = DIRECTION('',(-0.,-0.,1.));
#6810 = PCURVE('',#6630,#6811);
#6811 = DEFINITIONAL_REPRESENTATION('',(#6812),#6816);
#6812 = LINE('',#6813,#6814);
#6813 = CARTESIAN_POINT('',(6.28318530718,0.));
#6814 = VECTOR('',#6815,1.);
#6815 = DIRECTION('',(0.,-1.));
#6816 = ( GEOMETRIC_REPRESENTATION_CONTEXT(2) 
PARAMETRIC_REPRESENTATION_CONTEXT() REPRESENTATION_CONTEXT('2D SPACE',''
  ) );
#6817 = PCURVE('',#6630,#6818);
#6818 = DEFINITIONAL_REPRESENTATION('',(#6819),#6823);
#6819 = LINE('',#6820,#6821);
#6820 = CARTESIAN_POINT('',(0.,0.));
#6821 = VECTOR('',#6822,1.);
#6822 = DIRECTION('',(0.,-1.));
#6823 = ( GEOMETRIC_REPRESENTATION_CONTEXT(2) 
PARAMETRIC_REPRESENTATION_CONTEXT() REPRESENTATION_CONTEXT('2D SPACE',''
  ) );
#6824 = ORIENTED_EDGE('',*,*,#6613,.F.);
#6825 = ORIENTED_EDGE('',*,*,#6804,.F.);
#6826 = ADVANCED_FACE('',(#6827),#6670,.T.);
#6827 = FACE_BOUND('',#6828,.F.);
#6828 = EDGE_LOOP('',(#6829));
#6829 = ORIENTED_EDGE('',*,*,#6653,.T.);
#6830 = ADVANCED_FACE('',(#6831),#6729,.T.);
#6831 = FACE_BOUND('',#6832,.F.);
#6832 = EDGE_LOOP('',(#6833));
#6833 = ORIENTED_EDGE('',*,*,#6712,.T.);
#6834 = ADVANCED_FACE('',(#6835),#6788,.T.);
#6835 = FACE_BOUND('',#6836,.F.);
#6836 = EDGE_LOOP('',(#6837));
#6837 = ORIENTED_EDGE('',*,*,#6771,.T.);
#6838 = ( GEOMETRIC_REPRESENTATION_CONTEXT(3) 
GLOBAL_UNCERTAINTY_ASSIGNED_CONTEXT((#6842)) 
GLOBAL_UNIT_ASSIGNED_CONTEXT((#6839,#6840,#6841)) REPRESENTATION_CONTEXT
('Context #1','3D Context with UNIT and UNCERTAINTY') );
#6839 = ( LENGTH_UNIT() NAMED_UNIT(*) SI_UNIT(.MILLI.,.METRE.) );
#6840 = ( NAMED_UNIT(*) PLANE_ANGLE_UNIT() SI_UNIT($,.RADIAN.) );
#6841 = ( NAMED_UNIT(*) SI_UNIT($,.STERADIAN.) SOLID_ANGLE_UNIT() );
#6842 = UNCERTAINTY_MEASURE_WITH_UNIT(LENGTH_MEASURE(1.E-06),#6839,
  'distance_accuracy_value','confusion accuracy');
#6843 = PRODUCT_RELATED_PRODUCT_CATEGORY('part',$,(#7));
ENDSEC;
END-ISO-10303-21;
