ISO-10303-21;
HEADER;
FILE_DESCRIPTION(('Open CASCADE Model'),'2;1');
FILE_NAME('Open CASCADE Shape Model','2026-10-03T23:46:33',('Author'),(
    'Open CASCADE'),'Open CASCADE STEP processor 7.9','Open CASCADE 7.9'
  ,'Unknown');
FILE_SCHEMA(('AUTOMOTIVE_DESIGN { 1 0 10303 214 1 1 1 1 }'));
ENDSEC;
DATA;
#1 = APPLICATION_PROTOCOL_DEFINITION('international standard',
  'automotive_design',2000,#2);
#2 = APPLICATION_CONTEXT(
  'core data for automotive mechanical design processes');
#3 = SHAPE_DEFINITION_REPRESENTATION(#4,#10);
#4 = PRODUCT_DEFINITION_SHAPE('','',#5);
#5 = PRODUCT_DEFINITION('design','',#6,#9);
#6 = PRODUCT_DEFINITION_FORMATION('','',#7);
#7 = PRODUCT('Open CASCADE STEP translator 7.9 1',
  'Open CASCADE STEP translator 7.9 1','',(#8));
#8 = PRODUCT_CONTEXT('',#2,'mechanical');
#9 = PRODUCT_DEFINITION_CONTEXT('part definition',#2,'design');
#10 = ADVANCED_BREP_SHAPE_REPRESENTATION('',(#11,#15),#8392);
#11 = AXIS2_PLACEMENT_3D('',#12,#13,#14);
#12 = CARTESIAN_POINT('',(0.,0.,0.));
#13 = DIRECTION('',(0.,0.,1.));
#14 = DIRECTION('',(1.,0.,-0.));
#15 = MANIFOLD_SOLID_BREP('',#16);
#16 = CLOSED_SHELL('',(#17,#324,#697,#1021,#1076,#1152,#1199,#1246,#1278
    ,#1333,#1663,#1723,#1836,#1843,#1958,#1989,#1996,#2028,#4096,#4131,
    #4166,#4242,#4296,#4346,#4373,#4402,#4915,#4944,#4973,#5002,#5031,
    #5544,#5599,#5654,#5661,#6345,#6924,#6979,#7034,#7342,#7919,#7923,
    #7927,#8070,#8076,#8082,#8225,#8231,#8237,#8380,#8386));
#17 = ADVANCED_FACE('',(#18,#142,#177,#289),#33,.T.);
#18 = FACE_BOUND('',#19,.T.);
#19 = EDGE_LOOP('',(#20,#60));
#20 = ORIENTED_EDGE('',*,*,#21,.F.);
#21 = EDGE_CURVE('',#22,#24,#26,.T.);
#22 = VERTEX_POINT('',#23);
#23 = CARTESIAN_POINT('',(1.148961744984,4.29208147856,0.));
#24 = VERTEX_POINT('',#25);
#25 = CARTESIAN_POINT('',(1.629031609825,-4.015992130786,0.));
#26 = SURFACE_CURVE('',#27,(#32,#48),.PCURVE_S1.);
#27 = CIRCLE('',#28,4.8);
#28 = AXIS2_PLACEMENT_3D('',#29,#30,#31);
#29 = CARTESIAN_POINT('',(-1.,0.,0.));
#30 = DIRECTION('',(0.,0.,1.));
#31 = DIRECTION('',(1.,0.,0.));
#32 = PCURVE('',#33,#38);
#33 = PLANE('',#34);
#34 = AXIS2_PLACEMENT_3D('',#35,#36,#37);
#35 = CARTESIAN_POINT('',(11.849682303078,2.216882614944,0.));
#36 = DIRECTION('',(-0.,-0.,-1.));
#37 = DIRECTION('',(-1.,0.,0.));
#38 = DEFINITIONAL_REPRESENTATION('',(#39),#47);
#39 = ( BOUNDED_CURVE() B_SPLINE_CURVE(2,(#40,#41,#42,#43,#44,#45,#46),
.UNSPECIFIED.,.T.,.F.) B_SPLINE_CURVE_WITH_KNOTS((1,2,2,2,2,1),(
    -2.094395102393,0.,2.094395102393,4.188790204786,6.28318530718,
8.377580409573),.UNSPECIFIED.) CURVE() GEOMETRIC_REPRESENTATION_ITEM() 
RATIONAL_B_SPLINE_CURVE((1.,0.5,1.,0.5,1.,0.5,1.)) REPRESENTATION_ITEM(
  '') );
#40 = CARTESIAN_POINT('',(8.049682303078,-2.216882614944));
#41 = CARTESIAN_POINT('',(8.049682303078,6.096961261387));
#42 = CARTESIAN_POINT('',(15.249682303078,1.940039323222));
#43 = CARTESIAN_POINT('',(22.449682303078,-2.216882614944));
#44 = CARTESIAN_POINT('',(15.249682303078,-6.373804553109));
#45 = CARTESIAN_POINT('',(8.049682303078,-10.53072649127));
#46 = CARTESIAN_POINT('',(8.049682303078,-2.216882614944));
#47 = ( GEOMETRIC_REPRESENTATION_CONTEXT(2) 
PARAMETRIC_REPRESENTATION_CONTEXT() REPRESENTATION_CONTEXT('2D SPACE',''
  ) );
#48 = PCURVE('',#49,#54);
#49 = CYLINDRICAL_SURFACE('',#50,4.8);
#50 = AXIS2_PLACEMENT_3D('',#51,#52,#53);
#51 = CARTESIAN_POINT('',(-1.,0.,0.));
#52 = DIRECTION('',(-0.,-0.,-1.));
#53 = DIRECTION('',(1.,0.,0.));
#54 = DEFINITIONAL_REPRESENTATION('',(#55),#59);
#55 = LINE('',#56,#57);
#56 = CARTESIAN_POINT('',(-0.,0.));
#57 = VECTOR('',#58,1.);
#58 = DIRECTION('',(-1.,0.));
#59 = ( GEOMETRIC_REPRESENTATION_CONTEXT(2) 
PARAMETRIC_REPRESENTATION_CONTEXT() REPRESENTATION_CONTEXT('2D SPACE',''
  ) );
#60 = ORIENTED_EDGE('',*,*,#61,.T.);
#61 = EDGE_CURVE('',#22,#24,#62,.T.);
#62 = SURFACE_CURVE('',#63,(#85,#110),.PCURVE_S1.);
#63 = B_SPLINE_CURVE_WITH_KNOTS('',3,(#64,#65,#66,#67,#68,#69,#70,#71,
    #72,#73,#74,#75,#76,#77,#78,#79,#80,#81,#82,#83,#84),.UNSPECIFIED.,
  .T.,.F.,(1,1,2,1,1,1,1,1,1,1,1,1,1,1,1,1,1,1,1,1,2,1,1),(
    -9.405124837953,-5.5,0.,5.590169943749,12.801272494677,
    18.904550302544,23.929488113105,28.646478679133,33.389895169386,
    38.133311659638,43.448384566006,47.479513440155,51.384638278108,
    56.532453348602,61.06014591767,65.669918146317,70.169918146317,
    75.484991052684,81.315942947529,85.221067785483,90.721067785483,
    96.311237729232,103.52234028016),.UNSPECIFIED.);
#64 = CARTESIAN_POINT('',(-0.313449792475,1.411246697963,0.));
#65 = CARTESIAN_POINT('',(1.326785923753,4.614800174014,0.));
#66 = CARTESIAN_POINT('',(3.164985726709,8.541326224595,0.));
#67 = CARTESIAN_POINT('',(6.404419339551,13.998094077675,0.));
#68 = CARTESIAN_POINT('',(11.45226329686,17.799104122556,0.));
#69 = CARTESIAN_POINT('',(17.001412382698,18.609367950186,0.));
#70 = CARTESIAN_POINT('',(21.463708843425,15.856499465331,0.));
#71 = CARTESIAN_POINT('',(23.087977751599,10.973803107681,0.));
#72 = CARTESIAN_POINT('',(21.111052298754,6.049006017216,0.));
#73 = CARTESIAN_POINT('',(18.048873690872,3.003867390766,0.));
#74 = CARTESIAN_POINT('',(11.793922890856,1.339500959798,0.));
#75 = CARTESIAN_POINT('',(16.899920095817,-2.372159919037,0.));
#76 = CARTESIAN_POINT('',(18.854266292301,-6.066379066075,0.));
#77 = CARTESIAN_POINT('',(18.596799427749,-11.33410893125,0.));
#78 = CARTESIAN_POINT('',(14.714294778547,-14.51601410093,0.));
#79 = CARTESIAN_POINT('',(9.475713382922,-14.53228988698,0.));
#80 = CARTESIAN_POINT('',(5.52482893446,-10.52027121564,0.));
#81 = CARTESIAN_POINT('',(3.772340498469,-5.754856291952,0.));
#82 = CARTESIAN_POINT('',(-0.393027234357,-2.479245755433,0.));
#83 = CARTESIAN_POINT('',(-0.313449792475,1.411246697963,0.));
#84 = CARTESIAN_POINT('',(1.326785923753,4.614800174014,0.));
#85 = PCURVE('',#33,#86);
#86 = DEFINITIONAL_REPRESENTATION('',(#87),#109);
#87 = B_SPLINE_CURVE_WITH_KNOTS('',3,(#88,#89,#90,#91,#92,#93,#94,#95,
    #96,#97,#98,#99,#100,#101,#102,#103,#104,#105,#106,#107,#108),
  .UNSPECIFIED.,.F.,.F.,(1,1,2,1,1,1,1,1,1,1,1,1,1,1,1,1,1,1,1,1,2,1,1),
  (-9.405124837953,-5.5,0.,5.590169943749,12.801272494677,
    18.904550302544,23.929488113105,28.646478679133,33.389895169386,
    38.133311659638,43.448384566006,47.479513440155,51.384638278108,
    56.532453348602,61.06014591767,65.669918146317,70.169918146317,
    75.484991052684,81.315942947529,85.221067785483,90.721067785483,
    96.311237729232,103.52234028016),.UNSPECIFIED.);
#88 = CARTESIAN_POINT('',(12.163132095553,-0.80563591698));
#89 = CARTESIAN_POINT('',(10.522896379325,2.39791755907));
#90 = CARTESIAN_POINT('',(8.684696576369,6.324443609651));
#91 = CARTESIAN_POINT('',(5.445262963527,11.781211462732));
#92 = CARTESIAN_POINT('',(0.397419006218,15.582221507612));
#93 = CARTESIAN_POINT('',(-5.15173007962,16.392485335243));
#94 = CARTESIAN_POINT('',(-9.614026540347,13.639616850387));
#95 = CARTESIAN_POINT('',(-11.23829544852,8.756920492737));
#96 = CARTESIAN_POINT('',(-9.261369995676,3.832123402272));
#97 = CARTESIAN_POINT('',(-6.199191387794,0.786984775823));
#98 = CARTESIAN_POINT('',(5.575941222162E-02,-0.877381655146));
#99 = CARTESIAN_POINT('',(-5.050237792739,-4.589042533981));
#100 = CARTESIAN_POINT('',(-7.004583989223,-8.283261681019));
#101 = CARTESIAN_POINT('',(-6.747117124671,-13.5509915462));
#102 = CARTESIAN_POINT('',(-2.864612475469,-16.73289671587));
#103 = CARTESIAN_POINT('',(2.373968920156,-16.74917250192));
#104 = CARTESIAN_POINT('',(6.324853368619,-12.73715383058));
#105 = CARTESIAN_POINT('',(8.077341804609,-7.971738906896));
#106 = CARTESIAN_POINT('',(12.242709537435,-4.696128370377));
#107 = CARTESIAN_POINT('',(12.163132095553,-0.80563591698));
#108 = CARTESIAN_POINT('',(10.522896379325,2.39791755907));
#109 = ( GEOMETRIC_REPRESENTATION_CONTEXT(2) 
PARAMETRIC_REPRESENTATION_CONTEXT() REPRESENTATION_CONTEXT('2D SPACE',''
  ) );
#110 = PCURVE('',#111,#136);
#111 = SURFACE_OF_LINEAR_EXTRUSION('',#112,#134);
#112 = B_SPLINE_CURVE_WITH_KNOTS('',3,(#113,#114,#115,#116,#117,#118,
    #119,#120,#121,#122,#123,#124,#125,#126,#127,#128,#129,#130,#131,
    #132,#133),.UNSPECIFIED.,.T.,.F.,(1,1,2,1,1,1,1,1,1,1,1,1,1,1,1,1,1,
    1,1,1,2,1,1),(-9.405124837953,-5.5,0.,5.590169943749,12.801272494677
    ,18.904550302544,23.929488113105,28.646478679133,33.389895169386,
    38.133311659638,43.448384566006,47.479513440155,51.384638278108,
    56.532453348602,61.06014591767,65.669918146317,70.169918146317,
    75.484991052684,81.315942947529,85.221067785483,90.721067785483,
    96.311237729232,103.52234028016),.UNSPECIFIED.);
#113 = CARTESIAN_POINT('',(-0.313449792475,1.411246697963,0.));
#114 = CARTESIAN_POINT('',(1.326785923753,4.614800174014,0.));
#115 = CARTESIAN_POINT('',(3.164985726709,8.541326224595,0.));
#116 = CARTESIAN_POINT('',(6.404419339551,13.998094077675,0.));
#117 = CARTESIAN_POINT('',(11.45226329686,17.799104122556,0.));
#118 = CARTESIAN_POINT('',(17.001412382698,18.609367950186,0.));
#119 = CARTESIAN_POINT('',(21.463708843425,15.856499465331,0.));
#120 = CARTESIAN_POINT('',(23.087977751599,10.973803107681,0.));
#121 = CARTESIAN_POINT('',(21.111052298754,6.049006017216,0.));
#122 = CARTESIAN_POINT('',(18.048873690872,3.003867390766,0.));
#123 = CARTESIAN_POINT('',(11.793922890856,1.339500959798,0.));
#124 = CARTESIAN_POINT('',(16.899920095817,-2.372159919037,0.));
#125 = CARTESIAN_POINT('',(18.854266292301,-6.066379066075,0.));
#126 = CARTESIAN_POINT('',(18.596799427749,-11.33410893125,0.));
#127 = CARTESIAN_POINT('',(14.714294778547,-14.51601410093,0.));
#128 = CARTESIAN_POINT('',(9.475713382922,-14.53228988698,0.));
#129 = CARTESIAN_POINT('',(5.52482893446,-10.52027121564,0.));
#130 = CARTESIAN_POINT('',(3.772340498469,-5.754856291952,0.));
#131 = CARTESIAN_POINT('',(-0.393027234357,-2.479245755433,0.));
#132 = CARTESIAN_POINT('',(-0.313449792475,1.411246697963,0.));
#133 = CARTESIAN_POINT('',(1.326785923753,4.614800174014,0.));
#134 = VECTOR('',#135,1.);
#135 = DIRECTION('',(-0.,-0.,-1.));
#136 = DEFINITIONAL_REPRESENTATION('',(#137),#141);
#137 = LINE('',#138,#139);
#138 = CARTESIAN_POINT('',(0.,0.));
#139 = VECTOR('',#140,1.);
#140 = DIRECTION('',(1.,0.));
#141 = ( GEOMETRIC_REPRESENTATION_CONTEXT(2) 
PARAMETRIC_REPRESENTATION_CONTEXT() REPRESENTATION_CONTEXT('2D SPACE',''
  ) );
#142 = FACE_BOUND('',#143,.T.);
#143 = EDGE_LOOP('',(#144));
#144 = ORIENTED_EDGE('',*,*,#145,.T.);
#145 = EDGE_CURVE('',#146,#146,#148,.T.);
#146 = VERTEX_POINT('',#147);
#147 = CARTESIAN_POINT('',(13.496508987014,-6.,0.));
#148 = SURFACE_CURVE('',#149,(#154,#165),.PCURVE_S1.);
#149 = CIRCLE('',#150,2.496508987014);
#150 = AXIS2_PLACEMENT_3D('',#151,#152,#153);
#151 = CARTESIAN_POINT('',(11.,-6.,0.));
#152 = DIRECTION('',(0.,0.,1.));
#153 = DIRECTION('',(1.,0.,-0.));
#154 = PCURVE('',#33,#155);
#155 = DEFINITIONAL_REPRESENTATION('',(#156),#164);
#156 = ( BOUNDED_CURVE() B_SPLINE_CURVE(2,(#157,#158,#159,#160,#161,#162
,#163),.UNSPECIFIED.,.T.,.F.) B_SPLINE_CURVE_WITH_KNOTS((1,2,2,2,2,1),(
    -2.094395102393,0.,2.094395102393,4.188790204786,6.28318530718,
8.377580409573),.UNSPECIFIED.) CURVE() GEOMETRIC_REPRESENTATION_ITEM() 
RATIONAL_B_SPLINE_CURVE((1.,0.5,1.,0.5,1.,0.5,1.)) REPRESENTATION_ITEM(
  '') );
#157 = CARTESIAN_POINT('',(-1.646826683936,-8.216882614944));
#158 = CARTESIAN_POINT('',(-1.646826683936,-3.892802207882));
#159 = CARTESIAN_POINT('',(2.097936796585,-6.054842411413));
#160 = CARTESIAN_POINT('',(5.842700277107,-8.216882614944));
#161 = CARTESIAN_POINT('',(2.097936796585,-10.37892281847));
#162 = CARTESIAN_POINT('',(-1.646826683936,-12.540963022));
#163 = CARTESIAN_POINT('',(-1.646826683936,-8.216882614944));
#164 = ( GEOMETRIC_REPRESENTATION_CONTEXT(2) 
PARAMETRIC_REPRESENTATION_CONTEXT() REPRESENTATION_CONTEXT('2D SPACE',''
  ) );
#165 = PCURVE('',#166,#171);
#166 = CONICAL_SURFACE('',#167,2.4755629091,1.745329251994E-02);
#167 = AXIS2_PLACEMENT_3D('',#168,#169,#170);
#168 = CARTESIAN_POINT('',(11.,-6.,-1.2));
#169 = DIRECTION('',(0.,0.,1.));
#170 = DIRECTION('',(1.,0.,-0.));
#171 = DEFINITIONAL_REPRESENTATION('',(#172),#176);
#172 = LINE('',#173,#174);
#173 = CARTESIAN_POINT('',(0.,1.2));
#174 = VECTOR('',#175,1.);
#175 = DIRECTION('',(1.,0.));
#176 = ( GEOMETRIC_REPRESENTATION_CONTEXT(2) 
PARAMETRIC_REPRESENTATION_CONTEXT() REPRESENTATION_CONTEXT('2D SPACE',''
  ) );
#177 = FACE_BOUND('',#178,.T.);
#178 = EDGE_LOOP('',(#179,#210,#236,#265));
#179 = ORIENTED_EDGE('',*,*,#180,.F.);
#180 = EDGE_CURVE('',#181,#183,#185,.T.);
#181 = VERTEX_POINT('',#182);
#182 = CARTESIAN_POINT('',(3.340191860312,3.342140340699,0.));
#183 = VERTEX_POINT('',#184);
#184 = CARTESIAN_POINT('',(3.340191860312,-3.342140340699,0.));
#185 = SURFACE_CURVE('',#186,(#191,#198),.PCURVE_S1.);
#186 = CIRCLE('',#187,4.08);
#187 = AXIS2_PLACEMENT_3D('',#188,#189,#190);
#188 = CARTESIAN_POINT('',(1.,0.,0.));
#189 = DIRECTION('',(-0.,0.,-1.));
#190 = DIRECTION('',(0.573576436351,-0.819152044289,-0.));
#191 = PCURVE('',#33,#192);
#192 = DEFINITIONAL_REPRESENTATION('',(#193),#197);
#193 = CIRCLE('',#194,4.08);
#194 = AXIS2_PLACEMENT_2D('',#195,#196);
#195 = CARTESIAN_POINT('',(10.849682303078,-2.216882614944));
#196 = DIRECTION('',(-0.573576436351,-0.819152044289));
#197 = ( GEOMETRIC_REPRESENTATION_CONTEXT(2) 
PARAMETRIC_REPRESENTATION_CONTEXT() REPRESENTATION_CONTEXT('2D SPACE',''
  ) );
#198 = PCURVE('',#199,#204);
#199 = CYLINDRICAL_SURFACE('',#200,4.08);
#200 = AXIS2_PLACEMENT_3D('',#201,#202,#203);
#201 = CARTESIAN_POINT('',(1.,0.,-1.));
#202 = DIRECTION('',(-0.,0.,-1.));
#203 = DIRECTION('',(0.573576436351,-0.819152044289,-0.));
#204 = DEFINITIONAL_REPRESENTATION('',(#205),#209);
#205 = LINE('',#206,#207);
#206 = CARTESIAN_POINT('',(-6.28318530718,-1.));
#207 = VECTOR('',#208,1.);
#208 = DIRECTION('',(1.,-0.));
#209 = ( GEOMETRIC_REPRESENTATION_CONTEXT(2) 
PARAMETRIC_REPRESENTATION_CONTEXT() REPRESENTATION_CONTEXT('2D SPACE',''
  ) );
#210 = ORIENTED_EDGE('',*,*,#211,.T.);
#211 = EDGE_CURVE('',#181,#212,#214,.T.);
#212 = VERTEX_POINT('',#213);
#213 = CARTESIAN_POINT('',(2.84691612505,2.637669582611,0.));
#214 = SURFACE_CURVE('',#215,(#219,#225),.PCURVE_S1.);
#215 = LINE('',#216,#217);
#216 = CARTESIAN_POINT('',(4.475611090444,4.963687051029,0.));
#217 = VECTOR('',#218,1.);
#218 = DIRECTION('',(-0.573576436351,-0.819152044289,0.));
#219 = PCURVE('',#33,#220);
#220 = DEFINITIONAL_REPRESENTATION('',(#221),#224);
#221 = B_SPLINE_CURVE_WITH_KNOTS('',1,(#222,#223),.UNSPECIFIED.,.F.,.F.,
  (2,2),(1.97954301846,2.83954301846),.PIECEWISE_BEZIER_KNOTS.);
#222 = CARTESIAN_POINT('',(8.509490442766,1.125257725755));
#223 = CARTESIAN_POINT('',(9.002766178028,0.420786967667));
#224 = ( GEOMETRIC_REPRESENTATION_CONTEXT(2) 
PARAMETRIC_REPRESENTATION_CONTEXT() REPRESENTATION_CONTEXT('2D SPACE',''
  ) );
#225 = PCURVE('',#226,#231);
#226 = PLANE('',#227);
#227 = AXIS2_PLACEMENT_3D('',#228,#229,#230);
#228 = CARTESIAN_POINT('',(3.340191860312,3.342140340699,-1.));
#229 = DIRECTION('',(0.819152044289,-0.573576436351,0.));
#230 = DIRECTION('',(-0.573576436351,-0.819152044289,0.));
#231 = DEFINITIONAL_REPRESENTATION('',(#232),#235);
#232 = B_SPLINE_CURVE_WITH_KNOTS('',1,(#233,#234),.UNSPECIFIED.,.F.,.F.,
  (2,2),(1.97954301846,2.83954301846),.PIECEWISE_BEZIER_KNOTS.);
#233 = CARTESIAN_POINT('',(0.,-1.));
#234 = CARTESIAN_POINT('',(0.86,-1.));
#235 = ( GEOMETRIC_REPRESENTATION_CONTEXT(2) 
PARAMETRIC_REPRESENTATION_CONTEXT() REPRESENTATION_CONTEXT('2D SPACE',''
  ) );
#236 = ORIENTED_EDGE('',*,*,#237,.T.);
#237 = EDGE_CURVE('',#212,#238,#240,.T.);
#238 = VERTEX_POINT('',#239);
#239 = CARTESIAN_POINT('',(2.84691612505,-2.637669582611,0.));
#240 = SURFACE_CURVE('',#241,(#246,#253),.PCURVE_S1.);
#241 = CIRCLE('',#242,3.22);
#242 = AXIS2_PLACEMENT_3D('',#243,#244,#245);
#243 = CARTESIAN_POINT('',(1.,-1.110223024625E-16,0.));
#244 = DIRECTION('',(0.,0.,-1.));
#245 = DIRECTION('',(0.573576436351,0.819152044289,0.));
#246 = PCURVE('',#33,#247);
#247 = DEFINITIONAL_REPRESENTATION('',(#248),#252);
#248 = CIRCLE('',#249,3.22);
#249 = AXIS2_PLACEMENT_2D('',#250,#251);
#250 = CARTESIAN_POINT('',(10.849682303078,-2.216882614944));
#251 = DIRECTION('',(-0.573576436351,0.819152044289));
#252 = ( GEOMETRIC_REPRESENTATION_CONTEXT(2) 
PARAMETRIC_REPRESENTATION_CONTEXT() REPRESENTATION_CONTEXT('2D SPACE',''
  ) );
#253 = PCURVE('',#254,#259);
#254 = CYLINDRICAL_SURFACE('',#255,3.22);
#255 = AXIS2_PLACEMENT_3D('',#256,#257,#258);
#256 = CARTESIAN_POINT('',(1.,-1.110223024625E-16,-1.));
#257 = DIRECTION('',(0.,0.,-1.));
#258 = DIRECTION('',(0.573576436351,0.819152044289,0.));
#259 = DEFINITIONAL_REPRESENTATION('',(#260),#264);
#260 = LINE('',#261,#262);
#261 = CARTESIAN_POINT('',(0.,-1.));
#262 = VECTOR('',#263,1.);
#263 = DIRECTION('',(1.,0.));
#264 = ( GEOMETRIC_REPRESENTATION_CONTEXT(2) 
PARAMETRIC_REPRESENTATION_CONTEXT() REPRESENTATION_CONTEXT('2D SPACE',''
  ) );
#265 = ORIENTED_EDGE('',*,*,#266,.T.);
#266 = EDGE_CURVE('',#238,#183,#267,.T.);
#267 = SURFACE_CURVE('',#268,(#272,#278),.PCURVE_S1.);
#268 = LINE('',#269,#270);
#269 = CARTESIAN_POINT('',(3.187379105608,-3.123901109663,0.));
#270 = VECTOR('',#271,1.);
#271 = DIRECTION('',(0.573576436351,-0.819152044289,0.));
#272 = PCURVE('',#33,#273);
#273 = DEFINITIONAL_REPRESENTATION('',(#274),#277);
#274 = B_SPLINE_CURVE_WITH_KNOTS('',1,(#275,#276),.UNSPECIFIED.,.F.,.F.,
  (2,2),(-0.59357909248,0.26642090752),.PIECEWISE_BEZIER_KNOTS.);
#275 = CARTESIAN_POINT('',(9.002766178028,-4.854552197554));
#276 = CARTESIAN_POINT('',(8.509490442766,-5.559022955643));
#277 = ( GEOMETRIC_REPRESENTATION_CONTEXT(2) 
PARAMETRIC_REPRESENTATION_CONTEXT() REPRESENTATION_CONTEXT('2D SPACE',''
  ) );
#278 = PCURVE('',#279,#284);
#279 = PLANE('',#280);
#280 = AXIS2_PLACEMENT_3D('',#281,#282,#283);
#281 = CARTESIAN_POINT('',(2.84691612505,-2.637669582611,-1.));
#282 = DIRECTION('',(0.819152044289,0.573576436351,-0.));
#283 = DIRECTION('',(0.573576436351,-0.819152044289,0.));
#284 = DEFINITIONAL_REPRESENTATION('',(#285),#288);
#285 = B_SPLINE_CURVE_WITH_KNOTS('',1,(#286,#287),.UNSPECIFIED.,.F.,.F.,
  (2,2),(-0.59357909248,0.26642090752),.PIECEWISE_BEZIER_KNOTS.);
#286 = CARTESIAN_POINT('',(0.,-1.));
#287 = CARTESIAN_POINT('',(0.86,-1.));
#288 = ( GEOMETRIC_REPRESENTATION_CONTEXT(2) 
PARAMETRIC_REPRESENTATION_CONTEXT() REPRESENTATION_CONTEXT('2D SPACE',''
  ) );
#289 = FACE_BOUND('',#290,.T.);
#290 = EDGE_LOOP('',(#291));
#291 = ORIENTED_EDGE('',*,*,#292,.T.);
#292 = EDGE_CURVE('',#293,#293,#295,.T.);
#293 = VERTEX_POINT('',#294);
#294 = CARTESIAN_POINT('',(13.496508987014,10.,0.));
#295 = SURFACE_CURVE('',#296,(#301,#312),.PCURVE_S1.);
#296 = CIRCLE('',#297,2.496508987014);
#297 = AXIS2_PLACEMENT_3D('',#298,#299,#300);
#298 = CARTESIAN_POINT('',(11.,10.,0.));
#299 = DIRECTION('',(0.,0.,1.));
#300 = DIRECTION('',(1.,0.,-0.));
#301 = PCURVE('',#33,#302);
#302 = DEFINITIONAL_REPRESENTATION('',(#303),#311);
#303 = ( BOUNDED_CURVE() B_SPLINE_CURVE(2,(#304,#305,#306,#307,#308,#309
,#310),.UNSPECIFIED.,.T.,.F.) B_SPLINE_CURVE_WITH_KNOTS((1,2,2,2,2,1),(
    -2.094395102393,0.,2.094395102393,4.188790204786,6.28318530718,
8.377580409573),.UNSPECIFIED.) CURVE() GEOMETRIC_REPRESENTATION_ITEM() 
RATIONAL_B_SPLINE_CURVE((1.,0.5,1.,0.5,1.,0.5,1.)) REPRESENTATION_ITEM(
  '') );
#304 = CARTESIAN_POINT('',(-1.646826683936,7.783117385056));
#305 = CARTESIAN_POINT('',(-1.646826683936,12.107197792118));
#306 = CARTESIAN_POINT('',(2.097936796585,9.945157588587));
#307 = CARTESIAN_POINT('',(5.842700277107,7.783117385056));
#308 = CARTESIAN_POINT('',(2.097936796585,5.621077181526));
#309 = CARTESIAN_POINT('',(-1.646826683936,3.459036977995));
#310 = CARTESIAN_POINT('',(-1.646826683936,7.783117385056));
#311 = ( GEOMETRIC_REPRESENTATION_CONTEXT(2) 
PARAMETRIC_REPRESENTATION_CONTEXT() REPRESENTATION_CONTEXT('2D SPACE',''
  ) );
#312 = PCURVE('',#313,#318);
#313 = CONICAL_SURFACE('',#314,2.4755629091,1.745329251994E-02);
#314 = AXIS2_PLACEMENT_3D('',#315,#316,#317);
#315 = CARTESIAN_POINT('',(11.,10.,-1.2));
#316 = DIRECTION('',(0.,0.,1.));
#317 = DIRECTION('',(1.,0.,-0.));
#318 = DEFINITIONAL_REPRESENTATION('',(#319),#323);
#319 = LINE('',#320,#321);
#320 = CARTESIAN_POINT('',(0.,1.2));
#321 = VECTOR('',#322,1.);
#322 = DIRECTION('',(1.,0.));
#323 = ( GEOMETRIC_REPRESENTATION_CONTEXT(2) 
PARAMETRIC_REPRESENTATION_CONTEXT() REPRESENTATION_CONTEXT('2D SPACE',''
  ) );
#324 = ADVANCED_FACE('',(#325),#49,.T.);
#325 = FACE_BOUND('',#326,.F.);
#326 = EDGE_LOOP('',(#327,#328,#357,#390,#416,#445,#502,#530,#587,#616,
    #642,#670));
#327 = ORIENTED_EDGE('',*,*,#21,.F.);
#328 = ORIENTED_EDGE('',*,*,#329,.F.);
#329 = EDGE_CURVE('',#330,#22,#332,.T.);
#330 = VERTEX_POINT('',#331);
#331 = CARTESIAN_POINT('',(1.148961744984,4.29208147856,1.));
#332 = SURFACE_CURVE('',#333,(#339,#348),.PCURVE_S1.);
#333 = B_SPLINE_CURVE_WITH_KNOTS('',4,(#334,#335,#336,#337,#338),
  .UNSPECIFIED.,.F.,.F.,(5,5),(0.,1.),.PIECEWISE_BEZIER_KNOTS.);
#334 = CARTESIAN_POINT('',(1.148961744984,4.29208147856,2.0000006));
#335 = CARTESIAN_POINT('',(1.148961744984,4.29208147856,1.5000003));
#336 = CARTESIAN_POINT('',(1.148961744984,4.29208147856,1.));
#337 = CARTESIAN_POINT('',(1.148961744984,4.29208147856,0.4999997));
#338 = CARTESIAN_POINT('',(1.148961744984,4.29208147856,-6.E-07));
#339 = PCURVE('',#49,#340);
#340 = DEFINITIONAL_REPRESENTATION('',(#341),#347);
#341 = B_SPLINE_CURVE_WITH_KNOTS('',4,(#342,#343,#344,#345,#346),
  .UNSPECIFIED.,.F.,.F.,(5,5),(0.,1.),.PIECEWISE_BEZIER_KNOTS.);
#342 = CARTESIAN_POINT('',(-1.106604420491,-2.0000006));
#343 = CARTESIAN_POINT('',(-1.106604420491,-1.5000003));
#344 = CARTESIAN_POINT('',(-1.106604420491,-1.));
#345 = CARTESIAN_POINT('',(-1.106604420491,-0.4999997));
#346 = CARTESIAN_POINT('',(-1.106604420491,5.999999999062E-07));
#347 = ( GEOMETRIC_REPRESENTATION_CONTEXT(2) 
PARAMETRIC_REPRESENTATION_CONTEXT() REPRESENTATION_CONTEXT('2D SPACE',''
  ) );
#348 = PCURVE('',#111,#349);
#349 = DEFINITIONAL_REPRESENTATION('',(#350),#356);
#350 = B_SPLINE_CURVE_WITH_KNOTS('',4,(#351,#352,#353,#354,#355),
  .UNSPECIFIED.,.F.,.F.,(5,5),(0.,1.),.PIECEWISE_BEZIER_KNOTS.);
#351 = CARTESIAN_POINT('',(1.470102627762,-2.0000006));
#352 = CARTESIAN_POINT('',(1.470102627762,-1.5000003));
#353 = CARTESIAN_POINT('',(1.470102627762,-1.));
#354 = CARTESIAN_POINT('',(1.470102627762,-0.4999997));
#355 = CARTESIAN_POINT('',(1.470102627762,5.999999999062E-07));
#356 = ( GEOMETRIC_REPRESENTATION_CONTEXT(2) 
PARAMETRIC_REPRESENTATION_CONTEXT() REPRESENTATION_CONTEXT('2D SPACE',''
  ) );
#357 = ORIENTED_EDGE('',*,*,#358,.F.);
#358 = EDGE_CURVE('',#359,#330,#361,.T.);
#359 = VERTEX_POINT('',#360);
#360 = CARTESIAN_POINT('',(0.,4.694677837722,1.));
#361 = SURFACE_CURVE('',#362,(#367,#374),.PCURVE_S1.);
#362 = CIRCLE('',#363,4.8);
#363 = AXIS2_PLACEMENT_3D('',#364,#365,#366);
#364 = CARTESIAN_POINT('',(-1.,0.,1.));
#365 = DIRECTION('',(0.,0.,-1.));
#366 = DIRECTION('',(1.,0.,0.));
#367 = PCURVE('',#49,#368);
#368 = DEFINITIONAL_REPRESENTATION('',(#369),#373);
#369 = LINE('',#370,#371);
#370 = CARTESIAN_POINT('',(-6.28318530718,-1.));
#371 = VECTOR('',#372,1.);
#372 = DIRECTION('',(1.,-0.));
#373 = ( GEOMETRIC_REPRESENTATION_CONTEXT(2) 
PARAMETRIC_REPRESENTATION_CONTEXT() REPRESENTATION_CONTEXT('2D SPACE',''
  ) );
#374 = PCURVE('',#375,#380);
#375 = PLANE('',#376);
#376 = AXIS2_PLACEMENT_3D('',#377,#378,#379);
#377 = CARTESIAN_POINT('',(-11.84968230307,2.216882614944,1.));
#378 = DIRECTION('',(0.,0.,1.));
#379 = DIRECTION('',(1.,0.,-0.));
#380 = DEFINITIONAL_REPRESENTATION('',(#381),#389);
#381 = ( BOUNDED_CURVE() B_SPLINE_CURVE(2,(#382,#383,#384,#385,#386,#387
,#388),.UNSPECIFIED.,.T.,.F.) B_SPLINE_CURVE_WITH_KNOTS((1,2,2,2,2,1),(
    -2.094395102393,0.,2.094395102393,4.188790204786,6.28318530718,
8.377580409573),.UNSPECIFIED.) CURVE() GEOMETRIC_REPRESENTATION_ITEM() 
RATIONAL_B_SPLINE_CURVE((1.,0.5,1.,0.5,1.,0.5,1.)) REPRESENTATION_ITEM(
  '') );
#382 = CARTESIAN_POINT('',(15.649682303078,-2.216882614944));
#383 = CARTESIAN_POINT('',(15.649682303078,-10.53072649127));
#384 = CARTESIAN_POINT('',(8.449682303078,-6.373804553109));
#385 = CARTESIAN_POINT('',(1.249682303078,-2.216882614944));
#386 = CARTESIAN_POINT('',(8.449682303078,1.940039323222));
#387 = CARTESIAN_POINT('',(15.649682303078,6.096961261387));
#388 = CARTESIAN_POINT('',(15.649682303078,-2.216882614944));
#389 = ( GEOMETRIC_REPRESENTATION_CONTEXT(2) 
PARAMETRIC_REPRESENTATION_CONTEXT() REPRESENTATION_CONTEXT('2D SPACE',''
  ) );
#390 = ORIENTED_EDGE('',*,*,#391,.F.);
#391 = EDGE_CURVE('',#392,#359,#394,.T.);
#392 = VERTEX_POINT('',#393);
#393 = CARTESIAN_POINT('',(2.22044604925E-16,4.694677837722,2.));
#394 = SURFACE_CURVE('',#395,(#399,#405),.PCURVE_S1.);
#395 = LINE('',#396,#397);
#396 = CARTESIAN_POINT('',(0.,4.694677837722,0.));
#397 = VECTOR('',#398,1.);
#398 = DIRECTION('',(-0.,-0.,-1.));
#399 = PCURVE('',#49,#400);
#400 = DEFINITIONAL_REPRESENTATION('',(#401),#404);
#401 = B_SPLINE_CURVE_WITH_KNOTS('',1,(#402,#403),.UNSPECIFIED.,.F.,.F.,
  (2,2),(-2.0000006,-0.9999994),.PIECEWISE_BEZIER_KNOTS.);
#402 = CARTESIAN_POINT('',(-1.360925734532,-2.0000006));
#403 = CARTESIAN_POINT('',(-1.360925734532,-0.9999994));
#404 = ( GEOMETRIC_REPRESENTATION_CONTEXT(2) 
PARAMETRIC_REPRESENTATION_CONTEXT() REPRESENTATION_CONTEXT('2D SPACE',''
  ) );
#405 = PCURVE('',#406,#411);
#406 = CYLINDRICAL_SURFACE('',#407,4.8);
#407 = AXIS2_PLACEMENT_3D('',#408,#409,#410);
#408 = CARTESIAN_POINT('',(1.,0.,1.));
#409 = DIRECTION('',(-0.,-0.,-1.));
#410 = DIRECTION('',(1.,0.,0.));
#411 = DEFINITIONAL_REPRESENTATION('',(#412),#415);
#412 = B_SPLINE_CURVE_WITH_KNOTS('',1,(#413,#414),.UNSPECIFIED.,.F.,.F.,
  (2,2),(-2.0000006,-0.9999994),.PIECEWISE_BEZIER_KNOTS.);
#413 = CARTESIAN_POINT('',(-8.063852226237,-1.0000006));
#414 = CARTESIAN_POINT('',(-8.063852226237,6.000000000173E-07));
#415 = ( GEOMETRIC_REPRESENTATION_CONTEXT(2) 
PARAMETRIC_REPRESENTATION_CONTEXT() REPRESENTATION_CONTEXT('2D SPACE',''
  ) );
#416 = ORIENTED_EDGE('',*,*,#417,.T.);
#417 = EDGE_CURVE('',#392,#418,#420,.T.);
#418 = VERTEX_POINT('',#419);
#419 = CARTESIAN_POINT('',(-1.39174362046,4.783987555986,2.));
#420 = SURFACE_CURVE('',#421,(#426,#433),.PCURVE_S1.);
#421 = CIRCLE('',#422,4.8);
#422 = AXIS2_PLACEMENT_3D('',#423,#424,#425);
#423 = CARTESIAN_POINT('',(-1.,0.,2.));
#424 = DIRECTION('',(0.,0.,1.));
#425 = DIRECTION('',(1.,0.,0.));
#426 = PCURVE('',#49,#427);
#427 = DEFINITIONAL_REPRESENTATION('',(#428),#432);
#428 = LINE('',#429,#430);
#429 = CARTESIAN_POINT('',(-0.,-2.));
#430 = VECTOR('',#431,1.);
#431 = DIRECTION('',(-1.,0.));
#432 = ( GEOMETRIC_REPRESENTATION_CONTEXT(2) 
PARAMETRIC_REPRESENTATION_CONTEXT() REPRESENTATION_CONTEXT('2D SPACE',''
  ) );
#433 = PCURVE('',#434,#439);
#434 = PLANE('',#435);
#435 = AXIS2_PLACEMENT_3D('',#436,#437,#438);
#436 = CARTESIAN_POINT('',(-1.,8.893987308214E-17,2.));
#437 = DIRECTION('',(0.,0.,1.));
#438 = DIRECTION('',(1.,0.,-0.));
#439 = DEFINITIONAL_REPRESENTATION('',(#440),#444);
#440 = CIRCLE('',#441,4.8);
#441 = AXIS2_PLACEMENT_2D('',#442,#443);
#442 = CARTESIAN_POINT('',(4.440892098501E-16,-8.893987308214E-17));
#443 = DIRECTION('',(1.,0.));
#444 = ( GEOMETRIC_REPRESENTATION_CONTEXT(2) 
PARAMETRIC_REPRESENTATION_CONTEXT() REPRESENTATION_CONTEXT('2D SPACE',''
  ) );
#445 = ORIENTED_EDGE('',*,*,#446,.T.);
#446 = EDGE_CURVE('',#418,#447,#449,.T.);
#447 = VERTEX_POINT('',#448);
#448 = CARTESIAN_POINT('',(-1.39174362046,4.783987555986,1.));
#449 = SURFACE_CURVE('',#450,(#457,#467),.PCURVE_S1.);
#450 = B_SPLINE_CURVE_WITH_KNOTS('',5,(#451,#452,#453,#454,#455,#456),
  .UNSPECIFIED.,.F.,.F.,(6,6),(0.,1.),.PIECEWISE_BEZIER_KNOTS.);
#451 = CARTESIAN_POINT('',(-1.39174362046,4.783987555986,2.0000006));
#452 = CARTESIAN_POINT('',(-1.39174362046,4.783987555986,1.850789407391)
  );
#453 = CARTESIAN_POINT('',(-1.39174362046,4.783987555986,1.610947605301)
  );
#454 = CARTESIAN_POINT('',(-1.39174362046,4.783987555986,1.388522470038)
  );
#455 = CARTESIAN_POINT('',(-1.39174362046,4.783987555986,1.204224128756)
  );
#456 = CARTESIAN_POINT('',(-1.39174362046,4.783987555986,0.9999994));
#457 = PCURVE('',#49,#458);
#458 = DEFINITIONAL_REPRESENTATION('',(#459),#466);
#459 = B_SPLINE_CURVE_WITH_KNOTS('',5,(#460,#461,#462,#463,#464,#465),
  .UNSPECIFIED.,.F.,.F.,(6,6),(0.,1.),.PIECEWISE_BEZIER_KNOTS.);
#460 = CARTESIAN_POINT('',(-1.652500454249,-2.0000006));
#461 = CARTESIAN_POINT('',(-1.652500454249,-1.850789407391));
#462 = CARTESIAN_POINT('',(-1.652500454249,-1.610947605301));
#463 = CARTESIAN_POINT('',(-1.652500454249,-1.388522470038));
#464 = CARTESIAN_POINT('',(-1.652500454249,-1.204224128756));
#465 = CARTESIAN_POINT('',(-1.652500454249,-0.9999994));
#466 = ( GEOMETRIC_REPRESENTATION_CONTEXT(2) 
PARAMETRIC_REPRESENTATION_CONTEXT() REPRESENTATION_CONTEXT('2D SPACE',''
  ) );
#467 = PCURVE('',#468,#493);
#468 = SURFACE_OF_LINEAR_EXTRUSION('',#469,#491);
#469 = B_SPLINE_CURVE_WITH_KNOTS('',3,(#470,#471,#472,#473,#474,#475,
    #476,#477,#478,#479,#480,#481,#482,#483,#484,#485,#486,#487,#488,
    #489,#490),.UNSPECIFIED.,.T.,.F.,(1,1,2,1,1,1,1,1,1,1,1,1,1,1,1,1,1,
    1,1,1,2,1,1),(-9.405124837953,-5.5,0.,5.590169943749,12.801272494677
    ,18.904550302544,23.929488113105,28.646478679133,33.389895169386,
    38.133311659638,43.448384566006,47.479513440155,51.384638278108,
    56.532453348602,61.06014591767,65.669918146317,70.169918146317,
    75.484991052684,81.315942947529,85.221067785483,90.721067785483,
    96.311237729232,103.52234028016),.UNSPECIFIED.);
#470 = CARTESIAN_POINT('',(0.313449792475,1.411246697963,1.));
#471 = CARTESIAN_POINT('',(-1.326785923753,4.614800174014,1.));
#472 = CARTESIAN_POINT('',(-3.164985726709,8.541326224595,1.));
#473 = CARTESIAN_POINT('',(-6.404419339551,13.998094077675,1.));
#474 = CARTESIAN_POINT('',(-11.45226329686,17.799104122556,1.));
#475 = CARTESIAN_POINT('',(-17.00141238269,18.609367950186,1.));
#476 = CARTESIAN_POINT('',(-21.46370884342,15.856499465331,1.));
#477 = CARTESIAN_POINT('',(-23.08797775159,10.973803107681,1.));
#478 = CARTESIAN_POINT('',(-21.11105229875,6.049006017216,1.));
#479 = CARTESIAN_POINT('',(-18.04887369087,3.003867390766,1.));
#480 = CARTESIAN_POINT('',(-11.79392289085,1.339500959798,1.));
#481 = CARTESIAN_POINT('',(-16.89992009581,-2.372159919037,1.));
#482 = CARTESIAN_POINT('',(-18.8542662923,-6.066379066075,1.));
#483 = CARTESIAN_POINT('',(-18.59679942774,-11.33410893125,1.));
#484 = CARTESIAN_POINT('',(-14.71429477854,-14.51601410093,1.));
#485 = CARTESIAN_POINT('',(-9.475713382922,-14.53228988698,1.));
#486 = CARTESIAN_POINT('',(-5.52482893446,-10.52027121564,1.));
#487 = CARTESIAN_POINT('',(-3.772340498469,-5.754856291952,1.));
#488 = CARTESIAN_POINT('',(0.393027234357,-2.479245755433,1.));
#489 = CARTESIAN_POINT('',(0.313449792475,1.411246697963,1.));
#490 = CARTESIAN_POINT('',(-1.326785923753,4.614800174014,1.));
#491 = VECTOR('',#492,1.);
#492 = DIRECTION('',(-0.,-0.,-1.));
#493 = DEFINITIONAL_REPRESENTATION('',(#494),#501);
#494 = B_SPLINE_CURVE_WITH_KNOTS('',5,(#495,#496,#497,#498,#499,#500),
  .UNSPECIFIED.,.F.,.F.,(6,6),(0.,1.),.PIECEWISE_BEZIER_KNOTS.);
#495 = CARTESIAN_POINT('',(2.021278260391,-1.0000006));
#496 = CARTESIAN_POINT('',(2.021278260391,-0.850789407391));
#497 = CARTESIAN_POINT('',(2.021278260391,-0.610947605301));
#498 = CARTESIAN_POINT('',(2.021278260391,-0.388522470038));
#499 = CARTESIAN_POINT('',(2.021278260391,-0.204224128756));
#500 = CARTESIAN_POINT('',(2.021278260391,5.999999999062E-07));
#501 = ( GEOMETRIC_REPRESENTATION_CONTEXT(2) 
PARAMETRIC_REPRESENTATION_CONTEXT() REPRESENTATION_CONTEXT('2D SPACE',''
  ) );
#502 = ORIENTED_EDGE('',*,*,#503,.F.);
#503 = EDGE_CURVE('',#504,#447,#506,.T.);
#504 = VERTEX_POINT('',#505);
#505 = CARTESIAN_POINT('',(-2.223014782578,-4.641576762437,1.));
#506 = SURFACE_CURVE('',#507,(#512,#519),.PCURVE_S1.);
#507 = CIRCLE('',#508,4.8);
#508 = AXIS2_PLACEMENT_3D('',#509,#510,#511);
#509 = CARTESIAN_POINT('',(-1.,0.,1.));
#510 = DIRECTION('',(0.,0.,-1.));
#511 = DIRECTION('',(1.,0.,0.));
#512 = PCURVE('',#49,#513);
#513 = DEFINITIONAL_REPRESENTATION('',(#514),#518);
#514 = LINE('',#515,#516);
#515 = CARTESIAN_POINT('',(-6.28318530718,-1.));
#516 = VECTOR('',#517,1.);
#517 = DIRECTION('',(1.,-0.));
#518 = ( GEOMETRIC_REPRESENTATION_CONTEXT(2) 
PARAMETRIC_REPRESENTATION_CONTEXT() REPRESENTATION_CONTEXT('2D SPACE',''
  ) );
#519 = PCURVE('',#375,#520);
#520 = DEFINITIONAL_REPRESENTATION('',(#521),#529);
#521 = ( BOUNDED_CURVE() B_SPLINE_CURVE(2,(#522,#523,#524,#525,#526,#527
,#528),.UNSPECIFIED.,.T.,.F.) B_SPLINE_CURVE_WITH_KNOTS((1,2,2,2,2,1),(
    -2.094395102393,0.,2.094395102393,4.188790204786,6.28318530718,
8.377580409573),.UNSPECIFIED.) CURVE() GEOMETRIC_REPRESENTATION_ITEM() 
RATIONAL_B_SPLINE_CURVE((1.,0.5,1.,0.5,1.,0.5,1.)) REPRESENTATION_ITEM(
  '') );
#522 = CARTESIAN_POINT('',(15.649682303078,-2.216882614944));
#523 = CARTESIAN_POINT('',(15.649682303078,-10.53072649127));
#524 = CARTESIAN_POINT('',(8.449682303078,-6.373804553109));
#525 = CARTESIAN_POINT('',(1.249682303078,-2.216882614944));
#526 = CARTESIAN_POINT('',(8.449682303078,1.940039323222));
#527 = CARTESIAN_POINT('',(15.649682303078,6.096961261387));
#528 = CARTESIAN_POINT('',(15.649682303078,-2.216882614944));
#529 = ( GEOMETRIC_REPRESENTATION_CONTEXT(2) 
PARAMETRIC_REPRESENTATION_CONTEXT() REPRESENTATION_CONTEXT('2D SPACE',''
  ) );
#530 = ORIENTED_EDGE('',*,*,#531,.F.);
#531 = EDGE_CURVE('',#532,#504,#534,.T.);
#532 = VERTEX_POINT('',#533);
#533 = CARTESIAN_POINT('',(-2.223014782578,-4.641576762437,2.));
#534 = SURFACE_CURVE('',#535,(#542,#552),.PCURVE_S1.);
#535 = B_SPLINE_CURVE_WITH_KNOTS('',5,(#536,#537,#538,#539,#540,#541),
  .UNSPECIFIED.,.F.,.F.,(6,6),(0.,1.),.PIECEWISE_BEZIER_KNOTS.);
#536 = CARTESIAN_POINT('',(-2.223014782578,-4.641576762437,2.0000006));
#537 = CARTESIAN_POINT('',(-2.223014782578,-4.641576762437,
    1.850789407391));
#538 = CARTESIAN_POINT('',(-2.223014782578,-4.641576762437,
    1.610947605301));
#539 = CARTESIAN_POINT('',(-2.223014782578,-4.641576762437,
    1.388522470038));
#540 = CARTESIAN_POINT('',(-2.223014782578,-4.641576762437,
    1.204224128756));
#541 = CARTESIAN_POINT('',(-2.223014782578,-4.641576762437,0.9999994));
#542 = PCURVE('',#49,#543);
#543 = DEFINITIONAL_REPRESENTATION('',(#544),#551);
#544 = B_SPLINE_CURVE_WITH_KNOTS('',5,(#545,#546,#547,#548,#549,#550),
  .UNSPECIFIED.,.F.,.F.,(6,6),(0.,1.),.PIECEWISE_BEZIER_KNOTS.);
#545 = CARTESIAN_POINT('',(-4.454753542326,-2.0000006));
#546 = CARTESIAN_POINT('',(-4.454753542326,-1.850789407391));
#547 = CARTESIAN_POINT('',(-4.454753542326,-1.610947605301));
#548 = CARTESIAN_POINT('',(-4.454753542326,-1.388522470038));
#549 = CARTESIAN_POINT('',(-4.454753542326,-1.204224128756));
#550 = CARTESIAN_POINT('',(-4.454753542326,-0.9999994));
#551 = ( GEOMETRIC_REPRESENTATION_CONTEXT(2) 
PARAMETRIC_REPRESENTATION_CONTEXT() REPRESENTATION_CONTEXT('2D SPACE',''
  ) );
#552 = PCURVE('',#553,#578);
#553 = SURFACE_OF_LINEAR_EXTRUSION('',#554,#576);
#554 = B_SPLINE_CURVE_WITH_KNOTS('',3,(#555,#556,#557,#558,#559,#560,
    #561,#562,#563,#564,#565,#566,#567,#568,#569,#570,#571,#572,#573,
    #574,#575),.UNSPECIFIED.,.T.,.F.,(1,1,2,1,1,1,1,1,1,1,1,1,1,1,1,1,1,
    1,1,1,2,1,1),(-9.405124837953,-5.5,0.,5.590169943749,12.801272494677
    ,18.904550302544,23.929488113105,28.646478679133,33.389895169386,
    38.133311659638,43.448384566006,47.479513440155,51.384638278108,
    56.532453348602,61.06014591767,65.669918146317,70.169918146317,
    75.484991052684,81.315942947529,85.221067785483,90.721067785483,
    96.311237729232,103.52234028016),.UNSPECIFIED.);
#555 = CARTESIAN_POINT('',(0.313449792475,1.411246697963,1.));
#556 = CARTESIAN_POINT('',(-1.326785923753,4.614800174014,1.));
#557 = CARTESIAN_POINT('',(-3.164985726709,8.541326224595,1.));
#558 = CARTESIAN_POINT('',(-6.404419339551,13.998094077675,1.));
#559 = CARTESIAN_POINT('',(-11.45226329686,17.799104122556,1.));
#560 = CARTESIAN_POINT('',(-17.00141238269,18.609367950186,1.));
#561 = CARTESIAN_POINT('',(-21.46370884342,15.856499465331,1.));
#562 = CARTESIAN_POINT('',(-23.08797775159,10.973803107681,1.));
#563 = CARTESIAN_POINT('',(-21.11105229875,6.049006017216,1.));
#564 = CARTESIAN_POINT('',(-18.04887369087,3.003867390766,1.));
#565 = CARTESIAN_POINT('',(-11.79392289085,1.339500959798,1.));
#566 = CARTESIAN_POINT('',(-16.89992009581,-2.372159919037,1.));
#567 = CARTESIAN_POINT('',(-18.8542662923,-6.066379066075,1.));
#568 = CARTESIAN_POINT('',(-18.59679942774,-11.33410893125,1.));
#569 = CARTESIAN_POINT('',(-14.71429477854,-14.51601410093,1.));
#570 = CARTESIAN_POINT('',(-9.475713382922,-14.53228988698,1.));
#571 = CARTESIAN_POINT('',(-5.52482893446,-10.52027121564,1.));
#572 = CARTESIAN_POINT('',(-3.772340498469,-5.754856291952,1.));
#573 = CARTESIAN_POINT('',(0.393027234357,-2.479245755433,1.));
#574 = CARTESIAN_POINT('',(0.313449792475,1.411246697963,1.));
#575 = CARTESIAN_POINT('',(-1.326785923753,4.614800174014,1.));
#576 = VECTOR('',#577,1.);
#577 = DIRECTION('',(-0.,-0.,-1.));
#578 = DEFINITIONAL_REPRESENTATION('',(#579),#586);
#579 = B_SPLINE_CURVE_WITH_KNOTS('',5,(#580,#581,#582,#583,#584,#585),
  .UNSPECIFIED.,.F.,.F.,(6,6),(0.,1.),.PIECEWISE_BEZIER_KNOTS.);
#580 = CARTESIAN_POINT('',(82.47309352707,-1.0000006));
#581 = CARTESIAN_POINT('',(82.47309352707,-0.850789407391));
#582 = CARTESIAN_POINT('',(82.47309352707,-0.610947605301));
#583 = CARTESIAN_POINT('',(82.47309352707,-0.388522470038));
#584 = CARTESIAN_POINT('',(82.47309352707,-0.204224128756));
#585 = CARTESIAN_POINT('',(82.47309352707,5.999999999062E-07));
#586 = ( GEOMETRIC_REPRESENTATION_CONTEXT(2) 
PARAMETRIC_REPRESENTATION_CONTEXT() REPRESENTATION_CONTEXT('2D SPACE',''
  ) );
#587 = ORIENTED_EDGE('',*,*,#588,.T.);
#588 = EDGE_CURVE('',#532,#589,#591,.T.);
#589 = VERTEX_POINT('',#590);
#590 = CARTESIAN_POINT('',(0.,-4.694677837722,2.));
#591 = SURFACE_CURVE('',#592,(#597,#604),.PCURVE_S1.);
#592 = CIRCLE('',#593,4.8);
#593 = AXIS2_PLACEMENT_3D('',#594,#595,#596);
#594 = CARTESIAN_POINT('',(-1.,0.,2.));
#595 = DIRECTION('',(0.,0.,1.));
#596 = DIRECTION('',(1.,0.,0.));
#597 = PCURVE('',#49,#598);
#598 = DEFINITIONAL_REPRESENTATION('',(#599),#603);
#599 = LINE('',#600,#601);
#600 = CARTESIAN_POINT('',(-0.,-2.));
#601 = VECTOR('',#602,1.);
#602 = DIRECTION('',(-1.,0.));
#603 = ( GEOMETRIC_REPRESENTATION_CONTEXT(2) 
PARAMETRIC_REPRESENTATION_CONTEXT() REPRESENTATION_CONTEXT('2D SPACE',''
  ) );
#604 = PCURVE('',#605,#610);
#605 = PLANE('',#606);
#606 = AXIS2_PLACEMENT_3D('',#607,#608,#609);
#607 = CARTESIAN_POINT('',(-1.,8.893987308214E-17,2.));
#608 = DIRECTION('',(0.,0.,1.));
#609 = DIRECTION('',(1.,0.,-0.));
#610 = DEFINITIONAL_REPRESENTATION('',(#611),#615);
#611 = CIRCLE('',#612,4.8);
#612 = AXIS2_PLACEMENT_2D('',#613,#614);
#613 = CARTESIAN_POINT('',(4.440892098501E-16,-8.893987308214E-17));
#614 = DIRECTION('',(1.,0.));
#615 = ( GEOMETRIC_REPRESENTATION_CONTEXT(2) 
PARAMETRIC_REPRESENTATION_CONTEXT() REPRESENTATION_CONTEXT('2D SPACE',''
  ) );
#616 = ORIENTED_EDGE('',*,*,#617,.T.);
#617 = EDGE_CURVE('',#589,#618,#620,.T.);
#618 = VERTEX_POINT('',#619);
#619 = CARTESIAN_POINT('',(1.554312234475E-15,-4.694677837722,1.));
#620 = SURFACE_CURVE('',#621,(#625,#631),.PCURVE_S1.);
#621 = LINE('',#622,#623);
#622 = CARTESIAN_POINT('',(0.,-4.694677837722,0.));
#623 = VECTOR('',#624,1.);
#624 = DIRECTION('',(-0.,-0.,-1.));
#625 = PCURVE('',#49,#626);
#626 = DEFINITIONAL_REPRESENTATION('',(#627),#630);
#627 = B_SPLINE_CURVE_WITH_KNOTS('',1,(#628,#629),.UNSPECIFIED.,.F.,.F.,
  (2,2),(-2.0000006,-0.9999994),.PIECEWISE_BEZIER_KNOTS.);
#628 = CARTESIAN_POINT('',(-4.922259572647,-2.0000006));
#629 = CARTESIAN_POINT('',(-4.922259572647,-0.9999994));
#630 = ( GEOMETRIC_REPRESENTATION_CONTEXT(2) 
PARAMETRIC_REPRESENTATION_CONTEXT() REPRESENTATION_CONTEXT('2D SPACE',''
  ) );
#631 = PCURVE('',#632,#637);
#632 = CYLINDRICAL_SURFACE('',#633,4.8);
#633 = AXIS2_PLACEMENT_3D('',#634,#635,#636);
#634 = CARTESIAN_POINT('',(1.,0.,1.));
#635 = DIRECTION('',(-0.,-0.,-1.));
#636 = DIRECTION('',(1.,0.,0.));
#637 = DEFINITIONAL_REPRESENTATION('',(#638),#641);
#638 = B_SPLINE_CURVE_WITH_KNOTS('',1,(#639,#640),.UNSPECIFIED.,.F.,.F.,
  (2,2),(-2.0000006,-0.9999994),.PIECEWISE_BEZIER_KNOTS.);
#639 = CARTESIAN_POINT('',(-4.502518388122,-1.0000006));
#640 = CARTESIAN_POINT('',(-4.502518388122,6.000000000173E-07));
#641 = ( GEOMETRIC_REPRESENTATION_CONTEXT(2) 
PARAMETRIC_REPRESENTATION_CONTEXT() REPRESENTATION_CONTEXT('2D SPACE',''
  ) );
#642 = ORIENTED_EDGE('',*,*,#643,.F.);
#643 = EDGE_CURVE('',#644,#618,#646,.T.);
#644 = VERTEX_POINT('',#645);
#645 = CARTESIAN_POINT('',(1.629031609825,-4.015992130786,1.));
#646 = SURFACE_CURVE('',#647,(#652,#659),.PCURVE_S1.);
#647 = CIRCLE('',#648,4.8);
#648 = AXIS2_PLACEMENT_3D('',#649,#650,#651);
#649 = CARTESIAN_POINT('',(-1.,0.,1.));
#650 = DIRECTION('',(0.,0.,-1.));
#651 = DIRECTION('',(1.,0.,0.));
#652 = PCURVE('',#49,#653);
#653 = DEFINITIONAL_REPRESENTATION('',(#654),#658);
#654 = LINE('',#655,#656);
#655 = CARTESIAN_POINT('',(-6.28318530718,-1.));
#656 = VECTOR('',#657,1.);
#657 = DIRECTION('',(1.,-0.));
#658 = ( GEOMETRIC_REPRESENTATION_CONTEXT(2) 
PARAMETRIC_REPRESENTATION_CONTEXT() REPRESENTATION_CONTEXT('2D SPACE',''
  ) );
#659 = PCURVE('',#375,#660);
#660 = DEFINITIONAL_REPRESENTATION('',(#661),#669);
#661 = ( BOUNDED_CURVE() B_SPLINE_CURVE(2,(#662,#663,#664,#665,#666,#667
,#668),.UNSPECIFIED.,.T.,.F.) B_SPLINE_CURVE_WITH_KNOTS((1,2,2,2,2,1),(
    -2.094395102393,0.,2.094395102393,4.188790204786,6.28318530718,
8.377580409573),.UNSPECIFIED.) CURVE() GEOMETRIC_REPRESENTATION_ITEM() 
RATIONAL_B_SPLINE_CURVE((1.,0.5,1.,0.5,1.,0.5,1.)) REPRESENTATION_ITEM(
  '') );
#662 = CARTESIAN_POINT('',(15.649682303078,-2.216882614944));
#663 = CARTESIAN_POINT('',(15.649682303078,-10.53072649127));
#664 = CARTESIAN_POINT('',(8.449682303078,-6.373804553109));
#665 = CARTESIAN_POINT('',(1.249682303078,-2.216882614944));
#666 = CARTESIAN_POINT('',(8.449682303078,1.940039323222));
#667 = CARTESIAN_POINT('',(15.649682303078,6.096961261387));
#668 = CARTESIAN_POINT('',(15.649682303078,-2.216882614944));
#669 = ( GEOMETRIC_REPRESENTATION_CONTEXT(2) 
PARAMETRIC_REPRESENTATION_CONTEXT() REPRESENTATION_CONTEXT('2D SPACE',''
  ) );
#670 = ORIENTED_EDGE('',*,*,#671,.T.);
#671 = EDGE_CURVE('',#644,#24,#672,.T.);
#672 = SURFACE_CURVE('',#673,(#679,#688),.PCURVE_S1.);
#673 = B_SPLINE_CURVE_WITH_KNOTS('',4,(#674,#675,#676,#677,#678),
  .UNSPECIFIED.,.F.,.F.,(5,5),(0.,1.),.PIECEWISE_BEZIER_KNOTS.);
#674 = CARTESIAN_POINT('',(1.629031609825,-4.015992130786,2.0000006));
#675 = CARTESIAN_POINT('',(1.629031609825,-4.015992130786,1.5000003));
#676 = CARTESIAN_POINT('',(1.629031609825,-4.015992130786,1.));
#677 = CARTESIAN_POINT('',(1.629031609825,-4.015992130786,0.4999997));
#678 = CARTESIAN_POINT('',(1.629031609825,-4.015992130786,-6.E-07));
#679 = PCURVE('',#49,#680);
#680 = DEFINITIONAL_REPRESENTATION('',(#681),#687);
#681 = B_SPLINE_CURVE_WITH_KNOTS('',4,(#682,#683,#684,#685,#686),
  .UNSPECIFIED.,.F.,.F.,(5,5),(0.,1.),.PIECEWISE_BEZIER_KNOTS.);
#682 = CARTESIAN_POINT('',(-5.292019590673,-2.0000006));
#683 = CARTESIAN_POINT('',(-5.292019590673,-1.5000003));
#684 = CARTESIAN_POINT('',(-5.292019590673,-1.));
#685 = CARTESIAN_POINT('',(-5.292019590673,-0.4999997));
#686 = CARTESIAN_POINT('',(-5.292019590673,5.999999999062E-07));
#687 = ( GEOMETRIC_REPRESENTATION_CONTEXT(2) 
PARAMETRIC_REPRESENTATION_CONTEXT() REPRESENTATION_CONTEXT('2D SPACE',''
  ) );
#688 = PCURVE('',#111,#689);
#689 = DEFINITIONAL_REPRESENTATION('',(#690),#696);
#690 = B_SPLINE_CURVE_WITH_KNOTS('',4,(#691,#692,#693,#694,#695),
  .UNSPECIFIED.,.F.,.F.,(5,5),(0.,1.),.PIECEWISE_BEZIER_KNOTS.);
#691 = CARTESIAN_POINT('',(83.329601274547,-2.0000006));
#692 = CARTESIAN_POINT('',(83.329601274547,-1.5000003));
#693 = CARTESIAN_POINT('',(83.329601274547,-1.));
#694 = CARTESIAN_POINT('',(83.329601274547,-0.4999997));
#695 = CARTESIAN_POINT('',(83.329601274547,5.999999999062E-07));
#696 = ( GEOMETRIC_REPRESENTATION_CONTEXT(2) 
PARAMETRIC_REPRESENTATION_CONTEXT() REPRESENTATION_CONTEXT('2D SPACE',''
  ) );
#697 = ADVANCED_FACE('',(#698),#111,.T.);
#698 = FACE_BOUND('',#699,.T.);
#699 = EDGE_LOOP('',(#700,#701,#702,#785,#819,#883,#912,#1020));
#700 = ORIENTED_EDGE('',*,*,#61,.F.);
#701 = ORIENTED_EDGE('',*,*,#329,.F.);
#702 = ORIENTED_EDGE('',*,*,#703,.F.);
#703 = EDGE_CURVE('',#704,#330,#706,.T.);
#704 = VERTEX_POINT('',#705);
#705 = CARTESIAN_POINT('',(1.39174362046,4.783987555986,1.));
#706 = SURFACE_CURVE('',#707,(#731,#758),.PCURVE_S1.);
#707 = B_SPLINE_CURVE_WITH_KNOTS('',8,(#708,#709,#710,#711,#712,#713,
    #714,#715,#716,#717,#718,#719,#720,#721,#722,#723,#724,#725,#726,
    #727,#728,#729,#730),.UNSPECIFIED.,.F.,.F.,(9,7,7,9),(0.,
    0.558555628956,0.818757381582,1.),.UNSPECIFIED.);
#708 = CARTESIAN_POINT('',(5.8,12.568402320351,1.));
#709 = CARTESIAN_POINT('',(5.399990114722,12.041201668079,1.));
#710 = CARTESIAN_POINT('',(5.019178797558,11.499384481166,1.));
#711 = CARTESIAN_POINT('',(4.655693092188,10.944992186128,1.));
#712 = CARTESIAN_POINT('',(4.307520992762,10.37999699029,1.));
#713 = CARTESIAN_POINT('',(3.972572262441,9.806259103689,1.));
#714 = CARTESIAN_POINT('',(3.648715565069,9.225500848311,1.));
#715 = CARTESIAN_POINT('',(3.333791910009,8.639297654675,1.));
#716 = CARTESIAN_POINT('',(2.882036028647,7.774137286877,1.));
#717 = CARTESIAN_POINT('',(2.739930910948,7.498328485899,1.));
#718 = CARTESIAN_POINT('',(2.599112270776,7.221822057148,1.));
#719 = CARTESIAN_POINT('',(2.459426807377,6.944783657035,1.));
#720 = CARTESIAN_POINT('',(2.320692229762,6.667369202097,1.));
#721 = CARTESIAN_POINT('',(2.182754300314,6.38974052958,1.));
#722 = CARTESIAN_POINT('',(2.045439591614,6.112054030335,1.));
#723 = CARTESIAN_POINT('',(1.813253403292,5.641116901868,1.));
#724 = CARTESIAN_POINT('',(1.718146999815,5.447814905341,1.));
#725 = CARTESIAN_POINT('',(1.623205363837,5.25461591686,1.));
#726 = CARTESIAN_POINT('',(1.528371490788,5.061574008756,1.));
#727 = CARTESIAN_POINT('',(1.433588119866,4.868743829284,1.));
#728 = CARTESIAN_POINT('',(1.338797599589,4.676180730934,1.));
#729 = CARTESIAN_POINT('',(1.243941753353,4.483940898734,1.));
#730 = CARTESIAN_POINT('',(1.148961744984,4.29208147856,1.));
#731 = PCURVE('',#111,#732);
#732 = DEFINITIONAL_REPRESENTATION('',(#733),#757);
#733 = B_SPLINE_CURVE_WITH_KNOTS('',8,(#734,#735,#736,#737,#738,#739,
    #740,#741,#742,#743,#744,#745,#746,#747,#748,#749,#750,#751,#752,
    #753,#754,#755,#756),.UNSPECIFIED.,.F.,.F.,(9,7,7,9),(0.,
    0.558555628956,0.818757381582,1.),.UNSPECIFIED.);
#734 = CARTESIAN_POINT('',(10.931644306769,-1.));
#735 = CARTESIAN_POINT('',(10.268866994807,-1.));
#736 = CARTESIAN_POINT('',(9.606247395197,-1.));
#737 = CARTESIAN_POINT('',(8.944154944878,-1.));
#738 = CARTESIAN_POINT('',(8.282819336736,-1.));
#739 = CARTESIAN_POINT('',(7.622334987601,-1.));
#740 = CARTESIAN_POINT('',(6.962663317286,-1.));
#741 = CARTESIAN_POINT('',(6.303632838659,-1.));
#742 = CARTESIAN_POINT('',(5.338085265491,-1.));
#743 = CARTESIAN_POINT('',(5.031321308626,-1.));
#744 = CARTESIAN_POINT('',(4.724590736636,-1.));
#745 = CARTESIAN_POINT('',(4.417822105378,-1.));
#746 = CARTESIAN_POINT('',(4.110963729368,-1.));
#747 = CARTESIAN_POINT('',(3.803942126313,-1.));
#748 = CARTESIAN_POINT('',(3.496695094431,-1.));
#749 = CARTESIAN_POINT('',(2.97493410449,-1.));
#750 = CARTESIAN_POINT('',(2.760573207685,-1.));
#751 = CARTESIAN_POINT('',(2.546046268098,-1.));
#752 = CARTESIAN_POINT('',(2.331330070052,-1.));
#753 = CARTESIAN_POINT('',(2.116401267093,-1.));
#754 = CARTESIAN_POINT('',(1.901236326045,-1.));
#755 = CARTESIAN_POINT('',(1.685811471077,-1.));
#756 = CARTESIAN_POINT('',(1.470102627762,-1.));
#757 = ( GEOMETRIC_REPRESENTATION_CONTEXT(2) 
PARAMETRIC_REPRESENTATION_CONTEXT() REPRESENTATION_CONTEXT('2D SPACE',''
  ) );
#758 = PCURVE('',#375,#759);
#759 = DEFINITIONAL_REPRESENTATION('',(#760),#784);
#760 = B_SPLINE_CURVE_WITH_KNOTS('',8,(#761,#762,#763,#764,#765,#766,
    #767,#768,#769,#770,#771,#772,#773,#774,#775,#776,#777,#778,#779,
    #780,#781,#782,#783),.UNSPECIFIED.,.F.,.F.,(9,7,7,9),(0.,
    0.558555628956,0.818757381582,1.),.UNSPECIFIED.);
#761 = CARTESIAN_POINT('',(17.649682303078,10.351519705407));
#762 = CARTESIAN_POINT('',(17.2496724178,9.824319053135));
#763 = CARTESIAN_POINT('',(16.868861100636,9.282501866222));
#764 = CARTESIAN_POINT('',(16.505375395266,8.728109571184));
#765 = CARTESIAN_POINT('',(16.15720329584,8.163114375346));
#766 = CARTESIAN_POINT('',(15.822254565519,7.589376488745));
#767 = CARTESIAN_POINT('',(15.498397868147,7.008618233368));
#768 = CARTESIAN_POINT('',(15.183474213087,6.422415039731));
#769 = CARTESIAN_POINT('',(14.731718331725,5.557254671933));
#770 = CARTESIAN_POINT('',(14.589613214026,5.281445870955));
#771 = CARTESIAN_POINT('',(14.448794573854,5.004939442204));
#772 = CARTESIAN_POINT('',(14.309109110455,4.727901042092));
#773 = CARTESIAN_POINT('',(14.17037453284,4.450486587154));
#774 = CARTESIAN_POINT('',(14.032436603392,4.172857914636));
#775 = CARTESIAN_POINT('',(13.895121894692,3.895171415391));
#776 = CARTESIAN_POINT('',(13.66293570637,3.424234286924));
#777 = CARTESIAN_POINT('',(13.567829302893,3.230932290397));
#778 = CARTESIAN_POINT('',(13.472887666915,3.037733301917));
#779 = CARTESIAN_POINT('',(13.378053793866,2.844691393813));
#780 = CARTESIAN_POINT('',(13.283270422944,2.651861214341));
#781 = CARTESIAN_POINT('',(13.188479902668,2.45929811599));
#782 = CARTESIAN_POINT('',(13.093624056431,2.26705828379));
#783 = CARTESIAN_POINT('',(12.998644048062,2.075198863616));
#784 = ( GEOMETRIC_REPRESENTATION_CONTEXT(2) 
PARAMETRIC_REPRESENTATION_CONTEXT() REPRESENTATION_CONTEXT('2D SPACE',''
  ) );
#785 = ORIENTED_EDGE('',*,*,#786,.F.);
#786 = EDGE_CURVE('',#787,#704,#789,.T.);
#787 = VERTEX_POINT('',#788);
#788 = CARTESIAN_POINT('',(1.39174362046,4.783987555986,2.));
#789 = SURFACE_CURVE('',#790,(#796,#805),.PCURVE_S1.);
#790 = B_SPLINE_CURVE_WITH_KNOTS('',4,(#791,#792,#793,#794,#795),
  .UNSPECIFIED.,.F.,.F.,(5,5),(0.,1.),.PIECEWISE_BEZIER_KNOTS.);
#791 = CARTESIAN_POINT('',(1.39174362046,4.783987555986,2.0000006));
#792 = CARTESIAN_POINT('',(1.39174362046,4.783987555986,1.7500003));
#793 = CARTESIAN_POINT('',(1.39174362046,4.783987555986,1.5));
#794 = CARTESIAN_POINT('',(1.39174362046,4.783987555986,1.2499997));
#795 = CARTESIAN_POINT('',(1.39174362046,4.783987555986,0.9999994));
#796 = PCURVE('',#111,#797);
#797 = DEFINITIONAL_REPRESENTATION('',(#798),#804);
#798 = B_SPLINE_CURVE_WITH_KNOTS('',4,(#799,#800,#801,#802,#803),
  .UNSPECIFIED.,.F.,.F.,(5,5),(0.,1.),.PIECEWISE_BEZIER_KNOTS.);
#799 = CARTESIAN_POINT('',(2.021278260391,-2.0000006));
#800 = CARTESIAN_POINT('',(2.021278260391,-1.7500003));
#801 = CARTESIAN_POINT('',(2.021278260391,-1.5));
#802 = CARTESIAN_POINT('',(2.021278260391,-1.2499997));
#803 = CARTESIAN_POINT('',(2.021278260391,-0.9999994));
#804 = ( GEOMETRIC_REPRESENTATION_CONTEXT(2) 
PARAMETRIC_REPRESENTATION_CONTEXT() REPRESENTATION_CONTEXT('2D SPACE',''
  ) );
#805 = PCURVE('',#806,#811);
#806 = CYLINDRICAL_SURFACE('',#807,4.8);
#807 = AXIS2_PLACEMENT_3D('',#808,#809,#810);
#808 = CARTESIAN_POINT('',(1.,0.,1.));
#809 = DIRECTION('',(-0.,-0.,-1.));
#810 = DIRECTION('',(1.,0.,0.));
#811 = DEFINITIONAL_REPRESENTATION('',(#812),#818);
#812 = B_SPLINE_CURVE_WITH_KNOTS('',4,(#813,#814,#815,#816,#817),
  .UNSPECIFIED.,.F.,.F.,(5,5),(0.,1.),.PIECEWISE_BEZIER_KNOTS.);
#813 = CARTESIAN_POINT('',(-7.772277506521,-1.0000006));
#814 = CARTESIAN_POINT('',(-7.772277506521,-0.7500003));
#815 = CARTESIAN_POINT('',(-7.772277506521,-0.5));
#816 = CARTESIAN_POINT('',(-7.772277506521,-0.2499997));
#817 = CARTESIAN_POINT('',(-7.772277506521,5.999999999062E-07));
#818 = ( GEOMETRIC_REPRESENTATION_CONTEXT(2) 
PARAMETRIC_REPRESENTATION_CONTEXT() REPRESENTATION_CONTEXT('2D SPACE',''
  ) );
#819 = ORIENTED_EDGE('',*,*,#820,.T.);
#820 = EDGE_CURVE('',#787,#821,#823,.T.);
#821 = VERTEX_POINT('',#822);
#822 = CARTESIAN_POINT('',(2.223014782578,-4.641576762437,2.));
#823 = SURFACE_CURVE('',#824,(#846,#853),.PCURVE_S1.);
#824 = B_SPLINE_CURVE_WITH_KNOTS('',3,(#825,#826,#827,#828,#829,#830,
    #831,#832,#833,#834,#835,#836,#837,#838,#839,#840,#841,#842,#843,
    #844,#845),.UNSPECIFIED.,.T.,.F.,(1,1,2,1,1,1,1,1,1,1,1,1,1,1,1,1,1,
    1,1,1,2,1,1),(-9.405124837953,-5.5,0.,5.590169943749,12.801272494677
    ,18.904550302544,23.929488113105,28.646478679133,33.389895169386,
    38.133311659638,43.448384566006,47.479513440155,51.384638278108,
    56.532453348602,61.06014591767,65.669918146317,70.169918146317,
    75.484991052684,81.315942947529,85.221067785483,90.721067785483,
    96.311237729232,103.52234028016),.UNSPECIFIED.);
#825 = CARTESIAN_POINT('',(-0.313449792475,1.411246697963,2.));
#826 = CARTESIAN_POINT('',(1.326785923753,4.614800174014,2.));
#827 = CARTESIAN_POINT('',(3.164985726709,8.541326224595,2.));
#828 = CARTESIAN_POINT('',(6.404419339551,13.998094077675,2.));
#829 = CARTESIAN_POINT('',(11.45226329686,17.799104122556,2.));
#830 = CARTESIAN_POINT('',(17.001412382698,18.609367950186,2.));
#831 = CARTESIAN_POINT('',(21.463708843425,15.856499465331,2.));
#832 = CARTESIAN_POINT('',(23.087977751599,10.973803107681,2.));
#833 = CARTESIAN_POINT('',(21.111052298754,6.049006017216,2.));
#834 = CARTESIAN_POINT('',(18.048873690872,3.003867390766,2.));
#835 = CARTESIAN_POINT('',(11.793922890856,1.339500959798,2.));
#836 = CARTESIAN_POINT('',(16.899920095817,-2.372159919037,2.));
#837 = CARTESIAN_POINT('',(18.854266292301,-6.066379066075,2.));
#838 = CARTESIAN_POINT('',(18.596799427749,-11.33410893125,2.));
#839 = CARTESIAN_POINT('',(14.714294778547,-14.51601410093,2.));
#840 = CARTESIAN_POINT('',(9.475713382922,-14.53228988698,2.));
#841 = CARTESIAN_POINT('',(5.52482893446,-10.52027121564,2.));
#842 = CARTESIAN_POINT('',(3.772340498469,-5.754856291952,2.));
#843 = CARTESIAN_POINT('',(-0.393027234357,-2.479245755433,2.));
#844 = CARTESIAN_POINT('',(-0.313449792475,1.411246697963,2.));
#845 = CARTESIAN_POINT('',(1.326785923753,4.614800174014,2.));
#846 = PCURVE('',#111,#847);
#847 = DEFINITIONAL_REPRESENTATION('',(#848),#852);
#848 = LINE('',#849,#850);
#849 = CARTESIAN_POINT('',(0.,-2.));
#850 = VECTOR('',#851,1.);
#851 = DIRECTION('',(1.,0.));
#852 = ( GEOMETRIC_REPRESENTATION_CONTEXT(2) 
PARAMETRIC_REPRESENTATION_CONTEXT() REPRESENTATION_CONTEXT('2D SPACE',''
  ) );
#853 = PCURVE('',#854,#859);
#854 = PLANE('',#855);
#855 = AXIS2_PLACEMENT_3D('',#856,#857,#858);
#856 = CARTESIAN_POINT('',(-1.,8.893987308214E-17,2.));
#857 = DIRECTION('',(0.,0.,1.));
#858 = DIRECTION('',(1.,0.,-0.));
#859 = DEFINITIONAL_REPRESENTATION('',(#860),#882);
#860 = B_SPLINE_CURVE_WITH_KNOTS('',3,(#861,#862,#863,#864,#865,#866,
    #867,#868,#869,#870,#871,#872,#873,#874,#875,#876,#877,#878,#879,
    #880,#881),.UNSPECIFIED.,.F.,.F.,(1,1,2,1,1,1,1,1,1,1,1,1,1,1,1,1,1,
    1,1,1,2,1,1),(-9.405124837953,-5.5,0.,5.590169943749,12.801272494677
    ,18.904550302544,23.929488113105,28.646478679133,33.389895169386,
    38.133311659638,43.448384566006,47.479513440155,51.384638278108,
    56.532453348602,61.06014591767,65.669918146317,70.169918146317,
    75.484991052684,81.315942947529,85.221067785483,90.721067785483,
    96.311237729232,103.52234028016),.UNSPECIFIED.);
#861 = CARTESIAN_POINT('',(0.686550207525,1.411246697963));
#862 = CARTESIAN_POINT('',(2.326785923753,4.614800174014));
#863 = CARTESIAN_POINT('',(4.164985726709,8.541326224595));
#864 = CARTESIAN_POINT('',(7.404419339551,13.998094077675));
#865 = CARTESIAN_POINT('',(12.45226329686,17.799104122556));
#866 = CARTESIAN_POINT('',(18.001412382698,18.609367950186));
#867 = CARTESIAN_POINT('',(22.463708843425,15.856499465331));
#868 = CARTESIAN_POINT('',(24.087977751599,10.973803107681));
#869 = CARTESIAN_POINT('',(22.111052298754,6.049006017216));
#870 = CARTESIAN_POINT('',(19.048873690872,3.003867390766));
#871 = CARTESIAN_POINT('',(12.793922890856,1.339500959798));
#872 = CARTESIAN_POINT('',(17.899920095817,-2.372159919037));
#873 = CARTESIAN_POINT('',(19.854266292301,-6.066379066075));
#874 = CARTESIAN_POINT('',(19.596799427749,-11.33410893125));
#875 = CARTESIAN_POINT('',(15.714294778547,-14.51601410093));
#876 = CARTESIAN_POINT('',(10.475713382922,-14.53228988698));
#877 = CARTESIAN_POINT('',(6.52482893446,-10.52027121564));
#878 = CARTESIAN_POINT('',(4.772340498469,-5.754856291952));
#879 = CARTESIAN_POINT('',(0.606972765643,-2.479245755433));
#880 = CARTESIAN_POINT('',(0.686550207525,1.411246697963));
#881 = CARTESIAN_POINT('',(2.326785923753,4.614800174014));
#882 = ( GEOMETRIC_REPRESENTATION_CONTEXT(2) 
PARAMETRIC_REPRESENTATION_CONTEXT() REPRESENTATION_CONTEXT('2D SPACE',''
  ) );
#883 = ORIENTED_EDGE('',*,*,#884,.T.);
#884 = EDGE_CURVE('',#821,#885,#887,.T.);
#885 = VERTEX_POINT('',#886);
#886 = CARTESIAN_POINT('',(2.223014782578,-4.641576762437,1.));
#887 = SURFACE_CURVE('',#888,(#894,#903),.PCURVE_S1.);
#888 = B_SPLINE_CURVE_WITH_KNOTS('',4,(#889,#890,#891,#892,#893),
  .UNSPECIFIED.,.F.,.F.,(5,5),(0.,1.),.PIECEWISE_BEZIER_KNOTS.);
#889 = CARTESIAN_POINT('',(2.223014782578,-4.641576762437,2.0000006));
#890 = CARTESIAN_POINT('',(2.223014782578,-4.641576762437,1.7500003));
#891 = CARTESIAN_POINT('',(2.223014782578,-4.641576762437,1.5));
#892 = CARTESIAN_POINT('',(2.223014782578,-4.641576762437,1.2499997));
#893 = CARTESIAN_POINT('',(2.223014782578,-4.641576762437,0.9999994));
#894 = PCURVE('',#111,#895);
#895 = DEFINITIONAL_REPRESENTATION('',(#896),#902);
#896 = B_SPLINE_CURVE_WITH_KNOTS('',4,(#897,#898,#899,#900,#901),
  .UNSPECIFIED.,.F.,.F.,(5,5),(0.,1.),.PIECEWISE_BEZIER_KNOTS.);
#897 = CARTESIAN_POINT('',(82.47309352707,-2.0000006));
#898 = CARTESIAN_POINT('',(82.47309352707,-1.7500003));
#899 = CARTESIAN_POINT('',(82.47309352707,-1.5));
#900 = CARTESIAN_POINT('',(82.47309352707,-1.2499997));
#901 = CARTESIAN_POINT('',(82.47309352707,-0.9999994));
#902 = ( GEOMETRIC_REPRESENTATION_CONTEXT(2) 
PARAMETRIC_REPRESENTATION_CONTEXT() REPRESENTATION_CONTEXT('2D SPACE',''
  ) );
#903 = PCURVE('',#806,#904);
#904 = DEFINITIONAL_REPRESENTATION('',(#905),#911);
#905 = B_SPLINE_CURVE_WITH_KNOTS('',4,(#906,#907,#908,#909,#910),
  .UNSPECIFIED.,.F.,.F.,(5,5),(0.,1.),.PIECEWISE_BEZIER_KNOTS.);
#906 = CARTESIAN_POINT('',(-4.970024418443,-1.0000006));
#907 = CARTESIAN_POINT('',(-4.970024418443,-0.7500003));
#908 = CARTESIAN_POINT('',(-4.970024418443,-0.5));
#909 = CARTESIAN_POINT('',(-4.970024418443,-0.2499997));
#910 = CARTESIAN_POINT('',(-4.970024418443,5.999999999062E-07));
#911 = ( GEOMETRIC_REPRESENTATION_CONTEXT(2) 
PARAMETRIC_REPRESENTATION_CONTEXT() REPRESENTATION_CONTEXT('2D SPACE',''
  ) );
#912 = ORIENTED_EDGE('',*,*,#913,.F.);
#913 = EDGE_CURVE('',#644,#885,#914,.T.);
#914 = SURFACE_CURVE('',#915,(#948,#984),.PCURVE_S1.);
#915 = B_SPLINE_CURVE_WITH_KNOTS('',6,(#916,#917,#918,#919,#920,#921,
    #922,#923,#924,#925,#926,#927,#928,#929,#930,#931,#932,#933,#934,
    #935,#936,#937,#938,#939,#940,#941,#942,#943,#944,#945,#946,#947),
  .UNSPECIFIED.,.F.,.F.,(7,5,5,5,5,5,7),(0.,0.130974917846,
    0.196462376769,0.272864292158,0.578069373419,0.797263690581,1.),
  .UNSPECIFIED.);
#916 = CARTESIAN_POINT('',(1.629031609825,-4.015992130786,1.));
#917 = CARTESIAN_POINT('',(1.740771385182,-4.137055413598,1.));
#918 = CARTESIAN_POINT('',(1.853986459267,-4.256992337166,1.));
#919 = CARTESIAN_POINT('',(1.968117489555,-4.376185936205,1.));
#920 = CARTESIAN_POINT('',(2.082605133523,-4.495019245431,1.));
#921 = CARTESIAN_POINT('',(2.196890048646,-4.613875299558,1.));
#922 = CARTESIAN_POINT('',(2.367174314277,-4.792768050175,1.));
#923 = CARTESIAN_POINT('',(2.423745218312,-4.852500411952,1.));
#924 = CARTESIAN_POINT('',(2.480055686689,-4.912382097972,1.));
#925 = CARTESIAN_POINT('',(2.536035801592,-4.972460987575,1.));
#926 = CARTESIAN_POINT('',(2.591615645207,-5.032784960101,1.));
#927 = CARTESIAN_POINT('',(2.711019795646,-5.164121541046,1.));
#928 = CARTESIAN_POINT('',(2.774676706898,-5.235238580443,1.));
#929 = CARTESIAN_POINT('',(2.837580114473,-5.306832151695,1.));
#930 = CARTESIAN_POINT('',(2.89961830693,-5.378978629337,1.));
#931 = CARTESIAN_POINT('',(2.960683780388,-5.451751623828,1.));
#932 = CARTESIAN_POINT('',(3.26031497202,-5.818716279206,1.));
#933 = CARTESIAN_POINT('',(3.483886915292,-6.123859626099,1.));
#934 = CARTESIAN_POINT('',(3.693597290404,-6.438481889044,1.));
#935 = CARTESIAN_POINT('',(3.892162556718,-6.760426003785,1.));
#936 = CARTESIAN_POINT('',(4.082436944451,-7.087779149345,1.));
#937 = CARTESIAN_POINT('',(4.400180019901,-7.656723875742,1.));
#938 = CARTESIAN_POINT('',(4.530223632668,-7.896462338815,1.));
#939 = CARTESIAN_POINT('',(4.658582339842,-8.137507925027,1.));
#940 = CARTESIAN_POINT('',(4.786332761725,-8.379259396808,1.));
#941 = CARTESIAN_POINT('',(4.914542857981,-8.621131748109,1.));
#942 = CARTESIAN_POINT('',(5.164260407017,-9.085853522996,1.));
#943 = CARTESIAN_POINT('',(5.285543059704,-9.308756825651,1.));
#944 = CARTESIAN_POINT('',(5.408956076966,-9.530813614067,1.));
#945 = CARTESIAN_POINT('',(5.535315949806,-9.751548451751,1.));
#946 = CARTESIAN_POINT('',(5.665412181477,-9.970466676678,1.));
#947 = CARTESIAN_POINT('',(5.8,-10.18705811395,1.));
#948 = PCURVE('',#111,#949);
#949 = DEFINITIONAL_REPRESENTATION('',(#950),#983);
#950 = B_SPLINE_CURVE_WITH_KNOTS('',6,(#951,#952,#953,#954,#955,#956,
    #957,#958,#959,#960,#961,#962,#963,#964,#965,#966,#967,#968,#969,
    #970,#971,#972,#973,#974,#975,#976,#977,#978,#979,#980,#981,#982),
  .UNSPECIFIED.,.F.,.F.,(7,5,5,5,5,5,7),(0.,0.130974917846,
    0.196462376769,0.272864292158,0.578069373419,0.797263690581,1.),
  .UNSPECIFIED.);
#951 = CARTESIAN_POINT('',(83.329601274547,-1.));
#952 = CARTESIAN_POINT('',(83.165882277254,-1.));
#953 = CARTESIAN_POINT('',(83.00216327996,-1.));
#954 = CARTESIAN_POINT('',(82.838444282667,-1.));
#955 = CARTESIAN_POINT('',(82.674725285373,-1.));
#956 = CARTESIAN_POINT('',(82.51100628808,-1.));
#957 = CARTESIAN_POINT('',(82.265427792139,-1.));
#958 = CARTESIAN_POINT('',(82.183568293492,-1.));
#959 = CARTESIAN_POINT('',(82.101708794846,-1.));
#960 = CARTESIAN_POINT('',(82.019849296199,-1.));
#961 = CARTESIAN_POINT('',(81.937989797552,-1.));
#962 = CARTESIAN_POINT('',(81.760627700511,-1.));
#963 = CARTESIAN_POINT('',(81.665124939612,-1.));
#964 = CARTESIAN_POINT('',(81.569622069431,-1.));
#965 = CARTESIAN_POINT('',(81.474119174722,-1.));
#966 = CARTESIAN_POINT('',(81.378616371766,-1.));
#967 = CARTESIAN_POINT('',(80.901606781087,-1.));
#968 = CARTESIAN_POINT('',(80.519054389872,-1.));
#969 = CARTESIAN_POINT('',(80.13630535789,-1.));
#970 = CARTESIAN_POINT('',(79.753923343445,-1.));
#971 = CARTESIAN_POINT('',(79.372178017075,-1.));
#972 = CARTESIAN_POINT('',(78.717325117949,-1.));
#973 = CARTESIAN_POINT('',(78.44394720553,-1.));
#974 = CARTESIAN_POINT('',(78.170920153768,-1.));
#975 = CARTESIAN_POINT('',(77.898240224976,-1.));
#976 = CARTESIAN_POINT('',(77.625893899023,-1.));
#977 = CARTESIAN_POINT('',(77.102247427443,-1.));
#978 = CARTESIAN_POINT('',(76.85091443894,-1.));
#979 = CARTESIAN_POINT('',(76.59984359889,-1.));
#980 = CARTESIAN_POINT('',(76.349049239748,-1.));
#981 = CARTESIAN_POINT('',(76.098574841641,-1.));
#982 = CARTESIAN_POINT('',(75.84849253866,-1.));
#983 = ( GEOMETRIC_REPRESENTATION_CONTEXT(2) 
PARAMETRIC_REPRESENTATION_CONTEXT() REPRESENTATION_CONTEXT('2D SPACE',''
  ) );
#984 = PCURVE('',#375,#985);
#985 = DEFINITIONAL_REPRESENTATION('',(#986),#1019);
#986 = B_SPLINE_CURVE_WITH_KNOTS('',6,(#987,#988,#989,#990,#991,#992,
    #993,#994,#995,#996,#997,#998,#999,#1000,#1001,#1002,#1003,#1004,
    #1005,#1006,#1007,#1008,#1009,#1010,#1011,#1012,#1013,#1014,#1015,
    #1016,#1017,#1018),.UNSPECIFIED.,.F.,.F.,(7,5,5,5,5,5,7),(0.,
    0.130974917846,0.196462376769,0.272864292158,0.578069373419,
    0.797263690581,1.),.UNSPECIFIED.);
#987 = CARTESIAN_POINT('',(13.478713912903,-6.23287474573));
#988 = CARTESIAN_POINT('',(13.59045368826,-6.353938028542));
#989 = CARTESIAN_POINT('',(13.703668762345,-6.473874952109));
#990 = CARTESIAN_POINT('',(13.817799792633,-6.593068551149));
#991 = CARTESIAN_POINT('',(13.932287436601,-6.711901860374));
#992 = CARTESIAN_POINT('',(14.046572351724,-6.830757914502));
#993 = CARTESIAN_POINT('',(14.216856617355,-7.009650665119));
#994 = CARTESIAN_POINT('',(14.27342752139,-7.069383026895));
#995 = CARTESIAN_POINT('',(14.329737989767,-7.129264712915));
#996 = CARTESIAN_POINT('',(14.38571810467,-7.189343602519));
#997 = CARTESIAN_POINT('',(14.441297948285,-7.249667575044));
#998 = CARTESIAN_POINT('',(14.560702098724,-7.38100415599));
#999 = CARTESIAN_POINT('',(14.624359009976,-7.452121195387));
#1000 = CARTESIAN_POINT('',(14.687262417551,-7.523714766638));
#1001 = CARTESIAN_POINT('',(14.749300610008,-7.595861244281));
#1002 = CARTESIAN_POINT('',(14.810366083466,-7.668634238771));
#1003 = CARTESIAN_POINT('',(15.109997275098,-8.03559889415));
#1004 = CARTESIAN_POINT('',(15.33356921837,-8.340742241043));
#1005 = CARTESIAN_POINT('',(15.543279593482,-8.655364503988));
#1006 = CARTESIAN_POINT('',(15.741844859796,-8.977308618729));
#1007 = CARTESIAN_POINT('',(15.932119247529,-9.304661764288));
#1008 = CARTESIAN_POINT('',(16.249862322979,-9.873606490686));
#1009 = CARTESIAN_POINT('',(16.379905935746,-10.11334495375));
#1010 = CARTESIAN_POINT('',(16.50826464292,-10.35439053997));
#1011 = CARTESIAN_POINT('',(16.636015064803,-10.59614201175));
#1012 = CARTESIAN_POINT('',(16.764225161059,-10.83801436305));
#1013 = CARTESIAN_POINT('',(17.013942710095,-11.30273613794));
#1014 = CARTESIAN_POINT('',(17.135225362782,-11.52563944059));
#1015 = CARTESIAN_POINT('',(17.258638380044,-11.74769622901));
#1016 = CARTESIAN_POINT('',(17.384998252884,-11.96843106669));
#1017 = CARTESIAN_POINT('',(17.515094484555,-12.18734929162));
#1018 = CARTESIAN_POINT('',(17.649682303078,-12.4039407289));
#1019 = ( GEOMETRIC_REPRESENTATION_CONTEXT(2) 
PARAMETRIC_REPRESENTATION_CONTEXT() REPRESENTATION_CONTEXT('2D SPACE',''
  ) );
#1020 = ORIENTED_EDGE('',*,*,#671,.T.);
#1021 = ADVANCED_FACE('',(#1022),#166,.T.);
#1022 = FACE_BOUND('',#1023,.T.);
#1023 = EDGE_LOOP('',(#1024,#1047,#1074,#1075));
#1024 = ORIENTED_EDGE('',*,*,#1025,.F.);
#1025 = EDGE_CURVE('',#1026,#146,#1028,.T.);
#1026 = VERTEX_POINT('',#1027);
#1027 = CARTESIAN_POINT('',(13.4755629091,-6.,-1.2));
#1028 = SEAM_CURVE('',#1029,(#1033,#1040),.PCURVE_S1.);
#1029 = LINE('',#1030,#1031);
#1030 = CARTESIAN_POINT('',(13.4755629091,-6.,-1.2));
#1031 = VECTOR('',#1032,1.);
#1032 = DIRECTION('',(1.745240643728E-02,0.,0.999847695156));
#1033 = PCURVE('',#166,#1034);
#1034 = DEFINITIONAL_REPRESENTATION('',(#1035),#1039);
#1035 = LINE('',#1036,#1037);
#1036 = CARTESIAN_POINT('',(0.,0.));
#1037 = VECTOR('',#1038,1.);
#1038 = DIRECTION('',(0.,1.));
#1039 = ( GEOMETRIC_REPRESENTATION_CONTEXT(2) 
PARAMETRIC_REPRESENTATION_CONTEXT() REPRESENTATION_CONTEXT('2D SPACE',''
  ) );
#1040 = PCURVE('',#166,#1041);
#1041 = DEFINITIONAL_REPRESENTATION('',(#1042),#1046);
#1042 = LINE('',#1043,#1044);
#1043 = CARTESIAN_POINT('',(6.28318530718,0.));
#1044 = VECTOR('',#1045,1.);
#1045 = DIRECTION('',(0.,1.));
#1046 = ( GEOMETRIC_REPRESENTATION_CONTEXT(2) 
PARAMETRIC_REPRESENTATION_CONTEXT() REPRESENTATION_CONTEXT('2D SPACE',''
  ) );
#1047 = ORIENTED_EDGE('',*,*,#1048,.T.);
#1048 = EDGE_CURVE('',#1026,#1026,#1049,.T.);
#1049 = SURFACE_CURVE('',#1050,(#1055,#1062),.PCURVE_S1.);
#1050 = CIRCLE('',#1051,2.4755629091);
#1051 = AXIS2_PLACEMENT_3D('',#1052,#1053,#1054);
#1052 = CARTESIAN_POINT('',(11.,-6.,-1.2));
#1053 = DIRECTION('',(0.,0.,1.));
#1054 = DIRECTION('',(1.,0.,-0.));
#1055 = PCURVE('',#166,#1056);
#1056 = DEFINITIONAL_REPRESENTATION('',(#1057),#1061);
#1057 = LINE('',#1058,#1059);
#1058 = CARTESIAN_POINT('',(0.,0.));
#1059 = VECTOR('',#1060,1.);
#1060 = DIRECTION('',(1.,0.));
#1061 = ( GEOMETRIC_REPRESENTATION_CONTEXT(2) 
PARAMETRIC_REPRESENTATION_CONTEXT() REPRESENTATION_CONTEXT('2D SPACE',''
  ) );
#1062 = PCURVE('',#1063,#1068);
#1063 = PLANE('',#1064);
#1064 = AXIS2_PLACEMENT_3D('',#1065,#1066,#1067);
#1065 = CARTESIAN_POINT('',(11.,-6.,-1.2));
#1066 = DIRECTION('',(0.,0.,1.));
#1067 = DIRECTION('',(1.,0.,-0.));
#1068 = DEFINITIONAL_REPRESENTATION('',(#1069),#1073);
#1069 = CIRCLE('',#1070,2.4755629091);
#1070 = AXIS2_PLACEMENT_2D('',#1071,#1072);
#1071 = CARTESIAN_POINT('',(0.,0.));
#1072 = DIRECTION('',(1.,-0.));
#1073 = ( GEOMETRIC_REPRESENTATION_CONTEXT(2) 
PARAMETRIC_REPRESENTATION_CONTEXT() REPRESENTATION_CONTEXT('2D SPACE',''
  ) );
#1074 = ORIENTED_EDGE('',*,*,#1025,.T.);
#1075 = ORIENTED_EDGE('',*,*,#145,.F.);
#1076 = ADVANCED_FACE('',(#1077),#199,.F.);
#1077 = FACE_BOUND('',#1078,.T.);
#1078 = EDGE_LOOP('',(#1079,#1080,#1103,#1131));
#1079 = ORIENTED_EDGE('',*,*,#180,.T.);
#1080 = ORIENTED_EDGE('',*,*,#1081,.T.);
#1081 = EDGE_CURVE('',#183,#1082,#1084,.T.);
#1082 = VERTEX_POINT('',#1083);
#1083 = CARTESIAN_POINT('',(3.340191860312,-3.342140340699,1.));
#1084 = SURFACE_CURVE('',#1085,(#1089,#1096),.PCURVE_S1.);
#1085 = LINE('',#1086,#1087);
#1086 = CARTESIAN_POINT('',(3.340191860312,-3.342140340699,-1.));
#1087 = VECTOR('',#1088,1.);
#1088 = DIRECTION('',(0.,0.,1.));
#1089 = PCURVE('',#199,#1090);
#1090 = DEFINITIONAL_REPRESENTATION('',(#1091),#1095);
#1091 = LINE('',#1092,#1093);
#1092 = CARTESIAN_POINT('',(-0.,0.));
#1093 = VECTOR('',#1094,1.);
#1094 = DIRECTION('',(-0.,-1.));
#1095 = ( GEOMETRIC_REPRESENTATION_CONTEXT(2) 
PARAMETRIC_REPRESENTATION_CONTEXT() REPRESENTATION_CONTEXT('2D SPACE',''
  ) );
#1096 = PCURVE('',#279,#1097);
#1097 = DEFINITIONAL_REPRESENTATION('',(#1098),#1102);
#1098 = LINE('',#1099,#1100);
#1099 = CARTESIAN_POINT('',(0.86,0.));
#1100 = VECTOR('',#1101,1.);
#1101 = DIRECTION('',(0.,-1.));
#1102 = ( GEOMETRIC_REPRESENTATION_CONTEXT(2) 
PARAMETRIC_REPRESENTATION_CONTEXT() REPRESENTATION_CONTEXT('2D SPACE',''
  ) );
#1103 = ORIENTED_EDGE('',*,*,#1104,.F.);
#1104 = EDGE_CURVE('',#1105,#1082,#1107,.T.);
#1105 = VERTEX_POINT('',#1106);
#1106 = CARTESIAN_POINT('',(3.340191860312,3.342140340699,1.));
#1107 = SURFACE_CURVE('',#1108,(#1113,#1120),.PCURVE_S1.);
#1108 = CIRCLE('',#1109,4.08);
#1109 = AXIS2_PLACEMENT_3D('',#1110,#1111,#1112);
#1110 = CARTESIAN_POINT('',(1.,0.,1.));
#1111 = DIRECTION('',(-0.,0.,-1.));
#1112 = DIRECTION('',(0.573576436351,-0.819152044289,-0.));
#1113 = PCURVE('',#199,#1114);
#1114 = DEFINITIONAL_REPRESENTATION('',(#1115),#1119);
#1115 = LINE('',#1116,#1117);
#1116 = CARTESIAN_POINT('',(-6.28318530718,-2.));
#1117 = VECTOR('',#1118,1.);
#1118 = DIRECTION('',(1.,-0.));
#1119 = ( GEOMETRIC_REPRESENTATION_CONTEXT(2) 
PARAMETRIC_REPRESENTATION_CONTEXT() REPRESENTATION_CONTEXT('2D SPACE',''
  ) );
#1120 = PCURVE('',#375,#1121);
#1121 = DEFINITIONAL_REPRESENTATION('',(#1122),#1130);
#1122 = ( BOUNDED_CURVE() B_SPLINE_CURVE(2,(#1123,#1124,#1125,#1126,
#1127,#1128,#1129),.UNSPECIFIED.,.T.,.F.) B_SPLINE_CURVE_WITH_KNOTS((1,2
    ,2,2,2,1),(-2.094395102393,0.,2.094395102393,4.188790204786,
6.28318530718,8.377580409573),.UNSPECIFIED.) CURVE() 
GEOMETRIC_REPRESENTATION_ITEM() RATIONAL_B_SPLINE_CURVE((1.,0.5,1.,0.5,
1.,0.5,1.)) REPRESENTATION_ITEM('') );
#1123 = CARTESIAN_POINT('',(15.18987416339,-5.559022955643));
#1124 = CARTESIAN_POINT('',(9.401117287274,-9.612354157163));
#1125 = CARTESIAN_POINT('',(8.785207934864,-2.572478045354));
#1126 = CARTESIAN_POINT('',(8.169298582454,4.467398066455));
#1127 = CARTESIAN_POINT('',(14.57396481098,1.480853156166));
#1128 = CARTESIAN_POINT('',(20.978631039507,-1.505691754123));
#1129 = CARTESIAN_POINT('',(15.18987416339,-5.559022955643));
#1130 = ( GEOMETRIC_REPRESENTATION_CONTEXT(2) 
PARAMETRIC_REPRESENTATION_CONTEXT() REPRESENTATION_CONTEXT('2D SPACE',''
  ) );
#1131 = ORIENTED_EDGE('',*,*,#1132,.F.);
#1132 = EDGE_CURVE('',#181,#1105,#1133,.T.);
#1133 = SURFACE_CURVE('',#1134,(#1138,#1145),.PCURVE_S1.);
#1134 = LINE('',#1135,#1136);
#1135 = CARTESIAN_POINT('',(3.340191860312,3.342140340699,-1.));
#1136 = VECTOR('',#1137,1.);
#1137 = DIRECTION('',(0.,0.,1.));
#1138 = PCURVE('',#199,#1139);
#1139 = DEFINITIONAL_REPRESENTATION('',(#1140),#1144);
#1140 = LINE('',#1141,#1142);
#1141 = CARTESIAN_POINT('',(-1.919862177194,0.));
#1142 = VECTOR('',#1143,1.);
#1143 = DIRECTION('',(-0.,-1.));
#1144 = ( GEOMETRIC_REPRESENTATION_CONTEXT(2) 
PARAMETRIC_REPRESENTATION_CONTEXT() REPRESENTATION_CONTEXT('2D SPACE',''
  ) );
#1145 = PCURVE('',#226,#1146);
#1146 = DEFINITIONAL_REPRESENTATION('',(#1147),#1151);
#1147 = LINE('',#1148,#1149);
#1148 = CARTESIAN_POINT('',(0.,0.));
#1149 = VECTOR('',#1150,1.);
#1150 = DIRECTION('',(0.,-1.));
#1151 = ( GEOMETRIC_REPRESENTATION_CONTEXT(2) 
PARAMETRIC_REPRESENTATION_CONTEXT() REPRESENTATION_CONTEXT('2D SPACE',''
  ) );
#1152 = ADVANCED_FACE('',(#1153),#226,.T.);
#1153 = FACE_BOUND('',#1154,.T.);
#1154 = EDGE_LOOP('',(#1155,#1156,#1157,#1178));
#1155 = ORIENTED_EDGE('',*,*,#211,.F.);
#1156 = ORIENTED_EDGE('',*,*,#1132,.T.);
#1157 = ORIENTED_EDGE('',*,*,#1158,.F.);
#1158 = EDGE_CURVE('',#1159,#1105,#1161,.T.);
#1159 = VERTEX_POINT('',#1160);
#1160 = CARTESIAN_POINT('',(2.84691612505,2.637669582611,1.));
#1161 = SURFACE_CURVE('',#1162,(#1166,#1172),.PCURVE_S1.);
#1162 = LINE('',#1163,#1164);
#1163 = CARTESIAN_POINT('',(0.577184958736,-0.603842458401,1.));
#1164 = VECTOR('',#1165,1.);
#1165 = DIRECTION('',(0.573576436351,0.819152044289,-0.));
#1166 = PCURVE('',#226,#1167);
#1167 = DEFINITIONAL_REPRESENTATION('',(#1168),#1171);
#1168 = B_SPLINE_CURVE_WITH_KNOTS('',1,(#1169,#1170),.UNSPECIFIED.,.F.,
  .F.,(2,2),(3.957155528831,4.817155528831),.PIECEWISE_BEZIER_KNOTS.);
#1169 = CARTESIAN_POINT('',(0.86,-2.));
#1170 = CARTESIAN_POINT('',(0.,-2.));
#1171 = ( GEOMETRIC_REPRESENTATION_CONTEXT(2) 
PARAMETRIC_REPRESENTATION_CONTEXT() REPRESENTATION_CONTEXT('2D SPACE',''
  ) );
#1172 = PCURVE('',#375,#1173);
#1173 = DEFINITIONAL_REPRESENTATION('',(#1174),#1177);
#1174 = B_SPLINE_CURVE_WITH_KNOTS('',1,(#1175,#1176),.UNSPECIFIED.,.F.,
  .F.,(2,2),(3.957155528831,4.817155528831),.PIECEWISE_BEZIER_KNOTS.);
#1175 = CARTESIAN_POINT('',(14.696598428128,0.420786967667));
#1176 = CARTESIAN_POINT('',(15.18987416339,1.125257725755));
#1177 = ( GEOMETRIC_REPRESENTATION_CONTEXT(2) 
PARAMETRIC_REPRESENTATION_CONTEXT() REPRESENTATION_CONTEXT('2D SPACE',''
  ) );
#1178 = ORIENTED_EDGE('',*,*,#1179,.F.);
#1179 = EDGE_CURVE('',#212,#1159,#1180,.T.);
#1180 = SURFACE_CURVE('',#1181,(#1185,#1192),.PCURVE_S1.);
#1181 = LINE('',#1182,#1183);
#1182 = CARTESIAN_POINT('',(2.84691612505,2.637669582611,-1.));
#1183 = VECTOR('',#1184,1.);
#1184 = DIRECTION('',(0.,0.,1.));
#1185 = PCURVE('',#226,#1186);
#1186 = DEFINITIONAL_REPRESENTATION('',(#1187),#1191);
#1187 = LINE('',#1188,#1189);
#1188 = CARTESIAN_POINT('',(0.86,0.));
#1189 = VECTOR('',#1190,1.);
#1190 = DIRECTION('',(0.,-1.));
#1191 = ( GEOMETRIC_REPRESENTATION_CONTEXT(2) 
PARAMETRIC_REPRESENTATION_CONTEXT() REPRESENTATION_CONTEXT('2D SPACE',''
  ) );
#1192 = PCURVE('',#254,#1193);
#1193 = DEFINITIONAL_REPRESENTATION('',(#1194),#1198);
#1194 = LINE('',#1195,#1196);
#1195 = CARTESIAN_POINT('',(0.,0.));
#1196 = VECTOR('',#1197,1.);
#1197 = DIRECTION('',(0.,-1.));
#1198 = ( GEOMETRIC_REPRESENTATION_CONTEXT(2) 
PARAMETRIC_REPRESENTATION_CONTEXT() REPRESENTATION_CONTEXT('2D SPACE',''
  ) );
#1199 = ADVANCED_FACE('',(#1200),#279,.T.);
#1200 = FACE_BOUND('',#1201,.T.);
#1201 = EDGE_LOOP('',(#1202,#1203,#1226,#1245));
#1202 = ORIENTED_EDGE('',*,*,#266,.F.);
#1203 = ORIENTED_EDGE('',*,*,#1204,.T.);
#1204 = EDGE_CURVE('',#238,#1205,#1207,.T.);
#1205 = VERTEX_POINT('',#1206);
#1206 = CARTESIAN_POINT('',(2.84691612505,-2.637669582611,1.));
#1207 = SURFACE_CURVE('',#1208,(#1212,#1219),.PCURVE_S1.);
#1208 = LINE('',#1209,#1210);
#1209 = CARTESIAN_POINT('',(2.84691612505,-2.637669582611,-1.));
#1210 = VECTOR('',#1211,1.);
#1211 = DIRECTION('',(0.,0.,1.));
#1212 = PCURVE('',#279,#1213);
#1213 = DEFINITIONAL_REPRESENTATION('',(#1214),#1218);
#1214 = LINE('',#1215,#1216);
#1215 = CARTESIAN_POINT('',(0.,0.));
#1216 = VECTOR('',#1217,1.);
#1217 = DIRECTION('',(0.,-1.));
#1218 = ( GEOMETRIC_REPRESENTATION_CONTEXT(2) 
PARAMETRIC_REPRESENTATION_CONTEXT() REPRESENTATION_CONTEXT('2D SPACE',''
  ) );
#1219 = PCURVE('',#254,#1220);
#1220 = DEFINITIONAL_REPRESENTATION('',(#1221),#1225);
#1221 = LINE('',#1222,#1223);
#1222 = CARTESIAN_POINT('',(1.919862177194,0.));
#1223 = VECTOR('',#1224,1.);
#1224 = DIRECTION('',(0.,-1.));
#1225 = ( GEOMETRIC_REPRESENTATION_CONTEXT(2) 
PARAMETRIC_REPRESENTATION_CONTEXT() REPRESENTATION_CONTEXT('2D SPACE',''
  ) );
#1226 = ORIENTED_EDGE('',*,*,#1227,.F.);
#1227 = EDGE_CURVE('',#1082,#1205,#1228,.T.);
#1228 = SURFACE_CURVE('',#1229,(#1233,#1239),.PCURVE_S1.);
#1229 = LINE('',#1230,#1231);
#1230 = CARTESIAN_POINT('',(-0.7110470261,2.443628399767,1.));
#1231 = VECTOR('',#1232,1.);
#1232 = DIRECTION('',(-0.573576436351,0.819152044289,0.));
#1233 = PCURVE('',#279,#1234);
#1234 = DEFINITIONAL_REPRESENTATION('',(#1235),#1238);
#1235 = B_SPLINE_CURVE_WITH_KNOTS('',1,(#1236,#1237),.UNSPECIFIED.,.F.,
  .F.,(2,2),(-7.063119454811,-6.203119454811),.PIECEWISE_BEZIER_KNOTS.);
#1236 = CARTESIAN_POINT('',(0.86,-2.));
#1237 = CARTESIAN_POINT('',(0.,-2.));
#1238 = ( GEOMETRIC_REPRESENTATION_CONTEXT(2) 
PARAMETRIC_REPRESENTATION_CONTEXT() REPRESENTATION_CONTEXT('2D SPACE',''
  ) );
#1239 = PCURVE('',#375,#1240);
#1240 = DEFINITIONAL_REPRESENTATION('',(#1241),#1244);
#1241 = B_SPLINE_CURVE_WITH_KNOTS('',1,(#1242,#1243),.UNSPECIFIED.,.F.,
  .F.,(2,2),(-7.063119454811,-6.203119454811),.PIECEWISE_BEZIER_KNOTS.);
#1242 = CARTESIAN_POINT('',(15.18987416339,-5.559022955643));
#1243 = CARTESIAN_POINT('',(14.696598428128,-4.854552197554));
#1244 = ( GEOMETRIC_REPRESENTATION_CONTEXT(2) 
PARAMETRIC_REPRESENTATION_CONTEXT() REPRESENTATION_CONTEXT('2D SPACE',''
  ) );
#1245 = ORIENTED_EDGE('',*,*,#1081,.F.);
#1246 = ADVANCED_FACE('',(#1247),#254,.T.);
#1247 = FACE_BOUND('',#1248,.T.);
#1248 = EDGE_LOOP('',(#1249,#1250,#1251,#1277));
#1249 = ORIENTED_EDGE('',*,*,#237,.F.);
#1250 = ORIENTED_EDGE('',*,*,#1179,.T.);
#1251 = ORIENTED_EDGE('',*,*,#1252,.T.);
#1252 = EDGE_CURVE('',#1159,#1205,#1253,.T.);
#1253 = SURFACE_CURVE('',#1254,(#1259,#1266),.PCURVE_S1.);
#1254 = CIRCLE('',#1255,3.22);
#1255 = AXIS2_PLACEMENT_3D('',#1256,#1257,#1258);
#1256 = CARTESIAN_POINT('',(1.,-1.110223024625E-16,1.));
#1257 = DIRECTION('',(0.,0.,-1.));
#1258 = DIRECTION('',(0.573576436351,0.819152044289,0.));
#1259 = PCURVE('',#254,#1260);
#1260 = DEFINITIONAL_REPRESENTATION('',(#1261),#1265);
#1261 = LINE('',#1262,#1263);
#1262 = CARTESIAN_POINT('',(0.,-2.));
#1263 = VECTOR('',#1264,1.);
#1264 = DIRECTION('',(1.,0.));
#1265 = ( GEOMETRIC_REPRESENTATION_CONTEXT(2) 
PARAMETRIC_REPRESENTATION_CONTEXT() REPRESENTATION_CONTEXT('2D SPACE',''
  ) );
#1266 = PCURVE('',#375,#1267);
#1267 = DEFINITIONAL_REPRESENTATION('',(#1268),#1276);
#1268 = ( BOUNDED_CURVE() B_SPLINE_CURVE(2,(#1269,#1270,#1271,#1272,
#1273,#1274,#1275),.UNSPECIFIED.,.T.,.F.) B_SPLINE_CURVE_WITH_KNOTS((1,2
    ,2,2,2,1),(-2.094395102393,0.,2.094395102393,4.188790204786,
6.28318530718,8.377580409573),.UNSPECIFIED.) CURVE() 
GEOMETRIC_REPRESENTATION_ITEM() RATIONAL_B_SPLINE_CURVE((1.,0.5,1.,0.5,
1.,0.5,1.)) REPRESENTATION_ITEM('') );
#1269 = CARTESIAN_POINT('',(14.696598428128,0.420786967667));
#1270 = CARTESIAN_POINT('',(19.265176158789,-2.778165598239));
#1271 = CARTESIAN_POINT('',(14.210513105883,-5.135193689202));
#1272 = CARTESIAN_POINT('',(9.155850052977,-7.492221780165));
#1273 = CARTESIAN_POINT('',(9.641935375223,-1.936241123296));
#1274 = CARTESIAN_POINT('',(10.128020697468,3.619739533572));
#1275 = CARTESIAN_POINT('',(14.696598428128,0.420786967667));
#1276 = ( GEOMETRIC_REPRESENTATION_CONTEXT(2) 
PARAMETRIC_REPRESENTATION_CONTEXT() REPRESENTATION_CONTEXT('2D SPACE',''
  ) );
#1277 = ORIENTED_EDGE('',*,*,#1204,.F.);
#1278 = ADVANCED_FACE('',(#1279),#313,.T.);
#1279 = FACE_BOUND('',#1280,.T.);
#1280 = EDGE_LOOP('',(#1281,#1304,#1331,#1332));
#1281 = ORIENTED_EDGE('',*,*,#1282,.F.);
#1282 = EDGE_CURVE('',#1283,#293,#1285,.T.);
#1283 = VERTEX_POINT('',#1284);
#1284 = CARTESIAN_POINT('',(13.4755629091,10.,-1.2));
#1285 = SEAM_CURVE('',#1286,(#1290,#1297),.PCURVE_S1.);
#1286 = LINE('',#1287,#1288);
#1287 = CARTESIAN_POINT('',(13.4755629091,10.,-1.2));
#1288 = VECTOR('',#1289,1.);
#1289 = DIRECTION('',(1.745240643728E-02,0.,0.999847695156));
#1290 = PCURVE('',#313,#1291);
#1291 = DEFINITIONAL_REPRESENTATION('',(#1292),#1296);
#1292 = LINE('',#1293,#1294);
#1293 = CARTESIAN_POINT('',(0.,0.));
#1294 = VECTOR('',#1295,1.);
#1295 = DIRECTION('',(0.,1.));
#1296 = ( GEOMETRIC_REPRESENTATION_CONTEXT(2) 
PARAMETRIC_REPRESENTATION_CONTEXT() REPRESENTATION_CONTEXT('2D SPACE',''
  ) );
#1297 = PCURVE('',#313,#1298);
#1298 = DEFINITIONAL_REPRESENTATION('',(#1299),#1303);
#1299 = LINE('',#1300,#1301);
#1300 = CARTESIAN_POINT('',(6.28318530718,0.));
#1301 = VECTOR('',#1302,1.);
#1302 = DIRECTION('',(0.,1.));
#1303 = ( GEOMETRIC_REPRESENTATION_CONTEXT(2) 
PARAMETRIC_REPRESENTATION_CONTEXT() REPRESENTATION_CONTEXT('2D SPACE',''
  ) );
#1304 = ORIENTED_EDGE('',*,*,#1305,.T.);
#1305 = EDGE_CURVE('',#1283,#1283,#1306,.T.);
#1306 = SURFACE_CURVE('',#1307,(#1312,#1319),.PCURVE_S1.);
#1307 = CIRCLE('',#1308,2.4755629091);
#1308 = AXIS2_PLACEMENT_3D('',#1309,#1310,#1311);
#1309 = CARTESIAN_POINT('',(11.,10.,-1.2));
#1310 = DIRECTION('',(0.,0.,1.));
#1311 = DIRECTION('',(1.,0.,-0.));
#1312 = PCURVE('',#313,#1313);
#1313 = DEFINITIONAL_REPRESENTATION('',(#1314),#1318);
#1314 = LINE('',#1315,#1316);
#1315 = CARTESIAN_POINT('',(0.,0.));
#1316 = VECTOR('',#1317,1.);
#1317 = DIRECTION('',(1.,0.));
#1318 = ( GEOMETRIC_REPRESENTATION_CONTEXT(2) 
PARAMETRIC_REPRESENTATION_CONTEXT() REPRESENTATION_CONTEXT('2D SPACE',''
  ) );
#1319 = PCURVE('',#1320,#1325);
#1320 = PLANE('',#1321);
#1321 = AXIS2_PLACEMENT_3D('',#1322,#1323,#1324);
#1322 = CARTESIAN_POINT('',(11.,10.,-1.2));
#1323 = DIRECTION('',(0.,0.,1.));
#1324 = DIRECTION('',(1.,0.,-0.));
#1325 = DEFINITIONAL_REPRESENTATION('',(#1326),#1330);
#1326 = CIRCLE('',#1327,2.4755629091);
#1327 = AXIS2_PLACEMENT_2D('',#1328,#1329);
#1328 = CARTESIAN_POINT('',(0.,0.));
#1329 = DIRECTION('',(1.,-0.));
#1330 = ( GEOMETRIC_REPRESENTATION_CONTEXT(2) 
PARAMETRIC_REPRESENTATION_CONTEXT() REPRESENTATION_CONTEXT('2D SPACE',''
  ) );
#1331 = ORIENTED_EDGE('',*,*,#1282,.T.);
#1332 = ORIENTED_EDGE('',*,*,#292,.F.);
#1333 = ADVANCED_FACE('',(#1334,#1537,#1657),#375,.T.);
#1334 = FACE_BOUND('',#1335,.T.);
#1335 = EDGE_LOOP('',(#1336,#1364,#1421,#1422,#1481,#1507,#1508,#1509,
    #1535,#1536));
#1336 = ORIENTED_EDGE('',*,*,#1337,.F.);
#1337 = EDGE_CURVE('',#1338,#359,#1340,.T.);
#1338 = VERTEX_POINT('',#1339);
#1339 = CARTESIAN_POINT('',(-1.148961744984,4.29208147856,1.));
#1340 = SURFACE_CURVE('',#1341,(#1346,#1357),.PCURVE_S1.);
#1341 = CIRCLE('',#1342,4.8);
#1342 = AXIS2_PLACEMENT_3D('',#1343,#1344,#1345);
#1343 = CARTESIAN_POINT('',(1.,0.,1.));
#1344 = DIRECTION('',(0.,0.,-1.));
#1345 = DIRECTION('',(-0.447700363538,0.894183641367,0.));
#1346 = PCURVE('',#375,#1347);
#1347 = DEFINITIONAL_REPRESENTATION('',(#1348),#1356);
#1348 = ( BOUNDED_CURVE() B_SPLINE_CURVE(2,(#1349,#1350,#1351,#1352,
#1353,#1354,#1355),.UNSPECIFIED.,.T.,.F.) B_SPLINE_CURVE_WITH_KNOTS((1,2
    ,2,2,2,1),(-2.094395102393,0.,2.094395102393,4.188790204786,
6.28318530718,8.377580409573),.UNSPECIFIED.) CURVE() 
GEOMETRIC_REPRESENTATION_ITEM() RATIONAL_B_SPLINE_CURVE((1.,0.5,1.,0.5,
1.,0.5,1.)) REPRESENTATION_ITEM('') );
#1349 = CARTESIAN_POINT('',(10.700720558094,2.075198863616));
#1350 = CARTESIAN_POINT('',(18.134823749185,5.79730978945));
#1351 = CARTESIAN_POINT('',(17.641214771115,-2.501867891307));
#1352 = CARTESIAN_POINT('',(17.147605793046,-10.80104557206));
#1353 = CARTESIAN_POINT('',(10.207111580024,-6.22397881714));
#1354 = CARTESIAN_POINT('',(3.266617367003,-1.646912062218));
#1355 = CARTESIAN_POINT('',(10.700720558094,2.075198863616));
#1356 = ( GEOMETRIC_REPRESENTATION_CONTEXT(2) 
PARAMETRIC_REPRESENTATION_CONTEXT() REPRESENTATION_CONTEXT('2D SPACE',''
  ) );
#1357 = PCURVE('',#406,#1358);
#1358 = DEFINITIONAL_REPRESENTATION('',(#1359),#1363);
#1359 = LINE('',#1360,#1361);
#1360 = CARTESIAN_POINT('',(-8.318173540279,0.));
#1361 = VECTOR('',#1362,1.);
#1362 = DIRECTION('',(1.,-0.));
#1363 = ( GEOMETRIC_REPRESENTATION_CONTEXT(2) 
PARAMETRIC_REPRESENTATION_CONTEXT() REPRESENTATION_CONTEXT('2D SPACE',''
  ) );
#1364 = ORIENTED_EDGE('',*,*,#1365,.T.);
#1365 = EDGE_CURVE('',#1338,#447,#1366,.T.);
#1366 = SURFACE_CURVE('',#1367,(#1389,#1414),.PCURVE_S1.);
#1367 = B_SPLINE_CURVE_WITH_KNOTS('',3,(#1368,#1369,#1370,#1371,#1372,
    #1373,#1374,#1375,#1376,#1377,#1378,#1379,#1380,#1381,#1382,#1383,
    #1384,#1385,#1386,#1387,#1388),.UNSPECIFIED.,.T.,.F.,(1,1,2,1,1,1,1,
    1,1,1,1,1,1,1,1,1,1,1,1,1,2,1,1),(-9.405124837953,-5.5,0.,
    5.590169943749,12.801272494677,18.904550302544,23.929488113105,
    28.646478679133,33.389895169386,38.133311659638,43.448384566006,
    47.479513440155,51.384638278108,56.532453348602,61.06014591767,
    65.669918146317,70.169918146317,75.484991052684,81.315942947529,
    85.221067785483,90.721067785483,96.311237729232,103.52234028016),
  .UNSPECIFIED.);
#1368 = CARTESIAN_POINT('',(0.313449792475,1.411246697963,1.));
#1369 = CARTESIAN_POINT('',(-1.326785923753,4.614800174014,1.));
#1370 = CARTESIAN_POINT('',(-3.164985726709,8.541326224595,1.));
#1371 = CARTESIAN_POINT('',(-6.404419339551,13.998094077675,1.));
#1372 = CARTESIAN_POINT('',(-11.45226329686,17.799104122556,1.));
#1373 = CARTESIAN_POINT('',(-17.00141238269,18.609367950186,1.));
#1374 = CARTESIAN_POINT('',(-21.46370884342,15.856499465331,1.));
#1375 = CARTESIAN_POINT('',(-23.08797775159,10.973803107681,1.));
#1376 = CARTESIAN_POINT('',(-21.11105229875,6.049006017216,1.));
#1377 = CARTESIAN_POINT('',(-18.04887369087,3.003867390766,1.));
#1378 = CARTESIAN_POINT('',(-11.79392289085,1.339500959798,1.));
#1379 = CARTESIAN_POINT('',(-16.89992009581,-2.372159919037,1.));
#1380 = CARTESIAN_POINT('',(-18.8542662923,-6.066379066075,1.));
#1381 = CARTESIAN_POINT('',(-18.59679942774,-11.33410893125,1.));
#1382 = CARTESIAN_POINT('',(-14.71429477854,-14.51601410093,1.));
#1383 = CARTESIAN_POINT('',(-9.475713382922,-14.53228988698,1.));
#1384 = CARTESIAN_POINT('',(-5.52482893446,-10.52027121564,1.));
#1385 = CARTESIAN_POINT('',(-3.772340498469,-5.754856291952,1.));
#1386 = CARTESIAN_POINT('',(0.393027234357,-2.479245755433,1.));
#1387 = CARTESIAN_POINT('',(0.313449792475,1.411246697963,1.));
#1388 = CARTESIAN_POINT('',(-1.326785923753,4.614800174014,1.));
#1389 = PCURVE('',#375,#1390);
#1390 = DEFINITIONAL_REPRESENTATION('',(#1391),#1413);
#1391 = B_SPLINE_CURVE_WITH_KNOTS('',3,(#1392,#1393,#1394,#1395,#1396,
    #1397,#1398,#1399,#1400,#1401,#1402,#1403,#1404,#1405,#1406,#1407,
    #1408,#1409,#1410,#1411,#1412),.UNSPECIFIED.,.F.,.F.,(1,1,2,1,1,1,1,
    1,1,1,1,1,1,1,1,1,1,1,1,1,2,1,1),(-9.405124837953,-5.5,0.,
    5.590169943749,12.801272494677,18.904550302544,23.929488113105,
    28.646478679133,33.389895169386,38.133311659638,43.448384566006,
    47.479513440155,51.384638278108,56.532453348602,61.06014591767,
    65.669918146317,70.169918146317,75.484991052684,81.315942947529,
    85.221067785483,90.721067785483,96.311237729232,103.52234028016),
  .UNSPECIFIED.);
#1392 = CARTESIAN_POINT('',(12.163132095553,-0.80563591698));
#1393 = CARTESIAN_POINT('',(10.522896379325,2.39791755907));
#1394 = CARTESIAN_POINT('',(8.684696576369,6.324443609651));
#1395 = CARTESIAN_POINT('',(5.445262963527,11.781211462732));
#1396 = CARTESIAN_POINT('',(0.397419006218,15.582221507612));
#1397 = CARTESIAN_POINT('',(-5.15173007962,16.392485335243));
#1398 = CARTESIAN_POINT('',(-9.614026540347,13.639616850387));
#1399 = CARTESIAN_POINT('',(-11.23829544852,8.756920492737));
#1400 = CARTESIAN_POINT('',(-9.261369995676,3.832123402272));
#1401 = CARTESIAN_POINT('',(-6.199191387794,0.786984775823));
#1402 = CARTESIAN_POINT('',(5.575941222162E-02,-0.877381655146));
#1403 = CARTESIAN_POINT('',(-5.050237792739,-4.589042533981));
#1404 = CARTESIAN_POINT('',(-7.004583989223,-8.283261681019));
#1405 = CARTESIAN_POINT('',(-6.747117124671,-13.5509915462));
#1406 = CARTESIAN_POINT('',(-2.864612475469,-16.73289671587));
#1407 = CARTESIAN_POINT('',(2.373968920156,-16.74917250192));
#1408 = CARTESIAN_POINT('',(6.324853368619,-12.73715383058));
#1409 = CARTESIAN_POINT('',(8.077341804609,-7.971738906896));
#1410 = CARTESIAN_POINT('',(12.242709537435,-4.696128370377));
#1411 = CARTESIAN_POINT('',(12.163132095553,-0.80563591698));
#1412 = CARTESIAN_POINT('',(10.522896379325,2.39791755907));
#1413 = ( GEOMETRIC_REPRESENTATION_CONTEXT(2) 
PARAMETRIC_REPRESENTATION_CONTEXT() REPRESENTATION_CONTEXT('2D SPACE',''
  ) );
#1414 = PCURVE('',#468,#1415);
#1415 = DEFINITIONAL_REPRESENTATION('',(#1416),#1420);
#1416 = LINE('',#1417,#1418);
#1417 = CARTESIAN_POINT('',(0.,0.));
#1418 = VECTOR('',#1419,1.);
#1419 = DIRECTION('',(1.,0.));
#1420 = ( GEOMETRIC_REPRESENTATION_CONTEXT(2) 
PARAMETRIC_REPRESENTATION_CONTEXT() REPRESENTATION_CONTEXT('2D SPACE',''
  ) );
#1421 = ORIENTED_EDGE('',*,*,#503,.F.);
#1422 = ORIENTED_EDGE('',*,*,#1423,.T.);
#1423 = EDGE_CURVE('',#504,#1424,#1426,.T.);
#1424 = VERTEX_POINT('',#1425);
#1425 = CARTESIAN_POINT('',(-1.629031609825,-4.015992130786,1.));
#1426 = SURFACE_CURVE('',#1427,(#1449,#1474),.PCURVE_S1.);
#1427 = B_SPLINE_CURVE_WITH_KNOTS('',3,(#1428,#1429,#1430,#1431,#1432,
    #1433,#1434,#1435,#1436,#1437,#1438,#1439,#1440,#1441,#1442,#1443,
    #1444,#1445,#1446,#1447,#1448),.UNSPECIFIED.,.T.,.F.,(1,1,2,1,1,1,1,
    1,1,1,1,1,1,1,1,1,1,1,1,1,2,1,1),(-9.405124837953,-5.5,0.,
    5.590169943749,12.801272494677,18.904550302544,23.929488113105,
    28.646478679133,33.389895169386,38.133311659638,43.448384566006,
    47.479513440155,51.384638278108,56.532453348602,61.06014591767,
    65.669918146317,70.169918146317,75.484991052684,81.315942947529,
    85.221067785483,90.721067785483,96.311237729232,103.52234028016),
  .UNSPECIFIED.);
#1428 = CARTESIAN_POINT('',(0.313449792475,1.411246697963,1.));
#1429 = CARTESIAN_POINT('',(-1.326785923753,4.614800174014,1.));
#1430 = CARTESIAN_POINT('',(-3.164985726709,8.541326224595,1.));
#1431 = CARTESIAN_POINT('',(-6.404419339551,13.998094077675,1.));
#1432 = CARTESIAN_POINT('',(-11.45226329686,17.799104122556,1.));
#1433 = CARTESIAN_POINT('',(-17.00141238269,18.609367950186,1.));
#1434 = CARTESIAN_POINT('',(-21.46370884342,15.856499465331,1.));
#1435 = CARTESIAN_POINT('',(-23.08797775159,10.973803107681,1.));
#1436 = CARTESIAN_POINT('',(-21.11105229875,6.049006017216,1.));
#1437 = CARTESIAN_POINT('',(-18.04887369087,3.003867390766,1.));
#1438 = CARTESIAN_POINT('',(-11.79392289085,1.339500959798,1.));
#1439 = CARTESIAN_POINT('',(-16.89992009581,-2.372159919037,1.));
#1440 = CARTESIAN_POINT('',(-18.8542662923,-6.066379066075,1.));
#1441 = CARTESIAN_POINT('',(-18.59679942774,-11.33410893125,1.));
#1442 = CARTESIAN_POINT('',(-14.71429477854,-14.51601410093,1.));
#1443 = CARTESIAN_POINT('',(-9.475713382922,-14.53228988698,1.));
#1444 = CARTESIAN_POINT('',(-5.52482893446,-10.52027121564,1.));
#1445 = CARTESIAN_POINT('',(-3.772340498469,-5.754856291952,1.));
#1446 = CARTESIAN_POINT('',(0.393027234357,-2.479245755433,1.));
#1447 = CARTESIAN_POINT('',(0.313449792475,1.411246697963,1.));
#1448 = CARTESIAN_POINT('',(-1.326785923753,4.614800174014,1.));
#1449 = PCURVE('',#375,#1450);
#1450 = DEFINITIONAL_REPRESENTATION('',(#1451),#1473);
#1451 = B_SPLINE_CURVE_WITH_KNOTS('',3,(#1452,#1453,#1454,#1455,#1456,
    #1457,#1458,#1459,#1460,#1461,#1462,#1463,#1464,#1465,#1466,#1467,
    #1468,#1469,#1470,#1471,#1472),.UNSPECIFIED.,.F.,.F.,(1,1,2,1,1,1,1,
    1,1,1,1,1,1,1,1,1,1,1,1,1,2,1,1),(-9.405124837953,-5.5,0.,
    5.590169943749,12.801272494677,18.904550302544,23.929488113105,
    28.646478679133,33.389895169386,38.133311659638,43.448384566006,
    47.479513440155,51.384638278108,56.532453348602,61.06014591767,
    65.669918146317,70.169918146317,75.484991052684,81.315942947529,
    85.221067785483,90.721067785483,96.311237729232,103.52234028016),
  .UNSPECIFIED.);
#1452 = CARTESIAN_POINT('',(12.163132095553,-0.80563591698));
#1453 = CARTESIAN_POINT('',(10.522896379325,2.39791755907));
#1454 = CARTESIAN_POINT('',(8.684696576369,6.324443609651));
#1455 = CARTESIAN_POINT('',(5.445262963527,11.781211462732));
#1456 = CARTESIAN_POINT('',(0.397419006218,15.582221507612));
#1457 = CARTESIAN_POINT('',(-5.15173007962,16.392485335243));
#1458 = CARTESIAN_POINT('',(-9.614026540347,13.639616850387));
#1459 = CARTESIAN_POINT('',(-11.23829544852,8.756920492737));
#1460 = CARTESIAN_POINT('',(-9.261369995676,3.832123402272));
#1461 = CARTESIAN_POINT('',(-6.199191387794,0.786984775823));
#1462 = CARTESIAN_POINT('',(5.575941222162E-02,-0.877381655146));
#1463 = CARTESIAN_POINT('',(-5.050237792739,-4.589042533981));
#1464 = CARTESIAN_POINT('',(-7.004583989223,-8.283261681019));
#1465 = CARTESIAN_POINT('',(-6.747117124671,-13.5509915462));
#1466 = CARTESIAN_POINT('',(-2.864612475469,-16.73289671587));
#1467 = CARTESIAN_POINT('',(2.373968920156,-16.74917250192));
#1468 = CARTESIAN_POINT('',(6.324853368619,-12.73715383058));
#1469 = CARTESIAN_POINT('',(8.077341804609,-7.971738906896));
#1470 = CARTESIAN_POINT('',(12.242709537435,-4.696128370377));
#1471 = CARTESIAN_POINT('',(12.163132095553,-0.80563591698));
#1472 = CARTESIAN_POINT('',(10.522896379325,2.39791755907));
#1473 = ( GEOMETRIC_REPRESENTATION_CONTEXT(2) 
PARAMETRIC_REPRESENTATION_CONTEXT() REPRESENTATION_CONTEXT('2D SPACE',''
  ) );
#1474 = PCURVE('',#553,#1475);
#1475 = DEFINITIONAL_REPRESENTATION('',(#1476),#1480);
#1476 = LINE('',#1477,#1478);
#1477 = CARTESIAN_POINT('',(0.,0.));
#1478 = VECTOR('',#1479,1.);
#1479 = DIRECTION('',(1.,0.));
#1480 = ( GEOMETRIC_REPRESENTATION_CONTEXT(2) 
PARAMETRIC_REPRESENTATION_CONTEXT() REPRESENTATION_CONTEXT('2D SPACE',''
  ) );
#1481 = ORIENTED_EDGE('',*,*,#1482,.F.);
#1482 = EDGE_CURVE('',#618,#1424,#1483,.T.);
#1483 = SURFACE_CURVE('',#1484,(#1489,#1500),.PCURVE_S1.);
#1484 = CIRCLE('',#1485,4.8);
#1485 = AXIS2_PLACEMENT_3D('',#1486,#1487,#1488);
#1486 = CARTESIAN_POINT('',(1.,0.,1.));
#1487 = DIRECTION('',(0.,0.,-1.));
#1488 = DIRECTION('',(-0.447700363538,0.894183641367,0.));
#1489 = PCURVE('',#375,#1490);
#1490 = DEFINITIONAL_REPRESENTATION('',(#1491),#1499);
#1491 = ( BOUNDED_CURVE() B_SPLINE_CURVE(2,(#1492,#1493,#1494,#1495,
#1496,#1497,#1498),.UNSPECIFIED.,.T.,.F.) B_SPLINE_CURVE_WITH_KNOTS((1,2
    ,2,2,2,1),(-2.094395102393,0.,2.094395102393,4.188790204786,
6.28318530718,8.377580409573),.UNSPECIFIED.) CURVE() 
GEOMETRIC_REPRESENTATION_ITEM() RATIONAL_B_SPLINE_CURVE((1.,0.5,1.,0.5,
1.,0.5,1.)) REPRESENTATION_ITEM('') );
#1492 = CARTESIAN_POINT('',(10.700720558094,2.075198863616));
#1493 = CARTESIAN_POINT('',(18.134823749185,5.79730978945));
#1494 = CARTESIAN_POINT('',(17.641214771115,-2.501867891307));
#1495 = CARTESIAN_POINT('',(17.147605793046,-10.80104557206));
#1496 = CARTESIAN_POINT('',(10.207111580024,-6.22397881714));
#1497 = CARTESIAN_POINT('',(3.266617367003,-1.646912062218));
#1498 = CARTESIAN_POINT('',(10.700720558094,2.075198863616));
#1499 = ( GEOMETRIC_REPRESENTATION_CONTEXT(2) 
PARAMETRIC_REPRESENTATION_CONTEXT() REPRESENTATION_CONTEXT('2D SPACE',''
  ) );
#1500 = PCURVE('',#632,#1501);
#1501 = DEFINITIONAL_REPRESENTATION('',(#1502),#1506);
#1502 = LINE('',#1503,#1504);
#1503 = CARTESIAN_POINT('',(-8.318173540279,0.));
#1504 = VECTOR('',#1505,1.);
#1505 = DIRECTION('',(1.,-0.));
#1506 = ( GEOMETRIC_REPRESENTATION_CONTEXT(2) 
PARAMETRIC_REPRESENTATION_CONTEXT() REPRESENTATION_CONTEXT('2D SPACE',''
  ) );
#1507 = ORIENTED_EDGE('',*,*,#643,.F.);
#1508 = ORIENTED_EDGE('',*,*,#913,.T.);
#1509 = ORIENTED_EDGE('',*,*,#1510,.F.);
#1510 = EDGE_CURVE('',#704,#885,#1511,.T.);
#1511 = SURFACE_CURVE('',#1512,(#1517,#1528),.PCURVE_S1.);
#1512 = CIRCLE('',#1513,4.8);
#1513 = AXIS2_PLACEMENT_3D('',#1514,#1515,#1516);
#1514 = CARTESIAN_POINT('',(1.,0.,1.));
#1515 = DIRECTION('',(0.,0.,-1.));
#1516 = DIRECTION('',(-0.447700363538,0.894183641367,0.));
#1517 = PCURVE('',#375,#1518);
#1518 = DEFINITIONAL_REPRESENTATION('',(#1519),#1527);
#1519 = ( BOUNDED_CURVE() B_SPLINE_CURVE(2,(#1520,#1521,#1522,#1523,
#1524,#1525,#1526),.UNSPECIFIED.,.T.,.F.) B_SPLINE_CURVE_WITH_KNOTS((1,2
    ,2,2,2,1),(-2.094395102393,0.,2.094395102393,4.188790204786,
6.28318530718,8.377580409573),.UNSPECIFIED.) CURVE() 
GEOMETRIC_REPRESENTATION_ITEM() RATIONAL_B_SPLINE_CURVE((1.,0.5,1.,0.5,
1.,0.5,1.)) REPRESENTATION_ITEM('') );
#1520 = CARTESIAN_POINT('',(10.700720558094,2.075198863616));
#1521 = CARTESIAN_POINT('',(18.134823749185,5.79730978945));
#1522 = CARTESIAN_POINT('',(17.641214771115,-2.501867891307));
#1523 = CARTESIAN_POINT('',(17.147605793046,-10.80104557206));
#1524 = CARTESIAN_POINT('',(10.207111580024,-6.22397881714));
#1525 = CARTESIAN_POINT('',(3.266617367003,-1.646912062218));
#1526 = CARTESIAN_POINT('',(10.700720558094,2.075198863616));
#1527 = ( GEOMETRIC_REPRESENTATION_CONTEXT(2) 
PARAMETRIC_REPRESENTATION_CONTEXT() REPRESENTATION_CONTEXT('2D SPACE',''
  ) );
#1528 = PCURVE('',#806,#1529);
#1529 = DEFINITIONAL_REPRESENTATION('',(#1530),#1534);
#1530 = LINE('',#1531,#1532);
#1531 = CARTESIAN_POINT('',(-8.318173540279,0.));
#1532 = VECTOR('',#1533,1.);
#1533 = DIRECTION('',(1.,-0.));
#1534 = ( GEOMETRIC_REPRESENTATION_CONTEXT(2) 
PARAMETRIC_REPRESENTATION_CONTEXT() REPRESENTATION_CONTEXT('2D SPACE',''
  ) );
#1535 = ORIENTED_EDGE('',*,*,#703,.T.);
#1536 = ORIENTED_EDGE('',*,*,#358,.F.);
#1537 = FACE_BOUND('',#1538,.T.);
#1538 = EDGE_LOOP('',(#1539,#1567,#1600,#1626));
#1539 = ORIENTED_EDGE('',*,*,#1540,.T.);
#1540 = EDGE_CURVE('',#1541,#1543,#1545,.T.);
#1541 = VERTEX_POINT('',#1542);
#1542 = CARTESIAN_POINT('',(-2.835444596323,-2.621286541725,1.));
#1543 = VERTEX_POINT('',#1544);
#1544 = CARTESIAN_POINT('',(-3.351663389039,-3.358523381585,1.));
#1545 = SURFACE_CURVE('',#1546,(#1550,#1556),.PCURVE_S1.);
#1546 = LINE('',#1547,#1548);
#1547 = CARTESIAN_POINT('',(-3.439752737602,-3.48432800915,1.));
#1548 = VECTOR('',#1549,1.);
#1549 = DIRECTION('',(-0.573576436351,-0.819152044289,0.));
#1550 = PCURVE('',#375,#1551);
#1551 = DEFINITIONAL_REPRESENTATION('',(#1552),#1555);
#1552 = B_SPLINE_CURVE_WITH_KNOTS('',1,(#1553,#1554),.UNSPECIFIED.,.F.,
  .F.,(2,2),(-1.05357909248,-0.15357909248),.PIECEWISE_BEZIER_KNOTS.);
#1553 = CARTESIAN_POINT('',(9.014237706755,-4.838169156668));
#1554 = CARTESIAN_POINT('',(8.498018914039,-5.575405996528));
#1555 = ( GEOMETRIC_REPRESENTATION_CONTEXT(2) 
PARAMETRIC_REPRESENTATION_CONTEXT() REPRESENTATION_CONTEXT('2D SPACE',''
  ) );
#1556 = PCURVE('',#1557,#1562);
#1557 = PLANE('',#1558);
#1558 = AXIS2_PLACEMENT_3D('',#1559,#1560,#1561);
#1559 = CARTESIAN_POINT('',(-3.351663389039,-3.358523381585,0.9));
#1560 = DIRECTION('',(-0.819152044289,0.573576436351,0.));
#1561 = DIRECTION('',(0.573576436351,0.819152044289,0.));
#1562 = DEFINITIONAL_REPRESENTATION('',(#1563),#1566);
#1563 = B_SPLINE_CURVE_WITH_KNOTS('',1,(#1564,#1565),.UNSPECIFIED.,.F.,
  .F.,(2,2),(-1.05357909248,-0.15357909248),.PIECEWISE_BEZIER_KNOTS.);
#1564 = CARTESIAN_POINT('',(0.9,-1.E-01));
#1565 = CARTESIAN_POINT('',(0.,-1.E-01));
#1566 = ( GEOMETRIC_REPRESENTATION_CONTEXT(2) 
PARAMETRIC_REPRESENTATION_CONTEXT() REPRESENTATION_CONTEXT('2D SPACE',''
  ) );
#1567 = ORIENTED_EDGE('',*,*,#1568,.T.);
#1568 = EDGE_CURVE('',#1543,#1569,#1571,.T.);
#1569 = VERTEX_POINT('',#1570);
#1570 = CARTESIAN_POINT('',(-3.351663389039,3.358523381585,1.));
#1571 = SURFACE_CURVE('',#1572,(#1577,#1588),.PCURVE_S1.);
#1572 = CIRCLE('',#1573,4.1);
#1573 = AXIS2_PLACEMENT_3D('',#1574,#1575,#1576);
#1574 = CARTESIAN_POINT('',(-1.,-1.110223024625E-16,1.));
#1575 = DIRECTION('',(-0.,0.,-1.));
#1576 = DIRECTION('',(-0.573576436351,0.819152044289,0.));
#1577 = PCURVE('',#375,#1578);
#1578 = DEFINITIONAL_REPRESENTATION('',(#1579),#1587);
#1579 = ( BOUNDED_CURVE() B_SPLINE_CURVE(2,(#1580,#1581,#1582,#1583,
#1584,#1585,#1586),.UNSPECIFIED.,.T.,.F.) B_SPLINE_CURVE_WITH_KNOTS((1,2
    ,2,2,2,1),(-2.094395102393,0.,2.094395102393,4.188790204786,
6.28318530718,8.377580409573),.UNSPECIFIED.) CURVE() 
GEOMETRIC_REPRESENTATION_ITEM() RATIONAL_B_SPLINE_CURVE((1.,0.5,1.,0.5,
1.,0.5,1.)) REPRESENTATION_ITEM('') );
#1580 = CARTESIAN_POINT('',(8.498018914039,1.141640766641));
#1581 = CARTESIAN_POINT('',(14.315152049352,5.214841238757));
#1582 = CARTESIAN_POINT('',(14.934080565254,-1.859544069678));
#1583 = CARTESIAN_POINT('',(15.553009081157,-8.933929378113));
#1584 = CARTESIAN_POINT('',(9.116947429941,-5.932744541794));
#1585 = CARTESIAN_POINT('',(2.680885778726,-2.931559705474));
#1586 = CARTESIAN_POINT('',(8.498018914039,1.141640766641));
#1587 = ( GEOMETRIC_REPRESENTATION_CONTEXT(2) 
PARAMETRIC_REPRESENTATION_CONTEXT() REPRESENTATION_CONTEXT('2D SPACE',''
  ) );
#1588 = PCURVE('',#1589,#1594);
#1589 = CYLINDRICAL_SURFACE('',#1590,4.1);
#1590 = AXIS2_PLACEMENT_3D('',#1591,#1592,#1593);
#1591 = CARTESIAN_POINT('',(-1.,-1.110223024625E-16,0.9));
#1592 = DIRECTION('',(-0.,-0.,-1.));
#1593 = DIRECTION('',(-0.573576436351,0.819152044289,0.));
#1594 = DEFINITIONAL_REPRESENTATION('',(#1595),#1599);
#1595 = LINE('',#1596,#1597);
#1596 = CARTESIAN_POINT('',(-6.28318530718,-1.E-01));
#1597 = VECTOR('',#1598,1.);
#1598 = DIRECTION('',(1.,-0.));
#1599 = ( GEOMETRIC_REPRESENTATION_CONTEXT(2) 
PARAMETRIC_REPRESENTATION_CONTEXT() REPRESENTATION_CONTEXT('2D SPACE',''
  ) );
#1600 = ORIENTED_EDGE('',*,*,#1601,.T.);
#1601 = EDGE_CURVE('',#1569,#1602,#1604,.T.);
#1602 = VERTEX_POINT('',#1603);
#1603 = CARTESIAN_POINT('',(-2.835444596323,2.621286541725,1.));
#1604 = SURFACE_CURVE('',#1605,(#1609,#1615),.PCURVE_S1.);
#1605 = LINE('',#1606,#1607);
#1606 = CARTESIAN_POINT('',(-4.22323745845,4.603260151542,1.));
#1607 = VECTOR('',#1608,1.);
#1608 = DIRECTION('',(0.573576436351,-0.819152044289,0.));
#1609 = PCURVE('',#375,#1610);
#1610 = DEFINITIONAL_REPRESENTATION('',(#1611),#1614);
#1611 = B_SPLINE_CURVE_WITH_KNOTS('',1,(#1612,#1613),.UNSPECIFIED.,.F.,
  .F.,(2,2),(1.51954301846,2.41954301846),.PIECEWISE_BEZIER_KNOTS.);
#1612 = CARTESIAN_POINT('',(8.498018914039,1.141640766641));
#1613 = CARTESIAN_POINT('',(9.014237706755,0.404403926781));
#1614 = ( GEOMETRIC_REPRESENTATION_CONTEXT(2) 
PARAMETRIC_REPRESENTATION_CONTEXT() REPRESENTATION_CONTEXT('2D SPACE',''
  ) );
#1615 = PCURVE('',#1616,#1621);
#1616 = PLANE('',#1617);
#1617 = AXIS2_PLACEMENT_3D('',#1618,#1619,#1620);
#1618 = CARTESIAN_POINT('',(-2.835444596323,2.621286541725,0.9));
#1619 = DIRECTION('',(-0.819152044289,-0.573576436351,0.));
#1620 = DIRECTION('',(-0.573576436351,0.819152044289,0.));
#1621 = DEFINITIONAL_REPRESENTATION('',(#1622),#1625);
#1622 = B_SPLINE_CURVE_WITH_KNOTS('',1,(#1623,#1624),.UNSPECIFIED.,.F.,
  .F.,(2,2),(1.51954301846,2.41954301846),.PIECEWISE_BEZIER_KNOTS.);
#1623 = CARTESIAN_POINT('',(0.9,-1.E-01));
#1624 = CARTESIAN_POINT('',(0.,-1.E-01));
#1625 = ( GEOMETRIC_REPRESENTATION_CONTEXT(2) 
PARAMETRIC_REPRESENTATION_CONTEXT() REPRESENTATION_CONTEXT('2D SPACE',''
  ) );
#1626 = ORIENTED_EDGE('',*,*,#1627,.F.);
#1627 = EDGE_CURVE('',#1541,#1602,#1628,.T.);
#1628 = SURFACE_CURVE('',#1629,(#1634,#1645),.PCURVE_S1.);
#1629 = CIRCLE('',#1630,3.2);
#1630 = AXIS2_PLACEMENT_3D('',#1631,#1632,#1633);
#1631 = CARTESIAN_POINT('',(-1.,0.,1.));
#1632 = DIRECTION('',(0.,0.,-1.));
#1633 = DIRECTION('',(-0.573576436351,-0.819152044289,-0.));
#1634 = PCURVE('',#375,#1635);
#1635 = DEFINITIONAL_REPRESENTATION('',(#1636),#1644);
#1636 = ( BOUNDED_CURVE() B_SPLINE_CURVE(2,(#1637,#1638,#1639,#1640,
#1641,#1642,#1643),.UNSPECIFIED.,.T.,.F.) B_SPLINE_CURVE_WITH_KNOTS((1,2
    ,2,2,2,1),(-2.094395102393,0.,2.094395102393,4.188790204786,
6.28318530718,8.377580409573),.UNSPECIFIED.) CURVE() 
GEOMETRIC_REPRESENTATION_ITEM() RATIONAL_B_SPLINE_CURVE((1.,0.5,1.,0.5,
1.,0.5,1.)) REPRESENTATION_ITEM('') );
#1637 = CARTESIAN_POINT('',(9.014237706755,-4.838169156668));
#1638 = CARTESIAN_POINT('',(4.474036235291,-1.659085861359));
#1639 = CARTESIAN_POINT('',(9.497303865508,0.683302303574));
#1640 = CARTESIAN_POINT('',(14.520571495725,3.025690468506));
#1641 = CARTESIAN_POINT('',(14.037505336972,-2.495780991736));
#1642 = CARTESIAN_POINT('',(13.554439178219,-8.017252451978));
#1643 = CARTESIAN_POINT('',(9.014237706755,-4.838169156668));
#1644 = ( GEOMETRIC_REPRESENTATION_CONTEXT(2) 
PARAMETRIC_REPRESENTATION_CONTEXT() REPRESENTATION_CONTEXT('2D SPACE',''
  ) );
#1645 = PCURVE('',#1646,#1651);
#1646 = CYLINDRICAL_SURFACE('',#1647,3.2);
#1647 = AXIS2_PLACEMENT_3D('',#1648,#1649,#1650);
#1648 = CARTESIAN_POINT('',(-1.,0.,0.9));
#1649 = DIRECTION('',(0.,0.,-1.));
#1650 = DIRECTION('',(-0.573576436351,-0.819152044289,-0.));
#1651 = DEFINITIONAL_REPRESENTATION('',(#1652),#1656);
#1652 = LINE('',#1653,#1654);
#1653 = CARTESIAN_POINT('',(0.,-1.E-01));
#1654 = VECTOR('',#1655,1.);
#1655 = DIRECTION('',(1.,0.));
#1656 = ( GEOMETRIC_REPRESENTATION_CONTEXT(2) 
PARAMETRIC_REPRESENTATION_CONTEXT() REPRESENTATION_CONTEXT('2D SPACE',''
  ) );
#1657 = FACE_BOUND('',#1658,.T.);
#1658 = EDGE_LOOP('',(#1659,#1660,#1661,#1662));
#1659 = ORIENTED_EDGE('',*,*,#1158,.T.);
#1660 = ORIENTED_EDGE('',*,*,#1104,.T.);
#1661 = ORIENTED_EDGE('',*,*,#1227,.T.);
#1662 = ORIENTED_EDGE('',*,*,#1252,.F.);
#1663 = ADVANCED_FACE('',(#1664),#632,.F.);
#1664 = FACE_BOUND('',#1665,.T.);
#1665 = EDGE_LOOP('',(#1666,#1695,#1721,#1722));
#1666 = ORIENTED_EDGE('',*,*,#1667,.F.);
#1667 = EDGE_CURVE('',#1668,#1424,#1670,.T.);
#1668 = VERTEX_POINT('',#1669);
#1669 = CARTESIAN_POINT('',(-1.629031609825,-4.015992130786,2.));
#1670 = SURFACE_CURVE('',#1671,(#1677,#1686),.PCURVE_S1.);
#1671 = B_SPLINE_CURVE_WITH_KNOTS('',4,(#1672,#1673,#1674,#1675,#1676),
  .UNSPECIFIED.,.F.,.F.,(5,5),(0.,1.),.PIECEWISE_BEZIER_KNOTS.);
#1672 = CARTESIAN_POINT('',(-1.629031609825,-4.015992130786,3.0000006));
#1673 = CARTESIAN_POINT('',(-1.629031609825,-4.015992130786,2.5000003));
#1674 = CARTESIAN_POINT('',(-1.629031609825,-4.015992130786,2.));
#1675 = CARTESIAN_POINT('',(-1.629031609825,-4.015992130786,1.4999997));
#1676 = CARTESIAN_POINT('',(-1.629031609825,-4.015992130786,0.9999994));
#1677 = PCURVE('',#632,#1678);
#1678 = DEFINITIONAL_REPRESENTATION('',(#1679),#1685);
#1679 = B_SPLINE_CURVE_WITH_KNOTS('',4,(#1680,#1681,#1682,#1683,#1684),
  .UNSPECIFIED.,.F.,.F.,(5,5),(2.999998199532E-07,0.9999997),
  .PIECEWISE_BEZIER_KNOTS.);
#1680 = CARTESIAN_POINT('',(-4.132758370096,-2.));
#1681 = CARTESIAN_POINT('',(-4.132758370096,-1.5));
#1682 = CARTESIAN_POINT('',(-4.132758370096,-1.));
#1683 = CARTESIAN_POINT('',(-4.132758370096,-0.5));
#1684 = CARTESIAN_POINT('',(-4.132758370096,-6.548631414394E-17));
#1685 = ( GEOMETRIC_REPRESENTATION_CONTEXT(2) 
PARAMETRIC_REPRESENTATION_CONTEXT() REPRESENTATION_CONTEXT('2D SPACE',''
  ) );
#1686 = PCURVE('',#553,#1687);
#1687 = DEFINITIONAL_REPRESENTATION('',(#1688),#1694);
#1688 = B_SPLINE_CURVE_WITH_KNOTS('',4,(#1689,#1690,#1691,#1692,#1693),
  .UNSPECIFIED.,.F.,.F.,(5,5),(0.,1.),.PIECEWISE_BEZIER_KNOTS.);
#1689 = CARTESIAN_POINT('',(83.329601274547,-2.0000006));
#1690 = CARTESIAN_POINT('',(83.329601274547,-1.5000003));
#1691 = CARTESIAN_POINT('',(83.329601274547,-1.));
#1692 = CARTESIAN_POINT('',(83.329601274547,-0.4999997));
#1693 = CARTESIAN_POINT('',(83.329601274547,5.999999999062E-07));
#1694 = ( GEOMETRIC_REPRESENTATION_CONTEXT(2) 
PARAMETRIC_REPRESENTATION_CONTEXT() REPRESENTATION_CONTEXT('2D SPACE',''
  ) );
#1695 = ORIENTED_EDGE('',*,*,#1696,.F.);
#1696 = EDGE_CURVE('',#589,#1668,#1697,.T.);
#1697 = SURFACE_CURVE('',#1698,(#1703,#1710),.PCURVE_S1.);
#1698 = CIRCLE('',#1699,4.8);
#1699 = AXIS2_PLACEMENT_3D('',#1700,#1701,#1702);
#1700 = CARTESIAN_POINT('',(1.,0.,2.));
#1701 = DIRECTION('',(0.,0.,-1.));
#1702 = DIRECTION('',(1.,0.,0.));
#1703 = PCURVE('',#632,#1704);
#1704 = DEFINITIONAL_REPRESENTATION('',(#1705),#1709);
#1705 = LINE('',#1706,#1707);
#1706 = CARTESIAN_POINT('',(-12.56637061435,-1.));
#1707 = VECTOR('',#1708,1.);
#1708 = DIRECTION('',(1.,-0.));
#1709 = ( GEOMETRIC_REPRESENTATION_CONTEXT(2) 
PARAMETRIC_REPRESENTATION_CONTEXT() REPRESENTATION_CONTEXT('2D SPACE',''
  ) );
#1710 = PCURVE('',#605,#1711);
#1711 = DEFINITIONAL_REPRESENTATION('',(#1712),#1720);
#1712 = ( BOUNDED_CURVE() B_SPLINE_CURVE(2,(#1713,#1714,#1715,#1716,
#1717,#1718,#1719),.UNSPECIFIED.,.T.,.F.) B_SPLINE_CURVE_WITH_KNOTS((1,2
    ,2,2,2,1),(-2.094395102393,0.,2.094395102393,4.188790204786,
6.28318530718,8.377580409573),.UNSPECIFIED.) CURVE() 
GEOMETRIC_REPRESENTATION_ITEM() RATIONAL_B_SPLINE_CURVE((1.,0.5,1.,0.5,
1.,0.5,1.)) REPRESENTATION_ITEM('') );
#1713 = CARTESIAN_POINT('',(6.8,-8.893987308214E-17));
#1714 = CARTESIAN_POINT('',(6.8,-8.313843876331));
#1715 = CARTESIAN_POINT('',(-0.4,-4.156921938165));
#1716 = CARTESIAN_POINT('',(-7.6,-1.264600800264E-15));
#1717 = CARTESIAN_POINT('',(-0.4,4.156921938165));
#1718 = CARTESIAN_POINT('',(6.8,8.313843876331));
#1719 = CARTESIAN_POINT('',(6.8,-8.893987308214E-17));
#1720 = ( GEOMETRIC_REPRESENTATION_CONTEXT(2) 
PARAMETRIC_REPRESENTATION_CONTEXT() REPRESENTATION_CONTEXT('2D SPACE',''
  ) );
#1721 = ORIENTED_EDGE('',*,*,#617,.T.);
#1722 = ORIENTED_EDGE('',*,*,#1482,.T.);
#1723 = ADVANCED_FACE('',(#1724),#605,.T.);
#1724 = FACE_BOUND('',#1725,.T.);
#1725 = EDGE_LOOP('',(#1726,#1834,#1835));
#1726 = ORIENTED_EDGE('',*,*,#1727,.T.);
#1727 = EDGE_CURVE('',#1668,#532,#1728,.T.);
#1728 = SURFACE_CURVE('',#1729,(#1762,#1798),.PCURVE_S1.);
#1729 = B_SPLINE_CURVE_WITH_KNOTS('',6,(#1730,#1731,#1732,#1733,#1734,
    #1735,#1736,#1737,#1738,#1739,#1740,#1741,#1742,#1743,#1744,#1745,
    #1746,#1747,#1748,#1749,#1750,#1751,#1752,#1753,#1754,#1755,#1756,
    #1757,#1758,#1759,#1760,#1761),.UNSPECIFIED.,.F.,.F.,(7,5,5,5,5,5,7)
  ,(0.,0.130974917846,0.196462376769,0.272864292159,0.57806937342,
    0.797263690581,1.),.UNSPECIFIED.);
#1730 = CARTESIAN_POINT('',(-1.629031609825,-4.015992130786,2.));
#1731 = CARTESIAN_POINT('',(-1.740771385182,-4.137055413598,2.));
#1732 = CARTESIAN_POINT('',(-1.853986459267,-4.256992337166,2.));
#1733 = CARTESIAN_POINT('',(-1.968117489555,-4.376185936205,2.));
#1734 = CARTESIAN_POINT('',(-2.082605133523,-4.495019245431,2.));
#1735 = CARTESIAN_POINT('',(-2.196890048646,-4.613875299558,2.));
#1736 = CARTESIAN_POINT('',(-2.367174314277,-4.792768050175,2.));
#1737 = CARTESIAN_POINT('',(-2.423745218312,-4.852500411952,2.));
#1738 = CARTESIAN_POINT('',(-2.480055686689,-4.912382097972,2.));
#1739 = CARTESIAN_POINT('',(-2.536035801592,-4.972460987575,2.));
#1740 = CARTESIAN_POINT('',(-2.591615645207,-5.032784960101,2.));
#1741 = CARTESIAN_POINT('',(-2.711019795646,-5.164121541046,2.));
#1742 = CARTESIAN_POINT('',(-2.774676706898,-5.235238580443,2.));
#1743 = CARTESIAN_POINT('',(-2.837580114473,-5.306832151695,2.));
#1744 = CARTESIAN_POINT('',(-2.89961830693,-5.378978629337,2.));
#1745 = CARTESIAN_POINT('',(-2.960683780388,-5.451751623828,2.));
#1746 = CARTESIAN_POINT('',(-3.26031497202,-5.818716279205,2.));
#1747 = CARTESIAN_POINT('',(-3.483886915294,-6.123859626102,2.));
#1748 = CARTESIAN_POINT('',(-3.693597290401,-6.43848188904,2.));
#1749 = CARTESIAN_POINT('',(-3.89216255672,-6.760426003788,2.));
#1750 = CARTESIAN_POINT('',(-4.08243694445,-7.087779149343,2.));
#1751 = CARTESIAN_POINT('',(-4.400180019901,-7.656723875742,2.));
#1752 = CARTESIAN_POINT('',(-4.530223632668,-7.896462338815,2.));
#1753 = CARTESIAN_POINT('',(-4.658582339842,-8.137507925027,2.));
#1754 = CARTESIAN_POINT('',(-4.786332761725,-8.379259396808,2.));
#1755 = CARTESIAN_POINT('',(-4.914542857981,-8.621131748109,2.));
#1756 = CARTESIAN_POINT('',(-5.164260407017,-9.085853522996,2.));
#1757 = CARTESIAN_POINT('',(-5.285543059704,-9.30875682565,2.));
#1758 = CARTESIAN_POINT('',(-5.408956076966,-9.530813614067,2.));
#1759 = CARTESIAN_POINT('',(-5.535315949807,-9.751548451751,2.));
#1760 = CARTESIAN_POINT('',(-5.665412181477,-9.970466676678,2.));
#1761 = CARTESIAN_POINT('',(-5.8,-10.18705811395,2.));
#1762 = PCURVE('',#605,#1763);
#1763 = DEFINITIONAL_REPRESENTATION('',(#1764),#1797);
#1764 = B_SPLINE_CURVE_WITH_KNOTS('',6,(#1765,#1766,#1767,#1768,#1769,
    #1770,#1771,#1772,#1773,#1774,#1775,#1776,#1777,#1778,#1779,#1780,
    #1781,#1782,#1783,#1784,#1785,#1786,#1787,#1788,#1789,#1790,#1791,
    #1792,#1793,#1794,#1795,#1796),.UNSPECIFIED.,.F.,.F.,(7,5,5,5,5,5,7)
  ,(0.,0.130974917846,0.196462376769,0.272864292159,0.57806937342,
    0.797263690581,1.),.UNSPECIFIED.);
#1765 = CARTESIAN_POINT('',(-0.629031609825,-4.015992130786));
#1766 = CARTESIAN_POINT('',(-0.740771385182,-4.137055413598));
#1767 = CARTESIAN_POINT('',(-0.853986459267,-4.256992337166));
#1768 = CARTESIAN_POINT('',(-0.968117489555,-4.376185936205));
#1769 = CARTESIAN_POINT('',(-1.082605133523,-4.495019245431));
#1770 = CARTESIAN_POINT('',(-1.196890048646,-4.613875299558));
#1771 = CARTESIAN_POINT('',(-1.367174314277,-4.792768050175));
#1772 = CARTESIAN_POINT('',(-1.423745218312,-4.852500411952));
#1773 = CARTESIAN_POINT('',(-1.480055686689,-4.912382097972));
#1774 = CARTESIAN_POINT('',(-1.536035801592,-4.972460987575));
#1775 = CARTESIAN_POINT('',(-1.591615645207,-5.032784960101));
#1776 = CARTESIAN_POINT('',(-1.711019795646,-5.164121541046));
#1777 = CARTESIAN_POINT('',(-1.774676706898,-5.235238580443));
#1778 = CARTESIAN_POINT('',(-1.837580114473,-5.306832151695));
#1779 = CARTESIAN_POINT('',(-1.89961830693,-5.378978629337));
#1780 = CARTESIAN_POINT('',(-1.960683780388,-5.451751623828));
#1781 = CARTESIAN_POINT('',(-2.26031497202,-5.818716279205));
#1782 = CARTESIAN_POINT('',(-2.483886915294,-6.123859626102));
#1783 = CARTESIAN_POINT('',(-2.693597290401,-6.43848188904));
#1784 = CARTESIAN_POINT('',(-2.89216255672,-6.760426003788));
#1785 = CARTESIAN_POINT('',(-3.08243694445,-7.087779149343));
#1786 = CARTESIAN_POINT('',(-3.400180019901,-7.656723875742));
#1787 = CARTESIAN_POINT('',(-3.530223632668,-7.896462338815));
#1788 = CARTESIAN_POINT('',(-3.658582339842,-8.137507925027));
#1789 = CARTESIAN_POINT('',(-3.786332761725,-8.379259396808));
#1790 = CARTESIAN_POINT('',(-3.914542857981,-8.621131748109));
#1791 = CARTESIAN_POINT('',(-4.164260407017,-9.085853522996));
#1792 = CARTESIAN_POINT('',(-4.285543059704,-9.30875682565));
#1793 = CARTESIAN_POINT('',(-4.408956076966,-9.530813614067));
#1794 = CARTESIAN_POINT('',(-4.535315949807,-9.751548451751));
#1795 = CARTESIAN_POINT('',(-4.665412181477,-9.970466676678));
#1796 = CARTESIAN_POINT('',(-4.8,-10.18705811395));
#1797 = ( GEOMETRIC_REPRESENTATION_CONTEXT(2) 
PARAMETRIC_REPRESENTATION_CONTEXT() REPRESENTATION_CONTEXT('2D SPACE',''
  ) );
#1798 = PCURVE('',#553,#1799);
#1799 = DEFINITIONAL_REPRESENTATION('',(#1800),#1833);
#1800 = B_SPLINE_CURVE_WITH_KNOTS('',6,(#1801,#1802,#1803,#1804,#1805,
    #1806,#1807,#1808,#1809,#1810,#1811,#1812,#1813,#1814,#1815,#1816,
    #1817,#1818,#1819,#1820,#1821,#1822,#1823,#1824,#1825,#1826,#1827,
    #1828,#1829,#1830,#1831,#1832),.UNSPECIFIED.,.F.,.F.,(7,5,5,5,5,5,7)
  ,(0.,0.130974917846,0.196462376769,0.272864292159,0.57806937342,
    0.797263690581,1.),.UNSPECIFIED.);
#1801 = CARTESIAN_POINT('',(83.329601274547,-1.));
#1802 = CARTESIAN_POINT('',(83.165882277254,-1.));
#1803 = CARTESIAN_POINT('',(83.00216327996,-1.));
#1804 = CARTESIAN_POINT('',(82.838444282667,-1.));
#1805 = CARTESIAN_POINT('',(82.674725285373,-1.));
#1806 = CARTESIAN_POINT('',(82.51100628808,-1.));
#1807 = CARTESIAN_POINT('',(82.265427792139,-1.));
#1808 = CARTESIAN_POINT('',(82.183568293492,-1.));
#1809 = CARTESIAN_POINT('',(82.101708794846,-1.));
#1810 = CARTESIAN_POINT('',(82.019849296199,-1.));
#1811 = CARTESIAN_POINT('',(81.937989797552,-1.));
#1812 = CARTESIAN_POINT('',(81.760627700511,-1.));
#1813 = CARTESIAN_POINT('',(81.665124939612,-1.));
#1814 = CARTESIAN_POINT('',(81.569622069431,-1.));
#1815 = CARTESIAN_POINT('',(81.474119174722,-1.));
#1816 = CARTESIAN_POINT('',(81.378616371766,-1.));
#1817 = CARTESIAN_POINT('',(80.901606781088,-1.));
#1818 = CARTESIAN_POINT('',(80.519054389868,-1.));
#1819 = CARTESIAN_POINT('',(80.136305357896,-1.));
#1820 = CARTESIAN_POINT('',(79.753923343441,-1.));
#1821 = CARTESIAN_POINT('',(79.372178017076,-1.));
#1822 = CARTESIAN_POINT('',(78.717325117949,-1.));
#1823 = CARTESIAN_POINT('',(78.44394720553,-1.));
#1824 = CARTESIAN_POINT('',(78.170920153768,-1.));
#1825 = CARTESIAN_POINT('',(77.898240224976,-1.));
#1826 = CARTESIAN_POINT('',(77.625893899023,-1.));
#1827 = CARTESIAN_POINT('',(77.102247427443,-1.));
#1828 = CARTESIAN_POINT('',(76.85091443894,-1.));
#1829 = CARTESIAN_POINT('',(76.59984359889,-1.));
#1830 = CARTESIAN_POINT('',(76.349049239747,-1.));
#1831 = CARTESIAN_POINT('',(76.098574841642,-1.));
#1832 = CARTESIAN_POINT('',(75.84849253866,-1.));
#1833 = ( GEOMETRIC_REPRESENTATION_CONTEXT(2) 
PARAMETRIC_REPRESENTATION_CONTEXT() REPRESENTATION_CONTEXT('2D SPACE',''
  ) );
#1834 = ORIENTED_EDGE('',*,*,#588,.T.);
#1835 = ORIENTED_EDGE('',*,*,#1696,.T.);
#1836 = ADVANCED_FACE('',(#1837),#553,.T.);
#1837 = FACE_BOUND('',#1838,.T.);
#1838 = EDGE_LOOP('',(#1839,#1840,#1841,#1842));
#1839 = ORIENTED_EDGE('',*,*,#1423,.F.);
#1840 = ORIENTED_EDGE('',*,*,#531,.F.);
#1841 = ORIENTED_EDGE('',*,*,#1727,.F.);
#1842 = ORIENTED_EDGE('',*,*,#1667,.T.);
#1843 = ADVANCED_FACE('',(#1844),#468,.T.);
#1844 = FACE_BOUND('',#1845,.T.);
#1845 = EDGE_LOOP('',(#1846,#1847,#1876,#1957));
#1846 = ORIENTED_EDGE('',*,*,#1365,.F.);
#1847 = ORIENTED_EDGE('',*,*,#1848,.F.);
#1848 = EDGE_CURVE('',#1849,#1338,#1851,.T.);
#1849 = VERTEX_POINT('',#1850);
#1850 = CARTESIAN_POINT('',(-1.148961744984,4.29208147856,2.));
#1851 = SURFACE_CURVE('',#1852,(#1858,#1867),.PCURVE_S1.);
#1852 = B_SPLINE_CURVE_WITH_KNOTS('',4,(#1853,#1854,#1855,#1856,#1857),
  .UNSPECIFIED.,.F.,.F.,(5,5),(0.,1.),.PIECEWISE_BEZIER_KNOTS.);
#1853 = CARTESIAN_POINT('',(-1.148961744984,4.29208147856,3.0000006));
#1854 = CARTESIAN_POINT('',(-1.148961744984,4.29208147856,2.5000003));
#1855 = CARTESIAN_POINT('',(-1.148961744984,4.29208147856,2.));
#1856 = CARTESIAN_POINT('',(-1.148961744984,4.29208147856,1.4999997));
#1857 = CARTESIAN_POINT('',(-1.148961744984,4.29208147856,0.9999994));
#1858 = PCURVE('',#468,#1859);
#1859 = DEFINITIONAL_REPRESENTATION('',(#1860),#1866);
#1860 = B_SPLINE_CURVE_WITH_KNOTS('',4,(#1861,#1862,#1863,#1864,#1865),
  .UNSPECIFIED.,.F.,.F.,(5,5),(0.,1.),.PIECEWISE_BEZIER_KNOTS.);
#1861 = CARTESIAN_POINT('',(1.470102627762,-2.0000006));
#1862 = CARTESIAN_POINT('',(1.470102627762,-1.5000003));
#1863 = CARTESIAN_POINT('',(1.470102627762,-1.));
#1864 = CARTESIAN_POINT('',(1.470102627762,-0.4999997));
#1865 = CARTESIAN_POINT('',(1.470102627762,5.999999999062E-07));
#1866 = ( GEOMETRIC_REPRESENTATION_CONTEXT(2) 
PARAMETRIC_REPRESENTATION_CONTEXT() REPRESENTATION_CONTEXT('2D SPACE',''
  ) );
#1867 = PCURVE('',#406,#1868);
#1868 = DEFINITIONAL_REPRESENTATION('',(#1869),#1875);
#1869 = B_SPLINE_CURVE_WITH_KNOTS('',4,(#1870,#1871,#1872,#1873,#1874),
  .UNSPECIFIED.,.F.,.F.,(5,5),(2.999998199532E-07,0.9999997),
  .PIECEWISE_BEZIER_KNOTS.);
#1870 = CARTESIAN_POINT('',(-8.318173540279,-2.));
#1871 = CARTESIAN_POINT('',(-8.318173540279,-1.5));
#1872 = CARTESIAN_POINT('',(-8.318173540279,-1.));
#1873 = CARTESIAN_POINT('',(-8.318173540279,-0.5));
#1874 = CARTESIAN_POINT('',(-8.318173540279,-6.547752617711E-17));
#1875 = ( GEOMETRIC_REPRESENTATION_CONTEXT(2) 
PARAMETRIC_REPRESENTATION_CONTEXT() REPRESENTATION_CONTEXT('2D SPACE',''
  ) );
#1876 = ORIENTED_EDGE('',*,*,#1877,.F.);
#1877 = EDGE_CURVE('',#418,#1849,#1878,.T.);
#1878 = SURFACE_CURVE('',#1879,(#1903,#1930),.PCURVE_S1.);
#1879 = B_SPLINE_CURVE_WITH_KNOTS('',8,(#1880,#1881,#1882,#1883,#1884,
    #1885,#1886,#1887,#1888,#1889,#1890,#1891,#1892,#1893,#1894,#1895,
    #1896,#1897,#1898,#1899,#1900,#1901,#1902),.UNSPECIFIED.,.F.,.F.,(9,
    7,7,9),(0.,0.558555628954,0.818757381581,1.),.UNSPECIFIED.);
#1880 = CARTESIAN_POINT('',(-5.8,12.568402320351,2.));
#1881 = CARTESIAN_POINT('',(-5.399990114722,12.041201668079,2.));
#1882 = CARTESIAN_POINT('',(-5.019178797558,11.499384481166,2.));
#1883 = CARTESIAN_POINT('',(-4.655693092188,10.944992186128,2.));
#1884 = CARTESIAN_POINT('',(-4.307520992762,10.37999699029,2.));
#1885 = CARTESIAN_POINT('',(-3.972572262441,9.806259103689,2.));
#1886 = CARTESIAN_POINT('',(-3.648715565069,9.225500848311,2.));
#1887 = CARTESIAN_POINT('',(-3.333791910009,8.639297654675,2.));
#1888 = CARTESIAN_POINT('',(-2.882036028646,7.774137286875,2.));
#1889 = CARTESIAN_POINT('',(-2.739930910951,7.498328485907,2.));
#1890 = CARTESIAN_POINT('',(-2.599112270772,7.221822057131,2.));
#1891 = CARTESIAN_POINT('',(-2.459426807379,6.944783657055,2.));
#1892 = CARTESIAN_POINT('',(-2.320692229762,6.667369202085,2.));
#1893 = CARTESIAN_POINT('',(-2.182754300315,6.389740529584,2.));
#1894 = CARTESIAN_POINT('',(-2.045439591613,6.112054030334,2.));
#1895 = CARTESIAN_POINT('',(-1.813253403292,5.641116901868,2.));
#1896 = CARTESIAN_POINT('',(-1.718146999815,5.447814905341,2.));
#1897 = CARTESIAN_POINT('',(-1.623205363837,5.25461591686,2.));
#1898 = CARTESIAN_POINT('',(-1.528371490788,5.061574008756,2.));
#1899 = CARTESIAN_POINT('',(-1.433588119866,4.868743829284,2.));
#1900 = CARTESIAN_POINT('',(-1.33879759959,4.676180730934,2.));
#1901 = CARTESIAN_POINT('',(-1.243941753353,4.483940898734,2.));
#1902 = CARTESIAN_POINT('',(-1.148961744984,4.29208147856,2.));
#1903 = PCURVE('',#468,#1904);
#1904 = DEFINITIONAL_REPRESENTATION('',(#1905),#1929);
#1905 = B_SPLINE_CURVE_WITH_KNOTS('',8,(#1906,#1907,#1908,#1909,#1910,
    #1911,#1912,#1913,#1914,#1915,#1916,#1917,#1918,#1919,#1920,#1921,
    #1922,#1923,#1924,#1925,#1926,#1927,#1928),.UNSPECIFIED.,.F.,.F.,(9,
    7,7,9),(0.,0.558555628954,0.818757381581,1.),.UNSPECIFIED.);
#1906 = CARTESIAN_POINT('',(10.931644306769,-1.));
#1907 = CARTESIAN_POINT('',(10.268866994807,-1.));
#1908 = CARTESIAN_POINT('',(9.606247395197,-1.));
#1909 = CARTESIAN_POINT('',(8.944154944878,-1.));
#1910 = CARTESIAN_POINT('',(8.282819336736,-1.));
#1911 = CARTESIAN_POINT('',(7.622334987601,-1.));
#1912 = CARTESIAN_POINT('',(6.962663317286,-1.));
#1913 = CARTESIAN_POINT('',(6.303632838659,-1.));
#1914 = CARTESIAN_POINT('',(5.338085265489,-1.));
#1915 = CARTESIAN_POINT('',(5.031321308635,-1.));
#1916 = CARTESIAN_POINT('',(4.72459073662,-1.));
#1917 = CARTESIAN_POINT('',(4.417822105397,-1.));
#1918 = CARTESIAN_POINT('',(4.110963729356,-1.));
#1919 = CARTESIAN_POINT('',(3.803942126317,-1.));
#1920 = CARTESIAN_POINT('',(3.49669509443,-1.));
#1921 = CARTESIAN_POINT('',(2.97493410449,-1.));
#1922 = CARTESIAN_POINT('',(2.760573207685,-1.));
#1923 = CARTESIAN_POINT('',(2.546046268098,-1.));
#1924 = CARTESIAN_POINT('',(2.331330070052,-1.));
#1925 = CARTESIAN_POINT('',(2.116401267093,-1.));
#1926 = CARTESIAN_POINT('',(1.901236326045,-1.));
#1927 = CARTESIAN_POINT('',(1.685811471077,-1.));
#1928 = CARTESIAN_POINT('',(1.470102627762,-1.));
#1929 = ( GEOMETRIC_REPRESENTATION_CONTEXT(2) 
PARAMETRIC_REPRESENTATION_CONTEXT() REPRESENTATION_CONTEXT('2D SPACE',''
  ) );
#1930 = PCURVE('',#434,#1931);
#1931 = DEFINITIONAL_REPRESENTATION('',(#1932),#1956);
#1932 = B_SPLINE_CURVE_WITH_KNOTS('',8,(#1933,#1934,#1935,#1936,#1937,
    #1938,#1939,#1940,#1941,#1942,#1943,#1944,#1945,#1946,#1947,#1948,
    #1949,#1950,#1951,#1952,#1953,#1954,#1955),.UNSPECIFIED.,.F.,.F.,(9,
    7,7,9),(0.,0.558555628954,0.818757381581,1.),.UNSPECIFIED.);
#1933 = CARTESIAN_POINT('',(-4.8,12.568402320351));
#1934 = CARTESIAN_POINT('',(-4.399990114722,12.041201668079));
#1935 = CARTESIAN_POINT('',(-4.019178797558,11.499384481166));
#1936 = CARTESIAN_POINT('',(-3.655693092188,10.944992186128));
#1937 = CARTESIAN_POINT('',(-3.307520992762,10.37999699029));
#1938 = CARTESIAN_POINT('',(-2.972572262441,9.806259103689));
#1939 = CARTESIAN_POINT('',(-2.648715565069,9.225500848311));
#1940 = CARTESIAN_POINT('',(-2.333791910009,8.639297654675));
#1941 = CARTESIAN_POINT('',(-1.882036028646,7.774137286875));
#1942 = CARTESIAN_POINT('',(-1.739930910951,7.498328485907));
#1943 = CARTESIAN_POINT('',(-1.599112270772,7.221822057131));
#1944 = CARTESIAN_POINT('',(-1.459426807379,6.944783657055));
#1945 = CARTESIAN_POINT('',(-1.320692229762,6.667369202085));
#1946 = CARTESIAN_POINT('',(-1.182754300315,6.389740529584));
#1947 = CARTESIAN_POINT('',(-1.045439591613,6.112054030334));
#1948 = CARTESIAN_POINT('',(-0.813253403292,5.641116901868));
#1949 = CARTESIAN_POINT('',(-0.718146999815,5.447814905341));
#1950 = CARTESIAN_POINT('',(-0.623205363837,5.25461591686));
#1951 = CARTESIAN_POINT('',(-0.528371490788,5.061574008756));
#1952 = CARTESIAN_POINT('',(-0.433588119866,4.868743829284));
#1953 = CARTESIAN_POINT('',(-0.33879759959,4.676180730934));
#1954 = CARTESIAN_POINT('',(-0.243941753353,4.483940898734));
#1955 = CARTESIAN_POINT('',(-0.148961744984,4.29208147856));
#1956 = ( GEOMETRIC_REPRESENTATION_CONTEXT(2) 
PARAMETRIC_REPRESENTATION_CONTEXT() REPRESENTATION_CONTEXT('2D SPACE',''
  ) );
#1957 = ORIENTED_EDGE('',*,*,#446,.T.);
#1958 = ADVANCED_FACE('',(#1959),#434,.T.);
#1959 = FACE_BOUND('',#1960,.T.);
#1960 = EDGE_LOOP('',(#1961,#1987,#1988));
#1961 = ORIENTED_EDGE('',*,*,#1962,.T.);
#1962 = EDGE_CURVE('',#1849,#392,#1963,.T.);
#1963 = SURFACE_CURVE('',#1964,(#1969,#1980),.PCURVE_S1.);
#1964 = CIRCLE('',#1965,4.8);
#1965 = AXIS2_PLACEMENT_3D('',#1966,#1967,#1968);
#1966 = CARTESIAN_POINT('',(1.,0.,2.));
#1967 = DIRECTION('',(0.,0.,-1.));
#1968 = DIRECTION('',(1.,0.,0.));
#1969 = PCURVE('',#434,#1970);
#1970 = DEFINITIONAL_REPRESENTATION('',(#1971),#1979);
#1971 = ( BOUNDED_CURVE() B_SPLINE_CURVE(2,(#1972,#1973,#1974,#1975,
#1976,#1977,#1978),.UNSPECIFIED.,.T.,.F.) B_SPLINE_CURVE_WITH_KNOTS((1,2
    ,2,2,2,1),(-2.094395102393,0.,2.094395102393,4.188790204786,
6.28318530718,8.377580409573),.UNSPECIFIED.) CURVE() 
GEOMETRIC_REPRESENTATION_ITEM() RATIONAL_B_SPLINE_CURVE((1.,0.5,1.,0.5,
1.,0.5,1.)) REPRESENTATION_ITEM('') );
#1972 = CARTESIAN_POINT('',(6.8,-8.893987308214E-17));
#1973 = CARTESIAN_POINT('',(6.8,-8.313843876331));
#1974 = CARTESIAN_POINT('',(-0.4,-4.156921938165));
#1975 = CARTESIAN_POINT('',(-7.6,-1.264600800264E-15));
#1976 = CARTESIAN_POINT('',(-0.4,4.156921938165));
#1977 = CARTESIAN_POINT('',(6.8,8.313843876331));
#1978 = CARTESIAN_POINT('',(6.8,-8.893987308214E-17));
#1979 = ( GEOMETRIC_REPRESENTATION_CONTEXT(2) 
PARAMETRIC_REPRESENTATION_CONTEXT() REPRESENTATION_CONTEXT('2D SPACE',''
  ) );
#1980 = PCURVE('',#406,#1981);
#1981 = DEFINITIONAL_REPRESENTATION('',(#1982),#1986);
#1982 = LINE('',#1983,#1984);
#1983 = CARTESIAN_POINT('',(-12.56637061435,-1.));
#1984 = VECTOR('',#1985,1.);
#1985 = DIRECTION('',(1.,-0.));
#1986 = ( GEOMETRIC_REPRESENTATION_CONTEXT(2) 
PARAMETRIC_REPRESENTATION_CONTEXT() REPRESENTATION_CONTEXT('2D SPACE',''
  ) );
#1987 = ORIENTED_EDGE('',*,*,#417,.T.);
#1988 = ORIENTED_EDGE('',*,*,#1877,.T.);
#1989 = ADVANCED_FACE('',(#1990),#406,.F.);
#1990 = FACE_BOUND('',#1991,.T.);
#1991 = EDGE_LOOP('',(#1992,#1993,#1994,#1995));
#1992 = ORIENTED_EDGE('',*,*,#1962,.F.);
#1993 = ORIENTED_EDGE('',*,*,#1848,.T.);
#1994 = ORIENTED_EDGE('',*,*,#1337,.T.);
#1995 = ORIENTED_EDGE('',*,*,#391,.F.);
#1996 = ADVANCED_FACE('',(#1997),#806,.F.);
#1997 = FACE_BOUND('',#1998,.T.);
#1998 = EDGE_LOOP('',(#1999,#2000,#2001,#2002));
#1999 = ORIENTED_EDGE('',*,*,#786,.T.);
#2000 = ORIENTED_EDGE('',*,*,#1510,.T.);
#2001 = ORIENTED_EDGE('',*,*,#884,.F.);
#2002 = ORIENTED_EDGE('',*,*,#2003,.F.);
#2003 = EDGE_CURVE('',#787,#821,#2004,.T.);
#2004 = SURFACE_CURVE('',#2005,(#2010,#2017),.PCURVE_S1.);
#2005 = CIRCLE('',#2006,4.8);
#2006 = AXIS2_PLACEMENT_3D('',#2007,#2008,#2009);
#2007 = CARTESIAN_POINT('',(1.,0.,2.));
#2008 = DIRECTION('',(0.,0.,-1.));
#2009 = DIRECTION('',(1.,0.,0.));
#2010 = PCURVE('',#806,#2011);
#2011 = DEFINITIONAL_REPRESENTATION('',(#2012),#2016);
#2012 = LINE('',#2013,#2014);
#2013 = CARTESIAN_POINT('',(-12.56637061435,-1.));
#2014 = VECTOR('',#2015,1.);
#2015 = DIRECTION('',(1.,-0.));
#2016 = ( GEOMETRIC_REPRESENTATION_CONTEXT(2) 
PARAMETRIC_REPRESENTATION_CONTEXT() REPRESENTATION_CONTEXT('2D SPACE',''
  ) );
#2017 = PCURVE('',#854,#2018);
#2018 = DEFINITIONAL_REPRESENTATION('',(#2019),#2027);
#2019 = ( BOUNDED_CURVE() B_SPLINE_CURVE(2,(#2020,#2021,#2022,#2023,
#2024,#2025,#2026),.UNSPECIFIED.,.T.,.F.) B_SPLINE_CURVE_WITH_KNOTS((1,2
    ,2,2,2,1),(-2.094395102393,0.,2.094395102393,4.188790204786,
6.28318530718,8.377580409573),.UNSPECIFIED.) CURVE() 
GEOMETRIC_REPRESENTATION_ITEM() RATIONAL_B_SPLINE_CURVE((1.,0.5,1.,0.5,
1.,0.5,1.)) REPRESENTATION_ITEM('') );
#2020 = CARTESIAN_POINT('',(6.8,-8.893987308214E-17));
#2021 = CARTESIAN_POINT('',(6.8,-8.313843876331));
#2022 = CARTESIAN_POINT('',(-0.4,-4.156921938165));
#2023 = CARTESIAN_POINT('',(-7.6,-1.264600800264E-15));
#2024 = CARTESIAN_POINT('',(-0.4,4.156921938165));
#2025 = CARTESIAN_POINT('',(6.8,8.313843876331));
#2026 = CARTESIAN_POINT('',(6.8,-8.893987308214E-17));
#2027 = ( GEOMETRIC_REPRESENTATION_CONTEXT(2) 
PARAMETRIC_REPRESENTATION_CONTEXT() REPRESENTATION_CONTEXT('2D SPACE',''
  ) );
#2028 = ADVANCED_FACE('',(#2029,#2033,#2064,#3039,#3070,#3101,#3132,
    #3163),#854,.T.);
#2029 = FACE_BOUND('',#2030,.T.);
#2030 = EDGE_LOOP('',(#2031,#2032));
#2031 = ORIENTED_EDGE('',*,*,#820,.F.);
#2032 = ORIENTED_EDGE('',*,*,#2003,.T.);
#2033 = FACE_BOUND('',#2034,.T.);
#2034 = EDGE_LOOP('',(#2035));
#2035 = ORIENTED_EDGE('',*,*,#2036,.F.);
#2036 = EDGE_CURVE('',#2037,#2037,#2039,.T.);
#2037 = VERTEX_POINT('',#2038);
#2038 = CARTESIAN_POINT('',(7.980947501931,-9.,2.));
#2039 = SURFACE_CURVE('',#2040,(#2045,#2052),.PCURVE_S1.);
#2040 = CIRCLE('',#2041,0.580947501931);
#2041 = AXIS2_PLACEMENT_3D('',#2042,#2043,#2044);
#2042 = CARTESIAN_POINT('',(7.4,-9.,2.));
#2043 = DIRECTION('',(0.,0.,1.));
#2044 = DIRECTION('',(1.,0.,-0.));
#2045 = PCURVE('',#854,#2046);
#2046 = DEFINITIONAL_REPRESENTATION('',(#2047),#2051);
#2047 = CIRCLE('',#2048,0.580947501931);
#2048 = AXIS2_PLACEMENT_2D('',#2049,#2050);
#2049 = CARTESIAN_POINT('',(8.4,-9.));
#2050 = DIRECTION('',(1.,0.));
#2051 = ( GEOMETRIC_REPRESENTATION_CONTEXT(2) 
PARAMETRIC_REPRESENTATION_CONTEXT() REPRESENTATION_CONTEXT('2D SPACE',''
  ) );
#2052 = PCURVE('',#2053,#2058);
#2053 = SPHERICAL_SURFACE('',#2054,0.6);
#2054 = AXIS2_PLACEMENT_3D('',#2055,#2056,#2057);
#2055 = CARTESIAN_POINT('',(7.4,-9.,1.85));
#2056 = DIRECTION('',(0.,0.,1.));
#2057 = DIRECTION('',(1.,0.,-0.));
#2058 = DEFINITIONAL_REPRESENTATION('',(#2059),#2063);
#2059 = LINE('',#2060,#2061);
#2060 = CARTESIAN_POINT('',(0.,0.252680255142));
#2061 = VECTOR('',#2062,1.);
#2062 = DIRECTION('',(1.,0.));
#2063 = ( GEOMETRIC_REPRESENTATION_CONTEXT(2) 
PARAMETRIC_REPRESENTATION_CONTEXT() REPRESENTATION_CONTEXT('2D SPACE',''
  ) );
#2064 = FACE_BOUND('',#2065,.T.);
#2065 = EDGE_LOOP('',(#2066));
#2066 = ORIENTED_EDGE('',*,*,#2067,.T.);
#2067 = EDGE_CURVE('',#2068,#2068,#2070,.T.);
#2068 = VERTEX_POINT('',#2069);
#2069 = CARTESIAN_POINT('',(8.725291032063,-6.283124498997,2.));
#2070 = SURFACE_CURVE('',#2071,(#2256,#2444),.PCURVE_S1.);
#2071 = B_SPLINE_CURVE_WITH_KNOTS('',8,(#2072,#2073,#2074,#2075,#2076,
    #2077,#2078,#2079,#2080,#2081,#2082,#2083,#2084,#2085,#2086,#2087,
    #2088,#2089,#2090,#2091,#2092,#2093,#2094,#2095,#2096,#2097,#2098,
    #2099,#2100,#2101,#2102,#2103,#2104,#2105,#2106,#2107,#2108,#2109,
    #2110,#2111,#2112,#2113,#2114,#2115,#2116,#2117,#2118,#2119,#2120,
    #2121,#2122,#2123,#2124,#2125,#2126,#2127,#2128,#2129,#2130,#2131,
    #2132,#2133,#2134,#2135,#2136,#2137,#2138,#2139,#2140,#2141,#2142,
    #2143,#2144,#2145,#2146,#2147,#2148,#2149,#2150,#2151,#2152,#2153,
    #2154,#2155,#2156,#2157,#2158,#2159,#2160,#2161,#2162,#2163,#2164,
    #2165,#2166,#2167,#2168,#2169,#2170,#2171,#2172,#2173,#2174,#2175,
    #2176,#2177,#2178,#2179,#2180,#2181,#2182,#2183,#2184,#2185,#2186,
    #2187,#2188,#2189,#2190,#2191,#2192,#2193,#2194,#2195,#2196,#2197,
    #2198,#2199,#2200,#2201,#2202,#2203,#2204,#2205,#2206,#2207,#2208,
    #2209,#2210,#2211,#2212,#2213,#2214,#2215,#2216,#2217,#2218,#2219,
    #2220,#2221,#2222,#2223,#2224,#2225,#2226,#2227,#2228,#2229,#2230,
    #2231,#2232,#2233,#2234,#2235,#2236,#2237,#2238,#2239,#2240,#2241,
    #2242,#2243,#2244,#2245,#2246,#2247,#2248,#2249,#2250,#2251,#2252,
    #2253,#2254,#2255),.UNSPECIFIED.,.T.,.F.,(9,7,7,7,7,7,7,7,7,7,7,7,7,
    7,7,7,7,7,7,7,7,7,7,7,7,7,9),(0.,3.147635225761E-02,
    8.77427551555E-02,0.129607689091,0.150198685535,0.193262321564,
    0.211942576631,0.230693474378,0.295108031506,0.325895570458,
    0.337830575672,0.350752277761,0.415473712271,0.483456144731,
    0.496474253641,0.536452368045,0.600091629842,0.628783208413,
    0.637676655903,0.665301352334,0.757977931918,0.76709529552,
    0.79654856204,0.8829467763,0.895931074023,0.944255372048,1.),
  .UNSPECIFIED.);
#2072 = CARTESIAN_POINT('',(8.725291032063,-6.283124498997,2.));
#2073 = CARTESIAN_POINT('',(8.769120246298,-6.163731143352,2.));
#2074 = CARTESIAN_POINT('',(8.815434086158,-6.045945260859,2.));
#2075 = CARTESIAN_POINT('',(8.864280622581,-5.929878582569,2.));
#2076 = CARTESIAN_POINT('',(8.915703241212,-5.815649359472,2.));
#2077 = CARTESIAN_POINT('',(8.969738988366,-5.703381555986,2.));
#2078 = CARTESIAN_POINT('',(9.026416917002,-5.593204043448,2.));
#2079 = CARTESIAN_POINT('',(9.085756432689,-5.485249793602,2.));
#2080 = CARTESIAN_POINT('',(9.258611697654,-5.190896284403,2.));
#2081 = CARTESIAN_POINT('',(9.378008727183,-5.009642564264,2.));
#2082 = CARTESIAN_POINT('',(9.505979800358,-4.836717714371,2.));
#2083 = CARTESIAN_POINT('',(9.642441224274,-4.672930585272,2.));
#2084 = CARTESIAN_POINT('',(9.787171384262,-4.519052840376,2.));
#2085 = CARTESIAN_POINT('',(9.939786621634,-4.375789817857,2.));
#2086 = CARTESIAN_POINT('',(10.099724145865,-4.243744489437,2.));
#2087 = CARTESIAN_POINT('',(10.390121823806,-4.033813527758,2.));
#2088 = CARTESIAN_POINT('',(10.517679414563,-3.950694407431,2.));
#2089 = CARTESIAN_POINT('',(10.648608404695,-3.874204279941,2.));
#2090 = CARTESIAN_POINT('',(10.782589318314,-3.804465502132,2.));
#2091 = CARTESIAN_POINT('',(10.919286402075,-3.741541403297,2.));
#2092 = CARTESIAN_POINT('',(11.058354474824,-3.685442025639,2.));
#2093 = CARTESIAN_POINT('',(11.199445777265,-3.636129864739,2.));
#2094 = CARTESIAN_POINT('',(11.412437664318,-3.572570839098,2.));
#2095 = CARTESIAN_POINT('',(11.483067195473,-3.553238620022,2.));
#2096 = CARTESIAN_POINT('',(11.554065605657,-3.535518646209,2.));
#2097 = CARTESIAN_POINT('',(11.625394244663,-3.519398806599,2.));
#2098 = CARTESIAN_POINT('',(11.697015621499,-3.50486518565,2.));
#2099 = CARTESIAN_POINT('',(11.768893404387,-3.491902063335,2.));
#2100 = CARTESIAN_POINT('',(11.840992420761,-3.480491915146,2.));
#2101 = CARTESIAN_POINT('',(12.064456789073,-3.449960310392,2.));
#2102 = CARTESIAN_POINT('',(12.216452587997,-3.43601530365,2.));
#2103 = CARTESIAN_POINT('',(12.368959025352,-3.428609694132,2.));
#2104 = CARTESIAN_POINT('',(12.521695022467,-3.427549637602,2.));
#2105 = CARTESIAN_POINT('',(12.674402729744,-3.432632369259,2.));
#2106 = CARTESIAN_POINT('',(12.826846111846,-3.443655197469,2.));
#2107 = CARTESIAN_POINT('',(12.978810839015,-3.460419265328,2.));
#2108 = CARTESIAN_POINT('',(13.195733045311,-3.492404710209,2.));
#2109 = CARTESIAN_POINT('',(13.261235617838,-3.503124128635,2.));
#2110 = CARTESIAN_POINT('',(13.326615570902,-3.514894389047,2.));
#2111 = CARTESIAN_POINT('',(13.391822982461,-3.527679115245,2.));
#2112 = CARTESIAN_POINT('',(13.456872910122,-3.541497513392,2.));
#2113 = CARTESIAN_POINT('',(13.521720193832,-3.556317638244,2.));
#2114 = CARTESIAN_POINT('',(13.586362112664,-3.572143981033,2.));
#2115 = CARTESIAN_POINT('',(13.715430821104,-3.605845774405,2.));
#2116 = CARTESIAN_POINT('',(13.779857116461,-3.623729900449,2.));
#2117 = CARTESIAN_POINT('',(13.844035136352,-3.642606947662,2.));
#2118 = CARTESIAN_POINT('',(13.907946664243,-3.662468892085,2.));
#2119 = CARTESIAN_POINT('',(13.971573465661,-3.683308078015,2.));
#2120 = CARTESIAN_POINT('',(14.034897288198,-3.705117218013,2.));
#2121 = CARTESIAN_POINT('',(14.097899861509,-3.727889392894,2.));
#2122 = CARTESIAN_POINT('',(14.375828226049,-3.833132827432,2.));
#2123 = CARTESIAN_POINT('',(14.587059623917,-3.925924704331,2.));
#2124 = CARTESIAN_POINT('',(14.793552041565,-4.029737770255,2.));
#2125 = CARTESIAN_POINT('',(14.994542147637,-4.14435691558,2.));
#2126 = CARTESIAN_POINT('',(15.189212178456,-4.269591003271,2.));
#2127 = CARTESIAN_POINT('',(15.376693787706,-4.405256038919,2.));
#2128 = CARTESIAN_POINT('',(15.556071896122,-4.551158340777,2.));
#2129 = CARTESIAN_POINT('',(15.807793140997,-4.781600939604,2.));
#2130 = CARTESIAN_POINT('',(15.887123046333,-4.858408248927,2.));
#2131 = CARTESIAN_POINT('',(15.964271780458,-4.937472856001,2.));
#2132 = CARTESIAN_POINT('',(16.039129273589,-5.018764650423,2.));
#2133 = CARTESIAN_POINT('',(16.111582658272,-5.102249399141,2.));
#2134 = CARTESIAN_POINT('',(16.181517064763,-5.187887952448,2.));
#2135 = CARTESIAN_POINT('',(16.248816416419,-5.27563544999,2.));
#2136 = CARTESIAN_POINT('',(16.338384184091,-5.400246053818,2.));
#2137 = CARTESIAN_POINT('',(16.362990246169,-5.435393941735,2.));
#2138 = CARTESIAN_POINT('',(16.387173677356,-5.470745749622,2.));
#2139 = CARTESIAN_POINT('',(16.410943906275,-5.506464803964,2.));
#2140 = CARTESIAN_POINT('',(16.43428988843,-5.54237449945,2.));
#2141 = CARTESIAN_POINT('',(16.45721889085,-5.578597456025,2.));
#2142 = CARTESIAN_POINT('',(16.479725893622,-5.615053828965,2.));
#2143 = CARTESIAN_POINT('',(16.525723886428,-5.69151254284,2.));
#2144 = CARTESIAN_POINT('',(16.549141958747,-5.731551162488,2.));
#2145 = CARTESIAN_POINT('',(16.57206588178,-5.771874190954,2.));
#2146 = CARTESIAN_POINT('',(16.594495155243,-5.812473432535,2.));
#2147 = CARTESIAN_POINT('',(16.616429356211,-5.85334078656,2.));
#2148 = CARTESIAN_POINT('',(16.637868139124,-5.894468247391,2.));
#2149 = CARTESIAN_POINT('',(16.658811235782,-5.93584790442,2.));
#2150 = CARTESIAN_POINT('',(16.781673171662,-6.185955740773,2.));
#2151 = CARTESIAN_POINT('',(16.871637185815,-6.400550321064,2.));
#2152 = CARTESIAN_POINT('',(16.949142178227,-6.620299944741,2.));
#2153 = CARTESIAN_POINT('',(17.014192664429,-6.844288634678,2.));
#2154 = CARTESIAN_POINT('',(17.06679441002,-7.07163888735,2.));
#2155 = CARTESIAN_POINT('',(17.106942845616,-7.301510385369,2.));
#2156 = CARTESIAN_POINT('',(17.134611481807,-7.533098710004,2.));
#2157 = CARTESIAN_POINT('',(17.165631337208,-8.009885526367,2.));
#2158 = CARTESIAN_POINT('',(17.167683769408,-8.255129546482,2.));
#2159 = CARTESIAN_POINT('',(17.155837048027,-8.500472806375,2.));
#2160 = CARTESIAN_POINT('',(17.12998524211,-8.74498522697,2.));
#2161 = CARTESIAN_POINT('',(17.089995233659,-8.987694499221,2.));
#2162 = CARTESIAN_POINT('',(17.035726711249,-9.227583763667,2.));
#2163 = CARTESIAN_POINT('',(16.967053986019,-9.46359242812,2.));
#2164 = CARTESIAN_POINT('',(16.867962733521,-9.738862477511,2.));
#2165 = CARTESIAN_POINT('',(16.851504812111,-9.782919788143,2.));
#2166 = CARTESIAN_POINT('',(16.834554049724,-9.826762659742,2.));
#2167 = CARTESIAN_POINT('',(16.817071002813,-9.870417562315,2.));
#2168 = CARTESIAN_POINT('',(16.799106929185,-9.913845855344,2.));
#2169 = CARTESIAN_POINT('',(16.78063130902,-9.957067683968,2.));
#2170 = CARTESIAN_POINT('',(16.761669681821,-10.00006297463,2.));
#2171 = CARTESIAN_POINT('',(16.682487572961,-10.17417360339,2.));
#2172 = CARTESIAN_POINT('',(16.618161660913,-10.30336903382,2.));
#2173 = CARTESIAN_POINT('',(16.549387491519,-10.43026602935,2.));
#2174 = CARTESIAN_POINT('',(16.476307764373,-10.55471422774,2.));
#2175 = CARTESIAN_POINT('',(16.399060948242,-10.67656457762,2.));
#2176 = CARTESIAN_POINT('',(16.317780673038,-10.79566847305,2.));
#2177 = CARTESIAN_POINT('',(16.2325951218,-10.91187688821,2.));
#2178 = CARTESIAN_POINT('',(16.002001200532,-11.20517788649,2.));
#2179 = CARTESIAN_POINT('',(15.850809073023,-11.37757352835,2.));
#2180 = CARTESIAN_POINT('',(15.69053184349,-11.54164241258,2.));
#2181 = CARTESIAN_POINT('',(15.521642871713,-11.69674333801,2.));
#2182 = CARTESIAN_POINT('',(15.344618484218,-11.8421841541,2.));
#2183 = CARTESIAN_POINT('',(15.159949384603,-11.97722798792,2.));
#2184 = CARTESIAN_POINT('',(14.968152063861,-12.10109947099,2.));
#2185 = CARTESIAN_POINT('',(14.680344754739,-12.26343700113,2.));
#2186 = CARTESIAN_POINT('',(14.589577601283,-12.31144533964,2.));
#2187 = CARTESIAN_POINT('',(14.497532067616,-12.35694120203,2.));
#2188 = CARTESIAN_POINT('',(14.404264796684,-12.39984793145,2.));
#2189 = CARTESIAN_POINT('',(14.309836098087,-12.44008766134,2.));
#2190 = CARTESIAN_POINT('',(14.214310289063,-12.4775819827,2.));
#2191 = CARTESIAN_POINT('',(14.117756035473,-12.51225261148,2.));
#2192 = CARTESIAN_POINT('',(13.990017395323,-12.55386977166,2.));
#2193 = CARTESIAN_POINT('',(13.959701961211,-12.56343950885,2.));
#2194 = CARTESIAN_POINT('',(13.929307053967,-12.57273246666,2.));
#2195 = CARTESIAN_POINT('',(13.898836389533,-12.58174907998,2.));
#2196 = CARTESIAN_POINT('',(13.868292003687,-12.59048936591,2.));
#2197 = CARTESIAN_POINT('',(13.83767551945,-12.59895327033,2.));
#2198 = CARTESIAN_POINT('',(13.806989414487,-12.60714101448,2.));
#2199 = CARTESIAN_POINT('',(13.680717316485,-12.63963089834,2.));
#2200 = CARTESIAN_POINT('',(13.58455821044,-12.66154891105,2.));
#2201 = CARTESIAN_POINT('',(13.487840636633,-12.68081669441,2.));
#2202 = CARTESIAN_POINT('',(13.39064255981,-12.69744647686,2.));
#2203 = CARTESIAN_POINT('',(13.293040178703,-12.71145307381,2.));
#2204 = CARTESIAN_POINT('',(13.195107861525,-12.72285346096,2.));
#2205 = CARTESIAN_POINT('',(13.096918081467,-12.73166634755,2.));
#2206 = CARTESIAN_POINT('',(12.668502654687,-12.75886427555,2.));
#2207 = CARTESIAN_POINT('',(12.336431823904,-12.75091460049,2.));
#2208 = CARTESIAN_POINT('',(12.004896071524,-12.71485008318,2.));
#2209 = CARTESIAN_POINT('',(11.676309101907,-12.65156836241,2.));
#2210 = CARTESIAN_POINT('',(11.352947334609,-12.56200442527,2.));
#2211 = CARTESIAN_POINT('',(11.036962006453,-12.44708860976,2.));
#2212 = CARTESIAN_POINT('',(10.730387153158,-12.30773554184,2.));
#2213 = CARTESIAN_POINT('',(10.4060990004,-12.12884223384,2.));
#2214 = CARTESIAN_POINT('',(10.377163816489,-12.11259057233,2.));
#2215 = CARTESIAN_POINT('',(10.348341483693,-12.09611446102,2.));
#2216 = CARTESIAN_POINT('',(10.319633741642,-12.0794143865,2.));
#2217 = CARTESIAN_POINT('',(10.29104157951,-12.06248882353,2.));
#2218 = CARTESIAN_POINT('',(10.262566310837,-12.04533717514,2.));
#2219 = CARTESIAN_POINT('',(10.234210648338,-12.02796271286,2.));
#2220 = CARTESIAN_POINT('',(10.114784712014,-11.95356574694,2.));
#2221 = CARTESIAN_POINT('',(10.024889090958,-11.89454260792,2.));
#2222 = CARTESIAN_POINT('',(9.936340974342,-11.83340261404,2.));
#2223 = CARTESIAN_POINT('',(9.849191368815,-11.77023441597,2.));
#2224 = CARTESIAN_POINT('',(9.763494452889,-11.70511937926,2.));
#2225 = CARTESIAN_POINT('',(9.679307800939,-11.63813216292,2.));
#2226 = CARTESIAN_POINT('',(9.596692607198,-11.56934129784,2.));
#2227 = CARTESIAN_POINT('',(9.278170518184,-11.29191224506,2.));
#2228 = CARTESIAN_POINT('',(9.055216762619,-11.07047295125,2.));
#2229 = CARTESIAN_POINT('',(8.847768266048,-10.83564665293,2.));
#2230 = CARTESIAN_POINT('',(8.657933815728,-10.58843339748,2.));
#2231 = CARTESIAN_POINT('',(8.488670937961,-10.33004451963,2.));
#2232 = CARTESIAN_POINT('',(8.344294704341,-10.06181441004,2.));
#2233 = CARTESIAN_POINT('',(8.22994879796,-9.78517537387,2.));
#2234 = CARTESIAN_POINT('',(8.14244553068,-9.459095769994,2.));
#2235 = CARTESIAN_POINT('',(8.131882174459,-9.416371454367,2.));
#2236 = CARTESIAN_POINT('',(8.122183245138,-9.373589212239,2.));
#2237 = CARTESIAN_POINT('',(8.113370513889,-9.330686786461,2.));
#2238 = CARTESIAN_POINT('',(8.105428526741,-9.287745714816,2.));
#2239 = CARTESIAN_POINT('',(8.098369418304,-9.244718887982,2.));
#2240 = CARTESIAN_POINT('',(8.092180610394,-9.201648442198,2.));
#2241 = CARTESIAN_POINT('',(8.067044001158,-8.998062222315,2.));
#2242 = CARTESIAN_POINT('',(8.059205599246,-8.836979840311,2.));
#2243 = CARTESIAN_POINT('',(8.062926879985,-8.675805938515,2.));
#2244 = CARTESIAN_POINT('',(8.07712452631,-8.514867887815,2.));
#2245 = CARTESIAN_POINT('',(8.100267534664,-8.354060822764,2.));
#2246 = CARTESIAN_POINT('',(8.130955524472,-8.192933390906,2.));
#2247 = CARTESIAN_POINT('',(8.167966716023,-8.030969686182,2.));
#2248 = CARTESIAN_POINT('',(8.259101411362,-7.679157425445,2.));
#2249 = CARTESIAN_POINT('',(8.3149579721,-7.488941376913,2.));
#2250 = CARTESIAN_POINT('',(8.376244388262,-7.29620021621,2.));
#2251 = CARTESIAN_POINT('',(8.441664957084,-7.100373961053,2.));
#2252 = CARTESIAN_POINT('',(8.510105793247,-6.901199093682,2.));
#2253 = CARTESIAN_POINT('',(8.580645294117,-6.698594403609,2.));
#2254 = CARTESIAN_POINT('',(8.652574147881,-6.49253613532,2.));
#2255 = CARTESIAN_POINT('',(8.725291032063,-6.283124498997,2.));
#2256 = PCURVE('',#854,#2257);
#2257 = DEFINITIONAL_REPRESENTATION('',(#2258),#2443);
#2258 = B_SPLINE_CURVE_WITH_KNOTS('',8,(#2259,#2260,#2261,#2262,#2263,
    #2264,#2265,#2266,#2267,#2268,#2269,#2270,#2271,#2272,#2273,#2274,
    #2275,#2276,#2277,#2278,#2279,#2280,#2281,#2282,#2283,#2284,#2285,
    #2286,#2287,#2288,#2289,#2290,#2291,#2292,#2293,#2294,#2295,#2296,
    #2297,#2298,#2299,#2300,#2301,#2302,#2303,#2304,#2305,#2306,#2307,
    #2308,#2309,#2310,#2311,#2312,#2313,#2314,#2315,#2316,#2317,#2318,
    #2319,#2320,#2321,#2322,#2323,#2324,#2325,#2326,#2327,#2328,#2329,
    #2330,#2331,#2332,#2333,#2334,#2335,#2336,#2337,#2338,#2339,#2340,
    #2341,#2342,#2343,#2344,#2345,#2346,#2347,#2348,#2349,#2350,#2351,
    #2352,#2353,#2354,#2355,#2356,#2357,#2358,#2359,#2360,#2361,#2362,
    #2363,#2364,#2365,#2366,#2367,#2368,#2369,#2370,#2371,#2372,#2373,
    #2374,#2375,#2376,#2377,#2378,#2379,#2380,#2381,#2382,#2383,#2384,
    #2385,#2386,#2387,#2388,#2389,#2390,#2391,#2392,#2393,#2394,#2395,
    #2396,#2397,#2398,#2399,#2400,#2401,#2402,#2403,#2404,#2405,#2406,
    #2407,#2408,#2409,#2410,#2411,#2412,#2413,#2414,#2415,#2416,#2417,
    #2418,#2419,#2420,#2421,#2422,#2423,#2424,#2425,#2426,#2427,#2428,
    #2429,#2430,#2431,#2432,#2433,#2434,#2435,#2436,#2437,#2438,#2439,
    #2440,#2441,#2442),.UNSPECIFIED.,.F.,.F.,(9,7,7,7,7,7,7,7,7,7,7,7,7,
    7,7,7,7,7,7,7,7,7,7,7,7,7,9),(0.,3.147635225761E-02,
    8.77427551555E-02,0.129607689091,0.150198685535,0.193262321564,
    0.211942576631,0.230693474378,0.295108031506,0.325895570458,
    0.337830575672,0.350752277761,0.415473712271,0.483456144731,
    0.496474253641,0.536452368045,0.600091629842,0.628783208413,
    0.637676655903,0.665301352334,0.757977931918,0.76709529552,
    0.79654856204,0.8829467763,0.895931074023,0.944255372048,1.),
  .UNSPECIFIED.);
#2259 = CARTESIAN_POINT('',(9.725291032063,-6.283124498997));
#2260 = CARTESIAN_POINT('',(9.769120246298,-6.163731143352));
#2261 = CARTESIAN_POINT('',(9.815434086158,-6.045945260859));
#2262 = CARTESIAN_POINT('',(9.864280622581,-5.929878582569));
#2263 = CARTESIAN_POINT('',(9.915703241212,-5.815649359472));
#2264 = CARTESIAN_POINT('',(9.969738988366,-5.703381555986));
#2265 = CARTESIAN_POINT('',(10.026416917002,-5.593204043448));
#2266 = CARTESIAN_POINT('',(10.085756432689,-5.485249793602));
#2267 = CARTESIAN_POINT('',(10.258611697654,-5.190896284403));
#2268 = CARTESIAN_POINT('',(10.378008727183,-5.009642564264));
#2269 = CARTESIAN_POINT('',(10.505979800358,-4.836717714371));
#2270 = CARTESIAN_POINT('',(10.642441224274,-4.672930585272));
#2271 = CARTESIAN_POINT('',(10.787171384262,-4.519052840376));
#2272 = CARTESIAN_POINT('',(10.939786621634,-4.375789817857));
#2273 = CARTESIAN_POINT('',(11.099724145865,-4.243744489437));
#2274 = CARTESIAN_POINT('',(11.390121823806,-4.033813527758));
#2275 = CARTESIAN_POINT('',(11.517679414563,-3.950694407431));
#2276 = CARTESIAN_POINT('',(11.648608404695,-3.874204279941));
#2277 = CARTESIAN_POINT('',(11.782589318314,-3.804465502132));
#2278 = CARTESIAN_POINT('',(11.919286402075,-3.741541403297));
#2279 = CARTESIAN_POINT('',(12.058354474824,-3.685442025639));
#2280 = CARTESIAN_POINT('',(12.199445777265,-3.636129864739));
#2281 = CARTESIAN_POINT('',(12.412437664318,-3.572570839098));
#2282 = CARTESIAN_POINT('',(12.483067195473,-3.553238620022));
#2283 = CARTESIAN_POINT('',(12.554065605657,-3.535518646209));
#2284 = CARTESIAN_POINT('',(12.625394244663,-3.519398806599));
#2285 = CARTESIAN_POINT('',(12.697015621499,-3.50486518565));
#2286 = CARTESIAN_POINT('',(12.768893404387,-3.491902063335));
#2287 = CARTESIAN_POINT('',(12.840992420761,-3.480491915146));
#2288 = CARTESIAN_POINT('',(13.064456789073,-3.449960310392));
#2289 = CARTESIAN_POINT('',(13.216452587997,-3.43601530365));
#2290 = CARTESIAN_POINT('',(13.368959025352,-3.428609694132));
#2291 = CARTESIAN_POINT('',(13.521695022467,-3.427549637602));
#2292 = CARTESIAN_POINT('',(13.674402729744,-3.432632369259));
#2293 = CARTESIAN_POINT('',(13.826846111846,-3.443655197469));
#2294 = CARTESIAN_POINT('',(13.978810839015,-3.460419265328));
#2295 = CARTESIAN_POINT('',(14.195733045311,-3.492404710209));
#2296 = CARTESIAN_POINT('',(14.261235617838,-3.503124128635));
#2297 = CARTESIAN_POINT('',(14.326615570902,-3.514894389047));
#2298 = CARTESIAN_POINT('',(14.391822982461,-3.527679115245));
#2299 = CARTESIAN_POINT('',(14.456872910122,-3.541497513392));
#2300 = CARTESIAN_POINT('',(14.521720193832,-3.556317638244));
#2301 = CARTESIAN_POINT('',(14.586362112664,-3.572143981033));
#2302 = CARTESIAN_POINT('',(14.715430821104,-3.605845774405));
#2303 = CARTESIAN_POINT('',(14.779857116461,-3.623729900449));
#2304 = CARTESIAN_POINT('',(14.844035136352,-3.642606947662));
#2305 = CARTESIAN_POINT('',(14.907946664243,-3.662468892085));
#2306 = CARTESIAN_POINT('',(14.971573465661,-3.683308078015));
#2307 = CARTESIAN_POINT('',(15.034897288198,-3.705117218013));
#2308 = CARTESIAN_POINT('',(15.097899861509,-3.727889392894));
#2309 = CARTESIAN_POINT('',(15.375828226049,-3.833132827432));
#2310 = CARTESIAN_POINT('',(15.587059623917,-3.925924704331));
#2311 = CARTESIAN_POINT('',(15.793552041565,-4.029737770255));
#2312 = CARTESIAN_POINT('',(15.994542147637,-4.14435691558));
#2313 = CARTESIAN_POINT('',(16.189212178456,-4.269591003271));
#2314 = CARTESIAN_POINT('',(16.376693787706,-4.405256038919));
#2315 = CARTESIAN_POINT('',(16.556071896122,-4.551158340777));
#2316 = CARTESIAN_POINT('',(16.807793140997,-4.781600939604));
#2317 = CARTESIAN_POINT('',(16.887123046333,-4.858408248927));
#2318 = CARTESIAN_POINT('',(16.964271780458,-4.937472856001));
#2319 = CARTESIAN_POINT('',(17.039129273589,-5.018764650423));
#2320 = CARTESIAN_POINT('',(17.111582658272,-5.102249399141));
#2321 = CARTESIAN_POINT('',(17.181517064763,-5.187887952448));
#2322 = CARTESIAN_POINT('',(17.248816416419,-5.27563544999));
#2323 = CARTESIAN_POINT('',(17.338384184091,-5.400246053818));
#2324 = CARTESIAN_POINT('',(17.362990246169,-5.435393941735));
#2325 = CARTESIAN_POINT('',(17.387173677356,-5.470745749622));
#2326 = CARTESIAN_POINT('',(17.410943906275,-5.506464803964));
#2327 = CARTESIAN_POINT('',(17.43428988843,-5.54237449945));
#2328 = CARTESIAN_POINT('',(17.45721889085,-5.578597456025));
#2329 = CARTESIAN_POINT('',(17.479725893622,-5.615053828965));
#2330 = CARTESIAN_POINT('',(17.525723886428,-5.69151254284));
#2331 = CARTESIAN_POINT('',(17.549141958747,-5.731551162488));
#2332 = CARTESIAN_POINT('',(17.57206588178,-5.771874190954));
#2333 = CARTESIAN_POINT('',(17.594495155243,-5.812473432535));
#2334 = CARTESIAN_POINT('',(17.616429356211,-5.85334078656));
#2335 = CARTESIAN_POINT('',(17.637868139124,-5.894468247391));
#2336 = CARTESIAN_POINT('',(17.658811235782,-5.93584790442));
#2337 = CARTESIAN_POINT('',(17.781673171662,-6.185955740773));
#2338 = CARTESIAN_POINT('',(17.871637185815,-6.400550321064));
#2339 = CARTESIAN_POINT('',(17.949142178227,-6.620299944741));
#2340 = CARTESIAN_POINT('',(18.014192664429,-6.844288634678));
#2341 = CARTESIAN_POINT('',(18.06679441002,-7.07163888735));
#2342 = CARTESIAN_POINT('',(18.106942845616,-7.301510385369));
#2343 = CARTESIAN_POINT('',(18.134611481807,-7.533098710004));
#2344 = CARTESIAN_POINT('',(18.165631337208,-8.009885526367));
#2345 = CARTESIAN_POINT('',(18.167683769408,-8.255129546482));
#2346 = CARTESIAN_POINT('',(18.155837048027,-8.500472806375));
#2347 = CARTESIAN_POINT('',(18.12998524211,-8.74498522697));
#2348 = CARTESIAN_POINT('',(18.089995233659,-8.987694499221));
#2349 = CARTESIAN_POINT('',(18.035726711249,-9.227583763667));
#2350 = CARTESIAN_POINT('',(17.967053986019,-9.46359242812));
#2351 = CARTESIAN_POINT('',(17.867962733521,-9.738862477511));
#2352 = CARTESIAN_POINT('',(17.851504812111,-9.782919788143));
#2353 = CARTESIAN_POINT('',(17.834554049724,-9.826762659742));
#2354 = CARTESIAN_POINT('',(17.817071002813,-9.870417562315));
#2355 = CARTESIAN_POINT('',(17.799106929185,-9.913845855344));
#2356 = CARTESIAN_POINT('',(17.78063130902,-9.957067683968));
#2357 = CARTESIAN_POINT('',(17.761669681821,-10.00006297463));
#2358 = CARTESIAN_POINT('',(17.682487572961,-10.17417360339));
#2359 = CARTESIAN_POINT('',(17.618161660913,-10.30336903382));
#2360 = CARTESIAN_POINT('',(17.549387491519,-10.43026602935));
#2361 = CARTESIAN_POINT('',(17.476307764373,-10.55471422774));
#2362 = CARTESIAN_POINT('',(17.399060948242,-10.67656457762));
#2363 = CARTESIAN_POINT('',(17.317780673038,-10.79566847305));
#2364 = CARTESIAN_POINT('',(17.2325951218,-10.91187688821));
#2365 = CARTESIAN_POINT('',(17.002001200532,-11.20517788649));
#2366 = CARTESIAN_POINT('',(16.850809073023,-11.37757352835));
#2367 = CARTESIAN_POINT('',(16.69053184349,-11.54164241258));
#2368 = CARTESIAN_POINT('',(16.521642871713,-11.69674333801));
#2369 = CARTESIAN_POINT('',(16.344618484218,-11.8421841541));
#2370 = CARTESIAN_POINT('',(16.159949384603,-11.97722798792));
#2371 = CARTESIAN_POINT('',(15.968152063861,-12.10109947099));
#2372 = CARTESIAN_POINT('',(15.680344754739,-12.26343700113));
#2373 = CARTESIAN_POINT('',(15.589577601283,-12.31144533964));
#2374 = CARTESIAN_POINT('',(15.497532067616,-12.35694120203));
#2375 = CARTESIAN_POINT('',(15.404264796684,-12.39984793145));
#2376 = CARTESIAN_POINT('',(15.309836098087,-12.44008766134));
#2377 = CARTESIAN_POINT('',(15.214310289063,-12.4775819827));
#2378 = CARTESIAN_POINT('',(15.117756035473,-12.51225261148));
#2379 = CARTESIAN_POINT('',(14.990017395323,-12.55386977166));
#2380 = CARTESIAN_POINT('',(14.959701961211,-12.56343950885));
#2381 = CARTESIAN_POINT('',(14.929307053967,-12.57273246666));
#2382 = CARTESIAN_POINT('',(14.898836389533,-12.58174907998));
#2383 = CARTESIAN_POINT('',(14.868292003687,-12.59048936591));
#2384 = CARTESIAN_POINT('',(14.83767551945,-12.59895327033));
#2385 = CARTESIAN_POINT('',(14.806989414487,-12.60714101448));
#2386 = CARTESIAN_POINT('',(14.680717316485,-12.63963089834));
#2387 = CARTESIAN_POINT('',(14.58455821044,-12.66154891105));
#2388 = CARTESIAN_POINT('',(14.487840636633,-12.68081669441));
#2389 = CARTESIAN_POINT('',(14.39064255981,-12.69744647686));
#2390 = CARTESIAN_POINT('',(14.293040178703,-12.71145307381));
#2391 = CARTESIAN_POINT('',(14.195107861525,-12.72285346096));
#2392 = CARTESIAN_POINT('',(14.096918081467,-12.73166634755));
#2393 = CARTESIAN_POINT('',(13.668502654687,-12.75886427555));
#2394 = CARTESIAN_POINT('',(13.336431823904,-12.75091460049));
#2395 = CARTESIAN_POINT('',(13.004896071524,-12.71485008318));
#2396 = CARTESIAN_POINT('',(12.676309101907,-12.65156836241));
#2397 = CARTESIAN_POINT('',(12.352947334609,-12.56200442527));
#2398 = CARTESIAN_POINT('',(12.036962006453,-12.44708860976));
#2399 = CARTESIAN_POINT('',(11.730387153158,-12.30773554184));
#2400 = CARTESIAN_POINT('',(11.4060990004,-12.12884223384));
#2401 = CARTESIAN_POINT('',(11.377163816489,-12.11259057233));
#2402 = CARTESIAN_POINT('',(11.348341483693,-12.09611446102));
#2403 = CARTESIAN_POINT('',(11.319633741642,-12.0794143865));
#2404 = CARTESIAN_POINT('',(11.29104157951,-12.06248882353));
#2405 = CARTESIAN_POINT('',(11.262566310837,-12.04533717514));
#2406 = CARTESIAN_POINT('',(11.234210648338,-12.02796271286));
#2407 = CARTESIAN_POINT('',(11.114784712014,-11.95356574694));
#2408 = CARTESIAN_POINT('',(11.024889090958,-11.89454260792));
#2409 = CARTESIAN_POINT('',(10.936340974342,-11.83340261404));
#2410 = CARTESIAN_POINT('',(10.849191368815,-11.77023441597));
#2411 = CARTESIAN_POINT('',(10.763494452889,-11.70511937926));
#2412 = CARTESIAN_POINT('',(10.679307800939,-11.63813216292));
#2413 = CARTESIAN_POINT('',(10.596692607198,-11.56934129784));
#2414 = CARTESIAN_POINT('',(10.278170518184,-11.29191224506));
#2415 = CARTESIAN_POINT('',(10.055216762619,-11.07047295125));
#2416 = CARTESIAN_POINT('',(9.847768266048,-10.83564665293));
#2417 = CARTESIAN_POINT('',(9.657933815728,-10.58843339748));
#2418 = CARTESIAN_POINT('',(9.488670937961,-10.33004451963));
#2419 = CARTESIAN_POINT('',(9.344294704341,-10.06181441004));
#2420 = CARTESIAN_POINT('',(9.22994879796,-9.78517537387));
#2421 = CARTESIAN_POINT('',(9.14244553068,-9.459095769994));
#2422 = CARTESIAN_POINT('',(9.131882174459,-9.416371454367));
#2423 = CARTESIAN_POINT('',(9.122183245138,-9.373589212239));
#2424 = CARTESIAN_POINT('',(9.113370513889,-9.330686786461));
#2425 = CARTESIAN_POINT('',(9.105428526741,-9.287745714816));
#2426 = CARTESIAN_POINT('',(9.098369418304,-9.244718887982));
#2427 = CARTESIAN_POINT('',(9.092180610394,-9.201648442198));
#2428 = CARTESIAN_POINT('',(9.067044001158,-8.998062222315));
#2429 = CARTESIAN_POINT('',(9.059205599246,-8.836979840311));
#2430 = CARTESIAN_POINT('',(9.062926879985,-8.675805938515));
#2431 = CARTESIAN_POINT('',(9.07712452631,-8.514867887815));
#2432 = CARTESIAN_POINT('',(9.100267534664,-8.354060822764));
#2433 = CARTESIAN_POINT('',(9.130955524472,-8.192933390906));
#2434 = CARTESIAN_POINT('',(9.167966716023,-8.030969686182));
#2435 = CARTESIAN_POINT('',(9.259101411362,-7.679157425445));
#2436 = CARTESIAN_POINT('',(9.3149579721,-7.488941376913));
#2437 = CARTESIAN_POINT('',(9.376244388262,-7.29620021621));
#2438 = CARTESIAN_POINT('',(9.441664957084,-7.100373961053));
#2439 = CARTESIAN_POINT('',(9.510105793247,-6.901199093682));
#2440 = CARTESIAN_POINT('',(9.580645294117,-6.698594403609));
#2441 = CARTESIAN_POINT('',(9.652574147881,-6.49253613532));
#2442 = CARTESIAN_POINT('',(9.725291032063,-6.283124498997));
#2443 = ( GEOMETRIC_REPRESENTATION_CONTEXT(2) 
PARAMETRIC_REPRESENTATION_CONTEXT() REPRESENTATION_CONTEXT('2D SPACE',''
  ) );
#2444 = PCURVE('',#2445,#2852);
#2445 = ( BOUNDED_SURFACE() B_SPLINE_SURFACE(6,9,(
    (#2446,#2447,#2448,#2449,#2450,#2451,#2452,#2453,#2454,#2455,#2456
      ,#2457,#2458,#2459,#2460,#2461,#2462,#2463,#2464,#2465,#2466,#2467
      ,#2468,#2469,#2470,#2471,#2472,#2473,#2474,#2475,#2476,#2477,#2478
      ,#2479,#2480,#2481,#2482,#2483,#2484,#2485,#2486,#2487,#2488,#2489
      ,#2490,#2491,#2492,#2493,#2494,#2495,#2496,#2497,#2498,#2499,#2500
      ,#2501,#2502,#2503)
    ,(#2504,#2505,#2506,#2507,#2508,#2509,#2510,#2511,#2512,#2513,#2514
      ,#2515,#2516,#2517,#2518,#2519,#2520,#2521,#2522,#2523,#2524,#2525
      ,#2526,#2527,#2528,#2529,#2530,#2531,#2532,#2533,#2534,#2535,#2536
      ,#2537,#2538,#2539,#2540,#2541,#2542,#2543,#2544,#2545,#2546,#2547
      ,#2548,#2549,#2550,#2551,#2552,#2553,#2554,#2555,#2556,#2557,#2558
      ,#2559,#2560,#2561)
    ,(#2562,#2563,#2564,#2565,#2566,#2567,#2568,#2569,#2570,#2571,#2572
      ,#2573,#2574,#2575,#2576,#2577,#2578,#2579,#2580,#2581,#2582,#2583
      ,#2584,#2585,#2586,#2587,#2588,#2589,#2590,#2591,#2592,#2593,#2594
      ,#2595,#2596,#2597,#2598,#2599,#2600,#2601,#2602,#2603,#2604,#2605
      ,#2606,#2607,#2608,#2609,#2610,#2611,#2612,#2613,#2614,#2615,#2616
      ,#2617,#2618,#2619)
    ,(#2620,#2621,#2622,#2623,#2624,#2625,#2626,#2627,#2628,#2629,#2630
      ,#2631,#2632,#2633,#2634,#2635,#2636,#2637,#2638,#2639,#2640,#2641
      ,#2642,#2643,#2644,#2645,#2646,#2647,#2648,#2649,#2650,#2651,#2652
      ,#2653,#2654,#2655,#2656,#2657,#2658,#2659,#2660,#2661,#2662,#2663
      ,#2664,#2665,#2666,#2667,#2668,#2669,#2670,#2671,#2672,#2673,#2674
      ,#2675,#2676,#2677)
    ,(#2678,#2679,#2680,#2681,#2682,#2683,#2684,#2685,#2686,#2687,#2688
      ,#2689,#2690,#2691,#2692,#2693,#2694,#2695,#2696,#2697,#2698,#2699
      ,#2700,#2701,#2702,#2703,#2704,#2705,#2706,#2707,#2708,#2709,#2710
      ,#2711,#2712,#2713,#2714,#2715,#2716,#2717,#2718,#2719,#2720,#2721
      ,#2722,#2723,#2724,#2725,#2726,#2727,#2728,#2729,#2730,#2731,#2732
      ,#2733,#2734,#2735)
    ,(#2736,#2737,#2738,#2739,#2740,#2741,#2742,#2743,#2744,#2745,#2746
      ,#2747,#2748,#2749,#2750,#2751,#2752,#2753,#2754,#2755,#2756,#2757
      ,#2758,#2759,#2760,#2761,#2762,#2763,#2764,#2765,#2766,#2767,#2768
      ,#2769,#2770,#2771,#2772,#2773,#2774,#2775,#2776,#2777,#2778,#2779
      ,#2780,#2781,#2782,#2783,#2784,#2785,#2786,#2787,#2788,#2789,#2790
      ,#2791,#2792,#2793)
    ,(#2794,#2795,#2796,#2797,#2798,#2799,#2800,#2801,#2802,#2803,#2804
      ,#2805,#2806,#2807,#2808,#2809,#2810,#2811,#2812,#2813,#2814,#2815
      ,#2816,#2817,#2818,#2819,#2820,#2821,#2822,#2823,#2824,#2825,#2826
      ,#2827,#2828,#2829,#2830,#2831,#2832,#2833,#2834,#2835,#2836,#2837
      ,#2838,#2839,#2840,#2841,#2842,#2843,#2844,#2845,#2846,#2847,#2848
      ,#2849,#2850,#2851
)),.UNSPECIFIED.,.T.,.T.,.F.) B_SPLINE_SURFACE_WITH_KNOTS((1,6,6,1),(10,
    8,8,8,8,8,8,10),(-6.28318530718,0.,6.28318530718,12.566370614359),(
    0.,4.825971404805,8.274159334719,12.31890901795,16.067241980748,
    19.59002497151,22.637975102336,25.679356367485),.UNSPECIFIED.) 
GEOMETRIC_REPRESENTATION_ITEM() RATIONAL_B_SPLINE_SURFACE((
    (1.669078461068,1.669078461068,1.669078461068,1.669078461068
      ,1.669078461068,1.669078461068,1.669078461068,1.669078461068
      ,1.669078461068,1.669078461068,1.669078461068,1.669078461068
      ,1.669078461068,1.669078461068,1.669078461068,1.669078461068
      ,1.669078461068,1.669078461068,1.669078461068,1.669078461069
      ,1.669078461068,1.669078461069,1.669078461068,1.669078461068
      ,1.669078461068,1.669078461068,1.669078461068,1.669078461069
      ,1.669078461068,1.669078461069,1.669078461068,1.669078461068
      ,1.669078461068,1.669078461068,1.669078461068,1.669078461068
      ,1.669078461068,1.669078461068,1.669078461068,1.669078461068
      ,1.669078461068,1.669078461068,1.669078461068,1.669078461068
      ,1.669078461068,1.669078461068,1.669078461068,1.669078461068
      ,1.669078461068,1.669078461068,1.669078461068,1.669078461068
      ,1.669078461068,1.669078461068,1.669078461068,1.669078461068
      ,1.669078461068,1.669078461068)
    ,(1.03672962321,1.03672962321,1.03672962321,1.03672962321
      ,1.03672962321,1.03672962321,1.03672962321,1.03672962321
      ,1.03672962321,1.03672962321,1.03672962321,1.03672962321
      ,1.03672962321,1.03672962321,1.03672962321,1.03672962321
      ,1.03672962321,1.03672962321,1.036729623209,1.03672962321
      ,1.036729623209,1.03672962321,1.036729623209,1.03672962321
      ,1.03672962321,1.03672962321,1.03672962321,1.03672962321
      ,1.036729623209,1.03672962321,1.03672962321,1.03672962321
      ,1.03672962321,1.03672962321,1.03672962321,1.03672962321
      ,1.03672962321,1.03672962321,1.03672962321,1.03672962321
      ,1.03672962321,1.03672962321,1.03672962321,1.03672962321
      ,1.036729623209,1.03672962321,1.036729623209,1.03672962321
      ,1.03672962321,1.03672962321,1.03672962321,1.03672962321
      ,1.036729623209,1.03672962321,1.03672962321,1.03672962321
      ,1.03672962321,1.03672962321)
    ,(1.038346699848,1.038346699848,1.038346699848,1.038346699847
      ,1.038346699848,1.038346699847,1.038346699848,1.038346699848
      ,1.038346699848,1.038346699848,1.038346699847,1.038346699848
      ,1.038346699848,1.038346699847,1.038346699848,1.038346699848
      ,1.038346699848,1.038346699848,1.038346699847,1.038346699848
      ,1.038346699847,1.038346699848,1.038346699847,1.038346699848
      ,1.038346699847,1.038346699848,1.038346699847,1.038346699848
      ,1.038346699847,1.038346699848,1.038346699847,1.038346699848
      ,1.038346699848,1.038346699848,1.038346699848,1.038346699847
      ,1.038346699848,1.038346699848,1.038346699847,1.038346699848
      ,1.038346699847,1.038346699848,1.038346699847,1.038346699848
      ,1.038346699847,1.038346699848,1.038346699847,1.038346699848
      ,1.038346699847,1.038346699848,1.038346699847,1.038346699848
      ,1.038346699847,1.038346699848,1.038346699847,1.038346699848
      ,1.038346699847,1.038346699848)
    ,(0.853534330196,0.853534330196,0.853534330196,0.853534330196
      ,0.853534330196,0.853534330196,0.853534330196,0.853534330196
      ,0.853534330196,0.853534330196,0.853534330196,0.853534330196
      ,0.853534330196,0.853534330196,0.853534330196,0.853534330196
      ,0.853534330196,0.853534330196,0.853534330196,0.853534330196
      ,0.853534330196,0.853534330196,0.853534330196,0.853534330196
      ,0.853534330196,0.853534330196,0.853534330196,0.853534330196
      ,0.853534330196,0.853534330196,0.853534330196,0.853534330196
      ,0.853534330196,0.853534330196,0.853534330196,0.853534330196
      ,0.853534330196,0.853534330196,0.853534330196,0.853534330196
      ,0.853534330196,0.853534330196,0.853534330196,0.853534330196
      ,0.853534330196,0.853534330196,0.853534330196,0.853534330196
      ,0.853534330196,0.853534330196,0.853534330196,0.853534330196
      ,0.853534330196,0.853534330196,0.853534330196,0.853534330196
      ,0.853534330196,0.853534330196)
    ,(1.038346699848,1.038346699847,1.038346699848,1.038346699847
      ,1.038346699848,1.038346699847,1.038346699848,1.038346699847
      ,1.038346699848,1.038346699848,1.038346699848,1.038346699847
      ,1.038346699848,1.038346699847,1.038346699848,1.038346699847
      ,1.038346699848,1.038346699848,1.038346699847,1.038346699848
      ,1.038346699847,1.038346699848,1.038346699847,1.038346699848
      ,1.038346699847,1.038346699848,1.038346699847,1.038346699848
      ,1.038346699847,1.038346699848,1.038346699847,1.038346699848
      ,1.038346699848,1.038346699848,1.038346699848,1.038346699847
      ,1.038346699848,1.038346699847,1.038346699848,1.038346699848
      ,1.038346699848,1.038346699848,1.038346699847,1.038346699848
      ,1.038346699847,1.038346699848,1.038346699847,1.038346699848
      ,1.038346699847,1.038346699848,1.038346699847,1.038346699848
      ,1.038346699847,1.038346699848,1.038346699847,1.038346699848
      ,1.038346699847,1.038346699848)
    ,(1.03672962321,1.03672962321,1.03672962321,1.03672962321
      ,1.03672962321,1.03672962321,1.03672962321,1.03672962321
      ,1.03672962321,1.03672962321,1.03672962321,1.03672962321
      ,1.03672962321,1.03672962321,1.03672962321,1.03672962321
      ,1.03672962321,1.03672962321,1.036729623209,1.03672962321
      ,1.036729623209,1.03672962321,1.036729623209,1.03672962321
      ,1.03672962321,1.03672962321,1.03672962321,1.03672962321
      ,1.036729623209,1.03672962321,1.03672962321,1.03672962321
      ,1.03672962321,1.03672962321,1.03672962321,1.036729623209
      ,1.03672962321,1.036729623209,1.03672962321,1.03672962321
      ,1.03672962321,1.03672962321,1.03672962321,1.03672962321
      ,1.03672962321,1.03672962321,1.03672962321,1.03672962321
      ,1.03672962321,1.03672962321,1.03672962321,1.03672962321
      ,1.036729623209,1.03672962321,1.03672962321,1.03672962321
      ,1.03672962321,1.03672962321)
    ,(1.669078461068,1.669078461068,1.669078461068,1.669078461068
      ,1.669078461068,1.669078461068,1.669078461068,1.669078461068
      ,1.669078461068,1.669078461068,1.669078461068,1.669078461068
      ,1.669078461068,1.669078461068,1.669078461068,1.669078461068
      ,1.669078461068,1.669078461068,1.669078461068,1.669078461069
      ,1.669078461068,1.669078461069,1.669078461068,1.669078461068
      ,1.669078461068,1.669078461068,1.669078461068,1.669078461069
      ,1.669078461068,1.669078461069,1.669078461068,1.669078461068
      ,1.669078461068,1.669078461068,1.669078461068,1.669078461068
      ,1.669078461068,1.669078461068,1.669078461068,1.669078461068
      ,1.669078461068,1.669078461068,1.669078461068,1.669078461068
      ,1.669078461068,1.669078461068,1.669078461068,1.669078461068
      ,1.669078461068,1.669078461068,1.669078461068,1.669078461068
      ,1.669078461068,1.669078461068,1.669078461068,1.669078461068
,1.669078461068,1.669078461068))) REPRESENTATION_ITEM('') SURFACE() );
#2446 = CARTESIAN_POINT('',(9.,-6.5,2.35));
#2447 = CARTESIAN_POINT('',(9.255511665088,-5.764777952224,2.35));
#2448 = CARTESIAN_POINT('',(9.582395574271,-5.154961615124,2.35));
#2449 = CARTESIAN_POINT('',(9.970306420725,-4.663436617815,2.35));
#2450 = CARTESIAN_POINT('',(10.408898897627,-4.283088589412,2.35));
#2451 = CARTESIAN_POINT('',(10.887827698152,-4.006803159029,2.35));
#2452 = CARTESIAN_POINT('',(11.396747515476,-3.827465955781,2.35));
#2453 = CARTESIAN_POINT('',(11.925313042775,-3.737962608784,2.35));
#2454 = CARTESIAN_POINT('',(12.463178973224,-3.731178747152,2.35));
#2455 = CARTESIAN_POINT('',(13.383562112119,-3.849173232389,2.35));
#2456 = CARTESIAN_POINT('',(13.766590780499,-3.936944352763,2.35));
#2457 = CARTESIAN_POINT('',(14.143932969015,-4.061740943753,2.35));
#2458 = CARTESIAN_POINT('',(14.510435641544,-4.221990587992,2.35));
#2459 = CARTESIAN_POINT('',(14.860945761959,-4.416120868109,2.35));
#2460 = CARTESIAN_POINT('',(15.190310294137,-4.642559366737,2.35));
#2461 = CARTESIAN_POINT('',(15.493376201953,-4.899733666507,2.35));
#2462 = CARTESIAN_POINT('',(15.764990449282,-5.186071350051,2.35));
#2463 = CARTESIAN_POINT('',(16.27566792331,-5.868240604412,2.35));
#2464 = CARTESIAN_POINT('',(16.500969754394,-6.274444893466,2.35));
#2465 = CARTESIAN_POINT('',(16.675097969566,-6.710507413747,2.35));
#2466 = CARTESIAN_POINT('',(16.79724504514,-7.168322711841,2.35));
#2467 = CARTESIAN_POINT('',(16.866603457428,-7.639785334333,2.35));
#2468 = CARTESIAN_POINT('',(16.882365682745,-8.116789827809,2.35));
#2469 = CARTESIAN_POINT('',(16.843724197403,-8.591230738855,2.35));
#2470 = CARTESIAN_POINT('',(16.749871477717,-9.055002614057,2.35));
#2471 = CARTESIAN_POINT('',(16.461111751256,-9.912386056176,2.35));
#2472 = CARTESIAN_POINT('',(16.274114483544,-10.30864854425,2.35));
#2473 = CARTESIAN_POINT('',(16.04355485069,-10.68365620168,2.35));
#2474 = CARTESIAN_POINT('',(15.773979506524,-11.03227776592,2.35));
#2475 = CARTESIAN_POINT('',(15.469935104873,-11.34938197441,2.35));
#2476 = CARTESIAN_POINT('',(15.135968299567,-11.62983756462,2.35));
#2477 = CARTESIAN_POINT('',(14.776625744434,-11.86851327398,2.35));
#2478 = CARTESIAN_POINT('',(14.396454093302,-12.06027783996,2.35));
#2479 = CARTESIAN_POINT('',(13.627401900961,-12.33131460137,2.35));
#2480 = CARTESIAN_POINT('',(13.240421943749,-12.41666149757,2.35));
#2481 = CARTESIAN_POINT('',(12.843478340096,-12.45690980733,2.35));
#2482 = CARTESIAN_POINT('',(12.440989301737,-12.4529286494,2.35));
#2483 = CARTESIAN_POINT('',(12.037373040404,-12.4055871425,2.35));
#2484 = CARTESIAN_POINT('',(11.637047767831,-12.31575440537,2.35));
#2485 = CARTESIAN_POINT('',(11.24443169575,-12.18429955676,2.35));
#2486 = CARTESIAN_POINT('',(10.863943035896,-12.01209171539,2.35));
#2487 = CARTESIAN_POINT('',(10.185112529844,-11.61649594273,2.35));
#2488 = CARTESIAN_POINT('',(9.882610945794,-11.40313522232,2.35));
#2489 = CARTESIAN_POINT('',(9.597115430369,-11.16499374815,2.35));
#2490 = CARTESIAN_POINT('',(9.333246166088,-10.90714742962,2.35));
#2491 = CARTESIAN_POINT('',(9.09562333547,-10.6346721761,2.35));
#2492 = CARTESIAN_POINT('',(8.888867121033,-10.35264389699,2.35));
#2493 = CARTESIAN_POINT('',(8.717597705297,-10.06613850168,2.35));
#2494 = CARTESIAN_POINT('',(8.58643527078,-9.780231899555,2.35));
#2495 = CARTESIAN_POINT('',(8.413751012348,-9.220372049206,2.35));
#2496 = CARTESIAN_POINT('',(8.372036606459,-8.94639436739,2.35));
#2497 = CARTESIAN_POINT('',(8.37096387692,-8.669891262574,2.35));
#2498 = CARTESIAN_POINT('',(8.406639918322,-8.382687042782,2.35));
#2499 = CARTESIAN_POINT('',(8.475171825249,-8.076606016037,2.35));
#2500 = CARTESIAN_POINT('',(8.572666692293,-7.743472490363,2.35));
#2501 = CARTESIAN_POINT('',(8.69523161404,-7.375110773784,2.35));
#2502 = CARTESIAN_POINT('',(8.83897368508,-6.963345174321,2.35));
#2503 = CARTESIAN_POINT('',(9.,-6.5,2.35));
#2504 = CARTESIAN_POINT('',(9.456440783472,-6.860347986952,2.35));
#2505 = CARTESIAN_POINT('',(9.66726786308,-6.181726414118,2.35));
#2506 = CARTESIAN_POINT('',(9.935020052541,-5.630574930319,2.35));
#2507 = CARTESIAN_POINT('',(10.246158364996,-5.195125177218,2.35));
#2508 = CARTESIAN_POINT('',(10.589482575179,-4.864062304519,2.35));
#2509 = CARTESIAN_POINT('',(10.95384572441,-4.607602645902,2.35));
#2510 = CARTESIAN_POINT('',(11.364876674801,-4.423426846128,2.35));
#2511 = CARTESIAN_POINT('',(11.805720679971,-4.31681954872,2.35));
#2512 = CARTESIAN_POINT('',(12.268568212093,-4.283866678541,2.35));
#2513 = CARTESIAN_POINT('',(13.078791025696,-4.347100760487,2.35));
#2514 = CARTESIAN_POINT('',(13.420161611365,-4.408485538018,2.35));
#2515 = CARTESIAN_POINT('',(13.759350996197,-4.503753866411,2.35));
#2516 = CARTESIAN_POINT('',(14.09048326139,-4.63132779265,2.35));
#2517 = CARTESIAN_POINT('',(14.407944646005,-4.789166721172,2.35));
#2518 = CARTESIAN_POINT('',(14.706558597101,-4.974882002479,2.35));
#2519 = CARTESIAN_POINT('',(14.981695878311,-5.185999742405,2.35));
#2520 = CARTESIAN_POINT('',(15.229319736852,-5.420371832021,2.35));
#2521 = CARTESIAN_POINT('',(15.700093932846,-5.977451303356,2.35));
#2522 = CARTESIAN_POINT('',(15.914391935972,-6.317183434582,2.35));
#2523 = CARTESIAN_POINT('',(16.086485214865,-6.689710134354,2.35));
#2524 = CARTESIAN_POINT('',(16.213857386094,-7.08713203318,2.35));
#2525 = CARTESIAN_POINT('',(16.294559549583,-7.500681130469,2.35));
#2526 = CARTESIAN_POINT('',(16.327548560337,-7.921391373892,2.35));
#2527 = CARTESIAN_POINT('',(16.31265462855,-8.340630537239,2.35));
#2528 = CARTESIAN_POINT('',(16.250178248157,-8.750493396775,2.35));
#2529 = CARTESIAN_POINT('',(16.038120462884,-9.508777033478,2.35));
#2530 = CARTESIAN_POINT('',(15.891861233988,-9.863888040079,2.35));
#2531 = CARTESIAN_POINT('',(15.704922983026,-10.20372536032,2.35));
#2532 = CARTESIAN_POINT('',(15.481549809489,-10.52231105242,2.35));
#2533 = CARTESIAN_POINT('',(15.226653275865,-10.81390717268,2.35));
#2534 = CARTESIAN_POINT('',(14.945620341261,-11.07337225572,2.35));
#2535 = CARTESIAN_POINT('',(14.64392164921,-11.29632020066,2.35));
#2536 = CARTESIAN_POINT('',(14.326520169651,-11.47908156316,2.35));
#2537 = CARTESIAN_POINT('',(13.687463746819,-11.74946563169,2.35));
#2538 = CARTESIAN_POINT('',(13.361430990895,-11.84218044132,2.35));
#2539 = CARTESIAN_POINT('',(13.021971351445,-11.89658173396,2.35));
#2540 = CARTESIAN_POINT('',(12.672967047763,-11.9124214243,2.35));
#2541 = CARTESIAN_POINT('',(12.318805670511,-11.88960791907,2.35));
#2542 = CARTESIAN_POINT('',(11.964075344671,-11.82839956173,2.35));
#2543 = CARTESIAN_POINT('',(11.613342479248,-11.72941689315,2.35));
#2544 = CARTESIAN_POINT('',(11.271012103732,-11.59347372815,2.35));
#2545 = CARTESIAN_POINT('',(10.655975024016,-11.27219734805,2.35));
#2546 = CARTESIAN_POINT('',(10.377667181936,-11.09315312401,2.35));
#2547 = CARTESIAN_POINT('',(10.112696859243,-10.88941161246,2.35));
#2548 = CARTESIAN_POINT('',(9.866827023504,-10.66738842791,2.35));
#2549 = CARTESIAN_POINT('',(9.645157878401,-10.43313878538,2.35));
#2550 = CARTESIAN_POINT('',(9.452473741318,-10.19303432082,2.35));
#2551 = CARTESIAN_POINT('',(9.293196998061,-9.954910841002,2.35));
#2552 = CARTESIAN_POINT('',(9.170133196929,-9.72802233467,2.35));
#2553 = CARTESIAN_POINT('',(8.992441177112,-9.312698848697,2.35));
#2554 = CARTESIAN_POINT('',(8.937891380246,-9.117678154746,2.35));
#2555 = CARTESIAN_POINT('',(8.910793126576,-8.917639860578,2.35));
#2556 = CARTESIAN_POINT('',(8.908023288697,-8.681933541085,2.35));
#2557 = CARTESIAN_POINT('',(8.958413903155,-8.402739187313,2.35));
#2558 = CARTESIAN_POINT('',(9.039646941094,-8.090607208271,2.35));
#2559 = CARTESIAN_POINT('',(9.15442753679,-7.731967645829,2.35));
#2560 = CARTESIAN_POINT('',(9.295018973915,-7.324194121148,2.35));
#2561 = CARTESIAN_POINT('',(9.456440783472,-6.860347986952,2.35));
#2562 = CARTESIAN_POINT('',(9.521977911765,-6.912087825078,
    1.630908133308));
#2563 = CARTESIAN_POINT('',(9.726389045389,-6.241593117156,
    1.630908133308));
#2564 = CARTESIAN_POINT('',(9.985650926268,-5.698864907868,
    1.630908133308));
#2565 = CARTESIAN_POINT('',(10.28576600944,-5.271466605484,
    1.630908133308));
#2566 = CARTESIAN_POINT('',(10.615411317902,-4.947480242356,
    1.630908133308));
#2567 = CARTESIAN_POINT('',(10.963324789413,-4.693867227147,
    1.630908133308));
#2568 = CARTESIAN_POINT('',(11.360300564493,-4.50899668726,
    1.630908133308));
#2569 = CARTESIAN_POINT('',(11.788549252027,-4.399933553667,
    1.630908133308));
#2570 = CARTESIAN_POINT('',(12.240625418896,-4.363223259234,
    1.630908133308));
#2571 = CARTESIAN_POINT('',(13.035031084617,-4.418594679241,
    1.630908133308));
#2572 = CARTESIAN_POINT('',(13.370420278592,-4.476190827012,
    1.630908133308));
#2573 = CARTESIAN_POINT('',(13.704131570142,-4.567219399439,
    1.630908133308));
#2574 = CARTESIAN_POINT('',(14.030185246814,-4.690101648686,
    1.630908133308));
#2575 = CARTESIAN_POINT('',(14.342901395427,-4.842729756765,
    1.630908133308));
#2576 = CARTESIAN_POINT('',(14.637100086428,-5.022597877138,
    1.630908133308));
#2577 = CARTESIAN_POINT('',(14.908227292178,-5.227102678911,
    1.630908133308));
#2578 = CARTESIAN_POINT('',(15.152406539184,-5.454013393647,
    1.630908133308));
#2579 = CARTESIAN_POINT('',(15.61745130357,-5.993132101056,
    1.630908133308));
#2580 = CARTESIAN_POINT('',(15.830169344276,-6.323319961714,
    1.630908133308));
#2581 = CARTESIAN_POINT('',(16.001970440953,-6.686723998984,
    1.630908133308));
#2582 = CARTESIAN_POINT('',(16.130092846991,-7.075474433517,
    1.630908133308));
#2583 = CARTESIAN_POINT('',(16.212423780093,-7.480708134224,
    1.630908133308));
#2584 = CARTESIAN_POINT('',(16.24788626405,-7.893335481417,
    1.630908133308));
#2585 = CARTESIAN_POINT('',(16.236402076792,-8.304648613278,
    1.630908133308));
#2586 = CARTESIAN_POINT('',(16.178430804724,-8.706771055648,
    1.630908133308));
#2587 = CARTESIAN_POINT('',(15.977386112808,-9.450825646884,
    1.630908133308));
#2588 = CARTESIAN_POINT('',(15.836976172961,-9.800028001106,
    1.630908133308));
#2589 = CARTESIAN_POINT('',(15.656301210042,-10.13481545949,
    1.630908133308));
#2590 = CARTESIAN_POINT('',(15.439561881887,-10.44908851154,
    1.630908133308));
#2591 = CARTESIAN_POINT('',(15.191722145659,-10.73702210445,
    1.630908133308));
#2592 = CARTESIAN_POINT('',(14.918289614,-10.99347330791,1.630908133308)
  );
#2593 = CARTESIAN_POINT('',(14.624867599641,-11.21416301354,
    1.630908133308));
#2594 = CARTESIAN_POINT('',(14.316478848428,-11.39563166925,
    1.630908133308));
#2595 = CARTESIAN_POINT('',(13.696087605686,-11.66592202219,
    1.630908133308));
#2596 = CARTESIAN_POINT('',(13.3788058306,-11.75969473879,1.630908133308
    ));
#2597 = CARTESIAN_POINT('',(13.047599910083,-11.8161281589,
    1.630908133308));
#2598 = CARTESIAN_POINT('',(12.706275104039,-11.83481378573,
    1.630908133308));
#2599 = CARTESIAN_POINT('',(12.359214606463,-11.81552208409,
    1.630908133308));
#2600 = CARTESIAN_POINT('',(12.011030938988,-11.75842370053,
    1.630908133308));
#2601 = CARTESIAN_POINT('',(11.666311789227,-11.66410348436,
    1.630908133308));
#2602 = CARTESIAN_POINT('',(11.329460293922,-11.53336730968,
    1.630908133308));
#2603 = CARTESIAN_POINT('',(10.723582864521,-11.22276192951,
    1.630908133308));
#2604 = CARTESIAN_POINT('',(10.448748832032,-11.04864497032,
    1.630908133308));
#2605 = CARTESIAN_POINT('',(10.186725577694,-10.84984270794,
    1.630908133308));
#2606 = CARTESIAN_POINT('',(9.94344015356,-10.63296311575,1.630908133308
    ));
#2607 = CARTESIAN_POINT('',(9.724061686179,-10.4042020204,1.630908133308
    ));
#2608 = CARTESIAN_POINT('',(9.53339805991,-10.17011710209,1.630908133308
    ));
#2609 = CARTESIAN_POINT('',(9.375843260316,-9.938940441924,
    1.630908133308));
#2610 = CARTESIAN_POINT('',(9.253942285107,-9.720525929713,
    1.630908133308));
#2611 = CARTESIAN_POINT('',(9.075531235983,-9.325955405784,
    1.630908133308));
#2612 = CARTESIAN_POINT('',(9.019138495419,-9.142271591514,
    1.630908133308));
#2613 = CARTESIAN_POINT('',(8.988303419416,-8.953212342792,
    1.630908133308));
#2614 = CARTESIAN_POINT('',(8.980013407586,-8.724900245333,
    1.630908133308));
#2615 = CARTESIAN_POINT('',(9.027799241194,-8.449566360213,
    1.630908133308));
#2616 = CARTESIAN_POINT('',(9.106697357235,-8.14044984584,1.630908133308
    ));
#2617 = CARTESIAN_POINT('',(9.220360256192,-7.78320621927,1.630908133308
    ));
#2618 = CARTESIAN_POINT('',(9.360499315909,-7.376005888585,
    1.630908133308));
#2619 = CARTESIAN_POINT('',(9.521977911765,-6.912087825078,
    1.630908133308));
#2620 = CARTESIAN_POINT('',(9.,-6.5,1.037809077647));
#2621 = CARTESIAN_POINT('',(9.255511665088,-5.764777952224,
    1.037809077647));
#2622 = CARTESIAN_POINT('',(9.582395574271,-5.154961615124,
    1.037809077647));
#2623 = CARTESIAN_POINT('',(9.970306420725,-4.663436617815,
    1.037809077647));
#2624 = CARTESIAN_POINT('',(10.408898897627,-4.283088589412,
    1.037809077647));
#2625 = CARTESIAN_POINT('',(10.887827698152,-4.006803159029,
    1.037809077647));
#2626 = CARTESIAN_POINT('',(11.396747515476,-3.827465955782,
    1.037809077647));
#2627 = CARTESIAN_POINT('',(11.925313042775,-3.737962608784,
    1.037809077647));
#2628 = CARTESIAN_POINT('',(12.463178973224,-3.731178747152,
    1.037809077647));
#2629 = CARTESIAN_POINT('',(13.383562112119,-3.849173232389,
    1.037809077647));
#2630 = CARTESIAN_POINT('',(13.766590780499,-3.936944352763,
    1.037809077647));
#2631 = CARTESIAN_POINT('',(14.143932969015,-4.061740943753,
    1.037809077647));
#2632 = CARTESIAN_POINT('',(14.510435641544,-4.221990587992,
    1.037809077647));
#2633 = CARTESIAN_POINT('',(14.860945761959,-4.416120868109,
    1.037809077647));
#2634 = CARTESIAN_POINT('',(15.190310294137,-4.642559366737,
    1.037809077647));
#2635 = CARTESIAN_POINT('',(15.493376201953,-4.899733666507,
    1.037809077647));
#2636 = CARTESIAN_POINT('',(15.764990449282,-5.186071350051,
    1.037809077647));
#2637 = CARTESIAN_POINT('',(16.27566792331,-5.868240604412,
    1.037809077647));
#2638 = CARTESIAN_POINT('',(16.500969754394,-6.274444893466,
    1.037809077647));
#2639 = CARTESIAN_POINT('',(16.675097969566,-6.710507413747,
    1.037809077647));
#2640 = CARTESIAN_POINT('',(16.79724504514,-7.168322711841,
    1.037809077647));
#2641 = CARTESIAN_POINT('',(16.866603457428,-7.639785334333,
    1.037809077647));
#2642 = CARTESIAN_POINT('',(16.882365682745,-8.116789827809,
    1.037809077647));
#2643 = CARTESIAN_POINT('',(16.843724197403,-8.591230738855,
    1.037809077647));
#2644 = CARTESIAN_POINT('',(16.749871477717,-9.055002614057,
    1.037809077647));
#2645 = CARTESIAN_POINT('',(16.461111751256,-9.912386056177,
    1.037809077647));
#2646 = CARTESIAN_POINT('',(16.274114483543,-10.30864854425,
    1.037809077647));
#2647 = CARTESIAN_POINT('',(16.04355485069,-10.68365620168,
    1.037809077647));
#2648 = CARTESIAN_POINT('',(15.773979506523,-11.03227776592,
    1.037809077647));
#2649 = CARTESIAN_POINT('',(15.469935104873,-11.34938197441,
    1.037809077647));
#2650 = CARTESIAN_POINT('',(15.135968299567,-11.62983756462,
    1.037809077647));
#2651 = CARTESIAN_POINT('',(14.776625744434,-11.86851327398,
    1.037809077647));
#2652 = CARTESIAN_POINT('',(14.396454093302,-12.06027783996,
    1.037809077647));
#2653 = CARTESIAN_POINT('',(13.627401900961,-12.33131460137,
    1.037809077647));
#2654 = CARTESIAN_POINT('',(13.240421943749,-12.41666149757,
    1.037809077647));
#2655 = CARTESIAN_POINT('',(12.843478340097,-12.45690980733,
    1.037809077647));
#2656 = CARTESIAN_POINT('',(12.440989301737,-12.4529286494,
    1.037809077647));
#2657 = CARTESIAN_POINT('',(12.037373040404,-12.4055871425,
    1.037809077647));
#2658 = CARTESIAN_POINT('',(11.637047767831,-12.31575440537,
    1.037809077647));
#2659 = CARTESIAN_POINT('',(11.24443169575,-12.18429955676,
    1.037809077647));
#2660 = CARTESIAN_POINT('',(10.863943035896,-12.01209171539,
    1.037809077647));
#2661 = CARTESIAN_POINT('',(10.185112529844,-11.61649594273,
    1.037809077647));
#2662 = CARTESIAN_POINT('',(9.882610945794,-11.40313522232,
    1.037809077647));
#2663 = CARTESIAN_POINT('',(9.597115430369,-11.16499374815,
    1.037809077647));
#2664 = CARTESIAN_POINT('',(9.333246166088,-10.90714742962,
    1.037809077647));
#2665 = CARTESIAN_POINT('',(9.09562333547,-10.6346721761,1.037809077647)
  );
#2666 = CARTESIAN_POINT('',(8.888867121033,-10.35264389699,
    1.037809077647));
#2667 = CARTESIAN_POINT('',(8.717597705297,-10.06613850168,
    1.037809077647));
#2668 = CARTESIAN_POINT('',(8.58643527078,-9.780231899555,1.037809077647
    ));
#2669 = CARTESIAN_POINT('',(8.413751012348,-9.220372049206,
    1.037809077647));
#2670 = CARTESIAN_POINT('',(8.372036606459,-8.94639436739,1.037809077647
    ));
#2671 = CARTESIAN_POINT('',(8.370963876921,-8.669891262574,
    1.037809077647));
#2672 = CARTESIAN_POINT('',(8.406639918321,-8.382687042782,
    1.037809077647));
#2673 = CARTESIAN_POINT('',(8.475171825249,-8.076606016037,
    1.037809077647));
#2674 = CARTESIAN_POINT('',(8.572666692293,-7.743472490363,
    1.037809077647));
#2675 = CARTESIAN_POINT('',(8.695231614041,-7.375110773784,
    1.037809077647));
#2676 = CARTESIAN_POINT('',(8.83897368508,-6.963345174321,1.037809077647
    ));
#2677 = CARTESIAN_POINT('',(9.,-6.5,1.037809077647));
#2678 = CARTESIAN_POINT('',(8.478022088235,-6.087912174922,
    1.630908133308));
#2679 = CARTESIAN_POINT('',(8.784634284786,-5.287962787293,
    1.630908133308));
#2680 = CARTESIAN_POINT('',(9.179140222274,-4.611058322381,
    1.630908133308));
#2681 = CARTESIAN_POINT('',(9.65484683201,-4.055406630146,1.630908133308
    ));
#2682 = CARTESIAN_POINT('',(10.202386477352,-3.618696936469,
    1.630908133308));
#2683 = CARTESIAN_POINT('',(10.812330606891,-3.31973909091,
    1.630908133308));
#2684 = CARTESIAN_POINT('',(11.433194466459,-3.145935224303,
    1.630908133308));
#2685 = CARTESIAN_POINT('',(12.062076833522,-3.075991663901,
    1.630908133308));
#2686 = CARTESIAN_POINT('',(12.685732527552,-3.09913423507,
    1.630908133308));
#2687 = CARTESIAN_POINT('',(13.732093139621,-3.279751785537,
    1.630908133308));
#2688 = CARTESIAN_POINT('',(14.162761282406,-3.397697878515,
    1.630908133308));
#2689 = CARTESIAN_POINT('',(14.583734367889,-3.556262488067,
    1.630908133308));
#2690 = CARTESIAN_POINT('',(14.990686036274,-3.753879527298,
    1.630908133308));
#2691 = CARTESIAN_POINT('',(15.378990128491,-3.989511979452,
    1.630908133308));
#2692 = CARTESIAN_POINT('',(15.743520501846,-4.262520856337,
    1.630908133308));
#2693 = CARTESIAN_POINT('',(16.078525111728,-4.572364654103,
    1.630908133308));
#2694 = CARTESIAN_POINT('',(16.377574359381,-4.918129306455,
    1.630908133308));
#2695 = CARTESIAN_POINT('',(16.93388454305,-5.743349107769,
    1.630908133308));
#2696 = CARTESIAN_POINT('',(17.171770164512,-6.225569825218,
    1.630908133308));
#2697 = CARTESIAN_POINT('',(17.34822549818,-6.73429082851,1.630908133308
    ));
#2698 = CARTESIAN_POINT('',(17.464397243288,-7.261170990164,
    1.630908133308));
#2699 = CARTESIAN_POINT('',(17.520783134763,-7.798862534442,
    1.630908133308));
#2700 = CARTESIAN_POINT('',(17.516845101439,-8.340244174202,
    1.630908133308));
#2701 = CARTESIAN_POINT('',(17.451046318015,-8.877812864432,
    1.630908133308));
#2702 = CARTESIAN_POINT('',(17.32131215071,-9.403234172466,
    1.630908133308));
#2703 = CARTESIAN_POINT('',(16.944837389705,-10.37394646546,
    1.630908133308));
#2704 = CARTESIAN_POINT('',(16.711252794126,-10.8172690874,
    1.630908133308));
#2705 = CARTESIAN_POINT('',(16.430808491338,-11.23249694387,
    1.630908133308));
#2706 = CARTESIAN_POINT('',(16.108397131159,-11.6154670203,
    1.630908133308));
#2707 = CARTESIAN_POINT('',(15.748148064089,-11.96174184437,
    1.630908133308));
#2708 = CARTESIAN_POINT('',(15.353646985134,-12.26620182133,
    1.630908133308));
#2709 = CARTESIAN_POINT('',(14.928383889228,-12.52286353442,
    1.630908133308));
#2710 = CARTESIAN_POINT('',(14.476429338177,-12.72492401066,
    1.630908133308));
#2711 = CARTESIAN_POINT('',(13.558716196236,-12.99670718055,
    1.630908133308));
#2712 = CARTESIAN_POINT('',(13.102038056898,-13.07362825634,
    1.630908133308));
#2713 = CARTESIAN_POINT('',(12.63935677011,-13.09769145576,
    1.630908133308));
#2714 = CARTESIAN_POINT('',(12.175703499436,-13.07104351306,
    1.630908133308));
#2715 = CARTESIAN_POINT('',(11.715531474346,-12.9956522009,
    1.630908133308));
#2716 = CARTESIAN_POINT('',(11.263064596674,-12.87308511022,
    1.630908133308));
#2717 = CARTESIAN_POINT('',(10.822551602274,-12.70449562916,
    1.630908133308));
#2718 = CARTESIAN_POINT('',(10.398425777869,-12.49081612109,
    1.630908133308));
#2719 = CARTESIAN_POINT('',(9.646642195166,-12.01022995595,
    1.630908133308));
#2720 = CARTESIAN_POINT('',(9.316473059555,-11.75762547432,
    1.630908133308));
#2721 = CARTESIAN_POINT('',(9.007505283044,-11.48014478836,
    1.630908133308));
#2722 = CARTESIAN_POINT('',(8.723052178616,-11.18133174348,
    1.630908133308));
#2723 = CARTESIAN_POINT('',(8.467184984761,-10.8651423318,1.630908133308
    ));
#2724 = CARTESIAN_POINT('',(8.244336182157,-10.53517069189,
    1.630908133308));
#2725 = CARTESIAN_POINT('',(8.059352150277,-10.19333656144,
    1.630908133308));
#2726 = CARTESIAN_POINT('',(7.918928256452,-9.839937869397,
    1.630908133308));
#2727 = CARTESIAN_POINT('',(7.751970788714,-9.114788692629,
    1.630908133308));
#2728 = CARTESIAN_POINT('',(7.724934717499,-8.750517143266,
    1.630908133308));
#2729 = CARTESIAN_POINT('',(7.753624334426,-8.386570182356,
    1.630908133308));
#2730 = CARTESIAN_POINT('',(7.833266429057,-8.04047384023,1.630908133308
    ));
#2731 = CARTESIAN_POINT('',(7.922544409305,-7.703645671862,
    1.630908133308));
#2732 = CARTESIAN_POINT('',(8.038636027351,-7.346495134887,
    1.630908133308));
#2733 = CARTESIAN_POINT('',(8.170102971889,-6.967015328298,
    1.630908133308));
#2734 = CARTESIAN_POINT('',(8.317448054251,-6.550684460057,
    1.630908133308));
#2735 = CARTESIAN_POINT('',(8.478022088235,-6.087912174922,
    1.630908133308));
#2736 = CARTESIAN_POINT('',(8.543559216528,-6.139652013048,2.35));
#2737 = CARTESIAN_POINT('',(8.843755467095,-5.347829490331,2.35));
#2738 = CARTESIAN_POINT('',(9.229771096,-4.67934829993,2.35));
#2739 = CARTESIAN_POINT('',(9.694454476454,-4.131748058413,2.35));
#2740 = CARTESIAN_POINT('',(10.228315220076,-3.702114874304,2.35));
#2741 = CARTESIAN_POINT('',(10.821809671894,-3.406003672156,2.35));
#2742 = CARTESIAN_POINT('',(11.428618356151,-3.231505065435,2.35));
#2743 = CARTESIAN_POINT('',(12.044905405579,-3.159105668849,2.35));
#2744 = CARTESIAN_POINT('',(12.657789734355,-3.178490815763,2.35));
#2745 = CARTESIAN_POINT('',(13.688333198542,-3.351245704291,2.35));
#2746 = CARTESIAN_POINT('',(14.113019949633,-3.465403167508,2.35));
#2747 = CARTESIAN_POINT('',(14.528514941834,-3.619728021096,2.35));
#2748 = CARTESIAN_POINT('',(14.930388021697,-3.812653383333,2.35));
#2749 = CARTESIAN_POINT('',(15.313946877914,-4.043075015046,2.35));
#2750 = CARTESIAN_POINT('',(15.674061991173,-4.310236730994,2.35));
#2751 = CARTESIAN_POINT('',(16.005056525595,-4.61346759061,2.35));
#2752 = CARTESIAN_POINT('',(16.300661161712,-4.951770868081,2.35));
#2753 = CARTESIAN_POINT('',(16.851241913774,-5.759029905469,2.35));
#2754 = CARTESIAN_POINT('',(17.087547572817,-6.23170635235,2.35));
#2755 = CARTESIAN_POINT('',(17.263710724267,-6.73130469314,2.35));
#2756 = CARTESIAN_POINT('',(17.380632704186,-7.249513390501,2.35));
#2757 = CARTESIAN_POINT('',(17.438647365271,-7.778889538196,2.35));
#2758 = CARTESIAN_POINT('',(17.437182805153,-8.312188281726,2.35));
#2759 = CARTESIAN_POINT('',(17.374793766256,-8.841830940471,2.35));
#2760 = CARTESIAN_POINT('',(17.249564707277,-9.359511831339,2.35));
#2761 = CARTESIAN_POINT('',(16.884103039628,-10.31599507887,2.35));
#2762 = CARTESIAN_POINT('',(16.656367733098,-10.75340904843,2.35));
#2763 = CARTESIAN_POINT('',(16.382186718353,-11.16358704305,2.35));
#2764 = CARTESIAN_POINT('',(16.066409203558,-11.54224447942,2.35));
#2765 = CARTESIAN_POINT('',(15.713216933882,-11.88485677615,2.35));
#2766 = CARTESIAN_POINT('',(15.326316257874,-12.18630287351,2.35));
#2767 = CARTESIAN_POINT('',(14.909329839658,-12.4407063473,2.35));
#2768 = CARTESIAN_POINT('',(14.466388016954,-12.64147411675,2.35));
#2769 = CARTESIAN_POINT('',(13.567340055103,-12.91316357105,2.35));
#2770 = CARTESIAN_POINT('',(13.119412896602,-12.99114255382,2.35));
#2771 = CARTESIAN_POINT('',(12.664985328748,-13.01723788071,2.35));
#2772 = CARTESIAN_POINT('',(12.209011555711,-12.99343587449,2.35));
#2773 = CARTESIAN_POINT('',(11.755940410297,-12.92156636593,2.35));
#2774 = CARTESIAN_POINT('',(11.310020190991,-12.80310924901,2.35));
#2775 = CARTESIAN_POINT('',(10.875520912252,-12.63918222036,2.35));
#2776 = CARTESIAN_POINT('',(10.456873968059,-12.43070970262,2.35));
#2777 = CARTESIAN_POINT('',(9.714250035671,-11.96079453741,2.35));
#2778 = CARTESIAN_POINT('',(9.387554709651,-11.71311732062,2.35));
#2779 = CARTESIAN_POINT('',(9.081534001495,-11.44057588384,2.35));
#2780 = CARTESIAN_POINT('',(8.799665308672,-11.14690643132,2.35));
#2781 = CARTESIAN_POINT('',(8.546088792539,-10.83620556681,2.35));
#2782 = CARTESIAN_POINT('',(8.325260500749,-10.51225347316,2.35));
#2783 = CARTESIAN_POINT('',(8.141998412533,-10.17736616236,2.35));
#2784 = CARTESIAN_POINT('',(8.00273734463,-9.83244146444,2.35));
#2785 = CARTESIAN_POINT('',(7.835060847585,-9.128045249716,2.35));
#2786 = CARTESIAN_POINT('',(7.806181832672,-8.775110580033,2.35));
#2787 = CARTESIAN_POINT('',(7.831134627265,-8.42214266457,2.35));
#2788 = CARTESIAN_POINT('',(7.905256547946,-8.083440544479,2.35));
#2789 = CARTESIAN_POINT('',(7.991929747344,-7.750472844762,2.35));
#2790 = CARTESIAN_POINT('',(8.105686443493,-7.396337772456,2.35));
#2791 = CARTESIAN_POINT('',(8.236035691291,-7.018253901739,2.35));
#2792 = CARTESIAN_POINT('',(8.382928396245,-6.602496227495,2.35));
#2793 = CARTESIAN_POINT('',(8.543559216528,-6.139652013048,2.35));
#2794 = CARTESIAN_POINT('',(9.,-6.5,2.35));
#2795 = CARTESIAN_POINT('',(9.255511665088,-5.764777952224,2.35));
#2796 = CARTESIAN_POINT('',(9.582395574271,-5.154961615124,2.35));
#2797 = CARTESIAN_POINT('',(9.970306420725,-4.663436617815,2.35));
#2798 = CARTESIAN_POINT('',(10.408898897627,-4.283088589412,2.35));
#2799 = CARTESIAN_POINT('',(10.887827698152,-4.006803159029,2.35));
#2800 = CARTESIAN_POINT('',(11.396747515476,-3.827465955781,2.35));
#2801 = CARTESIAN_POINT('',(11.925313042775,-3.737962608784,2.35));
#2802 = CARTESIAN_POINT('',(12.463178973224,-3.731178747152,2.35));
#2803 = CARTESIAN_POINT('',(13.383562112119,-3.849173232389,2.35));
#2804 = CARTESIAN_POINT('',(13.766590780499,-3.936944352763,2.35));
#2805 = CARTESIAN_POINT('',(14.143932969015,-4.061740943753,2.35));
#2806 = CARTESIAN_POINT('',(14.510435641544,-4.221990587992,2.35));
#2807 = CARTESIAN_POINT('',(14.860945761959,-4.416120868109,2.35));
#2808 = CARTESIAN_POINT('',(15.190310294137,-4.642559366737,2.35));
#2809 = CARTESIAN_POINT('',(15.493376201953,-4.899733666507,2.35));
#2810 = CARTESIAN_POINT('',(15.764990449282,-5.186071350051,2.35));
#2811 = CARTESIAN_POINT('',(16.27566792331,-5.868240604412,2.35));
#2812 = CARTESIAN_POINT('',(16.500969754394,-6.274444893466,2.35));
#2813 = CARTESIAN_POINT('',(16.675097969566,-6.710507413747,2.35));
#2814 = CARTESIAN_POINT('',(16.79724504514,-7.168322711841,2.35));
#2815 = CARTESIAN_POINT('',(16.866603457428,-7.639785334333,2.35));
#2816 = CARTESIAN_POINT('',(16.882365682745,-8.116789827809,2.35));
#2817 = CARTESIAN_POINT('',(16.843724197403,-8.591230738855,2.35));
#2818 = CARTESIAN_POINT('',(16.749871477717,-9.055002614057,2.35));
#2819 = CARTESIAN_POINT('',(16.461111751256,-9.912386056176,2.35));
#2820 = CARTESIAN_POINT('',(16.274114483544,-10.30864854425,2.35));
#2821 = CARTESIAN_POINT('',(16.04355485069,-10.68365620168,2.35));
#2822 = CARTESIAN_POINT('',(15.773979506524,-11.03227776592,2.35));
#2823 = CARTESIAN_POINT('',(15.469935104873,-11.34938197441,2.35));
#2824 = CARTESIAN_POINT('',(15.135968299567,-11.62983756462,2.35));
#2825 = CARTESIAN_POINT('',(14.776625744434,-11.86851327398,2.35));
#2826 = CARTESIAN_POINT('',(14.396454093302,-12.06027783996,2.35));
#2827 = CARTESIAN_POINT('',(13.627401900961,-12.33131460137,2.35));
#2828 = CARTESIAN_POINT('',(13.240421943749,-12.41666149757,2.35));
#2829 = CARTESIAN_POINT('',(12.843478340096,-12.45690980733,2.35));
#2830 = CARTESIAN_POINT('',(12.440989301737,-12.4529286494,2.35));
#2831 = CARTESIAN_POINT('',(12.037373040404,-12.4055871425,2.35));
#2832 = CARTESIAN_POINT('',(11.637047767831,-12.31575440537,2.35));
#2833 = CARTESIAN_POINT('',(11.24443169575,-12.18429955676,2.35));
#2834 = CARTESIAN_POINT('',(10.863943035896,-12.01209171539,2.35));
#2835 = CARTESIAN_POINT('',(10.185112529844,-11.61649594273,2.35));
#2836 = CARTESIAN_POINT('',(9.882610945794,-11.40313522232,2.35));
#2837 = CARTESIAN_POINT('',(9.597115430369,-11.16499374815,2.35));
#2838 = CARTESIAN_POINT('',(9.333246166088,-10.90714742962,2.35));
#2839 = CARTESIAN_POINT('',(9.09562333547,-10.6346721761,2.35));
#2840 = CARTESIAN_POINT('',(8.888867121033,-10.35264389699,2.35));
#2841 = CARTESIAN_POINT('',(8.717597705297,-10.06613850168,2.35));
#2842 = CARTESIAN_POINT('',(8.58643527078,-9.780231899555,2.35));
#2843 = CARTESIAN_POINT('',(8.413751012348,-9.220372049206,2.35));
#2844 = CARTESIAN_POINT('',(8.372036606459,-8.94639436739,2.35));
#2845 = CARTESIAN_POINT('',(8.37096387692,-8.669891262574,2.35));
#2846 = CARTESIAN_POINT('',(8.406639918322,-8.382687042782,2.35));
#2847 = CARTESIAN_POINT('',(8.475171825249,-8.076606016037,2.35));
#2848 = CARTESIAN_POINT('',(8.572666692293,-7.743472490363,2.35));
#2849 = CARTESIAN_POINT('',(8.69523161404,-7.375110773784,2.35));
#2850 = CARTESIAN_POINT('',(8.83897368508,-6.963345174321,2.35));
#2851 = CARTESIAN_POINT('',(9.,-6.5,2.35));
#2852 = DEFINITIONAL_REPRESENTATION('',(#2853),#3038);
#2853 = B_SPLINE_CURVE_WITH_KNOTS('',8,(#2854,#2855,#2856,#2857,#2858,
    #2859,#2860,#2861,#2862,#2863,#2864,#2865,#2866,#2867,#2868,#2869,
    #2870,#2871,#2872,#2873,#2874,#2875,#2876,#2877,#2878,#2879,#2880,
    #2881,#2882,#2883,#2884,#2885,#2886,#2887,#2888,#2889,#2890,#2891,
    #2892,#2893,#2894,#2895,#2896,#2897,#2898,#2899,#2900,#2901,#2902,
    #2903,#2904,#2905,#2906,#2907,#2908,#2909,#2910,#2911,#2912,#2913,
    #2914,#2915,#2916,#2917,#2918,#2919,#2920,#2921,#2922,#2923,#2924,
    #2925,#2926,#2927,#2928,#2929,#2930,#2931,#2932,#2933,#2934,#2935,
    #2936,#2937,#2938,#2939,#2940,#2941,#2942,#2943,#2944,#2945,#2946,
    #2947,#2948,#2949,#2950,#2951,#2952,#2953,#2954,#2955,#2956,#2957,
    #2958,#2959,#2960,#2961,#2962,#2963,#2964,#2965,#2966,#2967,#2968,
    #2969,#2970,#2971,#2972,#2973,#2974,#2975,#2976,#2977,#2978,#2979,
    #2980,#2981,#2982,#2983,#2984,#2985,#2986,#2987,#2988,#2989,#2990,
    #2991,#2992,#2993,#2994,#2995,#2996,#2997,#2998,#2999,#3000,#3001,
    #3002,#3003,#3004,#3005,#3006,#3007,#3008,#3009,#3010,#3011,#3012,
    #3013,#3014,#3015,#3016,#3017,#3018,#3019,#3020,#3021,#3022,#3023,
    #3024,#3025,#3026,#3027,#3028,#3029,#3030,#3031,#3032,#3033,#3034,
    #3035,#3036,#3037),.UNSPECIFIED.,.F.,.F.,(9,7,7,7,7,7,7,7,7,7,7,7,7,
    7,7,7,7,7,7,7,7,7,7,7,7,7,9),(0.,3.147635225761E-02,
    8.77427551555E-02,0.129607689091,0.150198685535,0.193262321564,
    0.211942576631,0.230693474378,0.295108031506,0.325895570458,
    0.337830575672,0.350752277761,0.415473712271,0.483456144731,
    0.496474253641,0.536452368045,0.600091629842,0.628783208413,
    0.637676655903,0.665301352334,0.757977931918,0.76709529552,
    0.79654856204,0.8829467763,0.895931074023,0.944255372048,1.),
  .UNSPECIFIED.);
#2854 = CARTESIAN_POINT('',(4.711671071431,0.));
#2855 = CARTESIAN_POINT('',(4.711671071431,8.322115900595E-02));
#2856 = CARTESIAN_POINT('',(4.711671071431,0.167439725612));
#2857 = CARTESIAN_POINT('',(4.711671071431,0.25265449874));
#2858 = CARTESIAN_POINT('',(4.711671071431,0.338860206915));
#2859 = CARTESIAN_POINT('',(4.711671071431,0.426047474786));
#2860 = CARTESIAN_POINT('',(4.711671071431,0.514202789649));
#2861 = CARTESIAN_POINT('',(4.711671071431,0.603308467974));
#2862 = CARTESIAN_POINT('',(4.711671071431,0.85428560347));
#2863 = CARTESIAN_POINT('',(4.711671071431,1.018224351102));
#2864 = CARTESIAN_POINT('',(4.711671071431,1.184998874425));
#2865 = CARTESIAN_POINT('',(4.711671071431,1.354428857273));
#2866 = CARTESIAN_POINT('',(4.711671071431,1.526318993374));
#2867 = CARTESIAN_POINT('',(4.711671071431,1.70045232393));
#2868 = CARTESIAN_POINT('',(4.711671071431,1.876571577102));
#2869 = CARTESIAN_POINT('',(4.711671071431,2.186623173187));
#2870 = CARTESIAN_POINT('',(4.711671071431,2.319847174279));
#2871 = CARTESIAN_POINT('',(4.711671071431,2.453897490106));
#2872 = CARTESIAN_POINT('',(4.711671071431,2.588663461928));
#2873 = CARTESIAN_POINT('',(4.711671071431,2.724042830694));
#2874 = CARTESIAN_POINT('',(4.711671071431,2.859937772921));
#2875 = CARTESIAN_POINT('',(4.711671071431,2.996250936552));
#2876 = CARTESIAN_POINT('',(4.711671071431,3.200082322615));
#2877 = CARTESIAN_POINT('',(4.711671071431,3.267362191346));
#2878 = CARTESIAN_POINT('',(4.711671071431,3.334710554754));
#2879 = CARTESIAN_POINT('',(4.711671071431,3.402117408256));
#2880 = CARTESIAN_POINT('',(4.711671071431,3.469573270954));
#2881 = CARTESIAN_POINT('',(4.711671071431,3.537069185637));
#2882 = CARTESIAN_POINT('',(4.711671071431,3.604596718781));
#2883 = CARTESIAN_POINT('',(4.711671071431,3.81342340085));
#2884 = CARTESIAN_POINT('',(4.711671071431,3.954800375177));
#2885 = CARTESIAN_POINT('',(4.711671071431,4.096210384624));
#2886 = CARTESIAN_POINT('',(4.711671071431,4.23759293733));
#2887 = CARTESIAN_POINT('',(4.711671071431,4.378898361636));
#2888 = CARTESIAN_POINT('',(4.711671071431,4.520089301881));
#2889 = CARTESIAN_POINT('',(4.711671071431,4.661140896826));
#2890 = CARTESIAN_POINT('',(4.711671071431,4.863159061125));
#2891 = CARTESIAN_POINT('',(4.711671071431,4.924247605048));
#2892 = CARTESIAN_POINT('',(4.711671071431,4.985279975407));
#2893 = CARTESIAN_POINT('',(4.711671071431,5.046295367393));
#2894 = CARTESIAN_POINT('',(4.711671071431,5.107253667817));
#2895 = CARTESIAN_POINT('',(4.711671071431,5.168189025584));
#2896 = CARTESIAN_POINT('',(4.711671071431,5.22908387633));
#2897 = CARTESIAN_POINT('',(4.711671071431,5.351041113267));
#2898 = CARTESIAN_POINT('',(4.711671071431,5.412101478467));
#2899 = CARTESIAN_POINT('',(4.711671071431,5.473130086787));
#2900 = CARTESIAN_POINT('',(4.711671071431,5.534128562366));
#2901 = CARTESIAN_POINT('',(4.711671071431,5.595098573986));
#2902 = CARTESIAN_POINT('',(4.711671071431,5.656041835083));
#2903 = CARTESIAN_POINT('',(4.711671071431,5.716960103739));
#2904 = CARTESIAN_POINT('',(4.711671071431,5.987046742182));
#2905 = CARTESIAN_POINT('',(4.711671071431,6.195940337709));
#2906 = CARTESIAN_POINT('',(4.711671071431,6.404641854405));
#2907 = CARTESIAN_POINT('',(4.711671071431,6.613224468714));
#2908 = CARTESIAN_POINT('',(4.711671071431,6.821734518389));
#2909 = CARTESIAN_POINT('',(4.711671071431,7.03019737248));
#2910 = CARTESIAN_POINT('',(4.711671071431,7.238623301329));
#2911 = CARTESIAN_POINT('',(4.711671071431,7.546615314215));
#2912 = CARTESIAN_POINT('',(4.711671071431,7.646203145933));
#2913 = CARTESIAN_POINT('',(4.711671071431,7.745773651678));
#2914 = CARTESIAN_POINT('',(4.711671071431,7.845320995409));
#2915 = CARTESIAN_POINT('',(4.711671071431,7.944836766059));
#2916 = CARTESIAN_POINT('',(4.711671071431,8.044310048513));
#2917 = CARTESIAN_POINT('',(4.711671071431,8.143727494579));
#2918 = CARTESIAN_POINT('',(4.711671071431,8.281585528012));
#2919 = CARTESIAN_POINT('',(4.711671071431,8.320056359993));
#2920 = CARTESIAN_POINT('',(4.711671071431,8.358610861633));
#2921 = CARTESIAN_POINT('',(4.711671071431,8.397084636409));
#2922 = CARTESIAN_POINT('',(4.711671071431,8.435640261658));
#2923 = CARTESIAN_POINT('',(4.711671071431,8.474152218906));
#2924 = CARTESIAN_POINT('',(4.711671071431,8.512690443443));
#2925 = CARTESIAN_POINT('',(4.711671071431,8.592946701353));
#2926 = CARTESIAN_POINT('',(4.711671071431,8.634671757662));
#2927 = CARTESIAN_POINT('',(4.711671071431,8.676399877901));
#2928 = CARTESIAN_POINT('',(4.711671071431,8.718130165157));
#2929 = CARTESIAN_POINT('',(4.711671071431,8.759861787006));
#2930 = CARTESIAN_POINT('',(4.711671071431,8.801593975508));
#2931 = CARTESIAN_POINT('',(4.711671071431,8.843326027211));
#2932 = CARTESIAN_POINT('',(4.711671071431,9.094078376705));
#2933 = CARTESIAN_POINT('',(4.711671071431,9.303059184792));
#2934 = CARTESIAN_POINT('',(4.711671071431,9.511948429447));
#2935 = CARTESIAN_POINT('',(4.711671071431,9.720705346624));
#2936 = CARTESIAN_POINT('',(4.711671071431,9.929304211916));
#2937 = CARTESIAN_POINT('',(4.711671071431,10.13773884627));
#2938 = CARTESIAN_POINT('',(4.711671071431,10.346027121707));
#2939 = CARTESIAN_POINT('',(4.711671071431,10.772893409395));
#2940 = CARTESIAN_POINT('',(4.711671071431,10.991415129266));
#2941 = CARTESIAN_POINT('',(4.711671071431,11.209835748682));
#2942 = CARTESIAN_POINT('',(4.711671071431,11.428177139284));
#2943 = CARTESIAN_POINT('',(4.711671071431,11.646436352346));
#2944 = CARTESIAN_POINT('',(4.711671071431,11.864591032228));
#2945 = CARTESIAN_POINT('',(4.711671071431,12.082601813255));
#2946 = CARTESIAN_POINT('',(4.711671071431,12.342120605182));
#2947 = CARTESIAN_POINT('',(4.711671071431,12.383822798066));
#2948 = CARTESIAN_POINT('',(4.711671071431,12.425556000284));
#2949 = CARTESIAN_POINT('',(4.711671071431,12.467267883518));
#2950 = CARTESIAN_POINT('',(4.711671071431,12.509011574489));
#2951 = CARTESIAN_POINT('',(4.711671071431,12.55074527144));
#2952 = CARTESIAN_POINT('',(4.711671071431,12.592492442163));
#2953 = CARTESIAN_POINT('',(4.711671071431,12.762458720605));
#2954 = CARTESIAN_POINT('',(4.711671071431,12.890727344947));
#2955 = CARTESIAN_POINT('',(4.711671071431,13.019046040844));
#2956 = CARTESIAN_POINT('',(4.711671071431,13.14741323722));
#2957 = CARTESIAN_POINT('',(4.711671071431,13.275829424672));
#2958 = CARTESIAN_POINT('',(4.711671071431,13.404297623226));
#2959 = CARTESIAN_POINT('',(4.711671071431,13.532823850109));
#2960 = CARTESIAN_POINT('',(4.711671071431,13.866119851269));
#2961 = CARTESIAN_POINT('',(4.711671071431,14.070966123952));
#2962 = CARTESIAN_POINT('',(4.711671071431,14.276014605489));
#2963 = CARTESIAN_POINT('',(4.711671071431,14.481299144092));
#2964 = CARTESIAN_POINT('',(4.711671071431,14.686834126821));
#2965 = CARTESIAN_POINT('',(4.711671071431,14.892619370154));
#2966 = CARTESIAN_POINT('',(4.711671071431,15.098645010549));
#2967 = CARTESIAN_POINT('',(4.711671071431,15.39788423988));
#2968 = CARTESIAN_POINT('',(4.711671071431,15.490913026538));
#2969 = CARTESIAN_POINT('',(4.711671071431,15.583978836908));
#2970 = CARTESIAN_POINT('',(4.711671071431,15.677075881351));
#2971 = CARTESIAN_POINT('',(4.711671071431,15.770196545585));
#2972 = CARTESIAN_POINT('',(4.711671071431,15.863331437593));
#2973 = CARTESIAN_POINT('',(4.711671071431,15.95646943454));
#2974 = CARTESIAN_POINT('',(4.711671071431,16.078464444017));
#2975 = CARTESIAN_POINT('',(4.711671071431,16.107335747149));
#2976 = CARTESIAN_POINT('',(4.711671071431,16.136214867));
#2977 = CARTESIAN_POINT('',(4.711671071431,16.165102210844));
#2978 = CARTESIAN_POINT('',(4.711671071431,16.193996591877));
#2979 = CARTESIAN_POINT('',(4.711671071431,16.222896455793));
#2980 = CARTESIAN_POINT('',(4.711671071431,16.251801107358));
#2981 = CARTESIAN_POINT('',(4.711671071431,16.370514332855));
#2982 = CARTESIAN_POINT('',(4.711671071431,16.460365766246));
#2983 = CARTESIAN_POINT('',(4.711671071431,16.550251261659));
#2984 = CARTESIAN_POINT('',(4.711671071431,16.640156817716));
#2985 = CARTESIAN_POINT('',(4.711671071431,16.730069410737));
#2986 = CARTESIAN_POINT('',(4.711671071431,16.819976998311));
#2987 = CARTESIAN_POINT('',(4.711671071431,16.909868522873));
#2988 = CARTESIAN_POINT('',(4.711671071431,17.301218393532));
#2989 = CARTESIAN_POINT('',(4.711671071431,17.602343189612));
#2990 = CARTESIAN_POINT('',(4.711671071431,17.902817800679));
#2991 = CARTESIAN_POINT('',(4.711671071431,18.202388004346));
#2992 = CARTESIAN_POINT('',(4.711671071431,18.500836441824));
#2993 = CARTESIAN_POINT('',(4.711671071431,18.797985747074));
#2994 = CARTESIAN_POINT('',(4.711671071431,19.093704221968));
#2995 = CARTESIAN_POINT('',(4.711671071431,19.416857918538));
#2996 = CARTESIAN_POINT('',(4.711671071431,19.445784155387));
#2997 = CARTESIAN_POINT('',(4.711671071431,19.474696863223));
#2998 = CARTESIAN_POINT('',(4.711671071431,19.503595438887));
#2999 = CARTESIAN_POINT('',(4.711671071431,19.532477372825));
#3000 = CARTESIAN_POINT('',(4.711671071431,19.561341041089));
#3001 = CARTESIAN_POINT('',(4.711671071431,19.590188497321));
#3002 = CARTESIAN_POINT('',(4.711671071431,19.712193942221));
#3003 = CARTESIAN_POINT('',(4.711671071431,19.805278775546));
#3004 = CARTESIAN_POINT('',(4.711671071431,19.898310711375));
#3005 = CARTESIAN_POINT('',(4.711671071431,19.991318284518));
#3006 = CARTESIAN_POINT('',(4.711671071431,20.084331213798));
#3007 = CARTESIAN_POINT('',(4.711671071431,20.177380997881));
#3008 = CARTESIAN_POINT('',(4.711671071431,20.270501511126));
#3009 = CARTESIAN_POINT('',(4.711671071431,20.637204880731));
#3010 = CARTESIAN_POINT('',(4.711671071431,20.911027325498));
#3011 = CARTESIAN_POINT('',(4.711671071431,21.186817425028));
#3012 = CARTESIAN_POINT('',(4.711671071431,21.465699171043));
#3013 = CARTESIAN_POINT('',(4.711671071431,21.748407618238));
#3014 = CARTESIAN_POINT('',(4.711671071431,22.035476347415));
#3015 = CARTESIAN_POINT('',(4.711671071431,22.326924939597));
#3016 = CARTESIAN_POINT('',(4.711671071431,22.668085491579));
#3017 = CARTESIAN_POINT('',(4.711671071431,22.712771597121));
#3018 = CARTESIAN_POINT('',(4.711671071431,22.75760378464));
#3019 = CARTESIAN_POINT('',(4.711671071431,22.802506776746));
#3020 = CARTESIAN_POINT('',(4.711671071431,22.847534786368));
#3021 = CARTESIAN_POINT('',(4.711671071431,22.892625393836));
#3022 = CARTESIAN_POINT('',(4.711671071431,22.937796342959));
#3023 = CARTESIAN_POINT('',(4.711671071431,23.151349749417));
#3024 = CARTESIAN_POINT('',(4.711671071431,23.320502657938));
#3025 = CARTESIAN_POINT('',(4.711671071431,23.489841609451));
#3026 = CARTESIAN_POINT('',(4.711671071431,23.658845534449));
#3027 = CARTESIAN_POINT('',(4.711671071431,23.826859106088));
#3028 = CARTESIAN_POINT('',(4.711671071431,23.99313111663));
#3029 = CARTESIAN_POINT('',(4.711671071431,24.157088349521));
#3030 = CARTESIAN_POINT('',(4.711671071431,24.504374857684));
#3031 = CARTESIAN_POINT('',(4.711671071431,24.686723543708));
#3032 = CARTESIAN_POINT('',(4.711671071431,24.864712616744));
#3033 = CARTESIAN_POINT('',(4.711671071431,25.037818184046));
#3034 = CARTESIAN_POINT('',(4.711671071431,25.205834624092));
#3035 = CARTESIAN_POINT('',(4.711671071431,25.368736258648));
#3036 = CARTESIAN_POINT('',(4.711671071431,25.526526231056));
#3037 = CARTESIAN_POINT('',(4.711671071431,25.679356367485));
#3038 = ( GEOMETRIC_REPRESENTATION_CONTEXT(2) 
PARAMETRIC_REPRESENTATION_CONTEXT() REPRESENTATION_CONTEXT('2D SPACE',''
  ) );
#3039 = FACE_BOUND('',#3040,.T.);
#3040 = EDGE_LOOP('',(#3041));
#3041 = ORIENTED_EDGE('',*,*,#3042,.F.);
#3042 = EDGE_CURVE('',#3043,#3043,#3045,.T.);
#3043 = VERTEX_POINT('',#3044);
#3044 = CARTESIAN_POINT('',(12.980947501931,-2.3,2.));
#3045 = SURFACE_CURVE('',#3046,(#3051,#3058),.PCURVE_S1.);
#3046 = CIRCLE('',#3047,0.580947501931);
#3047 = AXIS2_PLACEMENT_3D('',#3048,#3049,#3050);
#3048 = CARTESIAN_POINT('',(12.4,-2.3,2.));
#3049 = DIRECTION('',(0.,0.,1.));
#3050 = DIRECTION('',(1.,0.,-0.));
#3051 = PCURVE('',#854,#3052);
#3052 = DEFINITIONAL_REPRESENTATION('',(#3053),#3057);
#3053 = CIRCLE('',#3054,0.580947501931);
#3054 = AXIS2_PLACEMENT_2D('',#3055,#3056);
#3055 = CARTESIAN_POINT('',(13.4,-2.3));
#3056 = DIRECTION('',(1.,0.));
#3057 = ( GEOMETRIC_REPRESENTATION_CONTEXT(2) 
PARAMETRIC_REPRESENTATION_CONTEXT() REPRESENTATION_CONTEXT('2D SPACE',''
  ) );
#3058 = PCURVE('',#3059,#3064);
#3059 = SPHERICAL_SURFACE('',#3060,0.6);
#3060 = AXIS2_PLACEMENT_3D('',#3061,#3062,#3063);
#3061 = CARTESIAN_POINT('',(12.4,-2.3,1.85));
#3062 = DIRECTION('',(0.,0.,1.));
#3063 = DIRECTION('',(1.,0.,-0.));
#3064 = DEFINITIONAL_REPRESENTATION('',(#3065),#3069);
#3065 = LINE('',#3066,#3067);
#3066 = CARTESIAN_POINT('',(0.,0.252680255142));
#3067 = VECTOR('',#3068,1.);
#3068 = DIRECTION('',(1.,0.));
#3069 = ( GEOMETRIC_REPRESENTATION_CONTEXT(2) 
PARAMETRIC_REPRESENTATION_CONTEXT() REPRESENTATION_CONTEXT('2D SPACE',''
  ) );
#3070 = FACE_BOUND('',#3071,.T.);
#3071 = EDGE_LOOP('',(#3072));
#3072 = ORIENTED_EDGE('',*,*,#3073,.F.);
#3073 = EDGE_CURVE('',#3074,#3074,#3076,.T.);
#3074 = VERTEX_POINT('',#3075);
#3075 = CARTESIAN_POINT('',(13.180947501931,2.4,2.));
#3076 = SURFACE_CURVE('',#3077,(#3082,#3089),.PCURVE_S1.);
#3077 = CIRCLE('',#3078,0.580947501931);
#3078 = AXIS2_PLACEMENT_3D('',#3079,#3080,#3081);
#3079 = CARTESIAN_POINT('',(12.6,2.4,2.));
#3080 = DIRECTION('',(0.,0.,1.));
#3081 = DIRECTION('',(1.,0.,-0.));
#3082 = PCURVE('',#854,#3083);
#3083 = DEFINITIONAL_REPRESENTATION('',(#3084),#3088);
#3084 = CIRCLE('',#3085,0.580947501931);
#3085 = AXIS2_PLACEMENT_2D('',#3086,#3087);
#3086 = CARTESIAN_POINT('',(13.6,2.4));
#3087 = DIRECTION('',(1.,0.));
#3088 = ( GEOMETRIC_REPRESENTATION_CONTEXT(2) 
PARAMETRIC_REPRESENTATION_CONTEXT() REPRESENTATION_CONTEXT('2D SPACE',''
  ) );
#3089 = PCURVE('',#3090,#3095);
#3090 = SPHERICAL_SURFACE('',#3091,0.6);
#3091 = AXIS2_PLACEMENT_3D('',#3092,#3093,#3094);
#3092 = CARTESIAN_POINT('',(12.6,2.4,1.85));
#3093 = DIRECTION('',(0.,0.,1.));
#3094 = DIRECTION('',(1.,0.,-0.));
#3095 = DEFINITIONAL_REPRESENTATION('',(#3096),#3100);
#3096 = LINE('',#3097,#3098);
#3097 = CARTESIAN_POINT('',(0.,0.252680255142));
#3098 = VECTOR('',#3099,1.);
#3099 = DIRECTION('',(1.,0.));
#3100 = ( GEOMETRIC_REPRESENTATION_CONTEXT(2) 
PARAMETRIC_REPRESENTATION_CONTEXT() REPRESENTATION_CONTEXT('2D SPACE',''
  ) );
#3101 = FACE_BOUND('',#3102,.T.);
#3102 = EDGE_LOOP('',(#3103));
#3103 = ORIENTED_EDGE('',*,*,#3104,.F.);
#3104 = EDGE_CURVE('',#3105,#3105,#3107,.T.);
#3105 = VERTEX_POINT('',#3106);
#3106 = CARTESIAN_POINT('',(8.380947501931,12.8,2.));
#3107 = SURFACE_CURVE('',#3108,(#3113,#3120),.PCURVE_S1.);
#3108 = CIRCLE('',#3109,0.580947501931);
#3109 = AXIS2_PLACEMENT_3D('',#3110,#3111,#3112);
#3110 = CARTESIAN_POINT('',(7.8,12.8,2.));
#3111 = DIRECTION('',(0.,0.,1.));
#3112 = DIRECTION('',(1.,0.,-0.));
#3113 = PCURVE('',#854,#3114);
#3114 = DEFINITIONAL_REPRESENTATION('',(#3115),#3119);
#3115 = CIRCLE('',#3116,0.580947501931);
#3116 = AXIS2_PLACEMENT_2D('',#3117,#3118);
#3117 = CARTESIAN_POINT('',(8.8,12.8));
#3118 = DIRECTION('',(1.,0.));
#3119 = ( GEOMETRIC_REPRESENTATION_CONTEXT(2) 
PARAMETRIC_REPRESENTATION_CONTEXT() REPRESENTATION_CONTEXT('2D SPACE',''
  ) );
#3120 = PCURVE('',#3121,#3126);
#3121 = SPHERICAL_SURFACE('',#3122,0.6);
#3122 = AXIS2_PLACEMENT_3D('',#3123,#3124,#3125);
#3123 = CARTESIAN_POINT('',(7.8,12.8,1.85));
#3124 = DIRECTION('',(0.,0.,1.));
#3125 = DIRECTION('',(1.,0.,-0.));
#3126 = DEFINITIONAL_REPRESENTATION('',(#3127),#3131);
#3127 = LINE('',#3128,#3129);
#3128 = CARTESIAN_POINT('',(0.,0.252680255142));
#3129 = VECTOR('',#3130,1.);
#3130 = DIRECTION('',(1.,0.));
#3131 = ( GEOMETRIC_REPRESENTATION_CONTEXT(2) 
PARAMETRIC_REPRESENTATION_CONTEXT() REPRESENTATION_CONTEXT('2D SPACE',''
  ) );
#3132 = FACE_BOUND('',#3133,.T.);
#3133 = EDGE_LOOP('',(#3134));
#3134 = ORIENTED_EDGE('',*,*,#3135,.F.);
#3135 = EDGE_CURVE('',#3136,#3136,#3138,.T.);
#3136 = VERTEX_POINT('',#3137);
#3137 = CARTESIAN_POINT('',(10.380947501931,15.,2.));
#3138 = SURFACE_CURVE('',#3139,(#3144,#3151),.PCURVE_S1.);
#3139 = CIRCLE('',#3140,0.580947501931);
#3140 = AXIS2_PLACEMENT_3D('',#3141,#3142,#3143);
#3141 = CARTESIAN_POINT('',(9.8,15.,2.));
#3142 = DIRECTION('',(0.,0.,1.));
#3143 = DIRECTION('',(1.,0.,-0.));
#3144 = PCURVE('',#854,#3145);
#3145 = DEFINITIONAL_REPRESENTATION('',(#3146),#3150);
#3146 = CIRCLE('',#3147,0.580947501931);
#3147 = AXIS2_PLACEMENT_2D('',#3148,#3149);
#3148 = CARTESIAN_POINT('',(10.8,15.));
#3149 = DIRECTION('',(1.,0.));
#3150 = ( GEOMETRIC_REPRESENTATION_CONTEXT(2) 
PARAMETRIC_REPRESENTATION_CONTEXT() REPRESENTATION_CONTEXT('2D SPACE',''
  ) );
#3151 = PCURVE('',#3152,#3157);
#3152 = SPHERICAL_SURFACE('',#3153,0.6);
#3153 = AXIS2_PLACEMENT_3D('',#3154,#3155,#3156);
#3154 = CARTESIAN_POINT('',(9.8,15.,1.85));
#3155 = DIRECTION('',(0.,0.,1.));
#3156 = DIRECTION('',(1.,0.,-0.));
#3157 = DEFINITIONAL_REPRESENTATION('',(#3158),#3162);
#3158 = LINE('',#3159,#3160);
#3159 = CARTESIAN_POINT('',(0.,0.252680255142));
#3160 = VECTOR('',#3161,1.);
#3161 = DIRECTION('',(1.,0.));
#3162 = ( GEOMETRIC_REPRESENTATION_CONTEXT(2) 
PARAMETRIC_REPRESENTATION_CONTEXT() REPRESENTATION_CONTEXT('2D SPACE',''
  ) );
#3163 = FACE_BOUND('',#3164,.T.);
#3164 = EDGE_LOOP('',(#3165));
#3165 = ORIENTED_EDGE('',*,*,#3166,.T.);
#3166 = EDGE_CURVE('',#3167,#3167,#3169,.T.);
#3167 = VERTEX_POINT('',#3168);
#3168 = CARTESIAN_POINT('',(8.154976399388,10.558810841013,2.));
#3169 = SURFACE_CURVE('',#3170,(#3341,#3515),.PCURVE_S1.);
#3170 = B_SPLINE_CURVE_WITH_KNOTS('',7,(#3171,#3172,#3173,#3174,#3175,
    #3176,#3177,#3178,#3179,#3180,#3181,#3182,#3183,#3184,#3185,#3186,
    #3187,#3188,#3189,#3190,#3191,#3192,#3193,#3194,#3195,#3196,#3197,
    #3198,#3199,#3200,#3201,#3202,#3203,#3204,#3205,#3206,#3207,#3208,
    #3209,#3210,#3211,#3212,#3213,#3214,#3215,#3216,#3217,#3218,#3219,
    #3220,#3221,#3222,#3223,#3224,#3225,#3226,#3227,#3228,#3229,#3230,
    #3231,#3232,#3233,#3234,#3235,#3236,#3237,#3238,#3239,#3240,#3241,
    #3242,#3243,#3244,#3245,#3246,#3247,#3248,#3249,#3250,#3251,#3252,
    #3253,#3254,#3255,#3256,#3257,#3258,#3259,#3260,#3261,#3262,#3263,
    #3264,#3265,#3266,#3267,#3268,#3269,#3270,#3271,#3272,#3273,#3274,
    #3275,#3276,#3277,#3278,#3279,#3280,#3281,#3282,#3283,#3284,#3285,
    #3286,#3287,#3288,#3289,#3290,#3291,#3292,#3293,#3294,#3295,#3296,
    #3297,#3298,#3299,#3300,#3301,#3302,#3303,#3304,#3305,#3306,#3307,
    #3308,#3309,#3310,#3311,#3312,#3313,#3314,#3315,#3316,#3317,#3318,
    #3319,#3320,#3321,#3322,#3323,#3324,#3325,#3326,#3327,#3328,#3329,
    #3330,#3331,#3332,#3333,#3334,#3335,#3336,#3337,#3338,#3339,#3340),
  .UNSPECIFIED.,.T.,.F.,(8,6,6,6,6,6,6,6,6,6,6,6,6,6,6,6,6,6,6,6,6,6,6,6
    ,6,6,6,6,8),(0.,5.314108196136E-02,0.155068094057,0.234913103896,
    0.265598046417,0.281450506165,0.297371799216,0.323419620589,
    0.3777182749,0.389773499169,0.395801111302,0.402835569433,
    0.432923407023,0.49399796593,0.50197339479,0.558419461168,
    0.614011309301,0.695944902331,0.717734985683,0.728608701094,
    0.739482546717,0.789964368901,0.828125207185,0.847475520948,
    0.856686616179,0.866946481786,0.928650697926,0.953940584197,1.),
  .UNSPECIFIED.);
#3171 = CARTESIAN_POINT('',(8.154976399388,10.558810841013,2.));
#3172 = CARTESIAN_POINT('',(8.220742625456,10.841441137404,2.));
#3173 = CARTESIAN_POINT('',(8.304383153338,11.119562030375,2.));
#3174 = CARTESIAN_POINT('',(8.404917437234,11.392285172246,2.));
#3175 = CARTESIAN_POINT('',(8.521234639262,11.658919339839,2.));
#3176 = CARTESIAN_POINT('',(8.652195011916,11.918933433998,2.));
#3177 = CARTESIAN_POINT('',(8.796700058668,12.171924754702,2.));
#3178 = CARTESIAN_POINT('',(9.25492495124,12.88879460428,2.));
#3179 = CARTESIAN_POINT('',(9.602009890827,13.332752734328,2.));
#3180 = CARTESIAN_POINT('',(9.987958257229,13.747811335982,2.));
#3181 = CARTESIAN_POINT('',(10.406584655627,14.132699062687,2.));
#3182 = CARTESIAN_POINT('',(10.852637166694,14.486206618241,2.));
#3183 = CARTESIAN_POINT('',(11.321673056712,14.807101464083,2.));
#3184 = CARTESIAN_POINT('',(12.193012366089,15.318195231162,2.));
#3185 = CARTESIAN_POINT('',(12.587757023409,15.521677471505,2.));
#3186 = CARTESIAN_POINT('',(12.993401693062,15.702374965803,2.));
#3187 = CARTESIAN_POINT('',(13.408690019655,15.85814473596,2.));
#3188 = CARTESIAN_POINT('',(13.832161597323,15.986495354625,2.));
#3189 = CARTESIAN_POINT('',(14.26207560758,16.084692396311,2.));
#3190 = CARTESIAN_POINT('',(14.863179637139,16.175010835432,2.));
#3191 = CARTESIAN_POINT('',(15.0306796038,16.1952159676,2.));
#3192 = CARTESIAN_POINT('',(15.198674178234,16.210394199004,2.));
#3193 = CARTESIAN_POINT('',(15.367021278608,16.220386538865,2.));
#3194 = CARTESIAN_POINT('',(15.535565344956,16.225037367954,2.));
#3195 = CARTESIAN_POINT('',(15.70413710033,16.224198740674,2.));
#3196 = CARTESIAN_POINT('',(15.95956052286,16.214395190179,2.));
#3197 = CARTESIAN_POINT('',(16.046526238639,16.209554485447,2.));
#3198 = CARTESIAN_POINT('',(16.133425114622,16.203193607629,2.));
#3199 = CARTESIAN_POINT('',(16.220230919876,16.195294812891,2.));
#3200 = CARTESIAN_POINT('',(16.306916537205,16.185841578902,2.));
#3201 = CARTESIAN_POINT('',(16.393453963149,16.174818604841,2.));
#3202 = CARTESIAN_POINT('',(16.566549322093,16.149550382529,2.));
#3203 = CARTESIAN_POINT('',(16.653106856588,16.135291347261,2.));
#3204 = CARTESIAN_POINT('',(16.739453390177,16.119421413501,2.));
#3205 = CARTESIAN_POINT('',(16.825568545076,16.101926660089,2.));
#3206 = CARTESIAN_POINT('',(16.911407176499,16.082798790811,2.));
#3207 = CARTESIAN_POINT('',(16.996954170526,16.062026651536,2.));
#3208 = CARTESIAN_POINT('',(17.221562096636,16.002927578269,2.));
#3209 = CARTESIAN_POINT('',(17.359974740097,15.961856706627,2.));
#3210 = CARTESIAN_POINT('',(17.497243916612,15.916498726505,2.));
#3211 = CARTESIAN_POINT('',(17.633210997751,15.86695060038,2.));
#3212 = CARTESIAN_POINT('',(17.767718235216,15.813300789786,2.));
#3213 = CARTESIAN_POINT('',(17.900608760836,15.755629255321,2.));
#3214 = CARTESIAN_POINT('',(18.305051234133,15.565551650099,2.));
#3215 = CARTESIAN_POINT('',(18.570613262204,15.419956793571,2.));
#3216 = CARTESIAN_POINT('',(18.827065762626,15.257841337425,2.));
#3217 = CARTESIAN_POINT('',(19.072886140729,15.079707453839,2.));
#3218 = CARTESIAN_POINT('',(19.306387904419,14.886000378224,2.));
#3219 = CARTESIAN_POINT('',(19.525732453247,14.677167750639,2.));
#3220 = CARTESIAN_POINT('',(19.774056637446,14.404109435745,2.));
#3221 = CARTESIAN_POINT('',(19.818371256656,14.353785791295,2.));
#3222 = CARTESIAN_POINT('',(19.861863486139,14.302753833168,2.));
#3223 = CARTESIAN_POINT('',(19.904511805465,14.251019488369,2.));
#3224 = CARTESIAN_POINT('',(19.946294412766,14.198588801607,2.));
#3225 = CARTESIAN_POINT('',(19.987189224735,14.145467935295,2.));
#3226 = CARTESIAN_POINT('',(20.047166200891,14.064760790777,2.));
#3227 = CARTESIAN_POINT('',(20.066930982081,14.0376874447,2.));
#3228 = CARTESIAN_POINT('',(20.086465422848,14.010443920527,2.));
#3229 = CARTESIAN_POINT('',(20.105766706204,13.983031020022,2.));
#3230 = CARTESIAN_POINT('',(20.124831995516,13.955449557507,2.));
#3231 = CARTESIAN_POINT('',(20.143658434509,13.927700359863,2.));
#3232 = CARTESIAN_POINT('',(20.183933720346,13.867202866793,2.));
#3233 = CARTESIAN_POINT('',(20.205291361038,13.834399660278,2.));
#3234 = CARTESIAN_POINT('',(20.226313252398,13.801373602067,2.));
#3235 = CARTESIAN_POINT('',(20.24699529109,13.768125633857,2.));
#3236 = CARTESIAN_POINT('',(20.267332087378,13.734658683959,2.));
#3237 = CARTESIAN_POINT('',(20.287316965134,13.7009776673,2.));
#3238 = CARTESIAN_POINT('',(20.3908596518,13.522182550865,2.));
#3239 = CARTESIAN_POINT('',(20.468136768466,13.373652628468,2.));
#3240 = CARTESIAN_POINT('',(20.538807886417,13.221916611337,2.));
#3241 = CARTESIAN_POINT('',(20.602943928137,13.067373855442,2.));
#3242 = CARTESIAN_POINT('',(20.660641919869,12.910402829662,2.));
#3243 = CARTESIAN_POINT('',(20.712014747484,12.75135776582,2.));
#3244 = CARTESIAN_POINT('',(20.848862744202,12.264176639277,2.));
#3245 = CARTESIAN_POINT('',(20.914944205232,11.930684530132,2.));
#3246 = CARTESIAN_POINT('',(20.956484176236,11.59270196855,2.));
#3247 = CARTESIAN_POINT('',(20.974517395992,11.252607057842,2.));
#3248 = CARTESIAN_POINT('',(20.969936546154,10.912561611746,2.));
#3249 = CARTESIAN_POINT('',(20.943399333893,10.574550748489,2.));
#3250 = CARTESIAN_POINT('',(20.88897433316,10.196813906636,2.));
#3251 = CARTESIAN_POINT('',(20.882322507842,10.153270207041,2.));
#3252 = CARTESIAN_POINT('',(20.875306560469,10.109817186474,2.));
#3253 = CARTESIAN_POINT('',(20.867927978877,10.066459945654,2.));
#3254 = CARTESIAN_POINT('',(20.860188274575,10.023203885291,2.));
#3255 = CARTESIAN_POINT('',(20.852088982755,9.980054706088,2.));
#3256 = CARTESIAN_POINT('',(20.783777390833,9.63244392741,2.));
#3257 = CARTESIAN_POINT('',(20.705799766883,9.33257170774,2.));
#3258 = CARTESIAN_POINT('',(20.610361430578,9.038314688207,2.));
#3259 = CARTESIAN_POINT('',(20.498334820763,8.750408651001,2.));
#3260 = CARTESIAN_POINT('',(20.370705980003,8.469433094791,2.));
#3261 = CARTESIAN_POINT('',(20.228502341048,8.195832632765,2.));
#3262 = CARTESIAN_POINT('',(19.919343822581,7.668069091987,2.));
#3263 = CARTESIAN_POINT('',(19.752795976245,7.413674730938,2.));
#3264 = CARTESIAN_POINT('',(19.57406518642,7.16705360314,2.));
#3265 = CARTESIAN_POINT('',(19.384105089513,6.928407353777,2.));
#3266 = CARTESIAN_POINT('',(19.183824837514,6.69786568227,2.));
#3267 = CARTESIAN_POINT('',(18.974067170915,6.47550806081,2.));
#3268 = CARTESIAN_POINT('',(18.433600066088,5.945785623861,2.));
#3269 = CARTESIAN_POINT('',(18.092445233609,5.647763001006,2.));
#3270 = CARTESIAN_POINT('',(17.733424881964,5.369575021163,2.));
#3271 = CARTESIAN_POINT('',(17.357651088629,5.114187997275,2.));
#3272 = CARTESIAN_POINT('',(16.966323103622,4.885111527896,2.));
#3273 = CARTESIAN_POINT('',(16.560750987305,4.686514275852,2.));
#3274 = CARTESIAN_POINT('',(16.031336874427,4.479729677228,2.));
#3275 = CARTESIAN_POINT('',(15.919239809997,4.438787741008,2.));
#3276 = CARTESIAN_POINT('',(15.806301035491,4.400435772966,2.));
#3277 = CARTESIAN_POINT('',(15.69256210082,4.364768112976,2.));
#3278 = CARTESIAN_POINT('',(15.578069591675,4.331881419883,2.));
#3279 = CARTESIAN_POINT('',(15.462875605356,4.301873616044,2.));
#3280 = CARTESIAN_POINT('',(15.289232903973,4.261353893568,2.));
#3281 = CARTESIAN_POINT('',(15.231281187043,4.248609505242,2.));
#3282 = CARTESIAN_POINT('',(15.173188508101,4.236620781582,2.));
#3283 = CARTESIAN_POINT('',(15.114960475229,4.225398903038,2.));
#3284 = CARTESIAN_POINT('',(15.056602872293,4.21495511583,2.));
#3285 = CARTESIAN_POINT('',(14.998121658937,4.205300731944,2.));
#3286 = CARTESIAN_POINT('',(14.880924173783,4.187593508623,2.));
#3287 = CARTESIAN_POINT('',(14.822207043473,4.179540525235,2.));
#3288 = CARTESIAN_POINT('',(14.763384055714,4.172300509075,2.));
#3289 = CARTESIAN_POINT('',(14.704444386547,4.165882185999,2.));
#3290 = CARTESIAN_POINT('',(14.645421088814,4.16030125574,2.));
#3291 = CARTESIAN_POINT('',(14.586292249695,4.155564545746,2.));
#3292 = CARTESIAN_POINT('',(14.252290845297,4.133691675779,2.));
#3293 = CARTESIAN_POINT('',(13.976629639,4.134256662423,2.));
#3294 = CARTESIAN_POINT('',(13.701328775241,4.152914735424,2.));
#3295 = CARTESIAN_POINT('',(13.427473416379,4.188989557758,2.));
#3296 = CARTESIAN_POINT('',(13.156013990096,4.241692008906,2.));
#3297 = CARTESIAN_POINT('',(12.887772517383,4.310192896709,2.));
#3298 = CARTESIAN_POINT('',(12.423647647379,4.456777394356,2.));
#3299 = CARTESIAN_POINT('',(12.226085244733,4.528441258982,2.));
#3300 = CARTESIAN_POINT('',(12.031068306392,4.608309937856,2.));
#3301 = CARTESIAN_POINT('',(11.838867791653,4.696032950768,2.));
#3302 = CARTESIAN_POINT('',(11.649727648483,4.791269557454,2.));
#3303 = CARTESIAN_POINT('',(11.463868049624,4.893694800532,2.));
#3304 = CARTESIAN_POINT('',(11.189009011908,5.05843398558,2.));
#3305 = CARTESIAN_POINT('',(11.09742497571,5.115632363781,2.));
#3306 = CARTESIAN_POINT('',(11.006762860913,5.174560716642,2.));
#3307 = CARTESIAN_POINT('',(10.917048210137,5.235180132841,2.));
#3308 = CARTESIAN_POINT('',(10.828305767818,5.297452756152,2.));
#3309 = CARTESIAN_POINT('',(10.74055948021,5.361341785449,2.));
#3310 = CARTESIAN_POINT('',(10.612548912872,5.457976216823,2.));
#3311 = CARTESIAN_POINT('',(10.571464254487,5.48952332565,2.));
#3312 = CARTESIAN_POINT('',(10.530581689713,5.521449938331,2.));
#3313 = CARTESIAN_POINT('',(10.489904396606,5.553753198694,2.));
#3314 = CARTESIAN_POINT('',(10.449435561794,5.586430257245,2.));
#3315 = CARTESIAN_POINT('',(10.409178380478,5.619478271175,2.));
#3316 = CARTESIAN_POINT('',(10.324533656117,5.690115912023,2.));
#3317 = CARTESIAN_POINT('',(10.280238008576,5.72776115556,2.));
#3318 = CARTESIAN_POINT('',(10.236247536603,5.76582765264,2.));
#3319 = CARTESIAN_POINT('',(10.192567136101,5.804309745636,2.));
#3320 = CARTESIAN_POINT('',(10.149204857433,5.843200442872,2.));
#3321 = CARTESIAN_POINT('',(10.106168586765,5.882493259873,2.));
#3322 = CARTESIAN_POINT('',(9.806626804544,6.160887947364,2.));
#3323 = CARTESIAN_POINT('',(9.561863238538,6.413884971706,2.));
#3324 = CARTESIAN_POINT('',(9.330473592943,6.680116936725,2.));
#3325 = CARTESIAN_POINT('',(9.114188685219,6.95875168239,2.));
#3326 = CARTESIAN_POINT('',(8.915092821341,7.248901426501,2.));
#3327 = CARTESIAN_POINT('',(8.735700829716,7.549790335131,2.));
#3328 = CARTESIAN_POINT('',(8.514921175753,7.988064553783,2.));
#3329 = CARTESIAN_POINT('',(8.4545796524,8.117127446214,2.));
#3330 = CARTESIAN_POINT('',(8.398294849667,8.247778338738,2.));
#3331 = CARTESIAN_POINT('',(8.346303972421,8.379939718695,2.));
#3332 = CARTESIAN_POINT('',(8.298862282624,8.513518673822,2.));
#3333 = CARTESIAN_POINT('',(8.256239756403,8.648403989406,2.));
#3334 = CARTESIAN_POINT('',(8.150380354528,9.032262273842,2.));
#3335 = CARTESIAN_POINT('',(8.098963648065,9.283944595274,2.));
#3336 = CARTESIAN_POINT('',(8.066161313935,9.538706288152,2.));
#3337 = CARTESIAN_POINT('',(8.053815740197,9.795382497083,2.));
#3338 = CARTESIAN_POINT('',(8.06371053893,10.052393754125,2.));
#3339 = CARTESIAN_POINT('',(8.097298708272,10.307678718534,2.));
#3340 = CARTESIAN_POINT('',(8.154976399388,10.558810841013,2.));
#3341 = PCURVE('',#854,#3342);
#3342 = DEFINITIONAL_REPRESENTATION('',(#3343),#3514);
#3343 = B_SPLINE_CURVE_WITH_KNOTS('',7,(#3344,#3345,#3346,#3347,#3348,
    #3349,#3350,#3351,#3352,#3353,#3354,#3355,#3356,#3357,#3358,#3359,
    #3360,#3361,#3362,#3363,#3364,#3365,#3366,#3367,#3368,#3369,#3370,
    #3371,#3372,#3373,#3374,#3375,#3376,#3377,#3378,#3379,#3380,#3381,
    #3382,#3383,#3384,#3385,#3386,#3387,#3388,#3389,#3390,#3391,#3392,
    #3393,#3394,#3395,#3396,#3397,#3398,#3399,#3400,#3401,#3402,#3403,
    #3404,#3405,#3406,#3407,#3408,#3409,#3410,#3411,#3412,#3413,#3414,
    #3415,#3416,#3417,#3418,#3419,#3420,#3421,#3422,#3423,#3424,#3425,
    #3426,#3427,#3428,#3429,#3430,#3431,#3432,#3433,#3434,#3435,#3436,
    #3437,#3438,#3439,#3440,#3441,#3442,#3443,#3444,#3445,#3446,#3447,
    #3448,#3449,#3450,#3451,#3452,#3453,#3454,#3455,#3456,#3457,#3458,
    #3459,#3460,#3461,#3462,#3463,#3464,#3465,#3466,#3467,#3468,#3469,
    #3470,#3471,#3472,#3473,#3474,#3475,#3476,#3477,#3478,#3479,#3480,
    #3481,#3482,#3483,#3484,#3485,#3486,#3487,#3488,#3489,#3490,#3491,
    #3492,#3493,#3494,#3495,#3496,#3497,#3498,#3499,#3500,#3501,#3502,
    #3503,#3504,#3505,#3506,#3507,#3508,#3509,#3510,#3511,#3512,#3513),
  .UNSPECIFIED.,.F.,.F.,(8,6,6,6,6,6,6,6,6,6,6,6,6,6,6,6,6,6,6,6,6,6,6,6
    ,6,6,6,6,8),(0.,5.314108196136E-02,0.155068094057,0.234913103896,
    0.265598046417,0.281450506165,0.297371799216,0.323419620589,
    0.3777182749,0.389773499169,0.395801111302,0.402835569433,
    0.432923407023,0.49399796593,0.50197339479,0.558419461168,
    0.614011309301,0.695944902331,0.717734985683,0.728608701094,
    0.739482546717,0.789964368901,0.828125207185,0.847475520948,
    0.856686616179,0.866946481786,0.928650697926,0.953940584197,1.),
  .UNSPECIFIED.);
#3344 = CARTESIAN_POINT('',(9.154976399388,10.558810841013));
#3345 = CARTESIAN_POINT('',(9.220742625456,10.841441137404));
#3346 = CARTESIAN_POINT('',(9.304383153338,11.119562030375));
#3347 = CARTESIAN_POINT('',(9.404917437234,11.392285172246));
#3348 = CARTESIAN_POINT('',(9.521234639262,11.658919339839));
#3349 = CARTESIAN_POINT('',(9.652195011916,11.918933433998));
#3350 = CARTESIAN_POINT('',(9.796700058668,12.171924754702));
#3351 = CARTESIAN_POINT('',(10.25492495124,12.88879460428));
#3352 = CARTESIAN_POINT('',(10.602009890827,13.332752734328));
#3353 = CARTESIAN_POINT('',(10.987958257229,13.747811335982));
#3354 = CARTESIAN_POINT('',(11.406584655627,14.132699062687));
#3355 = CARTESIAN_POINT('',(11.852637166694,14.486206618241));
#3356 = CARTESIAN_POINT('',(12.321673056712,14.807101464083));
#3357 = CARTESIAN_POINT('',(13.193012366089,15.318195231162));
#3358 = CARTESIAN_POINT('',(13.587757023409,15.521677471505));
#3359 = CARTESIAN_POINT('',(13.993401693062,15.702374965803));
#3360 = CARTESIAN_POINT('',(14.408690019655,15.85814473596));
#3361 = CARTESIAN_POINT('',(14.832161597323,15.986495354625));
#3362 = CARTESIAN_POINT('',(15.26207560758,16.084692396311));
#3363 = CARTESIAN_POINT('',(15.863179637139,16.175010835432));
#3364 = CARTESIAN_POINT('',(16.0306796038,16.1952159676));
#3365 = CARTESIAN_POINT('',(16.198674178234,16.210394199004));
#3366 = CARTESIAN_POINT('',(16.367021278608,16.220386538865));
#3367 = CARTESIAN_POINT('',(16.535565344956,16.225037367954));
#3368 = CARTESIAN_POINT('',(16.70413710033,16.224198740674));
#3369 = CARTESIAN_POINT('',(16.95956052286,16.214395190179));
#3370 = CARTESIAN_POINT('',(17.046526238639,16.209554485447));
#3371 = CARTESIAN_POINT('',(17.133425114622,16.203193607629));
#3372 = CARTESIAN_POINT('',(17.220230919876,16.195294812891));
#3373 = CARTESIAN_POINT('',(17.306916537205,16.185841578902));
#3374 = CARTESIAN_POINT('',(17.393453963149,16.174818604841));
#3375 = CARTESIAN_POINT('',(17.566549322093,16.149550382529));
#3376 = CARTESIAN_POINT('',(17.653106856588,16.135291347261));
#3377 = CARTESIAN_POINT('',(17.739453390177,16.119421413501));
#3378 = CARTESIAN_POINT('',(17.825568545076,16.101926660089));
#3379 = CARTESIAN_POINT('',(17.911407176499,16.082798790811));
#3380 = CARTESIAN_POINT('',(17.996954170526,16.062026651536));
#3381 = CARTESIAN_POINT('',(18.221562096636,16.002927578269));
#3382 = CARTESIAN_POINT('',(18.359974740097,15.961856706627));
#3383 = CARTESIAN_POINT('',(18.497243916612,15.916498726505));
#3384 = CARTESIAN_POINT('',(18.633210997751,15.86695060038));
#3385 = CARTESIAN_POINT('',(18.767718235216,15.813300789786));
#3386 = CARTESIAN_POINT('',(18.900608760836,15.755629255321));
#3387 = CARTESIAN_POINT('',(19.305051234133,15.565551650099));
#3388 = CARTESIAN_POINT('',(19.570613262204,15.419956793571));
#3389 = CARTESIAN_POINT('',(19.827065762626,15.257841337425));
#3390 = CARTESIAN_POINT('',(20.072886140729,15.079707453839));
#3391 = CARTESIAN_POINT('',(20.306387904419,14.886000378224));
#3392 = CARTESIAN_POINT('',(20.525732453247,14.677167750639));
#3393 = CARTESIAN_POINT('',(20.774056637446,14.404109435745));
#3394 = CARTESIAN_POINT('',(20.818371256656,14.353785791295));
#3395 = CARTESIAN_POINT('',(20.861863486139,14.302753833168));
#3396 = CARTESIAN_POINT('',(20.904511805465,14.251019488369));
#3397 = CARTESIAN_POINT('',(20.946294412766,14.198588801607));
#3398 = CARTESIAN_POINT('',(20.987189224735,14.145467935295));
#3399 = CARTESIAN_POINT('',(21.047166200891,14.064760790777));
#3400 = CARTESIAN_POINT('',(21.066930982081,14.0376874447));
#3401 = CARTESIAN_POINT('',(21.086465422848,14.010443920527));
#3402 = CARTESIAN_POINT('',(21.105766706204,13.983031020022));
#3403 = CARTESIAN_POINT('',(21.124831995516,13.955449557507));
#3404 = CARTESIAN_POINT('',(21.143658434509,13.927700359863));
#3405 = CARTESIAN_POINT('',(21.183933720346,13.867202866793));
#3406 = CARTESIAN_POINT('',(21.205291361038,13.834399660278));
#3407 = CARTESIAN_POINT('',(21.226313252398,13.801373602067));
#3408 = CARTESIAN_POINT('',(21.24699529109,13.768125633857));
#3409 = CARTESIAN_POINT('',(21.267332087378,13.734658683959));
#3410 = CARTESIAN_POINT('',(21.287316965134,13.7009776673));
#3411 = CARTESIAN_POINT('',(21.3908596518,13.522182550865));
#3412 = CARTESIAN_POINT('',(21.468136768466,13.373652628468));
#3413 = CARTESIAN_POINT('',(21.538807886417,13.221916611337));
#3414 = CARTESIAN_POINT('',(21.602943928137,13.067373855442));
#3415 = CARTESIAN_POINT('',(21.660641919869,12.910402829662));
#3416 = CARTESIAN_POINT('',(21.712014747484,12.75135776582));
#3417 = CARTESIAN_POINT('',(21.848862744202,12.264176639277));
#3418 = CARTESIAN_POINT('',(21.914944205232,11.930684530132));
#3419 = CARTESIAN_POINT('',(21.956484176236,11.59270196855));
#3420 = CARTESIAN_POINT('',(21.974517395992,11.252607057842));
#3421 = CARTESIAN_POINT('',(21.969936546154,10.912561611746));
#3422 = CARTESIAN_POINT('',(21.943399333893,10.574550748489));
#3423 = CARTESIAN_POINT('',(21.88897433316,10.196813906636));
#3424 = CARTESIAN_POINT('',(21.882322507842,10.153270207041));
#3425 = CARTESIAN_POINT('',(21.875306560469,10.109817186474));
#3426 = CARTESIAN_POINT('',(21.867927978877,10.066459945654));
#3427 = CARTESIAN_POINT('',(21.860188274575,10.023203885291));
#3428 = CARTESIAN_POINT('',(21.852088982755,9.980054706088));
#3429 = CARTESIAN_POINT('',(21.783777390833,9.63244392741));
#3430 = CARTESIAN_POINT('',(21.705799766883,9.33257170774));
#3431 = CARTESIAN_POINT('',(21.610361430578,9.038314688207));
#3432 = CARTESIAN_POINT('',(21.498334820763,8.750408651001));
#3433 = CARTESIAN_POINT('',(21.370705980003,8.469433094791));
#3434 = CARTESIAN_POINT('',(21.228502341048,8.195832632765));
#3435 = CARTESIAN_POINT('',(20.919343822581,7.668069091987));
#3436 = CARTESIAN_POINT('',(20.752795976245,7.413674730938));
#3437 = CARTESIAN_POINT('',(20.57406518642,7.16705360314));
#3438 = CARTESIAN_POINT('',(20.384105089513,6.928407353777));
#3439 = CARTESIAN_POINT('',(20.183824837514,6.69786568227));
#3440 = CARTESIAN_POINT('',(19.974067170915,6.47550806081));
#3441 = CARTESIAN_POINT('',(19.433600066088,5.945785623861));
#3442 = CARTESIAN_POINT('',(19.092445233609,5.647763001006));
#3443 = CARTESIAN_POINT('',(18.733424881964,5.369575021163));
#3444 = CARTESIAN_POINT('',(18.357651088629,5.114187997275));
#3445 = CARTESIAN_POINT('',(17.966323103622,4.885111527896));
#3446 = CARTESIAN_POINT('',(17.560750987305,4.686514275852));
#3447 = CARTESIAN_POINT('',(17.031336874427,4.479729677228));
#3448 = CARTESIAN_POINT('',(16.919239809997,4.438787741008));
#3449 = CARTESIAN_POINT('',(16.806301035491,4.400435772966));
#3450 = CARTESIAN_POINT('',(16.69256210082,4.364768112976));
#3451 = CARTESIAN_POINT('',(16.578069591675,4.331881419883));
#3452 = CARTESIAN_POINT('',(16.462875605356,4.301873616044));
#3453 = CARTESIAN_POINT('',(16.289232903973,4.261353893568));
#3454 = CARTESIAN_POINT('',(16.231281187043,4.248609505242));
#3455 = CARTESIAN_POINT('',(16.173188508101,4.236620781582));
#3456 = CARTESIAN_POINT('',(16.114960475229,4.225398903038));
#3457 = CARTESIAN_POINT('',(16.056602872293,4.21495511583));
#3458 = CARTESIAN_POINT('',(15.998121658937,4.205300731944));
#3459 = CARTESIAN_POINT('',(15.880924173783,4.187593508623));
#3460 = CARTESIAN_POINT('',(15.822207043473,4.179540525235));
#3461 = CARTESIAN_POINT('',(15.763384055714,4.172300509075));
#3462 = CARTESIAN_POINT('',(15.704444386547,4.165882185999));
#3463 = CARTESIAN_POINT('',(15.645421088814,4.16030125574));
#3464 = CARTESIAN_POINT('',(15.586292249695,4.155564545746));
#3465 = CARTESIAN_POINT('',(15.252290845297,4.133691675779));
#3466 = CARTESIAN_POINT('',(14.976629639,4.134256662423));
#3467 = CARTESIAN_POINT('',(14.701328775241,4.152914735424));
#3468 = CARTESIAN_POINT('',(14.427473416379,4.188989557758));
#3469 = CARTESIAN_POINT('',(14.156013990096,4.241692008906));
#3470 = CARTESIAN_POINT('',(13.887772517383,4.310192896709));
#3471 = CARTESIAN_POINT('',(13.423647647379,4.456777394356));
#3472 = CARTESIAN_POINT('',(13.226085244733,4.528441258982));
#3473 = CARTESIAN_POINT('',(13.031068306392,4.608309937856));
#3474 = CARTESIAN_POINT('',(12.838867791653,4.696032950768));
#3475 = CARTESIAN_POINT('',(12.649727648483,4.791269557454));
#3476 = CARTESIAN_POINT('',(12.463868049624,4.893694800532));
#3477 = CARTESIAN_POINT('',(12.189009011908,5.05843398558));
#3478 = CARTESIAN_POINT('',(12.09742497571,5.115632363781));
#3479 = CARTESIAN_POINT('',(12.006762860913,5.174560716642));
#3480 = CARTESIAN_POINT('',(11.917048210137,5.235180132841));
#3481 = CARTESIAN_POINT('',(11.828305767818,5.297452756152));
#3482 = CARTESIAN_POINT('',(11.74055948021,5.361341785449));
#3483 = CARTESIAN_POINT('',(11.612548912872,5.457976216823));
#3484 = CARTESIAN_POINT('',(11.571464254487,5.48952332565));
#3485 = CARTESIAN_POINT('',(11.530581689713,5.521449938331));
#3486 = CARTESIAN_POINT('',(11.489904396606,5.553753198694));
#3487 = CARTESIAN_POINT('',(11.449435561794,5.586430257245));
#3488 = CARTESIAN_POINT('',(11.409178380478,5.619478271175));
#3489 = CARTESIAN_POINT('',(11.324533656117,5.690115912023));
#3490 = CARTESIAN_POINT('',(11.280238008576,5.72776115556));
#3491 = CARTESIAN_POINT('',(11.236247536603,5.76582765264));
#3492 = CARTESIAN_POINT('',(11.192567136101,5.804309745636));
#3493 = CARTESIAN_POINT('',(11.149204857433,5.843200442872));
#3494 = CARTESIAN_POINT('',(11.106168586765,5.882493259873));
#3495 = CARTESIAN_POINT('',(10.806626804544,6.160887947364));
#3496 = CARTESIAN_POINT('',(10.561863238538,6.413884971706));
#3497 = CARTESIAN_POINT('',(10.330473592943,6.680116936725));
#3498 = CARTESIAN_POINT('',(10.114188685219,6.95875168239));
#3499 = CARTESIAN_POINT('',(9.915092821341,7.248901426501));
#3500 = CARTESIAN_POINT('',(9.735700829716,7.549790335131));
#3501 = CARTESIAN_POINT('',(9.514921175753,7.988064553783));
#3502 = CARTESIAN_POINT('',(9.4545796524,8.117127446214));
#3503 = CARTESIAN_POINT('',(9.398294849667,8.247778338738));
#3504 = CARTESIAN_POINT('',(9.346303972421,8.379939718695));
#3505 = CARTESIAN_POINT('',(9.298862282624,8.513518673822));
#3506 = CARTESIAN_POINT('',(9.256239756403,8.648403989406));
#3507 = CARTESIAN_POINT('',(9.150380354528,9.032262273842));
#3508 = CARTESIAN_POINT('',(9.098963648065,9.283944595274));
#3509 = CARTESIAN_POINT('',(9.066161313935,9.538706288152));
#3510 = CARTESIAN_POINT('',(9.053815740197,9.795382497083));
#3511 = CARTESIAN_POINT('',(9.06371053893,10.052393754125));
#3512 = CARTESIAN_POINT('',(9.097298708272,10.307678718534));
#3513 = CARTESIAN_POINT('',(9.154976399388,10.558810841013));
#3514 = ( GEOMETRIC_REPRESENTATION_CONTEXT(2) 
PARAMETRIC_REPRESENTATION_CONTEXT() REPRESENTATION_CONTEXT('2D SPACE',''
  ) );
#3515 = PCURVE('',#3516,#3923);
#3516 = ( BOUNDED_SURFACE() B_SPLINE_SURFACE(6,8,(
    (#3517,#3518,#3519,#3520,#3521,#3522,#3523,#3524,#3525,#3526,#3527
      ,#3528,#3529,#3530,#3531,#3532,#3533,#3534,#3535,#3536,#3537,#3538
      ,#3539,#3540,#3541,#3542,#3543,#3544,#3545,#3546,#3547,#3548,#3549
      ,#3550,#3551,#3552,#3553,#3554,#3555,#3556,#3557,#3558,#3559,#3560
      ,#3561,#3562,#3563,#3564,#3565,#3566,#3567,#3568,#3569,#3570,#3571
      ,#3572,#3573,#3574)
    ,(#3575,#3576,#3577,#3578,#3579,#3580,#3581,#3582,#3583,#3584,#3585
      ,#3586,#3587,#3588,#3589,#3590,#3591,#3592,#3593,#3594,#3595,#3596
      ,#3597,#3598,#3599,#3600,#3601,#3602,#3603,#3604,#3605,#3606,#3607
      ,#3608,#3609,#3610,#3611,#3612,#3613,#3614,#3615,#3616,#3617,#3618
      ,#3619,#3620,#3621,#3622,#3623,#3624,#3625,#3626,#3627,#3628,#3629
      ,#3630,#3631,#3632)
    ,(#3633,#3634,#3635,#3636,#3637,#3638,#3639,#3640,#3641,#3642,#3643
      ,#3644,#3645,#3646,#3647,#3648,#3649,#3650,#3651,#3652,#3653,#3654
      ,#3655,#3656,#3657,#3658,#3659,#3660,#3661,#3662,#3663,#3664,#3665
      ,#3666,#3667,#3668,#3669,#3670,#3671,#3672,#3673,#3674,#3675,#3676
      ,#3677,#3678,#3679,#3680,#3681,#3682,#3683,#3684,#3685,#3686,#3687
      ,#3688,#3689,#3690)
    ,(#3691,#3692,#3693,#3694,#3695,#3696,#3697,#3698,#3699,#3700,#3701
      ,#3702,#3703,#3704,#3705,#3706,#3707,#3708,#3709,#3710,#3711,#3712
      ,#3713,#3714,#3715,#3716,#3717,#3718,#3719,#3720,#3721,#3722,#3723
      ,#3724,#3725,#3726,#3727,#3728,#3729,#3730,#3731,#3732,#3733,#3734
      ,#3735,#3736,#3737,#3738,#3739,#3740,#3741,#3742,#3743,#3744,#3745
      ,#3746,#3747,#3748)
    ,(#3749,#3750,#3751,#3752,#3753,#3754,#3755,#3756,#3757,#3758,#3759
      ,#3760,#3761,#3762,#3763,#3764,#3765,#3766,#3767,#3768,#3769,#3770
      ,#3771,#3772,#3773,#3774,#3775,#3776,#3777,#3778,#3779,#3780,#3781
      ,#3782,#3783,#3784,#3785,#3786,#3787,#3788,#3789,#3790,#3791,#3792
      ,#3793,#3794,#3795,#3796,#3797,#3798,#3799,#3800,#3801,#3802,#3803
      ,#3804,#3805,#3806)
    ,(#3807,#3808,#3809,#3810,#3811,#3812,#3813,#3814,#3815,#3816,#3817
      ,#3818,#3819,#3820,#3821,#3822,#3823,#3824,#3825,#3826,#3827,#3828
      ,#3829,#3830,#3831,#3832,#3833,#3834,#3835,#3836,#3837,#3838,#3839
      ,#3840,#3841,#3842,#3843,#3844,#3845,#3846,#3847,#3848,#3849,#3850
      ,#3851,#3852,#3853,#3854,#3855,#3856,#3857,#3858,#3859,#3860,#3861
      ,#3862,#3863,#3864)
    ,(#3865,#3866,#3867,#3868,#3869,#3870,#3871,#3872,#3873,#3874,#3875
      ,#3876,#3877,#3878,#3879,#3880,#3881,#3882,#3883,#3884,#3885,#3886
      ,#3887,#3888,#3889,#3890,#3891,#3892,#3893,#3894,#3895,#3896,#3897
      ,#3898,#3899,#3900,#3901,#3902,#3903,#3904,#3905,#3906,#3907,#3908
      ,#3909,#3910,#3911,#3912,#3913,#3914,#3915,#3916,#3917,#3918,#3919
      ,#3920,#3921,#3922
)),.UNSPECIFIED.,.T.,.T.,.F.) B_SPLINE_SURFACE_WITH_KNOTS((1,6,6,1),(9,7
    ,7,7,7,7,7,7,9),(-6.28318530718,0.,6.28318530718,12.566370614359),(
    0.,5.544366510252,10.624720828604,14.344935876152,17.880469782084,
    21.911598656234,26.383734611233,30.655736483892,35.58016538479),
.UNSPECIFIED.) GEOMETRIC_REPRESENTATION_ITEM() RATIONAL_B_SPLINE_SURFACE
((
    (1.669078461068,1.669078461068,1.669078461068,1.669078461068
      ,1.669078461068,1.669078461068,1.669078461068,1.669078461068
      ,1.669078461068,1.669078461068,1.669078461068,1.669078461068
      ,1.669078461068,1.669078461068,1.669078461068,1.669078461068
      ,1.669078461068,1.669078461068,1.669078461068,1.669078461068
      ,1.669078461068,1.669078461068,1.669078461068,1.669078461068
      ,1.669078461068,1.669078461068,1.669078461068,1.669078461068
      ,1.669078461068,1.669078461068,1.669078461068,1.669078461068
      ,1.669078461068,1.669078461068,1.669078461068,1.669078461068
      ,1.669078461068,1.669078461068,1.669078461068,1.669078461068
      ,1.669078461068,1.669078461068,1.669078461068,1.669078461068
      ,1.669078461068,1.669078461068,1.669078461068,1.669078461068
      ,1.669078461068,1.669078461068,1.669078461068,1.669078461068
      ,1.669078461068,1.669078461068,1.669078461068,1.669078461068
      ,1.669078461068,1.669078461068)
    ,(1.03672962321,1.03672962321,1.03672962321,1.03672962321
      ,1.03672962321,1.03672962321,1.03672962321,1.03672962321
      ,1.03672962321,1.03672962321,1.03672962321,1.03672962321
      ,1.03672962321,1.03672962321,1.03672962321,1.03672962321
      ,1.03672962321,1.03672962321,1.03672962321,1.03672962321
      ,1.03672962321,1.03672962321,1.03672962321,1.03672962321
      ,1.03672962321,1.03672962321,1.03672962321,1.03672962321
      ,1.03672962321,1.03672962321,1.03672962321,1.03672962321
      ,1.03672962321,1.03672962321,1.03672962321,1.03672962321
      ,1.03672962321,1.03672962321,1.03672962321,1.03672962321
      ,1.03672962321,1.03672962321,1.03672962321,1.03672962321
      ,1.03672962321,1.03672962321,1.03672962321,1.03672962321
      ,1.03672962321,1.03672962321,1.03672962321,1.03672962321
      ,1.03672962321,1.03672962321,1.03672962321,1.03672962321
      ,1.03672962321,1.03672962321)
    ,(1.038346699848,1.038346699848,1.038346699848,1.038346699848
      ,1.038346699848,1.038346699848,1.038346699848,1.038346699848
      ,1.038346699848,1.038346699848,1.038346699847,1.038346699848
      ,1.038346699847,1.038346699848,1.038346699848,1.038346699848
      ,1.038346699848,1.038346699847,1.038346699848,1.038346699847
      ,1.038346699848,1.038346699847,1.038346699848,1.038346699847
      ,1.038346699848,1.038346699847,1.038346699848,1.038346699847
      ,1.038346699848,1.038346699848,1.038346699848,1.038346699848
      ,1.038346699848,1.038346699848,1.038346699848,1.038346699848
      ,1.038346699848,1.038346699848,1.038346699847,1.038346699848
      ,1.038346699848,1.038346699848,1.038346699848,1.038346699848
      ,1.038346699848,1.038346699848,1.038346699847,1.038346699848
      ,1.038346699848,1.038346699848,1.038346699848,1.038346699847
      ,1.038346699848,1.038346699847,1.038346699848,1.038346699847
      ,1.038346699848,1.038346699848)
    ,(0.853534330196,0.853534330196,0.853534330196,0.853534330196
      ,0.853534330196,0.853534330196,0.853534330196,0.853534330196
      ,0.853534330196,0.853534330196,0.853534330196,0.853534330196
      ,0.853534330196,0.853534330196,0.853534330196,0.853534330196
      ,0.853534330196,0.853534330196,0.853534330196,0.853534330196
      ,0.853534330196,0.853534330196,0.853534330196,0.853534330196
      ,0.853534330196,0.853534330196,0.853534330196,0.853534330196
      ,0.853534330196,0.853534330196,0.853534330196,0.853534330196
      ,0.853534330196,0.853534330196,0.853534330196,0.853534330196
      ,0.853534330196,0.853534330196,0.853534330196,0.853534330196
      ,0.853534330196,0.853534330196,0.853534330196,0.853534330196
      ,0.853534330196,0.853534330196,0.853534330196,0.853534330196
      ,0.853534330196,0.853534330196,0.853534330196,0.853534330196
      ,0.853534330196,0.853534330196,0.853534330196,0.853534330196
      ,0.853534330196,0.853534330196)
    ,(1.038346699848,1.038346699848,1.038346699847,1.038346699848
      ,1.038346699847,1.038346699848,1.038346699847,1.038346699848
      ,1.038346699848,1.038346699848,1.038346699847,1.038346699848
      ,1.038346699847,1.038346699848,1.038346699848,1.038346699848
      ,1.038346699848,1.038346699847,1.038346699848,1.038346699847
      ,1.038346699848,1.038346699848,1.038346699848,1.038346699847
      ,1.038346699848,1.038346699847,1.038346699848,1.038346699847
      ,1.038346699848,1.038346699848,1.038346699848,1.038346699848
      ,1.038346699847,1.038346699848,1.038346699848,1.038346699848
      ,1.038346699848,1.038346699848,1.038346699847,1.038346699848
      ,1.038346699848,1.038346699848,1.038346699848,1.038346699848
      ,1.038346699848,1.038346699848,1.038346699848,1.038346699848
      ,1.038346699848,1.038346699848,1.038346699848,1.038346699847
      ,1.038346699848,1.038346699847,1.038346699848,1.038346699847
      ,1.038346699848,1.038346699848)
    ,(1.03672962321,1.03672962321,1.03672962321,1.03672962321
      ,1.03672962321,1.03672962321,1.03672962321,1.03672962321
      ,1.03672962321,1.03672962321,1.03672962321,1.03672962321
      ,1.03672962321,1.03672962321,1.03672962321,1.03672962321
      ,1.03672962321,1.03672962321,1.03672962321,1.03672962321
      ,1.03672962321,1.03672962321,1.03672962321,1.03672962321
      ,1.03672962321,1.03672962321,1.03672962321,1.03672962321
      ,1.03672962321,1.03672962321,1.03672962321,1.03672962321
      ,1.03672962321,1.03672962321,1.03672962321,1.03672962321
      ,1.03672962321,1.03672962321,1.03672962321,1.03672962321
      ,1.03672962321,1.03672962321,1.03672962321,1.03672962321
      ,1.03672962321,1.03672962321,1.03672962321,1.03672962321
      ,1.03672962321,1.03672962321,1.03672962321,1.03672962321
      ,1.03672962321,1.03672962321,1.03672962321,1.03672962321
      ,1.03672962321,1.03672962321)
    ,(1.669078461068,1.669078461068,1.669078461068,1.669078461068
      ,1.669078461068,1.669078461068,1.669078461068,1.669078461068
      ,1.669078461068,1.669078461068,1.669078461068,1.669078461068
      ,1.669078461068,1.669078461068,1.669078461068,1.669078461068
      ,1.669078461068,1.669078461068,1.669078461068,1.669078461068
      ,1.669078461068,1.669078461068,1.669078461068,1.669078461068
      ,1.669078461068,1.669078461068,1.669078461068,1.669078461068
      ,1.669078461068,1.669078461068,1.669078461068,1.669078461068
      ,1.669078461068,1.669078461068,1.669078461068,1.669078461068
      ,1.669078461068,1.669078461068,1.669078461068,1.669078461068
      ,1.669078461068,1.669078461068,1.669078461068,1.669078461068
      ,1.669078461068,1.669078461068,1.669078461068,1.669078461068
      ,1.669078461068,1.669078461068,1.669078461068,1.669078461068
      ,1.669078461068,1.669078461068,1.669078461068,1.669078461068
,1.669078461068,1.669078461068))) REPRESENTATION_ITEM('') SURFACE() );
#3517 = CARTESIAN_POINT('',(8.5,10.5,2.35));
#3518 = CARTESIAN_POINT('',(8.657843357989,11.165683119384,2.35));
#3519 = CARTESIAN_POINT('',(8.919834594533,11.806124769481,2.35));
#3520 = CARTESIAN_POINT('',(9.273850719214,12.415633810736,2.35));
#3521 = CARTESIAN_POINT('',(9.707768741612,12.988519103597,2.35));
#3522 = CARTESIAN_POINT('',(10.209465671308,13.519089508508,2.35));
#3523 = CARTESIAN_POINT('',(10.766818517884,14.001653885915,2.35));
#3524 = CARTESIAN_POINT('',(11.367704290921,14.430521096264,2.35));
#3525 = CARTESIAN_POINT('',(12.579378406921,15.138556937148,2.35));
#3526 = CARTESIAN_POINT('',(13.185129307311,15.427250107424,2.35));
#3527 = CARTESIAN_POINT('',(13.810583824875,15.658717546099,2.35));
#3528 = CARTESIAN_POINT('',(14.44907308332,15.825597288446,2.35));
#3529 = CARTESIAN_POINT('',(15.093928206349,15.920527369737,2.35));
#3530 = CARTESIAN_POINT('',(15.738480317669,15.936145825245,2.35));
#3531 = CARTESIAN_POINT('',(16.376060540984,15.865090690242,2.35));
#3532 = CARTESIAN_POINT('',(17.45689509407,15.579108260652,2.35));
#3533 = CARTESIAN_POINT('',(17.906475651994,15.407792186376,2.35));
#3534 = CARTESIAN_POINT('',(18.340699642694,15.189248478828,2.35));
#3535 = CARTESIAN_POINT('',(18.751525035088,14.926673839665,2.35));
#3536 = CARTESIAN_POINT('',(19.130909798095,14.623264970544,2.35));
#3537 = CARTESIAN_POINT('',(19.470811900637,14.282218573122,2.35));
#3538 = CARTESIAN_POINT('',(19.763189311632,13.906731349055,2.35));
#3539 = CARTESIAN_POINT('',(20.225054790466,13.113459851968,2.35));
#3540 = CARTESIAN_POINT('',(20.399922873356,12.698700660414,2.35));
#3541 = CARTESIAN_POINT('',(20.526475489536,12.262551968247,2.35));
#3542 = CARTESIAN_POINT('',(20.606583879868,11.811843318374,2.35));
#3543 = CARTESIAN_POINT('',(20.642119285217,11.353404253704,2.35));
#3544 = CARTESIAN_POINT('',(20.634952946446,10.894064317147,2.35));
#3545 = CARTESIAN_POINT('',(20.586956104419,10.440653051609,2.35));
#3546 = CARTESIAN_POINT('',(20.400854786679,9.497578219561,2.35));
#3547 = CARTESIAN_POINT('',(20.251062532249,9.011742117228,2.35));
#3548 = CARTESIAN_POINT('',(20.054396073452,8.543473394012,2.35));
#3549 = CARTESIAN_POINT('',(19.814628247033,8.093753750922,2.35));
#3550 = CARTESIAN_POINT('',(19.535531889735,7.663564888967,2.35));
#3551 = CARTESIAN_POINT('',(19.220879838301,7.253888509155,2.35));
#3552 = CARTESIAN_POINT('',(18.874444929475,6.865706312496,2.35));
#3553 = CARTESIAN_POINT('',(18.08459064829,6.094285273395,2.35));
#3554 = CARTESIAN_POINT('',(17.634707425012,5.716233173451,2.35));
#3555 = CARTESIAN_POINT('',(17.155502887624,5.374257347781,2.35));
#3556 = CARTESIAN_POINT('',(16.652129593581,5.076771443998,2.35));
#3557 = CARTESIAN_POINT('',(16.129740100341,4.832189109715,2.35));
#3558 = CARTESIAN_POINT('',(15.59348696536,4.648923992546,2.35));
#3559 = CARTESIAN_POINT('',(15.048522746094,4.535389740103,2.35));
#3560 = CARTESIAN_POINT('',(13.976024382513,4.466193998234,2.35));
#3561 = CARTESIAN_POINT('',(13.448801609295,4.503694863977,2.35));
#3562 = CARTESIAN_POINT('',(12.923380346424,4.608464306584,2.35));
#3563 = CARTESIAN_POINT('',(12.404809259979,4.776464035411,2.35));
#3564 = CARTESIAN_POINT('',(11.898137016036,5.003655759811,2.35));
#3565 = CARTESIAN_POINT('',(11.408412280673,5.28600118914,2.35));
#3566 = CARTESIAN_POINT('',(10.940683719969,5.619462032751,2.35));
#3567 = CARTESIAN_POINT('',(9.992014350308,6.43865434044,2.35));
#3568 = CARTESIAN_POINT('',(9.519964995839,6.939863215029,2.35));
#3569 = CARTESIAN_POINT('',(9.102738881796,7.490041593772,2.35));
#3570 = CARTESIAN_POINT('',(8.75922295338,8.075604446675,2.35));
#3571 = CARTESIAN_POINT('',(8.508304155791,8.682966743743,2.35));
#3572 = CARTESIAN_POINT('',(8.36886943423,9.298543454983,2.35));
#3573 = CARTESIAN_POINT('',(8.3598057339,9.9087495504,2.35));
#3574 = CARTESIAN_POINT('',(8.5,10.5,2.35));
#3575 = CARTESIAN_POINT('',(9.073271574506,10.402283254346,2.35));
#3576 = CARTESIAN_POINT('',(9.217722138488,10.989395315559,2.35));
#3577 = CARTESIAN_POINT('',(9.455115596796,11.559829627924,2.35));
#3578 = CARTESIAN_POINT('',(9.777616909496,12.111304308317,2.35));
#3579 = CARTESIAN_POINT('',(10.177830710924,12.63645396607,2.35));
#3580 = CARTESIAN_POINT('',(10.645118616349,13.126967628267,2.35));
#3581 = CARTESIAN_POINT('',(11.166989961324,13.575197525788,2.35));
#3582 = CARTESIAN_POINT('',(11.731289292273,13.974264590484,2.35));
#3583 = CARTESIAN_POINT('',(12.868838507225,14.63236719891,2.35));
#3584 = CARTESIAN_POINT('',(13.435275404171,14.898904596219,2.35));
#3585 = CARTESIAN_POINT('',(14.016447910721,15.110057332889,2.35));
#3586 = CARTESIAN_POINT('',(14.604855988954,15.259098780126,2.35));
#3587 = CARTESIAN_POINT('',(15.192071259166,15.339967165654,2.35));
#3588 = CARTESIAN_POINT('',(15.770726849296,15.348144480665,2.35));
#3589 = CARTESIAN_POINT('',(16.336575307914,15.280138943876,2.35));
#3590 = CARTESIAN_POINT('',(17.290924387446,15.0190969944,2.35));
#3591 = CARTESIAN_POINT('',(17.690419580927,14.863605951268,2.35));
#3592 = CARTESIAN_POINT('',(18.076919528134,14.665583295499,2.35));
#3593 = CARTESIAN_POINT('',(18.441328148894,14.42824549353,2.35));
#3594 = CARTESIAN_POINT('',(18.77489855861,14.155791127556,2.35));
#3595 = CARTESIAN_POINT('',(19.069643587011,13.853188249767,2.35));
#3596 = CARTESIAN_POINT('',(19.318775376391,13.525372801843,2.35));
#3597 = CARTESIAN_POINT('',(19.705723716078,12.843694215617,2.35));
#3598 = CARTESIAN_POINT('',(19.853690831537,12.484128936334,2.35));
#3599 = CARTESIAN_POINT('',(19.962035566398,12.101368439979,2.35));
#3600 = CARTESIAN_POINT('',(20.030733563867,11.701397724067,2.35));
#3601 = CARTESIAN_POINT('',(20.059934083145,11.291257778416,2.35));
#3602 = CARTESIAN_POINT('',(20.050563231386,10.878500739765,2.35));
#3603 = CARTESIAN_POINT('',(20.004372294108,10.470823028147,2.35));
#3604 = CARTESIAN_POINT('',(19.8311440767,9.62556809946,2.35));
#3605 = CARTESIAN_POINT('',(19.693376141242,9.189488057691,2.35));
#3606 = CARTESIAN_POINT('',(19.513102604623,8.767146621519,2.35));
#3607 = CARTESIAN_POINT('',(19.292796050342,8.358829666896,2.35));
#3608 = CARTESIAN_POINT('',(19.035010140023,7.965456804669,2.35));
#3609 = CARTESIAN_POINT('',(18.742681744873,7.588385210548,2.35));
#3610 = CARTESIAN_POINT('',(18.419151467045,7.229159144271,2.35));
#3611 = CARTESIAN_POINT('',(17.678226865468,6.51206007216,2.35));
#3612 = CARTESIAN_POINT('',(17.256979370377,6.161458206016,2.35));
#3613 = CARTESIAN_POINT('',(16.810287111085,5.846487323235,2.35));
#3614 = CARTESIAN_POINT('',(16.344500316299,5.575457089883,2.35));
#3615 = CARTESIAN_POINT('',(15.866441036476,5.356857177504,2.35));
#3616 = CARTESIAN_POINT('',(15.383452207213,5.19778381716,2.35));
#3617 = CARTESIAN_POINT('',(14.902243233,5.10286967851,2.35));
#3618 = CARTESIAN_POINT('',(13.970146778334,5.051803021021,2.35));
#3619 = CARTESIAN_POINT('',(13.509487229072,5.088419793296,2.35));
#3620 = CARTESIAN_POINT('',(13.045687807395,5.183833843935,2.35));
#3621 = CARTESIAN_POINT('',(12.58284113048,5.336296874057,2.35));
#3622 = CARTESIAN_POINT('',(12.126203548013,5.543766575605,2.35));
#3623 = CARTESIAN_POINT('',(11.6815542941,5.80329837172,2.35));
#3624 = CARTESIAN_POINT('',(11.254704407391,6.11114302871,2.35));
#3625 = CARTESIAN_POINT('',(10.385975777986,6.869777433867,2.35));
#3626 = CARTESIAN_POINT('',(9.952632673233,7.334554956866,2.35));
#3627 = CARTESIAN_POINT('',(9.572967324881,7.843111004969,2.35));
#3628 = CARTESIAN_POINT('',(9.26750869091,8.374137009153,2.35));
#3629 = CARTESIAN_POINT('',(9.052182684683,8.921249361424,2.35));
#3630 = CARTESIAN_POINT('',(8.952350533639,9.444287170629,2.35));
#3631 = CARTESIAN_POINT('',(8.954128288194,9.93453188617,2.35));
#3632 = CARTESIAN_POINT('',(9.073271574506,10.402283254346,2.35));
#3633 = CARTESIAN_POINT('',(9.155583616035,10.388252792721,
    1.630908133308));
#3634 = CARTESIAN_POINT('',(9.298111202732,10.964083387191,
    1.630908133308));
#3635 = CARTESIAN_POINT('',(9.531972838717,11.52446583732,1.630908133308
    ));
#3636 = CARTESIAN_POINT('',(9.84994916077,12.067607771186,1.630908133308
    ));
#3637 = CARTESIAN_POINT('',(10.245323609683,12.585903404155,
    1.630908133308));
#3638 = CARTESIAN_POINT('',(10.707670964833,13.070665599828,
    1.630908133308));
#3639 = CARTESIAN_POINT('',(11.224447770042,13.51396565038,
    1.630908133308));
#3640 = CARTESIAN_POINT('',(11.783493910576,13.908753921332,
    1.630908133308));
#3641 = CARTESIAN_POINT('',(12.910400051276,14.559686967395,
    1.630908133308));
#3642 = CARTESIAN_POINT('',(13.471192126417,14.823043172778,
    1.630908133308));
#3643 = CARTESIAN_POINT('',(14.046006489826,15.031279063979,
    1.630908133308));
#3644 = CARTESIAN_POINT('',(14.627223762917,15.177759235629,
    1.630908133308));
#3645 = CARTESIAN_POINT('',(15.206162931243,15.256608600963,
    1.630908133308));
#3646 = CARTESIAN_POINT('',(15.77535690243,15.26371749484,1.630908133308
    ));
#3647 = CARTESIAN_POINT('',(16.330905900448,15.196149828453,
    1.630908133308));
#3648 = CARTESIAN_POINT('',(17.267093818647,14.938688907458,
    1.630908133308));
#3649 = CARTESIAN_POINT('',(17.659397606203,14.785470069469,
    1.630908133308));
#3650 = CARTESIAN_POINT('',(18.039045192985,14.590393887487,
    1.630908133308));
#3651 = CARTESIAN_POINT('',(18.396789155311,14.35667966583,
    1.630908133308));
#3652 = CARTESIAN_POINT('',(18.723781403612,14.08866983969,
    1.630908133308));
#3653 = CARTESIAN_POINT('',(19.0120426447,13.791586797046,1.630908133308
    ));
#3654 = CARTESIAN_POINT('',(19.254965098818,13.470616204845,
    1.630908133308));
#3655 = CARTESIAN_POINT('',(19.631156612346,12.804960461407,
    1.630908133308));
#3656 = CARTESIAN_POINT('',(19.775261206713,12.453320088575,
    1.630908133308));
#3657 = CARTESIAN_POINT('',(19.880991599698,12.078225228519,
    1.630908133308));
#3658 = CARTESIAN_POINT('',(19.948051258947,11.68553961641,
    1.630908133308));
#3659 = CARTESIAN_POINT('',(19.976342196399,11.282334602242,
    1.630908133308));
#3660 = CARTESIAN_POINT('',(19.966654814094,10.876266074931,
    1.630908133308));
#3661 = CARTESIAN_POINT('',(19.920723174003,10.475154923312,
    1.630908133308));
#3662 = CARTESIAN_POINT('',(19.749343314713,9.64394526794,1.630908133308
    ));
#3663 = CARTESIAN_POINT('',(19.613301866817,9.215009349665,
    1.630908133308));
#3664 = CARTESIAN_POINT('',(19.43538207483,8.799262290271,1.630908133308
    ));
#3665 = CARTESIAN_POINT('',(19.217869828015,8.396890057075,
    1.630908133308));
#3666 = CARTESIAN_POINT('',(18.963143735197,8.008803345834,
    1.630908133308));
#3667 = CARTESIAN_POINT('',(18.674020637161,7.636413244033,
    1.630908133308));
#3668 = CARTESIAN_POINT('',(18.353779074528,7.281344785272,
    1.630908133308));
#3669 = CARTESIAN_POINT('',(17.619879942203,6.572045423109,
    1.630908133308));
#3670 = CARTESIAN_POINT('',(17.202744050326,6.22538494336,1.630908133308
    ));
#3671 = CARTESIAN_POINT('',(16.760720000838,5.914291510779,
    1.630908133308));
#3672 = CARTESIAN_POINT('',(16.300329987657,5.647059861448,
    1.630908133308));
#3673 = CARTESIAN_POINT('',(15.82863577202,5.432190582657,1.630908133308
    ));
#3674 = CARTESIAN_POINT('',(15.353294790547,5.276590746871,
    1.630908133308));
#3675 = CARTESIAN_POINT('',(14.881239984466,5.184350139664,
    1.630908133308));
#3676 = CARTESIAN_POINT('',(13.969302854405,5.135886510151,
    1.630908133308));
#3677 = CARTESIAN_POINT('',(13.518200651257,5.172376341651,
    1.630908133308));
#3678 = CARTESIAN_POINT('',(13.063249077226,5.266447117224,
    1.630908133308));
#3679 = CARTESIAN_POINT('',(12.60840347714,5.416679341833,1.630908133308
    ));
#3680 = CARTESIAN_POINT('',(12.158950020517,5.62131729655,1.630908133308
    ));
#3681 = CARTESIAN_POINT('',(11.720772838595,5.877573443203,
    1.630908133308));
#3682 = CARTESIAN_POINT('',(11.299792433753,6.181740051759,
    1.630908133308));
#3683 = CARTESIAN_POINT('',(10.442541934129,6.931679372754,
    1.630908133308));
#3684 = CARTESIAN_POINT('',(10.01475638809,7.391225973693,1.630908133308
    ));
#3685 = CARTESIAN_POINT('',(9.64048412644,7.893805763491,1.630908133308)
  );
#3686 = CARTESIAN_POINT('',(9.340489872251,8.417001204368,1.630908133308
    ));
#3687 = CARTESIAN_POINT('',(9.130274385105,8.955462689965,1.630908133308
    ));
#3688 = CARTESIAN_POINT('',(9.036128489188,9.465213487768,1.630908133308
    ));
#3689 = CARTESIAN_POINT('',(9.039462892152,9.938233790795,1.630908133308
    ));
#3690 = CARTESIAN_POINT('',(9.155583616035,10.388252792721,
    1.630908133308));
#3691 = CARTESIAN_POINT('',(8.5,10.5,1.037809077647));
#3692 = CARTESIAN_POINT('',(8.657843357989,11.165683119384,
    1.037809077647));
#3693 = CARTESIAN_POINT('',(8.919834594533,11.806124769481,
    1.037809077647));
#3694 = CARTESIAN_POINT('',(9.273850719213,12.415633810736,
    1.037809077647));
#3695 = CARTESIAN_POINT('',(9.707768741612,12.988519103597,
    1.037809077647));
#3696 = CARTESIAN_POINT('',(10.209465671308,13.519089508508,
    1.037809077647));
#3697 = CARTESIAN_POINT('',(10.766818517884,14.001653885915,
    1.037809077647));
#3698 = CARTESIAN_POINT('',(11.367704290921,14.430521096264,
    1.037809077647));
#3699 = CARTESIAN_POINT('',(12.579378406921,15.138556937148,
    1.037809077647));
#3700 = CARTESIAN_POINT('',(13.185129307311,15.427250107424,
    1.037809077647));
#3701 = CARTESIAN_POINT('',(13.810583824875,15.658717546099,
    1.037809077647));
#3702 = CARTESIAN_POINT('',(14.44907308332,15.825597288446,
    1.037809077647));
#3703 = CARTESIAN_POINT('',(15.093928206349,15.920527369737,
    1.037809077647));
#3704 = CARTESIAN_POINT('',(15.738480317669,15.936145825245,
    1.037809077647));
#3705 = CARTESIAN_POINT('',(16.376060540984,15.865090690242,
    1.037809077647));
#3706 = CARTESIAN_POINT('',(17.45689509407,15.579108260652,
    1.037809077647));
#3707 = CARTESIAN_POINT('',(17.906475651994,15.407792186376,
    1.037809077647));
#3708 = CARTESIAN_POINT('',(18.340699642693,15.189248478828,
    1.037809077647));
#3709 = CARTESIAN_POINT('',(18.751525035088,14.926673839665,
    1.037809077647));
#3710 = CARTESIAN_POINT('',(19.130909798095,14.623264970544,
    1.037809077647));
#3711 = CARTESIAN_POINT('',(19.470811900637,14.282218573122,
    1.037809077647));
#3712 = CARTESIAN_POINT('',(19.763189311632,13.906731349055,
    1.037809077647));
#3713 = CARTESIAN_POINT('',(20.225054790466,13.113459851968,
    1.037809077647));
#3714 = CARTESIAN_POINT('',(20.399922873356,12.698700660414,
    1.037809077647));
#3715 = CARTESIAN_POINT('',(20.526475489536,12.262551968247,
    1.037809077647));
#3716 = CARTESIAN_POINT('',(20.606583879868,11.811843318374,
    1.037809077647));
#3717 = CARTESIAN_POINT('',(20.642119285217,11.353404253705,
    1.037809077647));
#3718 = CARTESIAN_POINT('',(20.634952946446,10.894064317147,
    1.037809077647));
#3719 = CARTESIAN_POINT('',(20.586956104419,10.440653051609,
    1.037809077647));
#3720 = CARTESIAN_POINT('',(20.400854786679,9.49757821956,1.037809077647
    ));
#3721 = CARTESIAN_POINT('',(20.251062532249,9.011742117228,
    1.037809077647));
#3722 = CARTESIAN_POINT('',(20.054396073452,8.543473394012,
    1.037809077647));
#3723 = CARTESIAN_POINT('',(19.814628247033,8.093753750922,
    1.037809077647));
#3724 = CARTESIAN_POINT('',(19.535531889735,7.663564888967,
    1.037809077647));
#3725 = CARTESIAN_POINT('',(19.220879838301,7.253888509155,
    1.037809077647));
#3726 = CARTESIAN_POINT('',(18.874444929475,6.865706312497,
    1.037809077647));
#3727 = CARTESIAN_POINT('',(18.08459064829,6.094285273395,1.037809077647
    ));
#3728 = CARTESIAN_POINT('',(17.634707425012,5.716233173451,
    1.037809077647));
#3729 = CARTESIAN_POINT('',(17.155502887624,5.374257347781,
    1.037809077647));
#3730 = CARTESIAN_POINT('',(16.652129593581,5.076771443998,
    1.037809077647));
#3731 = CARTESIAN_POINT('',(16.129740100341,4.832189109715,
    1.037809077647));
#3732 = CARTESIAN_POINT('',(15.59348696536,4.648923992546,1.037809077647
    ));
#3733 = CARTESIAN_POINT('',(15.048522746094,4.535389740103,
    1.037809077647));
#3734 = CARTESIAN_POINT('',(13.976024382513,4.466193998233,
    1.037809077647));
#3735 = CARTESIAN_POINT('',(13.448801609295,4.503694863977,
    1.037809077647));
#3736 = CARTESIAN_POINT('',(12.923380346424,4.608464306584,
    1.037809077647));
#3737 = CARTESIAN_POINT('',(12.404809259979,4.776464035411,
    1.037809077647));
#3738 = CARTESIAN_POINT('',(11.898137016036,5.003655759811,
    1.037809077647));
#3739 = CARTESIAN_POINT('',(11.408412280673,5.28600118914,1.037809077647
    ));
#3740 = CARTESIAN_POINT('',(10.940683719969,5.619462032751,
    1.037809077647));
#3741 = CARTESIAN_POINT('',(9.992014350308,6.43865434044,1.037809077647)
  );
#3742 = CARTESIAN_POINT('',(9.519964995839,6.939863215029,1.037809077647
    ));
#3743 = CARTESIAN_POINT('',(9.102738881796,7.490041593772,1.037809077647
    ));
#3744 = CARTESIAN_POINT('',(8.75922295338,8.075604446674,1.037809077647)
  );
#3745 = CARTESIAN_POINT('',(8.508304155791,8.682966743743,1.037809077647
    ));
#3746 = CARTESIAN_POINT('',(8.36886943423,9.298543454983,1.037809077647)
  );
#3747 = CARTESIAN_POINT('',(8.3598057339,9.9087495504,1.037809077647));
#3748 = CARTESIAN_POINT('',(8.5,10.5,1.037809077647));
#3749 = CARTESIAN_POINT('',(7.844416383965,10.611747207279,
    1.630908133308));
#3750 = CARTESIAN_POINT('',(8.017575513246,11.367282851576,
    1.630908133308));
#3751 = CARTESIAN_POINT('',(8.307696350349,12.087783701641,
    1.630908133308));
#3752 = CARTESIAN_POINT('',(8.697752277657,12.763659850287,
    1.630908133308));
#3753 = CARTESIAN_POINT('',(9.170213873539,13.391134803039,
    1.630908133308));
#3754 = CARTESIAN_POINT('',(9.711260377783,13.967513417187,
    1.630908133308));
#3755 = CARTESIAN_POINT('',(10.309189265726,14.489342121449,
    1.630908133308));
#3756 = CARTESIAN_POINT('',(10.951914671267,14.952288271195,
    1.630908133308));
#3757 = CARTESIAN_POINT('',(12.248356762566,15.717426906901,
    1.630908133308));
#3758 = CARTESIAN_POINT('',(12.899066488205,16.031457042069,
    1.630908133308));
#3759 = CARTESIAN_POINT('',(13.575161159925,16.286156028219,
    1.630908133308));
#3760 = CARTESIAN_POINT('',(14.270922403722,16.473435341263,
    1.630908133308));
#3761 = CARTESIAN_POINT('',(14.981693481455,16.584446138511,
    1.630908133308));
#3762 = CARTESIAN_POINT('',(15.701603732907,16.60857415565,
    1.630908133308));
#3763 = CARTESIAN_POINT('',(16.42121518152,16.534031552031,
    1.630908133308));
#3764 = CARTESIAN_POINT('',(17.646696369492,16.219527613847,
    1.630908133308));
#3765 = CARTESIAN_POINT('',(18.153553697786,16.030114303283,
    1.630908133308));
#3766 = CARTESIAN_POINT('',(18.642354092402,15.78810307017,
    1.630908133308));
#3767 = CARTESIAN_POINT('',(19.106260914864,15.496668013501,
    1.630908133308));
#3768 = CARTESIAN_POINT('',(19.538038192579,15.157860101398,
    1.630908133308));
#3769 = CARTESIAN_POINT('',(19.929581156574,14.772850349197,
    1.630908133308));
#3770 = CARTESIAN_POINT('',(20.271413524446,14.342846493264,
    1.630908133308));
#3771 = CARTESIAN_POINT('',(20.818952968585,13.42195924253,
    1.630908133308));
#3772 = CARTESIAN_POINT('',(21.024584539999,12.944081232254,
    1.630908133308));
#3773 = CARTESIAN_POINT('',(21.171959379373,12.446878707975,
    1.630908133308));
#3774 = CARTESIAN_POINT('',(21.265116500789,11.938147020338,
    1.630908133308));
#3775 = CARTESIAN_POINT('',(21.307896374034,11.424473905167,
    1.630908133308));
#3776 = CARTESIAN_POINT('',(21.303251078798,10.911862559362,
    1.630908133308));
#3777 = CARTESIAN_POINT('',(21.253189034835,10.406151179906,
    1.630908133308));
#3778 = CARTESIAN_POINT('',(21.052366258645,9.351211171181,
    1.630908133308));
#3779 = CARTESIAN_POINT('',(20.888823197681,8.808474884792,
    1.630908133308));
#3780 = CARTESIAN_POINT('',(20.673410072075,8.287684497754,
    1.630908133308));
#3781 = CARTESIAN_POINT('',(20.411386666051,7.790617444769,
    1.630908133308));
#3782 = CARTESIAN_POINT('',(20.107920044272,7.3183264321,1.630908133308)
  );
#3783 = CARTESIAN_POINT('',(19.76773903944,6.871363774277,1.630908133308
    ));
#3784 = CARTESIAN_POINT('',(19.395110784421,6.450067839721,
    1.630908133308));
#3785 = CARTESIAN_POINT('',(18.549301354377,5.616525123681,
    1.630908133308));
#3786 = CARTESIAN_POINT('',(18.066670799699,5.207081403541,
    1.630908133308));
#3787 = CARTESIAN_POINT('',(17.55028577441,4.834223184783,1.630908133308
    ));
#3788 = CARTESIAN_POINT('',(17.003929199506,4.506483026548,
    1.630908133308));
#3789 = CARTESIAN_POINT('',(16.430844428662,4.232187636774,
    1.630908133308));
#3790 = CARTESIAN_POINT('',(15.833679140172,4.021257238221,
    1.630908133308));
#3791 = CARTESIAN_POINT('',(15.215805507721,3.886429340543,
    1.630908133308));
#3792 = CARTESIAN_POINT('',(13.98274591062,3.796501486316,1.630908133308
    ));
#3793 = CARTESIAN_POINT('',(13.379402567333,3.835013386302,
    1.630908133308));
#3794 = CARTESIAN_POINT('',(12.783511615623,3.950481495944,
    1.630908133308));
#3795 = CARTESIAN_POINT('',(12.201215042817,4.136248728989,
    1.630908133308));
#3796 = CARTESIAN_POINT('',(11.637324011555,4.385994223072,
    1.630908133308));
#3797 = CARTESIAN_POINT('',(11.096051722752,4.694428935077,
    1.630908133308));
#3798 = CARTESIAN_POINT('',(10.581575006184,5.057184013743,
    1.630908133308));
#3799 = CARTESIAN_POINT('',(9.541486766486,5.945629308126,1.630908133308
    ));
#3800 = CARTESIAN_POINT('',(9.025173603589,6.488500456364,1.630908133308
    ));
#3801 = CARTESIAN_POINT('',(8.564993637152,7.086277424052,1.630908133308
    ));
#3802 = CARTESIAN_POINT('',(8.177956034509,7.734207688981,1.630908133308
    ));
#3803 = CARTESIAN_POINT('',(7.886333926476,8.410470797521,1.630908133308
    ));
#3804 = CARTESIAN_POINT('',(7.701610379273,9.131873422198,1.630908133308
    ));
#3805 = CARTESIAN_POINT('',(7.680148575648,9.879265310006,1.630908133308
    ));
#3806 = CARTESIAN_POINT('',(7.844416383965,10.611747207279,
    1.630908133308));
#3807 = CARTESIAN_POINT('',(7.926728425494,10.597716745654,2.35));
#3808 = CARTESIAN_POINT('',(8.09796457749,11.341970923208,2.35));
#3809 = CARTESIAN_POINT('',(8.38455359227,12.052419911037,2.35));
#3810 = CARTESIAN_POINT('',(8.770084528932,12.719963313156,2.35));
#3811 = CARTESIAN_POINT('',(9.237706772298,13.340584241124,2.35));
#3812 = CARTESIAN_POINT('',(9.773812726268,13.911211388748,2.35));
#3813 = CARTESIAN_POINT('',(10.366647074443,14.428110246041,2.35));
#3814 = CARTESIAN_POINT('',(11.004119289569,14.886777602043,2.35));
#3815 = CARTESIAN_POINT('',(12.289918306617,15.644746675387,2.35));
#3816 = CARTESIAN_POINT('',(12.934983210451,15.955595618628,2.35));
#3817 = CARTESIAN_POINT('',(13.60471973903,16.207377759308,2.35));
#3818 = CARTESIAN_POINT('',(14.293290177685,16.392095796766,2.35));
#3819 = CARTESIAN_POINT('',(14.995785153533,16.501087573821,2.35));
#3820 = CARTESIAN_POINT('',(15.706233786042,16.524147169826,2.35));
#3821 = CARTESIAN_POINT('',(16.415545774054,16.450042436608,2.35));
#3822 = CARTESIAN_POINT('',(17.622865800693,16.139119526904,2.35));
#3823 = CARTESIAN_POINT('',(18.122531723062,15.951978421484,2.35));
#3824 = CARTESIAN_POINT('',(18.604479757253,15.712913662157,2.35));
#3825 = CARTESIAN_POINT('',(19.06172192128,15.4251021858,2.35));
#3826 = CARTESIAN_POINT('',(19.486921037581,15.090738813532,2.35));
#3827 = CARTESIAN_POINT('',(19.871980214263,14.711248896476,2.35));
#3828 = CARTESIAN_POINT('',(20.207603246873,14.288089896266,2.35));
#3829 = CARTESIAN_POINT('',(20.744385864853,13.38322548832,2.35));
#3830 = CARTESIAN_POINT('',(20.946154915175,12.913272384495,2.35));
#3831 = CARTESIAN_POINT('',(21.090915412673,12.423735496515,2.35));
#3832 = CARTESIAN_POINT('',(21.182434195869,11.922288912681,2.35));
#3833 = CARTESIAN_POINT('',(21.224304487288,11.415550728993,2.35));
#3834 = CARTESIAN_POINT('',(21.219342661506,10.909627894528,2.35));
#3835 = CARTESIAN_POINT('',(21.16953991473,10.410483075071,2.35));
#3836 = CARTESIAN_POINT('',(20.970565496659,9.369588339661,2.35));
#3837 = CARTESIAN_POINT('',(20.808748923256,8.833996176765,2.35));
#3838 = CARTESIAN_POINT('',(20.595689542281,8.319800166506,2.35));
#3839 = CARTESIAN_POINT('',(20.336460443724,7.828677834948,2.35));
#3840 = CARTESIAN_POINT('',(20.036053639446,7.361672973264,2.35));
#3841 = CARTESIAN_POINT('',(19.699077931728,6.919391807762,2.35));
#3842 = CARTESIAN_POINT('',(19.329738391904,6.502253480722,2.35));
#3843 = CARTESIAN_POINT('',(18.490954431112,5.67651047463,2.35));
#3844 = CARTESIAN_POINT('',(18.012435479647,5.271008140885,2.35));
#3845 = CARTESIAN_POINT('',(17.500718664162,4.902027372326,2.35));
#3846 = CARTESIAN_POINT('',(16.959758870863,4.578085798113,2.35));
#3847 = CARTESIAN_POINT('',(16.393039164205,4.307521041927,2.35));
#3848 = CARTESIAN_POINT('',(15.803521723506,4.100064167932,2.35));
#3849 = CARTESIAN_POINT('',(15.194802259188,3.967909801697,2.35));
#3850 = CARTESIAN_POINT('',(13.981901986692,3.880584975446,2.35));
#3851 = CARTESIAN_POINT('',(13.388115989518,3.918969934657,2.35));
#3852 = CARTESIAN_POINT('',(12.801072885454,4.033094769233,2.35));
#3853 = CARTESIAN_POINT('',(12.226777389478,4.216631196765,2.35));
#3854 = CARTESIAN_POINT('',(11.670070484059,4.463544944017,2.35));
#3855 = CARTESIAN_POINT('',(11.135270267247,4.76870400656,2.35));
#3856 = CARTESIAN_POINT('',(10.626663032547,5.127781036792,2.35));
#3857 = CARTESIAN_POINT('',(9.598052922629,6.007531247013,2.35));
#3858 = CARTESIAN_POINT('',(9.087297318445,6.545171473191,2.35));
#3859 = CARTESIAN_POINT('',(8.632510438711,7.136972182574,2.35));
#3860 = CARTESIAN_POINT('',(8.25093721585,7.777071884196,2.35));
#3861 = CARTESIAN_POINT('',(7.964425626899,8.444684126062,2.35));
#3862 = CARTESIAN_POINT('',(7.785388334821,9.152799739337,2.35));
#3863 = CARTESIAN_POINT('',(7.765483179606,9.88296721463,2.35));
#3864 = CARTESIAN_POINT('',(7.926728425494,10.597716745654,2.35));
#3865 = CARTESIAN_POINT('',(8.5,10.5,2.35));
#3866 = CARTESIAN_POINT('',(8.657843357989,11.165683119384,2.35));
#3867 = CARTESIAN_POINT('',(8.919834594533,11.806124769481,2.35));
#3868 = CARTESIAN_POINT('',(9.273850719214,12.415633810736,2.35));
#3869 = CARTESIAN_POINT('',(9.707768741612,12.988519103597,2.35));
#3870 = CARTESIAN_POINT('',(10.209465671308,13.519089508508,2.35));
#3871 = CARTESIAN_POINT('',(10.766818517884,14.001653885915,2.35));
#3872 = CARTESIAN_POINT('',(11.367704290921,14.430521096264,2.35));
#3873 = CARTESIAN_POINT('',(12.579378406921,15.138556937148,2.35));
#3874 = CARTESIAN_POINT('',(13.185129307311,15.427250107424,2.35));
#3875 = CARTESIAN_POINT('',(13.810583824875,15.658717546099,2.35));
#3876 = CARTESIAN_POINT('',(14.44907308332,15.825597288446,2.35));
#3877 = CARTESIAN_POINT('',(15.093928206349,15.920527369737,2.35));
#3878 = CARTESIAN_POINT('',(15.738480317669,15.936145825245,2.35));
#3879 = CARTESIAN_POINT('',(16.376060540984,15.865090690242,2.35));
#3880 = CARTESIAN_POINT('',(17.45689509407,15.579108260652,2.35));
#3881 = CARTESIAN_POINT('',(17.906475651994,15.407792186376,2.35));
#3882 = CARTESIAN_POINT('',(18.340699642694,15.189248478828,2.35));
#3883 = CARTESIAN_POINT('',(18.751525035088,14.926673839665,2.35));
#3884 = CARTESIAN_POINT('',(19.130909798095,14.623264970544,2.35));
#3885 = CARTESIAN_POINT('',(19.470811900637,14.282218573122,2.35));
#3886 = CARTESIAN_POINT('',(19.763189311632,13.906731349055,2.35));
#3887 = CARTESIAN_POINT('',(20.225054790466,13.113459851968,2.35));
#3888 = CARTESIAN_POINT('',(20.399922873356,12.698700660414,2.35));
#3889 = CARTESIAN_POINT('',(20.526475489536,12.262551968247,2.35));
#3890 = CARTESIAN_POINT('',(20.606583879868,11.811843318374,2.35));
#3891 = CARTESIAN_POINT('',(20.642119285217,11.353404253704,2.35));
#3892 = CARTESIAN_POINT('',(20.634952946446,10.894064317147,2.35));
#3893 = CARTESIAN_POINT('',(20.586956104419,10.440653051609,2.35));
#3894 = CARTESIAN_POINT('',(20.400854786679,9.497578219561,2.35));
#3895 = CARTESIAN_POINT('',(20.251062532249,9.011742117228,2.35));
#3896 = CARTESIAN_POINT('',(20.054396073452,8.543473394012,2.35));
#3897 = CARTESIAN_POINT('',(19.814628247033,8.093753750922,2.35));
#3898 = CARTESIAN_POINT('',(19.535531889735,7.663564888967,2.35));
#3899 = CARTESIAN_POINT('',(19.220879838301,7.253888509155,2.35));
#3900 = CARTESIAN_POINT('',(18.874444929475,6.865706312496,2.35));
#3901 = CARTESIAN_POINT('',(18.08459064829,6.094285273395,2.35));
#3902 = CARTESIAN_POINT('',(17.634707425012,5.716233173451,2.35));
#3903 = CARTESIAN_POINT('',(17.155502887624,5.374257347781,2.35));
#3904 = CARTESIAN_POINT('',(16.652129593581,5.076771443998,2.35));
#3905 = CARTESIAN_POINT('',(16.129740100341,4.832189109715,2.35));
#3906 = CARTESIAN_POINT('',(15.59348696536,4.648923992546,2.35));
#3907 = CARTESIAN_POINT('',(15.048522746094,4.535389740103,2.35));
#3908 = CARTESIAN_POINT('',(13.976024382513,4.466193998234,2.35));
#3909 = CARTESIAN_POINT('',(13.448801609295,4.503694863977,2.35));
#3910 = CARTESIAN_POINT('',(12.923380346424,4.608464306584,2.35));
#3911 = CARTESIAN_POINT('',(12.404809259979,4.776464035411,2.35));
#3912 = CARTESIAN_POINT('',(11.898137016036,5.003655759811,2.35));
#3913 = CARTESIAN_POINT('',(11.408412280673,5.28600118914,2.35));
#3914 = CARTESIAN_POINT('',(10.940683719969,5.619462032751,2.35));
#3915 = CARTESIAN_POINT('',(9.992014350308,6.43865434044,2.35));
#3916 = CARTESIAN_POINT('',(9.519964995839,6.939863215029,2.35));
#3917 = CARTESIAN_POINT('',(9.102738881796,7.490041593772,2.35));
#3918 = CARTESIAN_POINT('',(8.75922295338,8.075604446675,2.35));
#3919 = CARTESIAN_POINT('',(8.508304155791,8.682966743743,2.35));
#3920 = CARTESIAN_POINT('',(8.36886943423,9.298543454983,2.35));
#3921 = CARTESIAN_POINT('',(8.3598057339,9.9087495504,2.35));
#3922 = CARTESIAN_POINT('',(8.5,10.5,2.35));
#3923 = DEFINITIONAL_REPRESENTATION('',(#3924),#4095);
#3924 = B_SPLINE_CURVE_WITH_KNOTS('',7,(#3925,#3926,#3927,#3928,#3929,
    #3930,#3931,#3932,#3933,#3934,#3935,#3936,#3937,#3938,#3939,#3940,
    #3941,#3942,#3943,#3944,#3945,#3946,#3947,#3948,#3949,#3950,#3951,
    #3952,#3953,#3954,#3955,#3956,#3957,#3958,#3959,#3960,#3961,#3962,
    #3963,#3964,#3965,#3966,#3967,#3968,#3969,#3970,#3971,#3972,#3973,
    #3974,#3975,#3976,#3977,#3978,#3979,#3980,#3981,#3982,#3983,#3984,
    #3985,#3986,#3987,#3988,#3989,#3990,#3991,#3992,#3993,#3994,#3995,
    #3996,#3997,#3998,#3999,#4000,#4001,#4002,#4003,#4004,#4005,#4006,
    #4007,#4008,#4009,#4010,#4011,#4012,#4013,#4014,#4015,#4016,#4017,
    #4018,#4019,#4020,#4021,#4022,#4023,#4024,#4025,#4026,#4027,#4028,
    #4029,#4030,#4031,#4032,#4033,#4034,#4035,#4036,#4037,#4038,#4039,
    #4040,#4041,#4042,#4043,#4044,#4045,#4046,#4047,#4048,#4049,#4050,
    #4051,#4052,#4053,#4054,#4055,#4056,#4057,#4058,#4059,#4060,#4061,
    #4062,#4063,#4064,#4065,#4066,#4067,#4068,#4069,#4070,#4071,#4072,
    #4073,#4074,#4075,#4076,#4077,#4078,#4079,#4080,#4081,#4082,#4083,
    #4084,#4085,#4086,#4087,#4088,#4089,#4090,#4091,#4092,#4093,#4094),
  .UNSPECIFIED.,.F.,.F.,(8,6,6,6,6,6,6,6,6,6,6,6,6,6,6,6,6,6,6,6,6,6,6,6
    ,6,6,6,6,8),(0.,5.314108196136E-02,0.155068094057,0.234913103896,
    0.265598046417,0.281450506165,0.297371799216,0.323419620589,
    0.3777182749,0.389773499169,0.395801111302,0.402835569433,
    0.432923407023,0.49399796593,0.50197339479,0.558419461168,
    0.614011309301,0.695944902331,0.717734985683,0.728608701094,
    0.739482546717,0.789964368901,0.828125207185,0.847475520948,
    0.856686616179,0.866946481786,0.928650697926,0.953940584197,1.),
  .UNSPECIFIED.);
#3925 = CARTESIAN_POINT('',(4.711671071431,0.));
#3926 = CARTESIAN_POINT('',(4.711671071431,0.274731677143));
#3927 = CARTESIAN_POINT('',(4.711671071431,0.549819567449));
#3928 = CARTESIAN_POINT('',(4.711671071431,0.824925148391));
#3929 = CARTESIAN_POINT('',(4.711671071431,1.099785247656));
#3930 = CARTESIAN_POINT('',(4.711671071431,1.374206605598));
#3931 = CARTESIAN_POINT('',(4.711671071431,1.648067856806));
#3932 = CARTESIAN_POINT('',(4.711671071431,2.445456098763));
#3933 = CARTESIAN_POINT('',(4.711671071431,2.967040073763));
#3934 = CARTESIAN_POINT('',(4.711671071431,3.486251182202));
#3935 = CARTESIAN_POINT('',(4.711671071431,4.003382789172));
#3936 = CARTESIAN_POINT('',(4.711671071431,4.519018867139));
#3937 = CARTESIAN_POINT('',(4.711671071431,5.0341874467));
#3938 = CARTESIAN_POINT('',(4.711671071431,5.95496623847));
#3939 = CARTESIAN_POINT('',(4.711671071431,6.359562542344));
#3940 = CARTESIAN_POINT('',(4.711671071431,6.764884581789));
#3941 = CARTESIAN_POINT('',(4.711671071431,7.171264070867));
#3942 = CARTESIAN_POINT('',(4.711671071431,7.578807179824));
#3943 = CARTESIAN_POINT('',(4.711671071431,7.987433167058));
#3944 = CARTESIAN_POINT('',(4.711671071431,8.55428703938));
#3945 = CARTESIAN_POINT('',(4.711671071431,8.711769051973));
#3946 = CARTESIAN_POINT('',(4.711671071431,8.869344416468));
#3947 = CARTESIAN_POINT('',(4.711671071431,9.026984990195));
#3948 = CARTESIAN_POINT('',(4.711671071431,9.184655138788));
#3949 = CARTESIAN_POINT('',(4.711671071431,9.342311735037));
#3950 = CARTESIAN_POINT('',(4.711671071431,9.581319579513));
#3951 = CARTESIAN_POINT('',(4.711671071431,9.662717834253));
#3952 = CARTESIAN_POINT('',(4.711671071431,9.744091879996));
#3953 = CARTESIAN_POINT('',(4.711671071431,9.82543415107));
#3954 = CARTESIAN_POINT('',(4.711671071431,9.906736558091));
#3955 = CARTESIAN_POINT('',(4.711671071431,9.987990487967));
#3956 = CARTESIAN_POINT('',(4.711671071431,10.150735684079));
#3957 = CARTESIAN_POINT('',(4.711671071431,10.232225409899));
#3958 = CARTESIAN_POINT('',(4.711671071431,10.313651312983));
#3959 = CARTESIAN_POINT('',(4.711671071431,10.3949932441));
#3960 = CARTESIAN_POINT('',(4.711671071431,10.476257101532));
#3961 = CARTESIAN_POINT('',(4.711671071431,10.557414923987));
#3962 = CARTESIAN_POINT('',(4.711671071431,10.771077637687));
#3963 = CARTESIAN_POINT('',(4.711671071431,10.903502195876));
#3964 = CARTESIAN_POINT('',(4.711671071431,11.035761534817));
#3965 = CARTESIAN_POINT('',(4.711671071431,11.167875174649));
#3966 = CARTESIAN_POINT('',(4.711671071431,11.299863745458));
#3967 = CARTESIAN_POINT('',(4.711671071431,11.43174898727));
#3968 = CARTESIAN_POINT('',(4.711671071431,11.838310749838));
#3969 = CARTESIAN_POINT('',(4.711671071431,12.112664613152));
#3970 = CARTESIAN_POINT('',(4.711671071431,12.386895775316));
#3971 = CARTESIAN_POINT('',(4.711671071431,12.661173553281));
#3972 = CARTESIAN_POINT('',(4.711671071431,12.935583274438));
#3973 = CARTESIAN_POINT('',(4.711671071431,13.210153405406));
#3974 = CARTESIAN_POINT('',(4.711671071431,13.545877250048));
#3975 = CARTESIAN_POINT('',(4.711671071431,13.606871819295));
#3976 = CARTESIAN_POINT('',(4.711671071431,13.667866388543));
#3977 = CARTESIAN_POINT('',(4.711671071431,13.728860957774));
#3978 = CARTESIAN_POINT('',(4.711671071431,13.789855526989));
#3979 = CARTESIAN_POINT('',(4.711671071431,13.850850096204));
#3980 = CARTESIAN_POINT('',(4.711671071431,13.942341950068));
#3981 = CARTESIAN_POINT('',(4.711671071431,13.972839234684));
#3982 = CARTESIAN_POINT('',(4.711671071431,14.0033365193));
#3983 = CARTESIAN_POINT('',(4.711671071431,14.033833803915));
#3984 = CARTESIAN_POINT('',(4.711671071431,14.06433108853));
#3985 = CARTESIAN_POINT('',(4.711671071431,14.094828373146));
#3986 = CARTESIAN_POINT('',(4.711671071431,14.160917176763));
#3987 = CARTESIAN_POINT('',(4.711671071431,14.196508544964));
#3988 = CARTESIAN_POINT('',(4.711671071431,14.232095132378));
#3989 = CARTESIAN_POINT('',(4.711671071431,14.267674758763));
#3990 = CARTESIAN_POINT('',(4.711671071431,14.303247693617));
#3991 = CARTESIAN_POINT('',(4.711671071431,14.338816656186));
#3992 = CARTESIAN_POINT('',(4.711671071431,14.526527770043));
#3993 = CARTESIAN_POINT('',(4.711671071431,14.678878603355));
#3994 = CARTESIAN_POINT('',(4.711671071431,14.831368611792));
#3995 = CARTESIAN_POINT('',(4.711671071431,14.983940386608));
#3996 = CARTESIAN_POINT('',(4.711671071431,15.136550772591));
#3997 = CARTESIAN_POINT('',(4.711671071431,15.289171826752));
#3998 = CARTESIAN_POINT('',(4.711671071431,15.751591247099));
#3999 = CARTESIAN_POINT('',(4.711671071431,16.061296601115));
#4000 = CARTESIAN_POINT('',(4.711671071431,16.370932231006));
#4001 = CARTESIAN_POINT('',(4.711671071431,16.68058509533));
#4002 = CARTESIAN_POINT('',(4.711671071431,16.990432637031));
#4003 = CARTESIAN_POINT('',(4.711671071431,17.30079076015));
#4004 = CARTESIAN_POINT('',(4.711671071431,17.652844911637));
#4005 = CARTESIAN_POINT('',(4.711671071431,17.693507957778));
#4006 = CARTESIAN_POINT('',(4.711671071431,17.734171003921));
#4007 = CARTESIAN_POINT('',(4.711671071431,17.774834050077));
#4008 = CARTESIAN_POINT('',(4.711671071431,17.815497096245));
#4009 = CARTESIAN_POINT('',(4.711671071431,17.856160142412));
#4010 = CARTESIAN_POINT('',(4.711671071431,18.184615737568));
#4011 = CARTESIAN_POINT('',(4.711671071431,18.473644426898));
#4012 = CARTESIAN_POINT('',(4.711671071431,18.763485157879));
#4013 = CARTESIAN_POINT('',(4.711671071431,19.053789788552));
#4014 = CARTESIAN_POINT('',(4.711671071431,19.344271014913));
#4015 = CARTESIAN_POINT('',(4.711671071431,19.634696552093));
#4016 = CARTESIAN_POINT('',(4.711671071431,20.21069703942));
#4017 = CARTESIAN_POINT('',(4.711671071431,20.496278433973));
#4018 = CARTESIAN_POINT('',(4.711671071431,20.781491960199));
#4019 = CARTESIAN_POINT('',(4.711671071431,21.066238823134));
#4020 = CARTESIAN_POINT('',(4.711671071431,21.350464357949));
#4021 = CARTESIAN_POINT('',(4.711671071431,21.634161819753));
#4022 = CARTESIAN_POINT('',(4.711671071431,22.334803453938));
#4023 = CARTESIAN_POINT('',(4.711671071431,22.750358870604));
#4024 = CARTESIAN_POINT('',(4.711671071431,23.16544505577));
#4025 = CARTESIAN_POINT('',(4.711671071431,23.580983217635));
#4026 = CARTESIAN_POINT('',(4.711671071431,23.997551307126));
#4027 = CARTESIAN_POINT('',(4.711671071431,24.415471046867));
#4028 = CARTESIAN_POINT('',(4.711671071431,24.946516515336));
#4029 = CARTESIAN_POINT('',(4.711671071431,25.058174061051));
#4030 = CARTESIAN_POINT('',(4.711671071431,25.169925919996));
#4031 = CARTESIAN_POINT('',(4.711671071431,25.281766580802));
#4032 = CARTESIAN_POINT('',(4.711671071431,25.393687326507));
#4033 = CARTESIAN_POINT('',(4.711671071431,25.505676384598));
#4034 = CARTESIAN_POINT('',(4.711671071431,25.673630765492));
#4035 = CARTESIAN_POINT('',(4.711671071431,25.72954245397));
#4036 = CARTESIAN_POINT('',(4.711671071431,25.785454142449));
#4037 = CARTESIAN_POINT('',(4.711671071431,25.841365830911));
#4038 = CARTESIAN_POINT('',(4.711671071431,25.897277519356));
#4039 = CARTESIAN_POINT('',(4.711671071431,25.953189207801));
#4040 = CARTESIAN_POINT('',(4.711671071431,26.065013254302));
#4041 = CARTESIAN_POINT('',(4.711671071431,26.120922797563));
#4042 = CARTESIAN_POINT('',(4.711671071431,26.176838583247));
#4043 = CARTESIAN_POINT('',(4.711671071431,26.232743073932));
#4044 = CARTESIAN_POINT('',(4.711671071431,26.28866409506));
#4045 = CARTESIAN_POINT('',(4.711671071431,26.344568927721));
#4046 = CARTESIAN_POINT('',(4.711671071431,26.660062443868));
#4047 = CARTESIAN_POINT('',(4.711671071431,26.92002989634));
#4048 = CARTESIAN_POINT('',(4.711671071431,27.180018310737));
#4049 = CARTESIAN_POINT('',(4.711671071431,27.439729370977));
#4050 = CARTESIAN_POINT('',(4.711671071431,27.698922318878));
#4051 = CARTESIAN_POINT('',(4.711671071431,27.957411329518));
#4052 = CARTESIAN_POINT('',(4.711671071431,28.409844522445));
#4053 = CARTESIAN_POINT('',(4.711671071431,28.604141604943));
#4054 = CARTESIAN_POINT('',(4.711671071431,28.797911627426));
#4055 = CARTESIAN_POINT('',(4.711671071431,28.99111528203));
#4056 = CARTESIAN_POINT('',(4.711671071431,29.183725225125));
#4057 = CARTESIAN_POINT('',(4.711671071431,29.3757265792));
#4058 = CARTESIAN_POINT('',(4.711671071431,29.664166484861));
#4059 = CARTESIAN_POINT('',(4.711671071431,29.761057883319));
#4060 = CARTESIAN_POINT('',(4.711671071431,29.857790913792));
#4061 = CARTESIAN_POINT('',(4.711671071431,29.95436530417));
#4062 = CARTESIAN_POINT('',(4.711671071431,30.050781226573));
#4063 = CARTESIAN_POINT('',(4.711671071431,30.147039297347));
#4064 = CARTESIAN_POINT('',(4.711671071431,30.288886503994));
#4065 = CARTESIAN_POINT('',(4.711671071431,30.334632430918));
#4066 = CARTESIAN_POINT('',(4.711671071431,30.380378357842));
#4067 = CARTESIAN_POINT('',(4.711671071431,30.426124284765));
#4068 = CARTESIAN_POINT('',(4.711671071431,30.471870211688));
#4069 = CARTESIAN_POINT('',(4.711671071431,30.51761613861));
#4070 = CARTESIAN_POINT('',(4.711671071431,30.614316599233));
#4071 = CARTESIAN_POINT('',(4.711671071431,30.66523007609));
#4072 = CARTESIAN_POINT('',(4.711671071431,30.716096508121));
#4073 = CARTESIAN_POINT('',(4.711671071431,30.76691793131));
#4074 = CARTESIAN_POINT('',(4.711671071431,30.817700160475));
#4075 = CARTESIAN_POINT('',(4.711671071431,30.868448544136));
#4076 = CARTESIAN_POINT('',(4.711671071431,31.22417162637));
#4077 = CARTESIAN_POINT('',(4.711671071431,31.527919650582));
#4078 = CARTESIAN_POINT('',(4.711671071431,31.831356276882));
#4079 = CARTESIAN_POINT('',(4.711671071431,32.13515626698));
#4080 = CARTESIAN_POINT('',(4.711671071431,32.439913924612));
#4081 = CARTESIAN_POINT('',(4.711671071431,32.74604487037));
#4082 = CARTESIAN_POINT('',(4.711671071431,33.180180312183));
#4083 = CARTESIAN_POINT('',(4.711671071431,33.306666179525));
#4084 = CARTESIAN_POINT('',(4.711671071431,33.433448934505));
#4085 = CARTESIAN_POINT('',(4.711671071431,33.560533128761));
#4086 = CARTESIAN_POINT('',(4.711671071431,33.687911841707));
#4087 = CARTESIAN_POINT('',(4.711671071431,33.81556834668));
#4088 = CARTESIAN_POINT('',(4.711671071431,34.176433891522));
#4089 = CARTESIAN_POINT('',(4.711671071431,34.410219471948));
#4090 = CARTESIAN_POINT('',(4.711671071431,34.644681735416));
#4091 = CARTESIAN_POINT('',(4.711671071431,34.879467248573));
#4092 = CARTESIAN_POINT('',(4.711671071431,35.11407227321));
#4093 = CARTESIAN_POINT('',(4.711671071431,35.347908298586));
#4094 = CARTESIAN_POINT('',(4.711671071431,35.58016538479));
#4095 = ( GEOMETRIC_REPRESENTATION_CONTEXT(2) 
PARAMETRIC_REPRESENTATION_CONTEXT() REPRESENTATION_CONTEXT('2D SPACE',''
  ) );
#4096 = ADVANCED_FACE('',(#4097,#4100),#1063,.F.);
#4097 = FACE_BOUND('',#4098,.T.);
#4098 = EDGE_LOOP('',(#4099));
#4099 = ORIENTED_EDGE('',*,*,#1048,.F.);
#4100 = FACE_BOUND('',#4101,.T.);
#4101 = EDGE_LOOP('',(#4102));
#4102 = ORIENTED_EDGE('',*,*,#4103,.T.);
#4103 = EDGE_CURVE('',#4104,#4104,#4106,.T.);
#4104 = VERTEX_POINT('',#4105);
#4105 = CARTESIAN_POINT('',(12.4,-6.,-1.2));
#4106 = SURFACE_CURVE('',#4107,(#4112,#4119),.PCURVE_S1.);
#4107 = CIRCLE('',#4108,1.4);
#4108 = AXIS2_PLACEMENT_3D('',#4109,#4110,#4111);
#4109 = CARTESIAN_POINT('',(11.,-6.,-1.2));
#4110 = DIRECTION('',(0.,0.,1.));
#4111 = DIRECTION('',(1.,0.,-0.));
#4112 = PCURVE('',#1063,#4113);
#4113 = DEFINITIONAL_REPRESENTATION('',(#4114),#4118);
#4114 = CIRCLE('',#4115,1.4);
#4115 = AXIS2_PLACEMENT_2D('',#4116,#4117);
#4116 = CARTESIAN_POINT('',(0.,0.));
#4117 = DIRECTION('',(1.,-0.));
#4118 = ( GEOMETRIC_REPRESENTATION_CONTEXT(2) 
PARAMETRIC_REPRESENTATION_CONTEXT() REPRESENTATION_CONTEXT('2D SPACE',''
  ) );
#4119 = PCURVE('',#4120,#4125);
#4120 = CONICAL_SURFACE('',#4121,1.6,0.785398163397);
#4121 = AXIS2_PLACEMENT_3D('',#4122,#4123,#4124);
#4122 = CARTESIAN_POINT('',(11.,-6.,-1.4));
#4123 = DIRECTION('',(-0.,-0.,-1.));
#4124 = DIRECTION('',(1.,0.,-0.));
#4125 = DEFINITIONAL_REPRESENTATION('',(#4126),#4130);
#4126 = LINE('',#4127,#4128);
#4127 = CARTESIAN_POINT('',(-0.,-0.2));
#4128 = VECTOR('',#4129,1.);
#4129 = DIRECTION('',(-1.,-0.));
#4130 = ( GEOMETRIC_REPRESENTATION_CONTEXT(2) 
PARAMETRIC_REPRESENTATION_CONTEXT() REPRESENTATION_CONTEXT('2D SPACE',''
  ) );
#4131 = ADVANCED_FACE('',(#4132,#4135),#1320,.F.);
#4132 = FACE_BOUND('',#4133,.T.);
#4133 = EDGE_LOOP('',(#4134));
#4134 = ORIENTED_EDGE('',*,*,#1305,.F.);
#4135 = FACE_BOUND('',#4136,.T.);
#4136 = EDGE_LOOP('',(#4137));
#4137 = ORIENTED_EDGE('',*,*,#4138,.T.);
#4138 = EDGE_CURVE('',#4139,#4139,#4141,.T.);
#4139 = VERTEX_POINT('',#4140);
#4140 = CARTESIAN_POINT('',(12.4,10.,-1.2));
#4141 = SURFACE_CURVE('',#4142,(#4147,#4154),.PCURVE_S1.);
#4142 = CIRCLE('',#4143,1.4);
#4143 = AXIS2_PLACEMENT_3D('',#4144,#4145,#4146);
#4144 = CARTESIAN_POINT('',(11.,10.,-1.2));
#4145 = DIRECTION('',(0.,0.,1.));
#4146 = DIRECTION('',(1.,0.,-0.));
#4147 = PCURVE('',#1320,#4148);
#4148 = DEFINITIONAL_REPRESENTATION('',(#4149),#4153);
#4149 = CIRCLE('',#4150,1.4);
#4150 = AXIS2_PLACEMENT_2D('',#4151,#4152);
#4151 = CARTESIAN_POINT('',(0.,0.));
#4152 = DIRECTION('',(1.,-0.));
#4153 = ( GEOMETRIC_REPRESENTATION_CONTEXT(2) 
PARAMETRIC_REPRESENTATION_CONTEXT() REPRESENTATION_CONTEXT('2D SPACE',''
  ) );
#4154 = PCURVE('',#4155,#4160);
#4155 = CONICAL_SURFACE('',#4156,1.6,0.785398163397);
#4156 = AXIS2_PLACEMENT_3D('',#4157,#4158,#4159);
#4157 = CARTESIAN_POINT('',(11.,10.,-1.4));
#4158 = DIRECTION('',(-0.,-0.,-1.));
#4159 = DIRECTION('',(1.,0.,-0.));
#4160 = DEFINITIONAL_REPRESENTATION('',(#4161),#4165);
#4161 = LINE('',#4162,#4163);
#4162 = CARTESIAN_POINT('',(-0.,-0.2));
#4163 = VECTOR('',#4164,1.);
#4164 = DIRECTION('',(-1.,-0.));
#4165 = ( GEOMETRIC_REPRESENTATION_CONTEXT(2) 
PARAMETRIC_REPRESENTATION_CONTEXT() REPRESENTATION_CONTEXT('2D SPACE',''
  ) );
#4166 = ADVANCED_FACE('',(#4167),#1557,.F.);
#4167 = FACE_BOUND('',#4168,.F.);
#4168 = EDGE_LOOP('',(#4169,#4170,#4193,#4221));
#4169 = ORIENTED_EDGE('',*,*,#1540,.T.);
#4170 = ORIENTED_EDGE('',*,*,#4171,.T.);
#4171 = EDGE_CURVE('',#1543,#4172,#4174,.T.);
#4172 = VERTEX_POINT('',#4173);
#4173 = CARTESIAN_POINT('',(-3.351663389039,-3.358523381585,2.));
#4174 = SURFACE_CURVE('',#4175,(#4179,#4186),.PCURVE_S1.);
#4175 = LINE('',#4176,#4177);
#4176 = CARTESIAN_POINT('',(-3.351663389039,-3.358523381585,0.9));
#4177 = VECTOR('',#4178,1.);
#4178 = DIRECTION('',(0.,0.,1.));
#4179 = PCURVE('',#1557,#4180);
#4180 = DEFINITIONAL_REPRESENTATION('',(#4181),#4185);
#4181 = LINE('',#4182,#4183);
#4182 = CARTESIAN_POINT('',(0.,0.));
#4183 = VECTOR('',#4184,1.);
#4184 = DIRECTION('',(0.,-1.));
#4185 = ( GEOMETRIC_REPRESENTATION_CONTEXT(2) 
PARAMETRIC_REPRESENTATION_CONTEXT() REPRESENTATION_CONTEXT('2D SPACE',''
  ) );
#4186 = PCURVE('',#1589,#4187);
#4187 = DEFINITIONAL_REPRESENTATION('',(#4188),#4192);
#4188 = LINE('',#4189,#4190);
#4189 = CARTESIAN_POINT('',(-1.919862177194,0.));
#4190 = VECTOR('',#4191,1.);
#4191 = DIRECTION('',(-0.,-1.));
#4192 = ( GEOMETRIC_REPRESENTATION_CONTEXT(2) 
PARAMETRIC_REPRESENTATION_CONTEXT() REPRESENTATION_CONTEXT('2D SPACE',''
  ) );
#4193 = ORIENTED_EDGE('',*,*,#4194,.T.);
#4194 = EDGE_CURVE('',#4172,#4195,#4197,.T.);
#4195 = VERTEX_POINT('',#4196);
#4196 = CARTESIAN_POINT('',(-2.835444596323,-2.621286541725,2.));
#4197 = SURFACE_CURVE('',#4198,(#4202,#4209),.PCURVE_S1.);
#4198 = LINE('',#4199,#4200);
#4199 = CARTESIAN_POINT('',(-3.351663389039,-3.358523381585,2.));
#4200 = VECTOR('',#4201,1.);
#4201 = DIRECTION('',(0.573576436351,0.819152044289,0.));
#4202 = PCURVE('',#1557,#4203);
#4203 = DEFINITIONAL_REPRESENTATION('',(#4204),#4208);
#4204 = LINE('',#4205,#4206);
#4205 = CARTESIAN_POINT('',(0.,-1.1));
#4206 = VECTOR('',#4207,1.);
#4207 = DIRECTION('',(1.,0.));
#4208 = ( GEOMETRIC_REPRESENTATION_CONTEXT(2) 
PARAMETRIC_REPRESENTATION_CONTEXT() REPRESENTATION_CONTEXT('2D SPACE',''
  ) );
#4209 = PCURVE('',#4210,#4215);
#4210 = PLANE('',#4211);
#4211 = AXIS2_PLACEMENT_3D('',#4212,#4213,#4214);
#4212 = CARTESIAN_POINT('',(-3.94247775001,1.425458978598E-16,2.));
#4213 = DIRECTION('',(0.,0.,1.));
#4214 = DIRECTION('',(1.,0.,-0.));
#4215 = DEFINITIONAL_REPRESENTATION('',(#4216),#4220);
#4216 = LINE('',#4217,#4218);
#4217 = CARTESIAN_POINT('',(0.590814360971,-3.358523381585));
#4218 = VECTOR('',#4219,1.);
#4219 = DIRECTION('',(0.573576436351,0.819152044289));
#4220 = ( GEOMETRIC_REPRESENTATION_CONTEXT(2) 
PARAMETRIC_REPRESENTATION_CONTEXT() REPRESENTATION_CONTEXT('2D SPACE',''
  ) );
#4221 = ORIENTED_EDGE('',*,*,#4222,.F.);
#4222 = EDGE_CURVE('',#1541,#4195,#4223,.T.);
#4223 = SURFACE_CURVE('',#4224,(#4228,#4235),.PCURVE_S1.);
#4224 = LINE('',#4225,#4226);
#4225 = CARTESIAN_POINT('',(-2.835444596323,-2.621286541725,0.9));
#4226 = VECTOR('',#4227,1.);
#4227 = DIRECTION('',(0.,0.,1.));
#4228 = PCURVE('',#1557,#4229);
#4229 = DEFINITIONAL_REPRESENTATION('',(#4230),#4234);
#4230 = LINE('',#4231,#4232);
#4231 = CARTESIAN_POINT('',(0.9,0.));
#4232 = VECTOR('',#4233,1.);
#4233 = DIRECTION('',(0.,-1.));
#4234 = ( GEOMETRIC_REPRESENTATION_CONTEXT(2) 
PARAMETRIC_REPRESENTATION_CONTEXT() REPRESENTATION_CONTEXT('2D SPACE',''
  ) );
#4235 = PCURVE('',#1646,#4236);
#4236 = DEFINITIONAL_REPRESENTATION('',(#4237),#4241);
#4237 = LINE('',#4238,#4239);
#4238 = CARTESIAN_POINT('',(0.,0.));
#4239 = VECTOR('',#4240,1.);
#4240 = DIRECTION('',(0.,-1.));
#4241 = ( GEOMETRIC_REPRESENTATION_CONTEXT(2) 
PARAMETRIC_REPRESENTATION_CONTEXT() REPRESENTATION_CONTEXT('2D SPACE',''
  ) );
#4242 = ADVANCED_FACE('',(#4243),#1646,.F.);
#4243 = FACE_BOUND('',#4244,.F.);
#4244 = EDGE_LOOP('',(#4245,#4246,#4247,#4275));
#4245 = ORIENTED_EDGE('',*,*,#1627,.F.);
#4246 = ORIENTED_EDGE('',*,*,#4222,.T.);
#4247 = ORIENTED_EDGE('',*,*,#4248,.T.);
#4248 = EDGE_CURVE('',#4195,#4249,#4251,.T.);
#4249 = VERTEX_POINT('',#4250);
#4250 = CARTESIAN_POINT('',(-2.835444596323,2.621286541725,2.));
#4251 = SURFACE_CURVE('',#4252,(#4257,#4264),.PCURVE_S1.);
#4252 = CIRCLE('',#4253,3.2);
#4253 = AXIS2_PLACEMENT_3D('',#4254,#4255,#4256);
#4254 = CARTESIAN_POINT('',(-1.,0.,2.));
#4255 = DIRECTION('',(0.,0.,-1.));
#4256 = DIRECTION('',(-0.573576436351,-0.819152044289,-0.));
#4257 = PCURVE('',#1646,#4258);
#4258 = DEFINITIONAL_REPRESENTATION('',(#4259),#4263);
#4259 = LINE('',#4260,#4261);
#4260 = CARTESIAN_POINT('',(0.,-1.1));
#4261 = VECTOR('',#4262,1.);
#4262 = DIRECTION('',(1.,0.));
#4263 = ( GEOMETRIC_REPRESENTATION_CONTEXT(2) 
PARAMETRIC_REPRESENTATION_CONTEXT() REPRESENTATION_CONTEXT('2D SPACE',''
  ) );
#4264 = PCURVE('',#4210,#4265);
#4265 = DEFINITIONAL_REPRESENTATION('',(#4266),#4274);
#4266 = ( BOUNDED_CURVE() B_SPLINE_CURVE(2,(#4267,#4268,#4269,#4270,
#4271,#4272,#4273),.UNSPECIFIED.,.T.,.F.) B_SPLINE_CURVE_WITH_KNOTS((1,2
    ,2,2,2,1),(-2.094395102393,0.,2.094395102393,4.188790204786,
6.28318530718,8.377580409573),.UNSPECIFIED.) CURVE() 
GEOMETRIC_REPRESENTATION_ITEM() RATIONAL_B_SPLINE_CURVE((1.,0.5,1.,0.5,
1.,0.5,1.)) REPRESENTATION_ITEM('') );
#4267 = CARTESIAN_POINT('',(1.107033153687,-2.621286541725));
#4268 = CARTESIAN_POINT('',(-3.433168317777,0.557796753585));
#4269 = CARTESIAN_POINT('',(1.59009931244,2.900184918517));
#4270 = CARTESIAN_POINT('',(6.613366942657,5.24257308345));
#4271 = CARTESIAN_POINT('',(6.130300783904,-0.278898376793));
#4272 = CARTESIAN_POINT('',(5.647234625151,-5.800369837035));
#4273 = CARTESIAN_POINT('',(1.107033153687,-2.621286541725));
#4274 = ( GEOMETRIC_REPRESENTATION_CONTEXT(2) 
PARAMETRIC_REPRESENTATION_CONTEXT() REPRESENTATION_CONTEXT('2D SPACE',''
  ) );
#4275 = ORIENTED_EDGE('',*,*,#4276,.F.);
#4276 = EDGE_CURVE('',#1602,#4249,#4277,.T.);
#4277 = SURFACE_CURVE('',#4278,(#4282,#4289),.PCURVE_S1.);
#4278 = LINE('',#4279,#4280);
#4279 = CARTESIAN_POINT('',(-2.835444596323,2.621286541725,0.9));
#4280 = VECTOR('',#4281,1.);
#4281 = DIRECTION('',(0.,0.,1.));
#4282 = PCURVE('',#1646,#4283);
#4283 = DEFINITIONAL_REPRESENTATION('',(#4284),#4288);
#4284 = LINE('',#4285,#4286);
#4285 = CARTESIAN_POINT('',(1.919862177194,0.));
#4286 = VECTOR('',#4287,1.);
#4287 = DIRECTION('',(0.,-1.));
#4288 = ( GEOMETRIC_REPRESENTATION_CONTEXT(2) 
PARAMETRIC_REPRESENTATION_CONTEXT() REPRESENTATION_CONTEXT('2D SPACE',''
  ) );
#4289 = PCURVE('',#1616,#4290);
#4290 = DEFINITIONAL_REPRESENTATION('',(#4291),#4295);
#4291 = LINE('',#4292,#4293);
#4292 = CARTESIAN_POINT('',(0.,0.));
#4293 = VECTOR('',#4294,1.);
#4294 = DIRECTION('',(0.,-1.));
#4295 = ( GEOMETRIC_REPRESENTATION_CONTEXT(2) 
PARAMETRIC_REPRESENTATION_CONTEXT() REPRESENTATION_CONTEXT('2D SPACE',''
  ) );
#4296 = ADVANCED_FACE('',(#4297),#1589,.T.);
#4297 = FACE_BOUND('',#4298,.F.);
#4298 = EDGE_LOOP('',(#4299,#4300,#4323,#4345));
#4299 = ORIENTED_EDGE('',*,*,#1568,.T.);
#4300 = ORIENTED_EDGE('',*,*,#4301,.T.);
#4301 = EDGE_CURVE('',#1569,#4302,#4304,.T.);
#4302 = VERTEX_POINT('',#4303);
#4303 = CARTESIAN_POINT('',(-3.351663389039,3.358523381585,2.));
#4304 = SURFACE_CURVE('',#4305,(#4309,#4316),.PCURVE_S1.);
#4305 = LINE('',#4306,#4307);
#4306 = CARTESIAN_POINT('',(-3.351663389039,3.358523381585,0.9));
#4307 = VECTOR('',#4308,1.);
#4308 = DIRECTION('',(0.,0.,1.));
#4309 = PCURVE('',#1589,#4310);
#4310 = DEFINITIONAL_REPRESENTATION('',(#4311),#4315);
#4311 = LINE('',#4312,#4313);
#4312 = CARTESIAN_POINT('',(-0.,0.));
#4313 = VECTOR('',#4314,1.);
#4314 = DIRECTION('',(-0.,-1.));
#4315 = ( GEOMETRIC_REPRESENTATION_CONTEXT(2) 
PARAMETRIC_REPRESENTATION_CONTEXT() REPRESENTATION_CONTEXT('2D SPACE',''
  ) );
#4316 = PCURVE('',#1616,#4317);
#4317 = DEFINITIONAL_REPRESENTATION('',(#4318),#4322);
#4318 = LINE('',#4319,#4320);
#4319 = CARTESIAN_POINT('',(0.9,0.));
#4320 = VECTOR('',#4321,1.);
#4321 = DIRECTION('',(0.,-1.));
#4322 = ( GEOMETRIC_REPRESENTATION_CONTEXT(2) 
PARAMETRIC_REPRESENTATION_CONTEXT() REPRESENTATION_CONTEXT('2D SPACE',''
  ) );
#4323 = ORIENTED_EDGE('',*,*,#4324,.T.);
#4324 = EDGE_CURVE('',#4302,#4172,#4325,.T.);
#4325 = SURFACE_CURVE('',#4326,(#4331,#4338),.PCURVE_S1.);
#4326 = CIRCLE('',#4327,4.1);
#4327 = AXIS2_PLACEMENT_3D('',#4328,#4329,#4330);
#4328 = CARTESIAN_POINT('',(-1.,-1.110223024625E-16,2.));
#4329 = DIRECTION('',(0.,0.,1.));
#4330 = DIRECTION('',(-0.573576436351,0.819152044289,0.));
#4331 = PCURVE('',#1589,#4332);
#4332 = DEFINITIONAL_REPRESENTATION('',(#4333),#4337);
#4333 = LINE('',#4334,#4335);
#4334 = CARTESIAN_POINT('',(-0.,-1.1));
#4335 = VECTOR('',#4336,1.);
#4336 = DIRECTION('',(-1.,0.));
#4337 = ( GEOMETRIC_REPRESENTATION_CONTEXT(2) 
PARAMETRIC_REPRESENTATION_CONTEXT() REPRESENTATION_CONTEXT('2D SPACE',''
  ) );
#4338 = PCURVE('',#4210,#4339);
#4339 = DEFINITIONAL_REPRESENTATION('',(#4340),#4344);
#4340 = CIRCLE('',#4341,4.1);
#4341 = AXIS2_PLACEMENT_2D('',#4342,#4343);
#4342 = CARTESIAN_POINT('',(2.94247775001,-2.535682003223E-16));
#4343 = DIRECTION('',(-0.573576436351,0.819152044289));
#4344 = ( GEOMETRIC_REPRESENTATION_CONTEXT(2) 
PARAMETRIC_REPRESENTATION_CONTEXT() REPRESENTATION_CONTEXT('2D SPACE',''
  ) );
#4345 = ORIENTED_EDGE('',*,*,#4171,.F.);
#4346 = ADVANCED_FACE('',(#4347),#1616,.F.);
#4347 = FACE_BOUND('',#4348,.F.);
#4348 = EDGE_LOOP('',(#4349,#4350,#4351,#4372));
#4349 = ORIENTED_EDGE('',*,*,#1601,.T.);
#4350 = ORIENTED_EDGE('',*,*,#4276,.T.);
#4351 = ORIENTED_EDGE('',*,*,#4352,.T.);
#4352 = EDGE_CURVE('',#4249,#4302,#4353,.T.);
#4353 = SURFACE_CURVE('',#4354,(#4358,#4365),.PCURVE_S1.);
#4354 = LINE('',#4355,#4356);
#4355 = CARTESIAN_POINT('',(-2.835444596323,2.621286541725,2.));
#4356 = VECTOR('',#4357,1.);
#4357 = DIRECTION('',(-0.573576436351,0.819152044289,0.));
#4358 = PCURVE('',#1616,#4359);
#4359 = DEFINITIONAL_REPRESENTATION('',(#4360),#4364);
#4360 = LINE('',#4361,#4362);
#4361 = CARTESIAN_POINT('',(0.,-1.1));
#4362 = VECTOR('',#4363,1.);
#4363 = DIRECTION('',(1.,0.));
#4364 = ( GEOMETRIC_REPRESENTATION_CONTEXT(2) 
PARAMETRIC_REPRESENTATION_CONTEXT() REPRESENTATION_CONTEXT('2D SPACE',''
  ) );
#4365 = PCURVE('',#4210,#4366);
#4366 = DEFINITIONAL_REPRESENTATION('',(#4367),#4371);
#4367 = LINE('',#4368,#4369);
#4368 = CARTESIAN_POINT('',(1.107033153687,2.621286541725));
#4369 = VECTOR('',#4370,1.);
#4370 = DIRECTION('',(-0.573576436351,0.819152044289));
#4371 = ( GEOMETRIC_REPRESENTATION_CONTEXT(2) 
PARAMETRIC_REPRESENTATION_CONTEXT() REPRESENTATION_CONTEXT('2D SPACE',''
  ) );
#4372 = ORIENTED_EDGE('',*,*,#4301,.F.);
#4373 = ADVANCED_FACE('',(#4374),#2053,.T.);
#4374 = FACE_BOUND('',#4375,.T.);
#4375 = EDGE_LOOP('',(#4376,#4400,#4401));
#4376 = ORIENTED_EDGE('',*,*,#4377,.T.);
#4377 = EDGE_CURVE('',#2037,#4378,#4380,.T.);
#4378 = VERTEX_POINT('',#4379);
#4379 = CARTESIAN_POINT('',(7.4,-9.,2.45));
#4380 = SEAM_CURVE('',#4381,(#4386,#4393),.PCURVE_S1.);
#4381 = CIRCLE('',#4382,0.6);
#4382 = AXIS2_PLACEMENT_3D('',#4383,#4384,#4385);
#4383 = CARTESIAN_POINT('',(7.4,-9.,1.85));
#4384 = DIRECTION('',(-2.449293598295E-16,-1.,0.));
#4385 = DIRECTION('',(1.,-2.449293598295E-16,0.));
#4386 = PCURVE('',#2053,#4387);
#4387 = DEFINITIONAL_REPRESENTATION('',(#4388),#4392);
#4388 = LINE('',#4389,#4390);
#4389 = CARTESIAN_POINT('',(6.28318530718,-6.28318530718));
#4390 = VECTOR('',#4391,1.);
#4391 = DIRECTION('',(0.,1.));
#4392 = ( GEOMETRIC_REPRESENTATION_CONTEXT(2) 
PARAMETRIC_REPRESENTATION_CONTEXT() REPRESENTATION_CONTEXT('2D SPACE',''
  ) );
#4393 = PCURVE('',#2053,#4394);
#4394 = DEFINITIONAL_REPRESENTATION('',(#4395),#4399);
#4395 = LINE('',#4396,#4397);
#4396 = CARTESIAN_POINT('',(0.,-6.28318530718));
#4397 = VECTOR('',#4398,1.);
#4398 = DIRECTION('',(0.,1.));
#4399 = ( GEOMETRIC_REPRESENTATION_CONTEXT(2) 
PARAMETRIC_REPRESENTATION_CONTEXT() REPRESENTATION_CONTEXT('2D SPACE',''
  ) );
#4400 = ORIENTED_EDGE('',*,*,#4377,.F.);
#4401 = ORIENTED_EDGE('',*,*,#2036,.T.);
#4402 = ADVANCED_FACE('',(#4403),#2445,.T.);
#4403 = FACE_BOUND('',#4404,.T.);
#4404 = EDGE_LOOP('',(#4405,#4406,#4432,#4914));
#4405 = ORIENTED_EDGE('',*,*,#2067,.F.);
#4406 = ORIENTED_EDGE('',*,*,#4407,.T.);
#4407 = EDGE_CURVE('',#2068,#4408,#4410,.T.);
#4408 = VERTEX_POINT('',#4409);
#4409 = CARTESIAN_POINT('',(9.,-6.5,2.35));
#4410 = SEAM_CURVE('',#4411,(#4419,#4426),.PCURVE_S1.);
#4411 = ( BOUNDED_CURVE() B_SPLINE_CURVE(6,(#4412,#4413,#4414,#4415,
#4416,#4417,#4418),.UNSPECIFIED.,.T.,.F.) B_SPLINE_CURVE_WITH_KNOTS((1,6
    ,6,1),(-6.28318530718,0.,6.28318530718,12.566370614359),
.UNSPECIFIED.) CURVE() GEOMETRIC_REPRESENTATION_ITEM() 
RATIONAL_B_SPLINE_CURVE((1.669078461068,1.03672962321,1.038346699848,
    0.853534330196,1.038346699848,1.03672962321,1.669078461068)) 
REPRESENTATION_ITEM('') );
#4412 = CARTESIAN_POINT('',(9.,-6.5,2.35));
#4413 = CARTESIAN_POINT('',(9.456440783472,-6.860347986952,2.35));
#4414 = CARTESIAN_POINT('',(9.521977911765,-6.912087825078,
    1.630908133308));
#4415 = CARTESIAN_POINT('',(9.,-6.5,1.037809077647));
#4416 = CARTESIAN_POINT('',(8.478022088235,-6.087912174922,
    1.630908133308));
#4417 = CARTESIAN_POINT('',(8.543559216528,-6.139652013048,2.35));
#4418 = CARTESIAN_POINT('',(9.,-6.5,2.35));
#4419 = PCURVE('',#2445,#4420);
#4420 = DEFINITIONAL_REPRESENTATION('',(#4421),#4425);
#4421 = LINE('',#4422,#4423);
#4422 = CARTESIAN_POINT('',(0.,0.));
#4423 = VECTOR('',#4424,1.);
#4424 = DIRECTION('',(1.,0.));
#4425 = ( GEOMETRIC_REPRESENTATION_CONTEXT(2) 
PARAMETRIC_REPRESENTATION_CONTEXT() REPRESENTATION_CONTEXT('2D SPACE',''
  ) );
#4426 = PCURVE('',#2445,#4427);
#4427 = DEFINITIONAL_REPRESENTATION('',(#4428),#4431);
#4428 = B_SPLINE_CURVE_WITH_KNOTS('',1,(#4429,#4430),.UNSPECIFIED.,.F.,
  .F.,(2,2),(0.,6.28318530718),.PIECEWISE_BEZIER_KNOTS.);
#4429 = CARTESIAN_POINT('',(0.,25.679356367485));
#4430 = CARTESIAN_POINT('',(6.28318530718,25.679356367485));
#4431 = ( GEOMETRIC_REPRESENTATION_CONTEXT(2) 
PARAMETRIC_REPRESENTATION_CONTEXT() REPRESENTATION_CONTEXT('2D SPACE',''
  ) );
#4432 = ORIENTED_EDGE('',*,*,#4433,.T.);
#4433 = EDGE_CURVE('',#4408,#4408,#4434,.T.);
#4434 = SURFACE_CURVE('',#4435,(#4494,#4500),.PCURVE_S1.);
#4435 = ( BOUNDED_CURVE() B_SPLINE_CURVE(9,(#4436,#4437,#4438,#4439,
    #4440,#4441,#4442,#4443,#4444,#4445,#4446,#4447,#4448,#4449,#4450,
    #4451,#4452,#4453,#4454,#4455,#4456,#4457,#4458,#4459,#4460,#4461,
    #4462,#4463,#4464,#4465,#4466,#4467,#4468,#4469,#4470,#4471,#4472,
    #4473,#4474,#4475,#4476,#4477,#4478,#4479,#4480,#4481,#4482,#4483,
    #4484,#4485,#4486,#4487,#4488,#4489,#4490,#4491,#4492,#4493),
.UNSPECIFIED.,.T.,.F.) B_SPLINE_CURVE_WITH_KNOTS((10,8,8,8,8,8,8,10),(0.
    ,4.825971404805,8.274159334719,12.31890901795,16.067241980748,
19.59002497151,22.637975102336,25.679356367485),.UNSPECIFIED.) CURVE() 
GEOMETRIC_REPRESENTATION_ITEM() RATIONAL_B_SPLINE_CURVE((1.669078461068,
    1.669078461068,1.669078461068,1.669078461068,1.669078461068,
    1.669078461068,1.669078461068,1.669078461068,1.669078461068,
    1.669078461068,1.669078461068,1.669078461068,1.669078461068,
    1.669078461068,1.669078461068,1.669078461068,1.669078461068,
    1.669078461068,1.669078461068,1.669078461069,1.669078461068,
    1.669078461069,1.669078461068,1.669078461068,1.669078461068,
    1.669078461068,1.669078461068,1.669078461069,1.669078461068,
    1.669078461069,1.669078461068,1.669078461068,1.669078461068,
    1.669078461068,1.669078461068,1.669078461068,1.669078461068,
    1.669078461068,1.669078461068,1.669078461068,1.669078461068,
    1.669078461068,1.669078461068,1.669078461068,1.669078461068,
    1.669078461068,1.669078461068,1.669078461068,1.669078461068,
    1.669078461068,1.669078461068,1.669078461068,1.669078461068,
    1.669078461068,1.669078461068,1.669078461068,1.669078461068,
1.669078461068)) REPRESENTATION_ITEM('') );
#4436 = CARTESIAN_POINT('',(9.,-6.5,2.35));
#4437 = CARTESIAN_POINT('',(9.255511665088,-5.764777952224,2.35));
#4438 = CARTESIAN_POINT('',(9.582395574271,-5.154961615124,2.35));
#4439 = CARTESIAN_POINT('',(9.970306420725,-4.663436617815,2.35));
#4440 = CARTESIAN_POINT('',(10.408898897627,-4.283088589412,2.35));
#4441 = CARTESIAN_POINT('',(10.887827698152,-4.006803159029,2.35));
#4442 = CARTESIAN_POINT('',(11.396747515476,-3.827465955781,2.35));
#4443 = CARTESIAN_POINT('',(11.925313042775,-3.737962608784,2.35));
#4444 = CARTESIAN_POINT('',(12.463178973224,-3.731178747152,2.35));
#4445 = CARTESIAN_POINT('',(13.383562112119,-3.849173232389,2.35));
#4446 = CARTESIAN_POINT('',(13.766590780499,-3.936944352763,2.35));
#4447 = CARTESIAN_POINT('',(14.143932969015,-4.061740943753,2.35));
#4448 = CARTESIAN_POINT('',(14.510435641544,-4.221990587992,2.35));
#4449 = CARTESIAN_POINT('',(14.860945761959,-4.416120868109,2.35));
#4450 = CARTESIAN_POINT('',(15.190310294137,-4.642559366737,2.35));
#4451 = CARTESIAN_POINT('',(15.493376201953,-4.899733666507,2.35));
#4452 = CARTESIAN_POINT('',(15.764990449282,-5.186071350051,2.35));
#4453 = CARTESIAN_POINT('',(16.27566792331,-5.868240604412,2.35));
#4454 = CARTESIAN_POINT('',(16.500969754394,-6.274444893466,2.35));
#4455 = CARTESIAN_POINT('',(16.675097969566,-6.710507413747,2.35));
#4456 = CARTESIAN_POINT('',(16.79724504514,-7.168322711841,2.35));
#4457 = CARTESIAN_POINT('',(16.866603457428,-7.639785334333,2.35));
#4458 = CARTESIAN_POINT('',(16.882365682745,-8.116789827809,2.35));
#4459 = CARTESIAN_POINT('',(16.843724197403,-8.591230738855,2.35));
#4460 = CARTESIAN_POINT('',(16.749871477717,-9.055002614057,2.35));
#4461 = CARTESIAN_POINT('',(16.461111751256,-9.912386056176,2.35));
#4462 = CARTESIAN_POINT('',(16.274114483544,-10.30864854425,2.35));
#4463 = CARTESIAN_POINT('',(16.04355485069,-10.68365620168,2.35));
#4464 = CARTESIAN_POINT('',(15.773979506524,-11.03227776592,2.35));
#4465 = CARTESIAN_POINT('',(15.469935104873,-11.34938197441,2.35));
#4466 = CARTESIAN_POINT('',(15.135968299567,-11.62983756462,2.35));
#4467 = CARTESIAN_POINT('',(14.776625744434,-11.86851327398,2.35));
#4468 = CARTESIAN_POINT('',(14.396454093302,-12.06027783996,2.35));
#4469 = CARTESIAN_POINT('',(13.627401900961,-12.33131460137,2.35));
#4470 = CARTESIAN_POINT('',(13.240421943749,-12.41666149757,2.35));
#4471 = CARTESIAN_POINT('',(12.843478340096,-12.45690980733,2.35));
#4472 = CARTESIAN_POINT('',(12.440989301737,-12.4529286494,2.35));
#4473 = CARTESIAN_POINT('',(12.037373040404,-12.4055871425,2.35));
#4474 = CARTESIAN_POINT('',(11.637047767831,-12.31575440537,2.35));
#4475 = CARTESIAN_POINT('',(11.24443169575,-12.18429955676,2.35));
#4476 = CARTESIAN_POINT('',(10.863943035896,-12.01209171539,2.35));
#4477 = CARTESIAN_POINT('',(10.185112529844,-11.61649594273,2.35));
#4478 = CARTESIAN_POINT('',(9.882610945794,-11.40313522232,2.35));
#4479 = CARTESIAN_POINT('',(9.597115430369,-11.16499374815,2.35));
#4480 = CARTESIAN_POINT('',(9.333246166088,-10.90714742962,2.35));
#4481 = CARTESIAN_POINT('',(9.09562333547,-10.6346721761,2.35));
#4482 = CARTESIAN_POINT('',(8.888867121033,-10.35264389699,2.35));
#4483 = CARTESIAN_POINT('',(8.717597705297,-10.06613850168,2.35));
#4484 = CARTESIAN_POINT('',(8.58643527078,-9.780231899555,2.35));
#4485 = CARTESIAN_POINT('',(8.413751012348,-9.220372049206,2.35));
#4486 = CARTESIAN_POINT('',(8.372036606459,-8.94639436739,2.35));
#4487 = CARTESIAN_POINT('',(8.37096387692,-8.669891262574,2.35));
#4488 = CARTESIAN_POINT('',(8.406639918322,-8.382687042782,2.35));
#4489 = CARTESIAN_POINT('',(8.475171825249,-8.076606016037,2.35));
#4490 = CARTESIAN_POINT('',(8.572666692293,-7.743472490363,2.35));
#4491 = CARTESIAN_POINT('',(8.69523161404,-7.375110773784,2.35));
#4492 = CARTESIAN_POINT('',(8.83897368508,-6.963345174321,2.35));
#4493 = CARTESIAN_POINT('',(9.,-6.5,2.35));
#4494 = PCURVE('',#2445,#4495);
#4495 = DEFINITIONAL_REPRESENTATION('',(#4496),#4499);
#4496 = B_SPLINE_CURVE_WITH_KNOTS('',1,(#4497,#4498),.UNSPECIFIED.,.F.,
  .F.,(2,2),(0.,25.679356367485),.PIECEWISE_BEZIER_KNOTS.);
#4497 = CARTESIAN_POINT('',(6.28318530718,0.));
#4498 = CARTESIAN_POINT('',(6.28318530718,25.679356367485));
#4499 = ( GEOMETRIC_REPRESENTATION_CONTEXT(2) 
PARAMETRIC_REPRESENTATION_CONTEXT() REPRESENTATION_CONTEXT('2D SPACE',''
  ) );
#4500 = PCURVE('',#4501,#4908);
#4501 = ( BOUNDED_SURFACE() B_SPLINE_SURFACE(6,9,(
    (#4502,#4503,#4504,#4505,#4506,#4507,#4508,#4509,#4510,#4511,#4512
      ,#4513,#4514,#4515,#4516,#4517,#4518,#4519,#4520,#4521,#4522,#4523
      ,#4524,#4525,#4526,#4527,#4528,#4529,#4530,#4531,#4532,#4533,#4534
      ,#4535,#4536,#4537,#4538,#4539,#4540,#4541,#4542,#4543,#4544,#4545
      ,#4546,#4547,#4548,#4549,#4550,#4551,#4552,#4553,#4554,#4555,#4556
      ,#4557,#4558,#4559)
    ,(#4560,#4561,#4562,#4563,#4564,#4565,#4566,#4567,#4568,#4569,#4570
      ,#4571,#4572,#4573,#4574,#4575,#4576,#4577,#4578,#4579,#4580,#4581
      ,#4582,#4583,#4584,#4585,#4586,#4587,#4588,#4589,#4590,#4591,#4592
      ,#4593,#4594,#4595,#4596,#4597,#4598,#4599,#4600,#4601,#4602,#4603
      ,#4604,#4605,#4606,#4607,#4608,#4609,#4610,#4611,#4612,#4613,#4614
      ,#4615,#4616,#4617)
    ,(#4618,#4619,#4620,#4621,#4622,#4623,#4624,#4625,#4626,#4627,#4628
      ,#4629,#4630,#4631,#4632,#4633,#4634,#4635,#4636,#4637,#4638,#4639
      ,#4640,#4641,#4642,#4643,#4644,#4645,#4646,#4647,#4648,#4649,#4650
      ,#4651,#4652,#4653,#4654,#4655,#4656,#4657,#4658,#4659,#4660,#4661
      ,#4662,#4663,#4664,#4665,#4666,#4667,#4668,#4669,#4670,#4671,#4672
      ,#4673,#4674,#4675)
    ,(#4676,#4677,#4678,#4679,#4680,#4681,#4682,#4683,#4684,#4685,#4686
      ,#4687,#4688,#4689,#4690,#4691,#4692,#4693,#4694,#4695,#4696,#4697
      ,#4698,#4699,#4700,#4701,#4702,#4703,#4704,#4705,#4706,#4707,#4708
      ,#4709,#4710,#4711,#4712,#4713,#4714,#4715,#4716,#4717,#4718,#4719
      ,#4720,#4721,#4722,#4723,#4724,#4725,#4726,#4727,#4728,#4729,#4730
      ,#4731,#4732,#4733)
    ,(#4734,#4735,#4736,#4737,#4738,#4739,#4740,#4741,#4742,#4743,#4744
      ,#4745,#4746,#4747,#4748,#4749,#4750,#4751,#4752,#4753,#4754,#4755
      ,#4756,#4757,#4758,#4759,#4760,#4761,#4762,#4763,#4764,#4765,#4766
      ,#4767,#4768,#4769,#4770,#4771,#4772,#4773,#4774,#4775,#4776,#4777
      ,#4778,#4779,#4780,#4781,#4782,#4783,#4784,#4785,#4786,#4787,#4788
      ,#4789,#4790,#4791)
    ,(#4792,#4793,#4794,#4795,#4796,#4797,#4798,#4799,#4800,#4801,#4802
      ,#4803,#4804,#4805,#4806,#4807,#4808,#4809,#4810,#4811,#4812,#4813
      ,#4814,#4815,#4816,#4817,#4818,#4819,#4820,#4821,#4822,#4823,#4824
      ,#4825,#4826,#4827,#4828,#4829,#4830,#4831,#4832,#4833,#4834,#4835
      ,#4836,#4837,#4838,#4839,#4840,#4841,#4842,#4843,#4844,#4845,#4846
      ,#4847,#4848,#4849)
    ,(#4850,#4851,#4852,#4853,#4854,#4855,#4856,#4857,#4858,#4859,#4860
      ,#4861,#4862,#4863,#4864,#4865,#4866,#4867,#4868,#4869,#4870,#4871
      ,#4872,#4873,#4874,#4875,#4876,#4877,#4878,#4879,#4880,#4881,#4882
      ,#4883,#4884,#4885,#4886,#4887,#4888,#4889,#4890,#4891,#4892,#4893
      ,#4894,#4895,#4896,#4897,#4898,#4899,#4900,#4901,#4902,#4903,#4904
      ,#4905,#4906,#4907
)),.UNSPECIFIED.,.T.,.T.,.F.) B_SPLINE_SURFACE_WITH_KNOTS((1,6,6,1),(10,
    8,8,8,8,8,8,10),(-6.28318530718,0.,6.28318530718,12.566370614359),(
    0.,4.825971404805,8.274159334719,12.31890901795,16.067241980748,
    19.59002497151,22.637975102336,25.679356367485),.UNSPECIFIED.) 
GEOMETRIC_REPRESENTATION_ITEM() RATIONAL_B_SPLINE_SURFACE((
    (1.669078461068,1.669078461068,1.669078461068,1.669078461068
      ,1.669078461068,1.669078461068,1.669078461068,1.669078461068
      ,1.669078461068,1.669078461068,1.669078461068,1.669078461068
      ,1.669078461068,1.669078461068,1.669078461068,1.669078461068
      ,1.669078461068,1.669078461068,1.669078461068,1.669078461069
      ,1.669078461068,1.669078461069,1.669078461068,1.669078461068
      ,1.669078461068,1.669078461068,1.669078461068,1.669078461069
      ,1.669078461068,1.669078461069,1.669078461068,1.669078461068
      ,1.669078461068,1.669078461068,1.669078461068,1.669078461068
      ,1.669078461068,1.669078461068,1.669078461068,1.669078461068
      ,1.669078461068,1.669078461068,1.669078461068,1.669078461068
      ,1.669078461068,1.669078461068,1.669078461068,1.669078461068
      ,1.669078461068,1.669078461068,1.669078461068,1.669078461068
      ,1.669078461068,1.669078461068,1.669078461068,1.669078461068
      ,1.669078461068,1.669078461068)
    ,(1.03672962321,1.03672962321,1.03672962321,1.03672962321
      ,1.03672962321,1.03672962321,1.03672962321,1.03672962321
      ,1.03672962321,1.03672962321,1.03672962321,1.03672962321
      ,1.03672962321,1.03672962321,1.03672962321,1.03672962321
      ,1.03672962321,1.03672962321,1.036729623209,1.03672962321
      ,1.036729623209,1.03672962321,1.036729623209,1.03672962321
      ,1.03672962321,1.03672962321,1.03672962321,1.03672962321
      ,1.036729623209,1.03672962321,1.03672962321,1.03672962321
      ,1.03672962321,1.03672962321,1.03672962321,1.03672962321
      ,1.03672962321,1.03672962321,1.03672962321,1.03672962321
      ,1.03672962321,1.03672962321,1.03672962321,1.03672962321
      ,1.036729623209,1.03672962321,1.036729623209,1.03672962321
      ,1.03672962321,1.03672962321,1.03672962321,1.03672962321
      ,1.036729623209,1.03672962321,1.03672962321,1.03672962321
      ,1.03672962321,1.03672962321)
    ,(1.038346699848,1.038346699848,1.038346699848,1.038346699847
      ,1.038346699848,1.038346699847,1.038346699848,1.038346699848
      ,1.038346699848,1.038346699848,1.038346699847,1.038346699848
      ,1.038346699848,1.038346699847,1.038346699848,1.038346699848
      ,1.038346699848,1.038346699848,1.038346699847,1.038346699848
      ,1.038346699847,1.038346699848,1.038346699847,1.038346699848
      ,1.038346699847,1.038346699848,1.038346699847,1.038346699848
      ,1.038346699847,1.038346699848,1.038346699847,1.038346699848
      ,1.038346699848,1.038346699848,1.038346699848,1.038346699847
      ,1.038346699848,1.038346699848,1.038346699847,1.038346699848
      ,1.038346699847,1.038346699848,1.038346699847,1.038346699848
      ,1.038346699847,1.038346699848,1.038346699847,1.038346699848
      ,1.038346699847,1.038346699848,1.038346699847,1.038346699848
      ,1.038346699847,1.038346699848,1.038346699847,1.038346699848
      ,1.038346699847,1.038346699848)
    ,(0.853534330196,0.853534330196,0.853534330196,0.853534330196
      ,0.853534330196,0.853534330196,0.853534330196,0.853534330196
      ,0.853534330196,0.853534330196,0.853534330196,0.853534330196
      ,0.853534330196,0.853534330196,0.853534330196,0.853534330196
      ,0.853534330196,0.853534330196,0.853534330196,0.853534330196
      ,0.853534330196,0.853534330196,0.853534330196,0.853534330196
      ,0.853534330196,0.853534330196,0.853534330196,0.853534330196
      ,0.853534330196,0.853534330196,0.853534330196,0.853534330196
      ,0.853534330196,0.853534330196,0.853534330196,0.853534330196
      ,0.853534330196,0.853534330196,0.853534330196,0.853534330196
      ,0.853534330196,0.853534330196,0.853534330196,0.853534330196
      ,0.853534330196,0.853534330196,0.853534330196,0.853534330196
      ,0.853534330196,0.853534330196,0.853534330196,0.853534330196
      ,0.853534330196,0.853534330196,0.853534330196,0.853534330196
      ,0.853534330196,0.853534330196)
    ,(1.038346699848,1.038346699847,1.038346699848,1.038346699847
      ,1.038346699848,1.038346699847,1.038346699848,1.038346699847
      ,1.038346699848,1.038346699848,1.038346699848,1.038346699847
      ,1.038346699848,1.038346699847,1.038346699848,1.038346699847
      ,1.038346699848,1.038346699848,1.038346699847,1.038346699848
      ,1.038346699847,1.038346699848,1.038346699847,1.038346699848
      ,1.038346699847,1.038346699848,1.038346699847,1.038346699848
      ,1.038346699847,1.038346699848,1.038346699847,1.038346699848
      ,1.038346699848,1.038346699848,1.038346699848,1.038346699847
      ,1.038346699848,1.038346699847,1.038346699848,1.038346699848
      ,1.038346699848,1.038346699848,1.038346699847,1.038346699848
      ,1.038346699847,1.038346699848,1.038346699847,1.038346699848
      ,1.038346699847,1.038346699848,1.038346699847,1.038346699848
      ,1.038346699847,1.038346699848,1.038346699847,1.038346699848
      ,1.038346699847,1.038346699848)
    ,(1.03672962321,1.03672962321,1.03672962321,1.03672962321
      ,1.03672962321,1.03672962321,1.03672962321,1.03672962321
      ,1.03672962321,1.03672962321,1.03672962321,1.03672962321
      ,1.03672962321,1.03672962321,1.03672962321,1.03672962321
      ,1.03672962321,1.03672962321,1.036729623209,1.03672962321
      ,1.036729623209,1.03672962321,1.036729623209,1.03672962321
      ,1.03672962321,1.03672962321,1.03672962321,1.03672962321
      ,1.036729623209,1.03672962321,1.03672962321,1.03672962321
      ,1.03672962321,1.03672962321,1.03672962321,1.036729623209
      ,1.03672962321,1.036729623209,1.03672962321,1.03672962321
      ,1.03672962321,1.03672962321,1.03672962321,1.03672962321
      ,1.03672962321,1.03672962321,1.03672962321,1.03672962321
      ,1.03672962321,1.03672962321,1.03672962321,1.03672962321
      ,1.036729623209,1.03672962321,1.03672962321,1.03672962321
      ,1.03672962321,1.03672962321)
    ,(1.669078461068,1.669078461068,1.669078461068,1.669078461068
      ,1.669078461068,1.669078461068,1.669078461068,1.669078461068
      ,1.669078461068,1.669078461068,1.669078461068,1.669078461068
      ,1.669078461068,1.669078461068,1.669078461068,1.669078461068
      ,1.669078461068,1.669078461068,1.669078461068,1.669078461069
      ,1.669078461068,1.669078461069,1.669078461068,1.669078461068
      ,1.669078461068,1.669078461068,1.669078461068,1.669078461069
      ,1.669078461068,1.669078461069,1.669078461068,1.669078461068
      ,1.669078461068,1.669078461068,1.669078461068,1.669078461068
      ,1.669078461068,1.669078461068,1.669078461068,1.669078461068
      ,1.669078461068,1.669078461068,1.669078461068,1.669078461068
      ,1.669078461068,1.669078461068,1.669078461068,1.669078461068
      ,1.669078461068,1.669078461068,1.669078461068,1.669078461068
      ,1.669078461068,1.669078461068,1.669078461068,1.669078461068
,1.669078461068,1.669078461068))) REPRESENTATION_ITEM('') SURFACE() );
#4502 = CARTESIAN_POINT('',(9.,-6.5,2.35));
#4503 = CARTESIAN_POINT('',(9.255511665088,-5.764777952224,2.35));
#4504 = CARTESIAN_POINT('',(9.582395574271,-5.154961615124,2.35));
#4505 = CARTESIAN_POINT('',(9.970306420725,-4.663436617815,2.35));
#4506 = CARTESIAN_POINT('',(10.408898897627,-4.283088589412,2.35));
#4507 = CARTESIAN_POINT('',(10.887827698152,-4.006803159029,2.35));
#4508 = CARTESIAN_POINT('',(11.396747515476,-3.827465955781,2.35));
#4509 = CARTESIAN_POINT('',(11.925313042775,-3.737962608784,2.35));
#4510 = CARTESIAN_POINT('',(12.463178973224,-3.731178747152,2.35));
#4511 = CARTESIAN_POINT('',(13.383562112119,-3.849173232389,2.35));
#4512 = CARTESIAN_POINT('',(13.766590780499,-3.936944352763,2.35));
#4513 = CARTESIAN_POINT('',(14.143932969015,-4.061740943753,2.35));
#4514 = CARTESIAN_POINT('',(14.510435641544,-4.221990587992,2.35));
#4515 = CARTESIAN_POINT('',(14.860945761959,-4.416120868109,2.35));
#4516 = CARTESIAN_POINT('',(15.190310294137,-4.642559366737,2.35));
#4517 = CARTESIAN_POINT('',(15.493376201953,-4.899733666507,2.35));
#4518 = CARTESIAN_POINT('',(15.764990449282,-5.186071350051,2.35));
#4519 = CARTESIAN_POINT('',(16.27566792331,-5.868240604412,2.35));
#4520 = CARTESIAN_POINT('',(16.500969754394,-6.274444893466,2.35));
#4521 = CARTESIAN_POINT('',(16.675097969566,-6.710507413747,2.35));
#4522 = CARTESIAN_POINT('',(16.79724504514,-7.168322711841,2.35));
#4523 = CARTESIAN_POINT('',(16.866603457428,-7.639785334333,2.35));
#4524 = CARTESIAN_POINT('',(16.882365682745,-8.116789827809,2.35));
#4525 = CARTESIAN_POINT('',(16.843724197403,-8.591230738855,2.35));
#4526 = CARTESIAN_POINT('',(16.749871477717,-9.055002614057,2.35));
#4527 = CARTESIAN_POINT('',(16.461111751256,-9.912386056176,2.35));
#4528 = CARTESIAN_POINT('',(16.274114483544,-10.30864854425,2.35));
#4529 = CARTESIAN_POINT('',(16.04355485069,-10.68365620168,2.35));
#4530 = CARTESIAN_POINT('',(15.773979506524,-11.03227776592,2.35));
#4531 = CARTESIAN_POINT('',(15.469935104873,-11.34938197441,2.35));
#4532 = CARTESIAN_POINT('',(15.135968299567,-11.62983756462,2.35));
#4533 = CARTESIAN_POINT('',(14.776625744434,-11.86851327398,2.35));
#4534 = CARTESIAN_POINT('',(14.396454093302,-12.06027783996,2.35));
#4535 = CARTESIAN_POINT('',(13.627401900961,-12.33131460137,2.35));
#4536 = CARTESIAN_POINT('',(13.240421943749,-12.41666149757,2.35));
#4537 = CARTESIAN_POINT('',(12.843478340096,-12.45690980733,2.35));
#4538 = CARTESIAN_POINT('',(12.440989301737,-12.4529286494,2.35));
#4539 = CARTESIAN_POINT('',(12.037373040404,-12.4055871425,2.35));
#4540 = CARTESIAN_POINT('',(11.637047767831,-12.31575440537,2.35));
#4541 = CARTESIAN_POINT('',(11.24443169575,-12.18429955676,2.35));
#4542 = CARTESIAN_POINT('',(10.863943035896,-12.01209171539,2.35));
#4543 = CARTESIAN_POINT('',(10.185112529844,-11.61649594273,2.35));
#4544 = CARTESIAN_POINT('',(9.882610945794,-11.40313522232,2.35));
#4545 = CARTESIAN_POINT('',(9.597115430369,-11.16499374815,2.35));
#4546 = CARTESIAN_POINT('',(9.333246166088,-10.90714742962,2.35));
#4547 = CARTESIAN_POINT('',(9.09562333547,-10.6346721761,2.35));
#4548 = CARTESIAN_POINT('',(8.888867121033,-10.35264389699,2.35));
#4549 = CARTESIAN_POINT('',(8.717597705297,-10.06613850168,2.35));
#4550 = CARTESIAN_POINT('',(8.58643527078,-9.780231899555,2.35));
#4551 = CARTESIAN_POINT('',(8.413751012348,-9.220372049206,2.35));
#4552 = CARTESIAN_POINT('',(8.372036606459,-8.94639436739,2.35));
#4553 = CARTESIAN_POINT('',(8.37096387692,-8.669891262574,2.35));
#4554 = CARTESIAN_POINT('',(8.406639918322,-8.382687042782,2.35));
#4555 = CARTESIAN_POINT('',(8.475171825249,-8.076606016037,2.35));
#4556 = CARTESIAN_POINT('',(8.572666692293,-7.743472490363,2.35));
#4557 = CARTESIAN_POINT('',(8.69523161404,-7.375110773784,2.35));
#4558 = CARTESIAN_POINT('',(8.83897368508,-6.963345174321,2.35));
#4559 = CARTESIAN_POINT('',(9.,-6.5,2.35));
#4560 = CARTESIAN_POINT('',(9.456440783472,-6.860347986952,2.35));
#4561 = CARTESIAN_POINT('',(9.66726786308,-6.181726414118,2.35));
#4562 = CARTESIAN_POINT('',(9.935020052541,-5.630574930319,2.35));
#4563 = CARTESIAN_POINT('',(10.246158364996,-5.195125177218,2.35));
#4564 = CARTESIAN_POINT('',(10.589482575179,-4.864062304519,2.35));
#4565 = CARTESIAN_POINT('',(10.95384572441,-4.607602645902,2.35));
#4566 = CARTESIAN_POINT('',(11.364876674801,-4.423426846128,2.35));
#4567 = CARTESIAN_POINT('',(11.805720679971,-4.31681954872,2.35));
#4568 = CARTESIAN_POINT('',(12.268568212093,-4.283866678541,2.35));
#4569 = CARTESIAN_POINT('',(13.078791025696,-4.347100760487,2.35));
#4570 = CARTESIAN_POINT('',(13.420161611365,-4.408485538018,2.35));
#4571 = CARTESIAN_POINT('',(13.759350996197,-4.503753866411,2.35));
#4572 = CARTESIAN_POINT('',(14.09048326139,-4.63132779265,2.35));
#4573 = CARTESIAN_POINT('',(14.407944646005,-4.789166721172,2.35));
#4574 = CARTESIAN_POINT('',(14.706558597101,-4.974882002479,2.35));
#4575 = CARTESIAN_POINT('',(14.981695878311,-5.185999742405,2.35));
#4576 = CARTESIAN_POINT('',(15.229319736852,-5.420371832021,2.35));
#4577 = CARTESIAN_POINT('',(15.700093932846,-5.977451303356,2.35));
#4578 = CARTESIAN_POINT('',(15.914391935972,-6.317183434582,2.35));
#4579 = CARTESIAN_POINT('',(16.086485214865,-6.689710134354,2.35));
#4580 = CARTESIAN_POINT('',(16.213857386094,-7.08713203318,2.35));
#4581 = CARTESIAN_POINT('',(16.294559549583,-7.500681130469,2.35));
#4582 = CARTESIAN_POINT('',(16.327548560337,-7.921391373892,2.35));
#4583 = CARTESIAN_POINT('',(16.31265462855,-8.340630537239,2.35));
#4584 = CARTESIAN_POINT('',(16.250178248157,-8.750493396775,2.35));
#4585 = CARTESIAN_POINT('',(16.038120462884,-9.508777033478,2.35));
#4586 = CARTESIAN_POINT('',(15.891861233988,-9.863888040079,2.35));
#4587 = CARTESIAN_POINT('',(15.704922983026,-10.20372536032,2.35));
#4588 = CARTESIAN_POINT('',(15.481549809489,-10.52231105242,2.35));
#4589 = CARTESIAN_POINT('',(15.226653275865,-10.81390717268,2.35));
#4590 = CARTESIAN_POINT('',(14.945620341261,-11.07337225572,2.35));
#4591 = CARTESIAN_POINT('',(14.64392164921,-11.29632020066,2.35));
#4592 = CARTESIAN_POINT('',(14.326520169651,-11.47908156316,2.35));
#4593 = CARTESIAN_POINT('',(13.687463746819,-11.74946563169,2.35));
#4594 = CARTESIAN_POINT('',(13.361430990895,-11.84218044132,2.35));
#4595 = CARTESIAN_POINT('',(13.021971351445,-11.89658173396,2.35));
#4596 = CARTESIAN_POINT('',(12.672967047763,-11.9124214243,2.35));
#4597 = CARTESIAN_POINT('',(12.318805670511,-11.88960791907,2.35));
#4598 = CARTESIAN_POINT('',(11.964075344671,-11.82839956173,2.35));
#4599 = CARTESIAN_POINT('',(11.613342479248,-11.72941689315,2.35));
#4600 = CARTESIAN_POINT('',(11.271012103732,-11.59347372815,2.35));
#4601 = CARTESIAN_POINT('',(10.655975024016,-11.27219734805,2.35));
#4602 = CARTESIAN_POINT('',(10.377667181936,-11.09315312401,2.35));
#4603 = CARTESIAN_POINT('',(10.112696859243,-10.88941161246,2.35));
#4604 = CARTESIAN_POINT('',(9.866827023504,-10.66738842791,2.35));
#4605 = CARTESIAN_POINT('',(9.645157878401,-10.43313878538,2.35));
#4606 = CARTESIAN_POINT('',(9.452473741318,-10.19303432082,2.35));
#4607 = CARTESIAN_POINT('',(9.293196998061,-9.954910841002,2.35));
#4608 = CARTESIAN_POINT('',(9.170133196929,-9.72802233467,2.35));
#4609 = CARTESIAN_POINT('',(8.992441177112,-9.312698848697,2.35));
#4610 = CARTESIAN_POINT('',(8.937891380246,-9.117678154746,2.35));
#4611 = CARTESIAN_POINT('',(8.910793126576,-8.917639860578,2.35));
#4612 = CARTESIAN_POINT('',(8.908023288697,-8.681933541085,2.35));
#4613 = CARTESIAN_POINT('',(8.958413903155,-8.402739187313,2.35));
#4614 = CARTESIAN_POINT('',(9.039646941094,-8.090607208271,2.35));
#4615 = CARTESIAN_POINT('',(9.15442753679,-7.731967645829,2.35));
#4616 = CARTESIAN_POINT('',(9.295018973915,-7.324194121148,2.35));
#4617 = CARTESIAN_POINT('',(9.456440783472,-6.860347986952,2.35));
#4618 = CARTESIAN_POINT('',(9.521977911765,-6.912087825078,
    1.630908133308));
#4619 = CARTESIAN_POINT('',(9.726389045389,-6.241593117156,
    1.630908133308));
#4620 = CARTESIAN_POINT('',(9.985650926268,-5.698864907868,
    1.630908133308));
#4621 = CARTESIAN_POINT('',(10.28576600944,-5.271466605484,
    1.630908133308));
#4622 = CARTESIAN_POINT('',(10.615411317902,-4.947480242356,
    1.630908133308));
#4623 = CARTESIAN_POINT('',(10.963324789413,-4.693867227147,
    1.630908133308));
#4624 = CARTESIAN_POINT('',(11.360300564493,-4.50899668726,
    1.630908133308));
#4625 = CARTESIAN_POINT('',(11.788549252027,-4.399933553667,
    1.630908133308));
#4626 = CARTESIAN_POINT('',(12.240625418896,-4.363223259234,
    1.630908133308));
#4627 = CARTESIAN_POINT('',(13.035031084617,-4.418594679241,
    1.630908133308));
#4628 = CARTESIAN_POINT('',(13.370420278592,-4.476190827012,
    1.630908133308));
#4629 = CARTESIAN_POINT('',(13.704131570142,-4.567219399439,
    1.630908133308));
#4630 = CARTESIAN_POINT('',(14.030185246814,-4.690101648686,
    1.630908133308));
#4631 = CARTESIAN_POINT('',(14.342901395427,-4.842729756765,
    1.630908133308));
#4632 = CARTESIAN_POINT('',(14.637100086428,-5.022597877138,
    1.630908133308));
#4633 = CARTESIAN_POINT('',(14.908227292178,-5.227102678911,
    1.630908133308));
#4634 = CARTESIAN_POINT('',(15.152406539184,-5.454013393647,
    1.630908133308));
#4635 = CARTESIAN_POINT('',(15.61745130357,-5.993132101056,
    1.630908133308));
#4636 = CARTESIAN_POINT('',(15.830169344276,-6.323319961714,
    1.630908133308));
#4637 = CARTESIAN_POINT('',(16.001970440953,-6.686723998984,
    1.630908133308));
#4638 = CARTESIAN_POINT('',(16.130092846991,-7.075474433517,
    1.630908133308));
#4639 = CARTESIAN_POINT('',(16.212423780093,-7.480708134224,
    1.630908133308));
#4640 = CARTESIAN_POINT('',(16.24788626405,-7.893335481417,
    1.630908133308));
#4641 = CARTESIAN_POINT('',(16.236402076792,-8.304648613278,
    1.630908133308));
#4642 = CARTESIAN_POINT('',(16.178430804724,-8.706771055648,
    1.630908133308));
#4643 = CARTESIAN_POINT('',(15.977386112808,-9.450825646884,
    1.630908133308));
#4644 = CARTESIAN_POINT('',(15.836976172961,-9.800028001106,
    1.630908133308));
#4645 = CARTESIAN_POINT('',(15.656301210042,-10.13481545949,
    1.630908133308));
#4646 = CARTESIAN_POINT('',(15.439561881887,-10.44908851154,
    1.630908133308));
#4647 = CARTESIAN_POINT('',(15.191722145659,-10.73702210445,
    1.630908133308));
#4648 = CARTESIAN_POINT('',(14.918289614,-10.99347330791,1.630908133308)
  );
#4649 = CARTESIAN_POINT('',(14.624867599641,-11.21416301354,
    1.630908133308));
#4650 = CARTESIAN_POINT('',(14.316478848428,-11.39563166925,
    1.630908133308));
#4651 = CARTESIAN_POINT('',(13.696087605686,-11.66592202219,
    1.630908133308));
#4652 = CARTESIAN_POINT('',(13.3788058306,-11.75969473879,1.630908133308
    ));
#4653 = CARTESIAN_POINT('',(13.047599910083,-11.8161281589,
    1.630908133308));
#4654 = CARTESIAN_POINT('',(12.706275104039,-11.83481378573,
    1.630908133308));
#4655 = CARTESIAN_POINT('',(12.359214606463,-11.81552208409,
    1.630908133308));
#4656 = CARTESIAN_POINT('',(12.011030938988,-11.75842370053,
    1.630908133308));
#4657 = CARTESIAN_POINT('',(11.666311789227,-11.66410348436,
    1.630908133308));
#4658 = CARTESIAN_POINT('',(11.329460293922,-11.53336730968,
    1.630908133308));
#4659 = CARTESIAN_POINT('',(10.723582864521,-11.22276192951,
    1.630908133308));
#4660 = CARTESIAN_POINT('',(10.448748832032,-11.04864497032,
    1.630908133308));
#4661 = CARTESIAN_POINT('',(10.186725577694,-10.84984270794,
    1.630908133308));
#4662 = CARTESIAN_POINT('',(9.94344015356,-10.63296311575,1.630908133308
    ));
#4663 = CARTESIAN_POINT('',(9.724061686179,-10.4042020204,1.630908133308
    ));
#4664 = CARTESIAN_POINT('',(9.53339805991,-10.17011710209,1.630908133308
    ));
#4665 = CARTESIAN_POINT('',(9.375843260316,-9.938940441924,
    1.630908133308));
#4666 = CARTESIAN_POINT('',(9.253942285107,-9.720525929713,
    1.630908133308));
#4667 = CARTESIAN_POINT('',(9.075531235983,-9.325955405784,
    1.630908133308));
#4668 = CARTESIAN_POINT('',(9.019138495419,-9.142271591514,
    1.630908133308));
#4669 = CARTESIAN_POINT('',(8.988303419416,-8.953212342792,
    1.630908133308));
#4670 = CARTESIAN_POINT('',(8.980013407586,-8.724900245333,
    1.630908133308));
#4671 = CARTESIAN_POINT('',(9.027799241194,-8.449566360213,
    1.630908133308));
#4672 = CARTESIAN_POINT('',(9.106697357235,-8.14044984584,1.630908133308
    ));
#4673 = CARTESIAN_POINT('',(9.220360256192,-7.78320621927,1.630908133308
    ));
#4674 = CARTESIAN_POINT('',(9.360499315909,-7.376005888585,
    1.630908133308));
#4675 = CARTESIAN_POINT('',(9.521977911765,-6.912087825078,
    1.630908133308));
#4676 = CARTESIAN_POINT('',(9.,-6.5,1.037809077647));
#4677 = CARTESIAN_POINT('',(9.255511665088,-5.764777952224,
    1.037809077647));
#4678 = CARTESIAN_POINT('',(9.582395574271,-5.154961615124,
    1.037809077647));
#4679 = CARTESIAN_POINT('',(9.970306420725,-4.663436617815,
    1.037809077647));
#4680 = CARTESIAN_POINT('',(10.408898897627,-4.283088589412,
    1.037809077647));
#4681 = CARTESIAN_POINT('',(10.887827698152,-4.006803159029,
    1.037809077647));
#4682 = CARTESIAN_POINT('',(11.396747515476,-3.827465955782,
    1.037809077647));
#4683 = CARTESIAN_POINT('',(11.925313042775,-3.737962608784,
    1.037809077647));
#4684 = CARTESIAN_POINT('',(12.463178973224,-3.731178747152,
    1.037809077647));
#4685 = CARTESIAN_POINT('',(13.383562112119,-3.849173232389,
    1.037809077647));
#4686 = CARTESIAN_POINT('',(13.766590780499,-3.936944352763,
    1.037809077647));
#4687 = CARTESIAN_POINT('',(14.143932969015,-4.061740943753,
    1.037809077647));
#4688 = CARTESIAN_POINT('',(14.510435641544,-4.221990587992,
    1.037809077647));
#4689 = CARTESIAN_POINT('',(14.860945761959,-4.416120868109,
    1.037809077647));
#4690 = CARTESIAN_POINT('',(15.190310294137,-4.642559366737,
    1.037809077647));
#4691 = CARTESIAN_POINT('',(15.493376201953,-4.899733666507,
    1.037809077647));
#4692 = CARTESIAN_POINT('',(15.764990449282,-5.186071350051,
    1.037809077647));
#4693 = CARTESIAN_POINT('',(16.27566792331,-5.868240604412,
    1.037809077647));
#4694 = CARTESIAN_POINT('',(16.500969754394,-6.274444893466,
    1.037809077647));
#4695 = CARTESIAN_POINT('',(16.675097969566,-6.710507413747,
    1.037809077647));
#4696 = CARTESIAN_POINT('',(16.79724504514,-7.168322711841,
    1.037809077647));
#4697 = CARTESIAN_POINT('',(16.866603457428,-7.639785334333,
    1.037809077647));
#4698 = CARTESIAN_POINT('',(16.882365682745,-8.116789827809,
    1.037809077647));
#4699 = CARTESIAN_POINT('',(16.843724197403,-8.591230738855,
    1.037809077647));
#4700 = CARTESIAN_POINT('',(16.749871477717,-9.055002614057,
    1.037809077647));
#4701 = CARTESIAN_POINT('',(16.461111751256,-9.912386056177,
    1.037809077647));
#4702 = CARTESIAN_POINT('',(16.274114483543,-10.30864854425,
    1.037809077647));
#4703 = CARTESIAN_POINT('',(16.04355485069,-10.68365620168,
    1.037809077647));
#4704 = CARTESIAN_POINT('',(15.773979506523,-11.03227776592,
    1.037809077647));
#4705 = CARTESIAN_POINT('',(15.469935104873,-11.34938197441,
    1.037809077647));
#4706 = CARTESIAN_POINT('',(15.135968299567,-11.62983756462,
    1.037809077647));
#4707 = CARTESIAN_POINT('',(14.776625744434,-11.86851327398,
    1.037809077647));
#4708 = CARTESIAN_POINT('',(14.396454093302,-12.06027783996,
    1.037809077647));
#4709 = CARTESIAN_POINT('',(13.627401900961,-12.33131460137,
    1.037809077647));
#4710 = CARTESIAN_POINT('',(13.240421943749,-12.41666149757,
    1.037809077647));
#4711 = CARTESIAN_POINT('',(12.843478340097,-12.45690980733,
    1.037809077647));
#4712 = CARTESIAN_POINT('',(12.440989301737,-12.4529286494,
    1.037809077647));
#4713 = CARTESIAN_POINT('',(12.037373040404,-12.4055871425,
    1.037809077647));
#4714 = CARTESIAN_POINT('',(11.637047767831,-12.31575440537,
    1.037809077647));
#4715 = CARTESIAN_POINT('',(11.24443169575,-12.18429955676,
    1.037809077647));
#4716 = CARTESIAN_POINT('',(10.863943035896,-12.01209171539,
    1.037809077647));
#4717 = CARTESIAN_POINT('',(10.185112529844,-11.61649594273,
    1.037809077647));
#4718 = CARTESIAN_POINT('',(9.882610945794,-11.40313522232,
    1.037809077647));
#4719 = CARTESIAN_POINT('',(9.597115430369,-11.16499374815,
    1.037809077647));
#4720 = CARTESIAN_POINT('',(9.333246166088,-10.90714742962,
    1.037809077647));
#4721 = CARTESIAN_POINT('',(9.09562333547,-10.6346721761,1.037809077647)
  );
#4722 = CARTESIAN_POINT('',(8.888867121033,-10.35264389699,
    1.037809077647));
#4723 = CARTESIAN_POINT('',(8.717597705297,-10.06613850168,
    1.037809077647));
#4724 = CARTESIAN_POINT('',(8.58643527078,-9.780231899555,1.037809077647
    ));
#4725 = CARTESIAN_POINT('',(8.413751012348,-9.220372049206,
    1.037809077647));
#4726 = CARTESIAN_POINT('',(8.372036606459,-8.94639436739,1.037809077647
    ));
#4727 = CARTESIAN_POINT('',(8.370963876921,-8.669891262574,
    1.037809077647));
#4728 = CARTESIAN_POINT('',(8.406639918321,-8.382687042782,
    1.037809077647));
#4729 = CARTESIAN_POINT('',(8.475171825249,-8.076606016037,
    1.037809077647));
#4730 = CARTESIAN_POINT('',(8.572666692293,-7.743472490363,
    1.037809077647));
#4731 = CARTESIAN_POINT('',(8.695231614041,-7.375110773784,
    1.037809077647));
#4732 = CARTESIAN_POINT('',(8.83897368508,-6.963345174321,1.037809077647
    ));
#4733 = CARTESIAN_POINT('',(9.,-6.5,1.037809077647));
#4734 = CARTESIAN_POINT('',(8.478022088235,-6.087912174922,
    1.630908133308));
#4735 = CARTESIAN_POINT('',(8.784634284786,-5.287962787293,
    1.630908133308));
#4736 = CARTESIAN_POINT('',(9.179140222274,-4.611058322381,
    1.630908133308));
#4737 = CARTESIAN_POINT('',(9.65484683201,-4.055406630146,1.630908133308
    ));
#4738 = CARTESIAN_POINT('',(10.202386477352,-3.618696936469,
    1.630908133308));
#4739 = CARTESIAN_POINT('',(10.812330606891,-3.31973909091,
    1.630908133308));
#4740 = CARTESIAN_POINT('',(11.433194466459,-3.145935224303,
    1.630908133308));
#4741 = CARTESIAN_POINT('',(12.062076833522,-3.075991663901,
    1.630908133308));
#4742 = CARTESIAN_POINT('',(12.685732527552,-3.09913423507,
    1.630908133308));
#4743 = CARTESIAN_POINT('',(13.732093139621,-3.279751785537,
    1.630908133308));
#4744 = CARTESIAN_POINT('',(14.162761282406,-3.397697878515,
    1.630908133308));
#4745 = CARTESIAN_POINT('',(14.583734367889,-3.556262488067,
    1.630908133308));
#4746 = CARTESIAN_POINT('',(14.990686036274,-3.753879527298,
    1.630908133308));
#4747 = CARTESIAN_POINT('',(15.378990128491,-3.989511979452,
    1.630908133308));
#4748 = CARTESIAN_POINT('',(15.743520501846,-4.262520856337,
    1.630908133308));
#4749 = CARTESIAN_POINT('',(16.078525111728,-4.572364654103,
    1.630908133308));
#4750 = CARTESIAN_POINT('',(16.377574359381,-4.918129306455,
    1.630908133308));
#4751 = CARTESIAN_POINT('',(16.93388454305,-5.743349107769,
    1.630908133308));
#4752 = CARTESIAN_POINT('',(17.171770164512,-6.225569825218,
    1.630908133308));
#4753 = CARTESIAN_POINT('',(17.34822549818,-6.73429082851,1.630908133308
    ));
#4754 = CARTESIAN_POINT('',(17.464397243288,-7.261170990164,
    1.630908133308));
#4755 = CARTESIAN_POINT('',(17.520783134763,-7.798862534442,
    1.630908133308));
#4756 = CARTESIAN_POINT('',(17.516845101439,-8.340244174202,
    1.630908133308));
#4757 = CARTESIAN_POINT('',(17.451046318015,-8.877812864432,
    1.630908133308));
#4758 = CARTESIAN_POINT('',(17.32131215071,-9.403234172466,
    1.630908133308));
#4759 = CARTESIAN_POINT('',(16.944837389705,-10.37394646546,
    1.630908133308));
#4760 = CARTESIAN_POINT('',(16.711252794126,-10.8172690874,
    1.630908133308));
#4761 = CARTESIAN_POINT('',(16.430808491338,-11.23249694387,
    1.630908133308));
#4762 = CARTESIAN_POINT('',(16.108397131159,-11.6154670203,
    1.630908133308));
#4763 = CARTESIAN_POINT('',(15.748148064089,-11.96174184437,
    1.630908133308));
#4764 = CARTESIAN_POINT('',(15.353646985134,-12.26620182133,
    1.630908133308));
#4765 = CARTESIAN_POINT('',(14.928383889228,-12.52286353442,
    1.630908133308));
#4766 = CARTESIAN_POINT('',(14.476429338177,-12.72492401066,
    1.630908133308));
#4767 = CARTESIAN_POINT('',(13.558716196236,-12.99670718055,
    1.630908133308));
#4768 = CARTESIAN_POINT('',(13.102038056898,-13.07362825634,
    1.630908133308));
#4769 = CARTESIAN_POINT('',(12.63935677011,-13.09769145576,
    1.630908133308));
#4770 = CARTESIAN_POINT('',(12.175703499436,-13.07104351306,
    1.630908133308));
#4771 = CARTESIAN_POINT('',(11.715531474346,-12.9956522009,
    1.630908133308));
#4772 = CARTESIAN_POINT('',(11.263064596674,-12.87308511022,
    1.630908133308));
#4773 = CARTESIAN_POINT('',(10.822551602274,-12.70449562916,
    1.630908133308));
#4774 = CARTESIAN_POINT('',(10.398425777869,-12.49081612109,
    1.630908133308));
#4775 = CARTESIAN_POINT('',(9.646642195166,-12.01022995595,
    1.630908133308));
#4776 = CARTESIAN_POINT('',(9.316473059555,-11.75762547432,
    1.630908133308));
#4777 = CARTESIAN_POINT('',(9.007505283044,-11.48014478836,
    1.630908133308));
#4778 = CARTESIAN_POINT('',(8.723052178616,-11.18133174348,
    1.630908133308));
#4779 = CARTESIAN_POINT('',(8.467184984761,-10.8651423318,1.630908133308
    ));
#4780 = CARTESIAN_POINT('',(8.244336182157,-10.53517069189,
    1.630908133308));
#4781 = CARTESIAN_POINT('',(8.059352150277,-10.19333656144,
    1.630908133308));
#4782 = CARTESIAN_POINT('',(7.918928256452,-9.839937869397,
    1.630908133308));
#4783 = CARTESIAN_POINT('',(7.751970788714,-9.114788692629,
    1.630908133308));
#4784 = CARTESIAN_POINT('',(7.724934717499,-8.750517143266,
    1.630908133308));
#4785 = CARTESIAN_POINT('',(7.753624334426,-8.386570182356,
    1.630908133308));
#4786 = CARTESIAN_POINT('',(7.833266429057,-8.04047384023,1.630908133308
    ));
#4787 = CARTESIAN_POINT('',(7.922544409305,-7.703645671862,
    1.630908133308));
#4788 = CARTESIAN_POINT('',(8.038636027351,-7.346495134887,
    1.630908133308));
#4789 = CARTESIAN_POINT('',(8.170102971889,-6.967015328298,
    1.630908133308));
#4790 = CARTESIAN_POINT('',(8.317448054251,-6.550684460057,
    1.630908133308));
#4791 = CARTESIAN_POINT('',(8.478022088235,-6.087912174922,
    1.630908133308));
#4792 = CARTESIAN_POINT('',(8.543559216528,-6.139652013048,2.35));
#4793 = CARTESIAN_POINT('',(8.843755467095,-5.347829490331,2.35));
#4794 = CARTESIAN_POINT('',(9.229771096,-4.67934829993,2.35));
#4795 = CARTESIAN_POINT('',(9.694454476454,-4.131748058413,2.35));
#4796 = CARTESIAN_POINT('',(10.228315220076,-3.702114874304,2.35));
#4797 = CARTESIAN_POINT('',(10.821809671894,-3.406003672156,2.35));
#4798 = CARTESIAN_POINT('',(11.428618356151,-3.231505065435,2.35));
#4799 = CARTESIAN_POINT('',(12.044905405579,-3.159105668849,2.35));
#4800 = CARTESIAN_POINT('',(12.657789734355,-3.178490815763,2.35));
#4801 = CARTESIAN_POINT('',(13.688333198542,-3.351245704291,2.35));
#4802 = CARTESIAN_POINT('',(14.113019949633,-3.465403167508,2.35));
#4803 = CARTESIAN_POINT('',(14.528514941834,-3.619728021096,2.35));
#4804 = CARTESIAN_POINT('',(14.930388021697,-3.812653383333,2.35));
#4805 = CARTESIAN_POINT('',(15.313946877914,-4.043075015046,2.35));
#4806 = CARTESIAN_POINT('',(15.674061991173,-4.310236730994,2.35));
#4807 = CARTESIAN_POINT('',(16.005056525595,-4.61346759061,2.35));
#4808 = CARTESIAN_POINT('',(16.300661161712,-4.951770868081,2.35));
#4809 = CARTESIAN_POINT('',(16.851241913774,-5.759029905469,2.35));
#4810 = CARTESIAN_POINT('',(17.087547572817,-6.23170635235,2.35));
#4811 = CARTESIAN_POINT('',(17.263710724267,-6.73130469314,2.35));
#4812 = CARTESIAN_POINT('',(17.380632704186,-7.249513390501,2.35));
#4813 = CARTESIAN_POINT('',(17.438647365271,-7.778889538196,2.35));
#4814 = CARTESIAN_POINT('',(17.437182805153,-8.312188281726,2.35));
#4815 = CARTESIAN_POINT('',(17.374793766256,-8.841830940471,2.35));
#4816 = CARTESIAN_POINT('',(17.249564707277,-9.359511831339,2.35));
#4817 = CARTESIAN_POINT('',(16.884103039628,-10.31599507887,2.35));
#4818 = CARTESIAN_POINT('',(16.656367733098,-10.75340904843,2.35));
#4819 = CARTESIAN_POINT('',(16.382186718353,-11.16358704305,2.35));
#4820 = CARTESIAN_POINT('',(16.066409203558,-11.54224447942,2.35));
#4821 = CARTESIAN_POINT('',(15.713216933882,-11.88485677615,2.35));
#4822 = CARTESIAN_POINT('',(15.326316257874,-12.18630287351,2.35));
#4823 = CARTESIAN_POINT('',(14.909329839658,-12.4407063473,2.35));
#4824 = CARTESIAN_POINT('',(14.466388016954,-12.64147411675,2.35));
#4825 = CARTESIAN_POINT('',(13.567340055103,-12.91316357105,2.35));
#4826 = CARTESIAN_POINT('',(13.119412896602,-12.99114255382,2.35));
#4827 = CARTESIAN_POINT('',(12.664985328748,-13.01723788071,2.35));
#4828 = CARTESIAN_POINT('',(12.209011555711,-12.99343587449,2.35));
#4829 = CARTESIAN_POINT('',(11.755940410297,-12.92156636593,2.35));
#4830 = CARTESIAN_POINT('',(11.310020190991,-12.80310924901,2.35));
#4831 = CARTESIAN_POINT('',(10.875520912252,-12.63918222036,2.35));
#4832 = CARTESIAN_POINT('',(10.456873968059,-12.43070970262,2.35));
#4833 = CARTESIAN_POINT('',(9.714250035671,-11.96079453741,2.35));
#4834 = CARTESIAN_POINT('',(9.387554709651,-11.71311732062,2.35));
#4835 = CARTESIAN_POINT('',(9.081534001495,-11.44057588384,2.35));
#4836 = CARTESIAN_POINT('',(8.799665308672,-11.14690643132,2.35));
#4837 = CARTESIAN_POINT('',(8.546088792539,-10.83620556681,2.35));
#4838 = CARTESIAN_POINT('',(8.325260500749,-10.51225347316,2.35));
#4839 = CARTESIAN_POINT('',(8.141998412533,-10.17736616236,2.35));
#4840 = CARTESIAN_POINT('',(8.00273734463,-9.83244146444,2.35));
#4841 = CARTESIAN_POINT('',(7.835060847585,-9.128045249716,2.35));
#4842 = CARTESIAN_POINT('',(7.806181832672,-8.775110580033,2.35));
#4843 = CARTESIAN_POINT('',(7.831134627265,-8.42214266457,2.35));
#4844 = CARTESIAN_POINT('',(7.905256547946,-8.083440544479,2.35));
#4845 = CARTESIAN_POINT('',(7.991929747344,-7.750472844762,2.35));
#4846 = CARTESIAN_POINT('',(8.105686443493,-7.396337772456,2.35));
#4847 = CARTESIAN_POINT('',(8.236035691291,-7.018253901739,2.35));
#4848 = CARTESIAN_POINT('',(8.382928396245,-6.602496227495,2.35));
#4849 = CARTESIAN_POINT('',(8.543559216528,-6.139652013048,2.35));
#4850 = CARTESIAN_POINT('',(9.,-6.5,2.35));
#4851 = CARTESIAN_POINT('',(9.255511665088,-5.764777952224,2.35));
#4852 = CARTESIAN_POINT('',(9.582395574271,-5.154961615124,2.35));
#4853 = CARTESIAN_POINT('',(9.970306420725,-4.663436617815,2.35));
#4854 = CARTESIAN_POINT('',(10.408898897627,-4.283088589412,2.35));
#4855 = CARTESIAN_POINT('',(10.887827698152,-4.006803159029,2.35));
#4856 = CARTESIAN_POINT('',(11.396747515476,-3.827465955781,2.35));
#4857 = CARTESIAN_POINT('',(11.925313042775,-3.737962608784,2.35));
#4858 = CARTESIAN_POINT('',(12.463178973224,-3.731178747152,2.35));
#4859 = CARTESIAN_POINT('',(13.383562112119,-3.849173232389,2.35));
#4860 = CARTESIAN_POINT('',(13.766590780499,-3.936944352763,2.35));
#4861 = CARTESIAN_POINT('',(14.143932969015,-4.061740943753,2.35));
#4862 = CARTESIAN_POINT('',(14.510435641544,-4.221990587992,2.35));
#4863 = CARTESIAN_POINT('',(14.860945761959,-4.416120868109,2.35));
#4864 = CARTESIAN_POINT('',(15.190310294137,-4.642559366737,2.35));
#4865 = CARTESIAN_POINT('',(15.493376201953,-4.899733666507,2.35));
#4866 = CARTESIAN_POINT('',(15.764990449282,-5.186071350051,2.35));
#4867 = CARTESIAN_POINT('',(16.27566792331,-5.868240604412,2.35));
#4868 = CARTESIAN_POINT('',(16.500969754394,-6.274444893466,2.35));
#4869 = CARTESIAN_POINT('',(16.675097969566,-6.710507413747,2.35));
#4870 = CARTESIAN_POINT('',(16.79724504514,-7.168322711841,2.35));
#4871 = CARTESIAN_POINT('',(16.866603457428,-7.639785334333,2.35));
#4872 = CARTESIAN_POINT('',(16.882365682745,-8.116789827809,2.35));
#4873 = CARTESIAN_POINT('',(16.843724197403,-8.591230738855,2.35));
#4874 = CARTESIAN_POINT('',(16.749871477717,-9.055002614057,2.35));
#4875 = CARTESIAN_POINT('',(16.461111751256,-9.912386056176,2.35));
#4876 = CARTESIAN_POINT('',(16.274114483544,-10.30864854425,2.35));
#4877 = CARTESIAN_POINT('',(16.04355485069,-10.68365620168,2.35));
#4878 = CARTESIAN_POINT('',(15.773979506524,-11.03227776592,2.35));
#4879 = CARTESIAN_POINT('',(15.469935104873,-11.34938197441,2.35));
#4880 = CARTESIAN_POINT('',(15.135968299567,-11.62983756462,2.35));
#4881 = CARTESIAN_POINT('',(14.776625744434,-11.86851327398,2.35));
#4882 = CARTESIAN_POINT('',(14.396454093302,-12.06027783996,2.35));
#4883 = CARTESIAN_POINT('',(13.627401900961,-12.33131460137,2.35));
#4884 = CARTESIAN_POINT('',(13.240421943749,-12.41666149757,2.35));
#4885 = CARTESIAN_POINT('',(12.843478340096,-12.45690980733,2.35));
#4886 = CARTESIAN_POINT('',(12.440989301737,-12.4529286494,2.35));
#4887 = CARTESIAN_POINT('',(12.037373040404,-12.4055871425,2.35));
#4888 = CARTESIAN_POINT('',(11.637047767831,-12.31575440537,2.35));
#4889 = CARTESIAN_POINT('',(11.24443169575,-12.18429955676,2.35));
#4890 = CARTESIAN_POINT('',(10.863943035896,-12.01209171539,2.35));
#4891 = CARTESIAN_POINT('',(10.185112529844,-11.61649594273,2.35));
#4892 = CARTESIAN_POINT('',(9.882610945794,-11.40313522232,2.35));
#4893 = CARTESIAN_POINT('',(9.597115430369,-11.16499374815,2.35));
#4894 = CARTESIAN_POINT('',(9.333246166088,-10.90714742962,2.35));
#4895 = CARTESIAN_POINT('',(9.09562333547,-10.6346721761,2.35));
#4896 = CARTESIAN_POINT('',(8.888867121033,-10.35264389699,2.35));
#4897 = CARTESIAN_POINT('',(8.717597705297,-10.06613850168,2.35));
#4898 = CARTESIAN_POINT('',(8.58643527078,-9.780231899555,2.35));
#4899 = CARTESIAN_POINT('',(8.413751012348,-9.220372049206,2.35));
#4900 = CARTESIAN_POINT('',(8.372036606459,-8.94639436739,2.35));
#4901 = CARTESIAN_POINT('',(8.37096387692,-8.669891262574,2.35));
#4902 = CARTESIAN_POINT('',(8.406639918322,-8.382687042782,2.35));
#4903 = CARTESIAN_POINT('',(8.475171825249,-8.076606016037,2.35));
#4904 = CARTESIAN_POINT('',(8.572666692293,-7.743472490363,2.35));
#4905 = CARTESIAN_POINT('',(8.69523161404,-7.375110773784,2.35));
#4906 = CARTESIAN_POINT('',(8.83897368508,-6.963345174321,2.35));
#4907 = CARTESIAN_POINT('',(9.,-6.5,2.35));
#4908 = DEFINITIONAL_REPRESENTATION('',(#4909),#4913);
#4909 = LINE('',#4910,#4911);
#4910 = CARTESIAN_POINT('',(0.,0.));
#4911 = VECTOR('',#4912,1.);
#4912 = DIRECTION('',(0.,1.));
#4913 = ( GEOMETRIC_REPRESENTATION_CONTEXT(2) 
PARAMETRIC_REPRESENTATION_CONTEXT() REPRESENTATION_CONTEXT('2D SPACE',''
  ) );
#4914 = ORIENTED_EDGE('',*,*,#4407,.F.);
#4915 = ADVANCED_FACE('',(#4916),#3059,.T.);
#4916 = FACE_BOUND('',#4917,.T.);
#4917 = EDGE_LOOP('',(#4918,#4942,#4943));
#4918 = ORIENTED_EDGE('',*,*,#4919,.T.);
#4919 = EDGE_CURVE('',#3043,#4920,#4922,.T.);
#4920 = VERTEX_POINT('',#4921);
#4921 = CARTESIAN_POINT('',(12.4,-2.3,2.45));
#4922 = SEAM_CURVE('',#4923,(#4928,#4935),.PCURVE_S1.);
#4923 = CIRCLE('',#4924,0.6);
#4924 = AXIS2_PLACEMENT_3D('',#4925,#4926,#4927);
#4925 = CARTESIAN_POINT('',(12.4,-2.3,1.85));
#4926 = DIRECTION('',(-2.449293598295E-16,-1.,0.));
#4927 = DIRECTION('',(1.,-2.449293598295E-16,0.));
#4928 = PCURVE('',#3059,#4929);
#4929 = DEFINITIONAL_REPRESENTATION('',(#4930),#4934);
#4930 = LINE('',#4931,#4932);
#4931 = CARTESIAN_POINT('',(6.28318530718,-6.28318530718));
#4932 = VECTOR('',#4933,1.);
#4933 = DIRECTION('',(0.,1.));
#4934 = ( GEOMETRIC_REPRESENTATION_CONTEXT(2) 
PARAMETRIC_REPRESENTATION_CONTEXT() REPRESENTATION_CONTEXT('2D SPACE',''
  ) );
#4935 = PCURVE('',#3059,#4936);
#4936 = DEFINITIONAL_REPRESENTATION('',(#4937),#4941);
#4937 = LINE('',#4938,#4939);
#4938 = CARTESIAN_POINT('',(0.,-6.28318530718));
#4939 = VECTOR('',#4940,1.);
#4940 = DIRECTION('',(0.,1.));
#4941 = ( GEOMETRIC_REPRESENTATION_CONTEXT(2) 
PARAMETRIC_REPRESENTATION_CONTEXT() REPRESENTATION_CONTEXT('2D SPACE',''
  ) );
#4942 = ORIENTED_EDGE('',*,*,#4919,.F.);
#4943 = ORIENTED_EDGE('',*,*,#3042,.T.);
#4944 = ADVANCED_FACE('',(#4945),#3090,.T.);
#4945 = FACE_BOUND('',#4946,.T.);
#4946 = EDGE_LOOP('',(#4947,#4971,#4972));
#4947 = ORIENTED_EDGE('',*,*,#4948,.T.);
#4948 = EDGE_CURVE('',#3074,#4949,#4951,.T.);
#4949 = VERTEX_POINT('',#4950);
#4950 = CARTESIAN_POINT('',(12.6,2.4,2.45));
#4951 = SEAM_CURVE('',#4952,(#4957,#4964),.PCURVE_S1.);
#4952 = CIRCLE('',#4953,0.6);
#4953 = AXIS2_PLACEMENT_3D('',#4954,#4955,#4956);
#4954 = CARTESIAN_POINT('',(12.6,2.4,1.85));
#4955 = DIRECTION('',(-2.449293598295E-16,-1.,0.));
#4956 = DIRECTION('',(1.,-2.449293598295E-16,0.));
#4957 = PCURVE('',#3090,#4958);
#4958 = DEFINITIONAL_REPRESENTATION('',(#4959),#4963);
#4959 = LINE('',#4960,#4961);
#4960 = CARTESIAN_POINT('',(6.28318530718,-6.28318530718));
#4961 = VECTOR('',#4962,1.);
#4962 = DIRECTION('',(0.,1.));
#4963 = ( GEOMETRIC_REPRESENTATION_CONTEXT(2) 
PARAMETRIC_REPRESENTATION_CONTEXT() REPRESENTATION_CONTEXT('2D SPACE',''
  ) );
#4964 = PCURVE('',#3090,#4965);
#4965 = DEFINITIONAL_REPRESENTATION('',(#4966),#4970);
#4966 = LINE('',#4967,#4968);
#4967 = CARTESIAN_POINT('',(0.,-6.28318530718));
#4968 = VECTOR('',#4969,1.);
#4969 = DIRECTION('',(0.,1.));
#4970 = ( GEOMETRIC_REPRESENTATION_CONTEXT(2) 
PARAMETRIC_REPRESENTATION_CONTEXT() REPRESENTATION_CONTEXT('2D SPACE',''
  ) );
#4971 = ORIENTED_EDGE('',*,*,#4948,.F.);
#4972 = ORIENTED_EDGE('',*,*,#3073,.T.);
#4973 = ADVANCED_FACE('',(#4974),#3121,.T.);
#4974 = FACE_BOUND('',#4975,.T.);
#4975 = EDGE_LOOP('',(#4976,#5000,#5001));
#4976 = ORIENTED_EDGE('',*,*,#4977,.T.);
#4977 = EDGE_CURVE('',#3105,#4978,#4980,.T.);
#4978 = VERTEX_POINT('',#4979);
#4979 = CARTESIAN_POINT('',(7.8,12.8,2.45));
#4980 = SEAM_CURVE('',#4981,(#4986,#4993),.PCURVE_S1.);
#4981 = CIRCLE('',#4982,0.6);
#4982 = AXIS2_PLACEMENT_3D('',#4983,#4984,#4985);
#4983 = CARTESIAN_POINT('',(7.8,12.8,1.85));
#4984 = DIRECTION('',(-2.449293598295E-16,-1.,0.));
#4985 = DIRECTION('',(1.,-2.449293598295E-16,0.));
#4986 = PCURVE('',#3121,#4987);
#4987 = DEFINITIONAL_REPRESENTATION('',(#4988),#4992);
#4988 = LINE('',#4989,#4990);
#4989 = CARTESIAN_POINT('',(6.28318530718,-6.28318530718));
#4990 = VECTOR('',#4991,1.);
#4991 = DIRECTION('',(0.,1.));
#4992 = ( GEOMETRIC_REPRESENTATION_CONTEXT(2) 
PARAMETRIC_REPRESENTATION_CONTEXT() REPRESENTATION_CONTEXT('2D SPACE',''
  ) );
#4993 = PCURVE('',#3121,#4994);
#4994 = DEFINITIONAL_REPRESENTATION('',(#4995),#4999);
#4995 = LINE('',#4996,#4997);
#4996 = CARTESIAN_POINT('',(0.,-6.28318530718));
#4997 = VECTOR('',#4998,1.);
#4998 = DIRECTION('',(0.,1.));
#4999 = ( GEOMETRIC_REPRESENTATION_CONTEXT(2) 
PARAMETRIC_REPRESENTATION_CONTEXT() REPRESENTATION_CONTEXT('2D SPACE',''
  ) );
#5000 = ORIENTED_EDGE('',*,*,#4977,.F.);
#5001 = ORIENTED_EDGE('',*,*,#3104,.T.);
#5002 = ADVANCED_FACE('',(#5003),#3152,.T.);
#5003 = FACE_BOUND('',#5004,.T.);
#5004 = EDGE_LOOP('',(#5005,#5029,#5030));
#5005 = ORIENTED_EDGE('',*,*,#5006,.T.);
#5006 = EDGE_CURVE('',#3136,#5007,#5009,.T.);
#5007 = VERTEX_POINT('',#5008);
#5008 = CARTESIAN_POINT('',(9.8,15.,2.45));
#5009 = SEAM_CURVE('',#5010,(#5015,#5022),.PCURVE_S1.);
#5010 = CIRCLE('',#5011,0.6);
#5011 = AXIS2_PLACEMENT_3D('',#5012,#5013,#5014);
#5012 = CARTESIAN_POINT('',(9.8,15.,1.85));
#5013 = DIRECTION('',(-2.449293598295E-16,-1.,0.));
#5014 = DIRECTION('',(1.,-2.449293598295E-16,0.));
#5015 = PCURVE('',#3152,#5016);
#5016 = DEFINITIONAL_REPRESENTATION('',(#5017),#5021);
#5017 = LINE('',#5018,#5019);
#5018 = CARTESIAN_POINT('',(6.28318530718,-6.28318530718));
#5019 = VECTOR('',#5020,1.);
#5020 = DIRECTION('',(0.,1.));
#5021 = ( GEOMETRIC_REPRESENTATION_CONTEXT(2) 
PARAMETRIC_REPRESENTATION_CONTEXT() REPRESENTATION_CONTEXT('2D SPACE',''
  ) );
#5022 = PCURVE('',#3152,#5023);
#5023 = DEFINITIONAL_REPRESENTATION('',(#5024),#5028);
#5024 = LINE('',#5025,#5026);
#5025 = CARTESIAN_POINT('',(0.,-6.28318530718));
#5026 = VECTOR('',#5027,1.);
#5027 = DIRECTION('',(0.,1.));
#5028 = ( GEOMETRIC_REPRESENTATION_CONTEXT(2) 
PARAMETRIC_REPRESENTATION_CONTEXT() REPRESENTATION_CONTEXT('2D SPACE',''
  ) );
#5029 = ORIENTED_EDGE('',*,*,#5006,.F.);
#5030 = ORIENTED_EDGE('',*,*,#3135,.T.);
#5031 = ADVANCED_FACE('',(#5032),#3516,.T.);
#5032 = FACE_BOUND('',#5033,.T.);
#5033 = EDGE_LOOP('',(#5034,#5035,#5061,#5543));
#5034 = ORIENTED_EDGE('',*,*,#3166,.F.);
#5035 = ORIENTED_EDGE('',*,*,#5036,.T.);
#5036 = EDGE_CURVE('',#3167,#5037,#5039,.T.);
#5037 = VERTEX_POINT('',#5038);
#5038 = CARTESIAN_POINT('',(8.5,10.5,2.35));
#5039 = SEAM_CURVE('',#5040,(#5048,#5055),.PCURVE_S1.);
#5040 = ( BOUNDED_CURVE() B_SPLINE_CURVE(6,(#5041,#5042,#5043,#5044,
#5045,#5046,#5047),.UNSPECIFIED.,.T.,.F.) B_SPLINE_CURVE_WITH_KNOTS((1,6
    ,6,1),(-6.28318530718,0.,6.28318530718,12.566370614359),
.UNSPECIFIED.) CURVE() GEOMETRIC_REPRESENTATION_ITEM() 
RATIONAL_B_SPLINE_CURVE((1.669078461068,1.03672962321,1.038346699848,
    0.853534330196,1.038346699848,1.03672962321,1.669078461068)) 
REPRESENTATION_ITEM('') );
#5041 = CARTESIAN_POINT('',(8.5,10.5,2.35));
#5042 = CARTESIAN_POINT('',(9.073271574506,10.402283254346,2.35));
#5043 = CARTESIAN_POINT('',(9.155583616035,10.388252792721,
    1.630908133308));
#5044 = CARTESIAN_POINT('',(8.5,10.5,1.037809077647));
#5045 = CARTESIAN_POINT('',(7.844416383965,10.611747207279,
    1.630908133308));
#5046 = CARTESIAN_POINT('',(7.926728425494,10.597716745654,2.35));
#5047 = CARTESIAN_POINT('',(8.5,10.5,2.35));
#5048 = PCURVE('',#3516,#5049);
#5049 = DEFINITIONAL_REPRESENTATION('',(#5050),#5054);
#5050 = LINE('',#5051,#5052);
#5051 = CARTESIAN_POINT('',(0.,0.));
#5052 = VECTOR('',#5053,1.);
#5053 = DIRECTION('',(1.,0.));
#5054 = ( GEOMETRIC_REPRESENTATION_CONTEXT(2) 
PARAMETRIC_REPRESENTATION_CONTEXT() REPRESENTATION_CONTEXT('2D SPACE',''
  ) );
#5055 = PCURVE('',#3516,#5056);
#5056 = DEFINITIONAL_REPRESENTATION('',(#5057),#5060);
#5057 = B_SPLINE_CURVE_WITH_KNOTS('',1,(#5058,#5059),.UNSPECIFIED.,.F.,
  .F.,(2,2),(0.,6.28318530718),.PIECEWISE_BEZIER_KNOTS.);
#5058 = CARTESIAN_POINT('',(0.,35.58016538479));
#5059 = CARTESIAN_POINT('',(6.28318530718,35.58016538479));
#5060 = ( GEOMETRIC_REPRESENTATION_CONTEXT(2) 
PARAMETRIC_REPRESENTATION_CONTEXT() REPRESENTATION_CONTEXT('2D SPACE',''
  ) );
#5061 = ORIENTED_EDGE('',*,*,#5062,.T.);
#5062 = EDGE_CURVE('',#5037,#5037,#5063,.T.);
#5063 = SURFACE_CURVE('',#5064,(#5123,#5129),.PCURVE_S1.);
#5064 = ( BOUNDED_CURVE() B_SPLINE_CURVE(8,(#5065,#5066,#5067,#5068,
    #5069,#5070,#5071,#5072,#5073,#5074,#5075,#5076,#5077,#5078,#5079,
    #5080,#5081,#5082,#5083,#5084,#5085,#5086,#5087,#5088,#5089,#5090,
    #5091,#5092,#5093,#5094,#5095,#5096,#5097,#5098,#5099,#5100,#5101,
    #5102,#5103,#5104,#5105,#5106,#5107,#5108,#5109,#5110,#5111,#5112,
    #5113,#5114,#5115,#5116,#5117,#5118,#5119,#5120,#5121,#5122),
.UNSPECIFIED.,.T.,.F.) B_SPLINE_CURVE_WITH_KNOTS((9,7,7,7,7,7,7,7,9),(0.
    ,5.544366510252,10.624720828604,14.344935876152,17.880469782084,
    21.911598656234,26.383734611233,30.655736483892,35.58016538479),
.UNSPECIFIED.) CURVE() GEOMETRIC_REPRESENTATION_ITEM() 
RATIONAL_B_SPLINE_CURVE((1.669078461068,1.669078461068,1.669078461068,
    1.669078461068,1.669078461068,1.669078461068,1.669078461068,
    1.669078461068,1.669078461068,1.669078461068,1.669078461068,
    1.669078461068,1.669078461068,1.669078461068,1.669078461068,
    1.669078461068,1.669078461068,1.669078461068,1.669078461068,
    1.669078461068,1.669078461068,1.669078461068,1.669078461068,
    1.669078461068,1.669078461068,1.669078461068,1.669078461068,
    1.669078461068,1.669078461068,1.669078461068,1.669078461068,
    1.669078461068,1.669078461068,1.669078461068,1.669078461068,
    1.669078461068,1.669078461068,1.669078461068,1.669078461068,
    1.669078461068,1.669078461068,1.669078461068,1.669078461068,
    1.669078461068,1.669078461068,1.669078461068,1.669078461068,
    1.669078461068,1.669078461068,1.669078461068,1.669078461068,
    1.669078461068,1.669078461068,1.669078461068,1.669078461068,
1.669078461068,1.669078461068,1.669078461068)) REPRESENTATION_ITEM('') 
  );
#5065 = CARTESIAN_POINT('',(8.5,10.5,2.35));
#5066 = CARTESIAN_POINT('',(8.657843357989,11.165683119384,2.35));
#5067 = CARTESIAN_POINT('',(8.919834594533,11.806124769481,2.35));
#5068 = CARTESIAN_POINT('',(9.273850719214,12.415633810736,2.35));
#5069 = CARTESIAN_POINT('',(9.707768741612,12.988519103597,2.35));
#5070 = CARTESIAN_POINT('',(10.209465671308,13.519089508508,2.35));
#5071 = CARTESIAN_POINT('',(10.766818517884,14.001653885915,2.35));
#5072 = CARTESIAN_POINT('',(11.367704290921,14.430521096264,2.35));
#5073 = CARTESIAN_POINT('',(12.579378406921,15.138556937148,2.35));
#5074 = CARTESIAN_POINT('',(13.185129307311,15.427250107424,2.35));
#5075 = CARTESIAN_POINT('',(13.810583824875,15.658717546099,2.35));
#5076 = CARTESIAN_POINT('',(14.44907308332,15.825597288446,2.35));
#5077 = CARTESIAN_POINT('',(15.093928206349,15.920527369737,2.35));
#5078 = CARTESIAN_POINT('',(15.738480317669,15.936145825245,2.35));
#5079 = CARTESIAN_POINT('',(16.376060540984,15.865090690242,2.35));
#5080 = CARTESIAN_POINT('',(17.45689509407,15.579108260652,2.35));
#5081 = CARTESIAN_POINT('',(17.906475651994,15.407792186376,2.35));
#5082 = CARTESIAN_POINT('',(18.340699642694,15.189248478828,2.35));
#5083 = CARTESIAN_POINT('',(18.751525035088,14.926673839665,2.35));
#5084 = CARTESIAN_POINT('',(19.130909798095,14.623264970544,2.35));
#5085 = CARTESIAN_POINT('',(19.470811900637,14.282218573122,2.35));
#5086 = CARTESIAN_POINT('',(19.763189311632,13.906731349055,2.35));
#5087 = CARTESIAN_POINT('',(20.225054790466,13.113459851968,2.35));
#5088 = CARTESIAN_POINT('',(20.399922873356,12.698700660414,2.35));
#5089 = CARTESIAN_POINT('',(20.526475489536,12.262551968247,2.35));
#5090 = CARTESIAN_POINT('',(20.606583879868,11.811843318374,2.35));
#5091 = CARTESIAN_POINT('',(20.642119285217,11.353404253704,2.35));
#5092 = CARTESIAN_POINT('',(20.634952946446,10.894064317147,2.35));
#5093 = CARTESIAN_POINT('',(20.586956104419,10.440653051609,2.35));
#5094 = CARTESIAN_POINT('',(20.400854786679,9.497578219561,2.35));
#5095 = CARTESIAN_POINT('',(20.251062532249,9.011742117228,2.35));
#5096 = CARTESIAN_POINT('',(20.054396073452,8.543473394012,2.35));
#5097 = CARTESIAN_POINT('',(19.814628247033,8.093753750922,2.35));
#5098 = CARTESIAN_POINT('',(19.535531889735,7.663564888967,2.35));
#5099 = CARTESIAN_POINT('',(19.220879838301,7.253888509155,2.35));
#5100 = CARTESIAN_POINT('',(18.874444929475,6.865706312496,2.35));
#5101 = CARTESIAN_POINT('',(18.08459064829,6.094285273395,2.35));
#5102 = CARTESIAN_POINT('',(17.634707425012,5.716233173451,2.35));
#5103 = CARTESIAN_POINT('',(17.155502887624,5.374257347781,2.35));
#5104 = CARTESIAN_POINT('',(16.652129593581,5.076771443998,2.35));
#5105 = CARTESIAN_POINT('',(16.129740100341,4.832189109715,2.35));
#5106 = CARTESIAN_POINT('',(15.59348696536,4.648923992546,2.35));
#5107 = CARTESIAN_POINT('',(15.048522746094,4.535389740103,2.35));
#5108 = CARTESIAN_POINT('',(13.976024382513,4.466193998234,2.35));
#5109 = CARTESIAN_POINT('',(13.448801609295,4.503694863977,2.35));
#5110 = CARTESIAN_POINT('',(12.923380346424,4.608464306584,2.35));
#5111 = CARTESIAN_POINT('',(12.404809259979,4.776464035411,2.35));
#5112 = CARTESIAN_POINT('',(11.898137016036,5.003655759811,2.35));
#5113 = CARTESIAN_POINT('',(11.408412280673,5.28600118914,2.35));
#5114 = CARTESIAN_POINT('',(10.940683719969,5.619462032751,2.35));
#5115 = CARTESIAN_POINT('',(9.992014350308,6.43865434044,2.35));
#5116 = CARTESIAN_POINT('',(9.519964995839,6.939863215029,2.35));
#5117 = CARTESIAN_POINT('',(9.102738881796,7.490041593772,2.35));
#5118 = CARTESIAN_POINT('',(8.75922295338,8.075604446675,2.35));
#5119 = CARTESIAN_POINT('',(8.508304155791,8.682966743743,2.35));
#5120 = CARTESIAN_POINT('',(8.36886943423,9.298543454983,2.35));
#5121 = CARTESIAN_POINT('',(8.3598057339,9.9087495504,2.35));
#5122 = CARTESIAN_POINT('',(8.5,10.5,2.35));
#5123 = PCURVE('',#3516,#5124);
#5124 = DEFINITIONAL_REPRESENTATION('',(#5125),#5128);
#5125 = B_SPLINE_CURVE_WITH_KNOTS('',1,(#5126,#5127),.UNSPECIFIED.,.F.,
  .F.,(2,2),(0.,35.58016538479),.PIECEWISE_BEZIER_KNOTS.);
#5126 = CARTESIAN_POINT('',(6.28318530718,0.));
#5127 = CARTESIAN_POINT('',(6.28318530718,35.58016538479));
#5128 = ( GEOMETRIC_REPRESENTATION_CONTEXT(2) 
PARAMETRIC_REPRESENTATION_CONTEXT() REPRESENTATION_CONTEXT('2D SPACE',''
  ) );
#5129 = PCURVE('',#5130,#5537);
#5130 = ( BOUNDED_SURFACE() B_SPLINE_SURFACE(6,8,(
    (#5131,#5132,#5133,#5134,#5135,#5136,#5137,#5138,#5139,#5140,#5141
      ,#5142,#5143,#5144,#5145,#5146,#5147,#5148,#5149,#5150,#5151,#5152
      ,#5153,#5154,#5155,#5156,#5157,#5158,#5159,#5160,#5161,#5162,#5163
      ,#5164,#5165,#5166,#5167,#5168,#5169,#5170,#5171,#5172,#5173,#5174
      ,#5175,#5176,#5177,#5178,#5179,#5180,#5181,#5182,#5183,#5184,#5185
      ,#5186,#5187,#5188)
    ,(#5189,#5190,#5191,#5192,#5193,#5194,#5195,#5196,#5197,#5198,#5199
      ,#5200,#5201,#5202,#5203,#5204,#5205,#5206,#5207,#5208,#5209,#5210
      ,#5211,#5212,#5213,#5214,#5215,#5216,#5217,#5218,#5219,#5220,#5221
      ,#5222,#5223,#5224,#5225,#5226,#5227,#5228,#5229,#5230,#5231,#5232
      ,#5233,#5234,#5235,#5236,#5237,#5238,#5239,#5240,#5241,#5242,#5243
      ,#5244,#5245,#5246)
    ,(#5247,#5248,#5249,#5250,#5251,#5252,#5253,#5254,#5255,#5256,#5257
      ,#5258,#5259,#5260,#5261,#5262,#5263,#5264,#5265,#5266,#5267,#5268
      ,#5269,#5270,#5271,#5272,#5273,#5274,#5275,#5276,#5277,#5278,#5279
      ,#5280,#5281,#5282,#5283,#5284,#5285,#5286,#5287,#5288,#5289,#5290
      ,#5291,#5292,#5293,#5294,#5295,#5296,#5297,#5298,#5299,#5300,#5301
      ,#5302,#5303,#5304)
    ,(#5305,#5306,#5307,#5308,#5309,#5310,#5311,#5312,#5313,#5314,#5315
      ,#5316,#5317,#5318,#5319,#5320,#5321,#5322,#5323,#5324,#5325,#5326
      ,#5327,#5328,#5329,#5330,#5331,#5332,#5333,#5334,#5335,#5336,#5337
      ,#5338,#5339,#5340,#5341,#5342,#5343,#5344,#5345,#5346,#5347,#5348
      ,#5349,#5350,#5351,#5352,#5353,#5354,#5355,#5356,#5357,#5358,#5359
      ,#5360,#5361,#5362)
    ,(#5363,#5364,#5365,#5366,#5367,#5368,#5369,#5370,#5371,#5372,#5373
      ,#5374,#5375,#5376,#5377,#5378,#5379,#5380,#5381,#5382,#5383,#5384
      ,#5385,#5386,#5387,#5388,#5389,#5390,#5391,#5392,#5393,#5394,#5395
      ,#5396,#5397,#5398,#5399,#5400,#5401,#5402,#5403,#5404,#5405,#5406
      ,#5407,#5408,#5409,#5410,#5411,#5412,#5413,#5414,#5415,#5416,#5417
      ,#5418,#5419,#5420)
    ,(#5421,#5422,#5423,#5424,#5425,#5426,#5427,#5428,#5429,#5430,#5431
      ,#5432,#5433,#5434,#5435,#5436,#5437,#5438,#5439,#5440,#5441,#5442
      ,#5443,#5444,#5445,#5446,#5447,#5448,#5449,#5450,#5451,#5452,#5453
      ,#5454,#5455,#5456,#5457,#5458,#5459,#5460,#5461,#5462,#5463,#5464
      ,#5465,#5466,#5467,#5468,#5469,#5470,#5471,#5472,#5473,#5474,#5475
      ,#5476,#5477,#5478)
    ,(#5479,#5480,#5481,#5482,#5483,#5484,#5485,#5486,#5487,#5488,#5489
      ,#5490,#5491,#5492,#5493,#5494,#5495,#5496,#5497,#5498,#5499,#5500
      ,#5501,#5502,#5503,#5504,#5505,#5506,#5507,#5508,#5509,#5510,#5511
      ,#5512,#5513,#5514,#5515,#5516,#5517,#5518,#5519,#5520,#5521,#5522
      ,#5523,#5524,#5525,#5526,#5527,#5528,#5529,#5530,#5531,#5532,#5533
      ,#5534,#5535,#5536
)),.UNSPECIFIED.,.T.,.T.,.F.) B_SPLINE_SURFACE_WITH_KNOTS((1,6,6,1),(9,7
    ,7,7,7,7,7,7,9),(-6.28318530718,0.,6.28318530718,12.566370614359),(
    0.,5.544366510252,10.624720828604,14.344935876152,17.880469782084,
    21.911598656234,26.383734611233,30.655736483892,35.58016538479),
.UNSPECIFIED.) GEOMETRIC_REPRESENTATION_ITEM() RATIONAL_B_SPLINE_SURFACE
((
    (1.669078461068,1.669078461068,1.669078461068,1.669078461068
      ,1.669078461068,1.669078461068,1.669078461068,1.669078461068
      ,1.669078461068,1.669078461068,1.669078461068,1.669078461068
      ,1.669078461068,1.669078461068,1.669078461068,1.669078461068
      ,1.669078461068,1.669078461068,1.669078461068,1.669078461068
      ,1.669078461068,1.669078461068,1.669078461068,1.669078461068
      ,1.669078461068,1.669078461068,1.669078461068,1.669078461068
      ,1.669078461068,1.669078461068,1.669078461068,1.669078461068
      ,1.669078461068,1.669078461068,1.669078461068,1.669078461068
      ,1.669078461068,1.669078461068,1.669078461068,1.669078461068
      ,1.669078461068,1.669078461068,1.669078461068,1.669078461068
      ,1.669078461068,1.669078461068,1.669078461068,1.669078461068
      ,1.669078461068,1.669078461068,1.669078461068,1.669078461068
      ,1.669078461068,1.669078461068,1.669078461068,1.669078461068
      ,1.669078461068,1.669078461068)
    ,(1.03672962321,1.03672962321,1.03672962321,1.03672962321
      ,1.03672962321,1.03672962321,1.03672962321,1.03672962321
      ,1.03672962321,1.03672962321,1.03672962321,1.03672962321
      ,1.03672962321,1.03672962321,1.03672962321,1.03672962321
      ,1.03672962321,1.03672962321,1.03672962321,1.03672962321
      ,1.03672962321,1.03672962321,1.03672962321,1.03672962321
      ,1.03672962321,1.03672962321,1.03672962321,1.03672962321
      ,1.03672962321,1.03672962321,1.03672962321,1.03672962321
      ,1.03672962321,1.03672962321,1.03672962321,1.03672962321
      ,1.03672962321,1.03672962321,1.03672962321,1.03672962321
      ,1.03672962321,1.03672962321,1.03672962321,1.03672962321
      ,1.03672962321,1.03672962321,1.03672962321,1.03672962321
      ,1.03672962321,1.03672962321,1.03672962321,1.03672962321
      ,1.03672962321,1.03672962321,1.03672962321,1.03672962321
      ,1.03672962321,1.03672962321)
    ,(1.038346699848,1.038346699848,1.038346699848,1.038346699848
      ,1.038346699848,1.038346699848,1.038346699848,1.038346699848
      ,1.038346699848,1.038346699848,1.038346699847,1.038346699848
      ,1.038346699847,1.038346699848,1.038346699848,1.038346699848
      ,1.038346699848,1.038346699847,1.038346699848,1.038346699847
      ,1.038346699848,1.038346699847,1.038346699848,1.038346699847
      ,1.038346699848,1.038346699847,1.038346699848,1.038346699847
      ,1.038346699848,1.038346699848,1.038346699848,1.038346699848
      ,1.038346699848,1.038346699848,1.038346699848,1.038346699848
      ,1.038346699848,1.038346699848,1.038346699847,1.038346699848
      ,1.038346699848,1.038346699848,1.038346699848,1.038346699848
      ,1.038346699848,1.038346699848,1.038346699847,1.038346699848
      ,1.038346699848,1.038346699848,1.038346699848,1.038346699847
      ,1.038346699848,1.038346699847,1.038346699848,1.038346699847
      ,1.038346699848,1.038346699848)
    ,(0.853534330196,0.853534330196,0.853534330196,0.853534330196
      ,0.853534330196,0.853534330196,0.853534330196,0.853534330196
      ,0.853534330196,0.853534330196,0.853534330196,0.853534330196
      ,0.853534330196,0.853534330196,0.853534330196,0.853534330196
      ,0.853534330196,0.853534330196,0.853534330196,0.853534330196
      ,0.853534330196,0.853534330196,0.853534330196,0.853534330196
      ,0.853534330196,0.853534330196,0.853534330196,0.853534330196
      ,0.853534330196,0.853534330196,0.853534330196,0.853534330196
      ,0.853534330196,0.853534330196,0.853534330196,0.853534330196
      ,0.853534330196,0.853534330196,0.853534330196,0.853534330196
      ,0.853534330196,0.853534330196,0.853534330196,0.853534330196
      ,0.853534330196,0.853534330196,0.853534330196,0.853534330196
      ,0.853534330196,0.853534330196,0.853534330196,0.853534330196
      ,0.853534330196,0.853534330196,0.853534330196,0.853534330196
      ,0.853534330196,0.853534330196)
    ,(1.038346699848,1.038346699848,1.038346699847,1.038346699848
      ,1.038346699847,1.038346699848,1.038346699847,1.038346699848
      ,1.038346699848,1.038346699848,1.038346699847,1.038346699848
      ,1.038346699847,1.038346699848,1.038346699848,1.038346699848
      ,1.038346699848,1.038346699847,1.038346699848,1.038346699847
      ,1.038346699848,1.038346699848,1.038346699848,1.038346699847
      ,1.038346699848,1.038346699847,1.038346699848,1.038346699847
      ,1.038346699848,1.038346699848,1.038346699848,1.038346699848
      ,1.038346699847,1.038346699848,1.038346699848,1.038346699848
      ,1.038346699848,1.038346699848,1.038346699847,1.038346699848
      ,1.038346699848,1.038346699848,1.038346699848,1.038346699848
      ,1.038346699848,1.038346699848,1.038346699848,1.038346699848
      ,1.038346699848,1.038346699848,1.038346699848,1.038346699847
      ,1.038346699848,1.038346699847,1.038346699848,1.038346699847
      ,1.038346699848,1.038346699848)
    ,(1.03672962321,1.03672962321,1.03672962321,1.03672962321
      ,1.03672962321,1.03672962321,1.03672962321,1.03672962321
      ,1.03672962321,1.03672962321,1.03672962321,1.03672962321
      ,1.03672962321,1.03672962321,1.03672962321,1.03672962321
      ,1.03672962321,1.03672962321,1.03672962321,1.03672962321
      ,1.03672962321,1.03672962321,1.03672962321,1.03672962321
      ,1.03672962321,1.03672962321,1.03672962321,1.03672962321
      ,1.03672962321,1.03672962321,1.03672962321,1.03672962321
      ,1.03672962321,1.03672962321,1.03672962321,1.03672962321
      ,1.03672962321,1.03672962321,1.03672962321,1.03672962321
      ,1.03672962321,1.03672962321,1.03672962321,1.03672962321
      ,1.03672962321,1.03672962321,1.03672962321,1.03672962321
      ,1.03672962321,1.03672962321,1.03672962321,1.03672962321
      ,1.03672962321,1.03672962321,1.03672962321,1.03672962321
      ,1.03672962321,1.03672962321)
    ,(1.669078461068,1.669078461068,1.669078461068,1.669078461068
      ,1.669078461068,1.669078461068,1.669078461068,1.669078461068
      ,1.669078461068,1.669078461068,1.669078461068,1.669078461068
      ,1.669078461068,1.669078461068,1.669078461068,1.669078461068
      ,1.669078461068,1.669078461068,1.669078461068,1.669078461068
      ,1.669078461068,1.669078461068,1.669078461068,1.669078461068
      ,1.669078461068,1.669078461068,1.669078461068,1.669078461068
      ,1.669078461068,1.669078461068,1.669078461068,1.669078461068
      ,1.669078461068,1.669078461068,1.669078461068,1.669078461068
      ,1.669078461068,1.669078461068,1.669078461068,1.669078461068
      ,1.669078461068,1.669078461068,1.669078461068,1.669078461068
      ,1.669078461068,1.669078461068,1.669078461068,1.669078461068
      ,1.669078461068,1.669078461068,1.669078461068,1.669078461068
      ,1.669078461068,1.669078461068,1.669078461068,1.669078461068
,1.669078461068,1.669078461068))) REPRESENTATION_ITEM('') SURFACE() );
#5131 = CARTESIAN_POINT('',(8.5,10.5,2.35));
#5132 = CARTESIAN_POINT('',(8.657843357989,11.165683119384,2.35));
#5133 = CARTESIAN_POINT('',(8.919834594533,11.806124769481,2.35));
#5134 = CARTESIAN_POINT('',(9.273850719214,12.415633810736,2.35));
#5135 = CARTESIAN_POINT('',(9.707768741612,12.988519103597,2.35));
#5136 = CARTESIAN_POINT('',(10.209465671308,13.519089508508,2.35));
#5137 = CARTESIAN_POINT('',(10.766818517884,14.001653885915,2.35));
#5138 = CARTESIAN_POINT('',(11.367704290921,14.430521096264,2.35));
#5139 = CARTESIAN_POINT('',(12.579378406921,15.138556937148,2.35));
#5140 = CARTESIAN_POINT('',(13.185129307311,15.427250107424,2.35));
#5141 = CARTESIAN_POINT('',(13.810583824875,15.658717546099,2.35));
#5142 = CARTESIAN_POINT('',(14.44907308332,15.825597288446,2.35));
#5143 = CARTESIAN_POINT('',(15.093928206349,15.920527369737,2.35));
#5144 = CARTESIAN_POINT('',(15.738480317669,15.936145825245,2.35));
#5145 = CARTESIAN_POINT('',(16.376060540984,15.865090690242,2.35));
#5146 = CARTESIAN_POINT('',(17.45689509407,15.579108260652,2.35));
#5147 = CARTESIAN_POINT('',(17.906475651994,15.407792186376,2.35));
#5148 = CARTESIAN_POINT('',(18.340699642694,15.189248478828,2.35));
#5149 = CARTESIAN_POINT('',(18.751525035088,14.926673839665,2.35));
#5150 = CARTESIAN_POINT('',(19.130909798095,14.623264970544,2.35));
#5151 = CARTESIAN_POINT('',(19.470811900637,14.282218573122,2.35));
#5152 = CARTESIAN_POINT('',(19.763189311632,13.906731349055,2.35));
#5153 = CARTESIAN_POINT('',(20.225054790466,13.113459851968,2.35));
#5154 = CARTESIAN_POINT('',(20.399922873356,12.698700660414,2.35));
#5155 = CARTESIAN_POINT('',(20.526475489536,12.262551968247,2.35));
#5156 = CARTESIAN_POINT('',(20.606583879868,11.811843318374,2.35));
#5157 = CARTESIAN_POINT('',(20.642119285217,11.353404253704,2.35));
#5158 = CARTESIAN_POINT('',(20.634952946446,10.894064317147,2.35));
#5159 = CARTESIAN_POINT('',(20.586956104419,10.440653051609,2.35));
#5160 = CARTESIAN_POINT('',(20.400854786679,9.497578219561,2.35));
#5161 = CARTESIAN_POINT('',(20.251062532249,9.011742117228,2.35));
#5162 = CARTESIAN_POINT('',(20.054396073452,8.543473394012,2.35));
#5163 = CARTESIAN_POINT('',(19.814628247033,8.093753750922,2.35));
#5164 = CARTESIAN_POINT('',(19.535531889735,7.663564888967,2.35));
#5165 = CARTESIAN_POINT('',(19.220879838301,7.253888509155,2.35));
#5166 = CARTESIAN_POINT('',(18.874444929475,6.865706312496,2.35));
#5167 = CARTESIAN_POINT('',(18.08459064829,6.094285273395,2.35));
#5168 = CARTESIAN_POINT('',(17.634707425012,5.716233173451,2.35));
#5169 = CARTESIAN_POINT('',(17.155502887624,5.374257347781,2.35));
#5170 = CARTESIAN_POINT('',(16.652129593581,5.076771443998,2.35));
#5171 = CARTESIAN_POINT('',(16.129740100341,4.832189109715,2.35));
#5172 = CARTESIAN_POINT('',(15.59348696536,4.648923992546,2.35));
#5173 = CARTESIAN_POINT('',(15.048522746094,4.535389740103,2.35));
#5174 = CARTESIAN_POINT('',(13.976024382513,4.466193998234,2.35));
#5175 = CARTESIAN_POINT('',(13.448801609295,4.503694863977,2.35));
#5176 = CARTESIAN_POINT('',(12.923380346424,4.608464306584,2.35));
#5177 = CARTESIAN_POINT('',(12.404809259979,4.776464035411,2.35));
#5178 = CARTESIAN_POINT('',(11.898137016036,5.003655759811,2.35));
#5179 = CARTESIAN_POINT('',(11.408412280673,5.28600118914,2.35));
#5180 = CARTESIAN_POINT('',(10.940683719969,5.619462032751,2.35));
#5181 = CARTESIAN_POINT('',(9.992014350308,6.43865434044,2.35));
#5182 = CARTESIAN_POINT('',(9.519964995839,6.939863215029,2.35));
#5183 = CARTESIAN_POINT('',(9.102738881796,7.490041593772,2.35));
#5184 = CARTESIAN_POINT('',(8.75922295338,8.075604446675,2.35));
#5185 = CARTESIAN_POINT('',(8.508304155791,8.682966743743,2.35));
#5186 = CARTESIAN_POINT('',(8.36886943423,9.298543454983,2.35));
#5187 = CARTESIAN_POINT('',(8.3598057339,9.9087495504,2.35));
#5188 = CARTESIAN_POINT('',(8.5,10.5,2.35));
#5189 = CARTESIAN_POINT('',(9.073271574506,10.402283254346,2.35));
#5190 = CARTESIAN_POINT('',(9.217722138488,10.989395315559,2.35));
#5191 = CARTESIAN_POINT('',(9.455115596796,11.559829627924,2.35));
#5192 = CARTESIAN_POINT('',(9.777616909496,12.111304308317,2.35));
#5193 = CARTESIAN_POINT('',(10.177830710924,12.63645396607,2.35));
#5194 = CARTESIAN_POINT('',(10.645118616349,13.126967628267,2.35));
#5195 = CARTESIAN_POINT('',(11.166989961324,13.575197525788,2.35));
#5196 = CARTESIAN_POINT('',(11.731289292273,13.974264590484,2.35));
#5197 = CARTESIAN_POINT('',(12.868838507225,14.63236719891,2.35));
#5198 = CARTESIAN_POINT('',(13.435275404171,14.898904596219,2.35));
#5199 = CARTESIAN_POINT('',(14.016447910721,15.110057332889,2.35));
#5200 = CARTESIAN_POINT('',(14.604855988954,15.259098780126,2.35));
#5201 = CARTESIAN_POINT('',(15.192071259166,15.339967165654,2.35));
#5202 = CARTESIAN_POINT('',(15.770726849296,15.348144480665,2.35));
#5203 = CARTESIAN_POINT('',(16.336575307914,15.280138943876,2.35));
#5204 = CARTESIAN_POINT('',(17.290924387446,15.0190969944,2.35));
#5205 = CARTESIAN_POINT('',(17.690419580927,14.863605951268,2.35));
#5206 = CARTESIAN_POINT('',(18.076919528134,14.665583295499,2.35));
#5207 = CARTESIAN_POINT('',(18.441328148894,14.42824549353,2.35));
#5208 = CARTESIAN_POINT('',(18.77489855861,14.155791127556,2.35));
#5209 = CARTESIAN_POINT('',(19.069643587011,13.853188249767,2.35));
#5210 = CARTESIAN_POINT('',(19.318775376391,13.525372801843,2.35));
#5211 = CARTESIAN_POINT('',(19.705723716078,12.843694215617,2.35));
#5212 = CARTESIAN_POINT('',(19.853690831537,12.484128936334,2.35));
#5213 = CARTESIAN_POINT('',(19.962035566398,12.101368439979,2.35));
#5214 = CARTESIAN_POINT('',(20.030733563867,11.701397724067,2.35));
#5215 = CARTESIAN_POINT('',(20.059934083145,11.291257778416,2.35));
#5216 = CARTESIAN_POINT('',(20.050563231386,10.878500739765,2.35));
#5217 = CARTESIAN_POINT('',(20.004372294108,10.470823028147,2.35));
#5218 = CARTESIAN_POINT('',(19.8311440767,9.62556809946,2.35));
#5219 = CARTESIAN_POINT('',(19.693376141242,9.189488057691,2.35));
#5220 = CARTESIAN_POINT('',(19.513102604623,8.767146621519,2.35));
#5221 = CARTESIAN_POINT('',(19.292796050342,8.358829666896,2.35));
#5222 = CARTESIAN_POINT('',(19.035010140023,7.965456804669,2.35));
#5223 = CARTESIAN_POINT('',(18.742681744873,7.588385210548,2.35));
#5224 = CARTESIAN_POINT('',(18.419151467045,7.229159144271,2.35));
#5225 = CARTESIAN_POINT('',(17.678226865468,6.51206007216,2.35));
#5226 = CARTESIAN_POINT('',(17.256979370377,6.161458206016,2.35));
#5227 = CARTESIAN_POINT('',(16.810287111085,5.846487323235,2.35));
#5228 = CARTESIAN_POINT('',(16.344500316299,5.575457089883,2.35));
#5229 = CARTESIAN_POINT('',(15.866441036476,5.356857177504,2.35));
#5230 = CARTESIAN_POINT('',(15.383452207213,5.19778381716,2.35));
#5231 = CARTESIAN_POINT('',(14.902243233,5.10286967851,2.35));
#5232 = CARTESIAN_POINT('',(13.970146778334,5.051803021021,2.35));
#5233 = CARTESIAN_POINT('',(13.509487229072,5.088419793296,2.35));
#5234 = CARTESIAN_POINT('',(13.045687807395,5.183833843935,2.35));
#5235 = CARTESIAN_POINT('',(12.58284113048,5.336296874057,2.35));
#5236 = CARTESIAN_POINT('',(12.126203548013,5.543766575605,2.35));
#5237 = CARTESIAN_POINT('',(11.6815542941,5.80329837172,2.35));
#5238 = CARTESIAN_POINT('',(11.254704407391,6.11114302871,2.35));
#5239 = CARTESIAN_POINT('',(10.385975777986,6.869777433867,2.35));
#5240 = CARTESIAN_POINT('',(9.952632673233,7.334554956866,2.35));
#5241 = CARTESIAN_POINT('',(9.572967324881,7.843111004969,2.35));
#5242 = CARTESIAN_POINT('',(9.26750869091,8.374137009153,2.35));
#5243 = CARTESIAN_POINT('',(9.052182684683,8.921249361424,2.35));
#5244 = CARTESIAN_POINT('',(8.952350533639,9.444287170629,2.35));
#5245 = CARTESIAN_POINT('',(8.954128288194,9.93453188617,2.35));
#5246 = CARTESIAN_POINT('',(9.073271574506,10.402283254346,2.35));
#5247 = CARTESIAN_POINT('',(9.155583616035,10.388252792721,
    1.630908133308));
#5248 = CARTESIAN_POINT('',(9.298111202732,10.964083387191,
    1.630908133308));
#5249 = CARTESIAN_POINT('',(9.531972838717,11.52446583732,1.630908133308
    ));
#5250 = CARTESIAN_POINT('',(9.84994916077,12.067607771186,1.630908133308
    ));
#5251 = CARTESIAN_POINT('',(10.245323609683,12.585903404155,
    1.630908133308));
#5252 = CARTESIAN_POINT('',(10.707670964833,13.070665599828,
    1.630908133308));
#5253 = CARTESIAN_POINT('',(11.224447770042,13.51396565038,
    1.630908133308));
#5254 = CARTESIAN_POINT('',(11.783493910576,13.908753921332,
    1.630908133308));
#5255 = CARTESIAN_POINT('',(12.910400051276,14.559686967395,
    1.630908133308));
#5256 = CARTESIAN_POINT('',(13.471192126417,14.823043172778,
    1.630908133308));
#5257 = CARTESIAN_POINT('',(14.046006489826,15.031279063979,
    1.630908133308));
#5258 = CARTESIAN_POINT('',(14.627223762917,15.177759235629,
    1.630908133308));
#5259 = CARTESIAN_POINT('',(15.206162931243,15.256608600963,
    1.630908133308));
#5260 = CARTESIAN_POINT('',(15.77535690243,15.26371749484,1.630908133308
    ));
#5261 = CARTESIAN_POINT('',(16.330905900448,15.196149828453,
    1.630908133308));
#5262 = CARTESIAN_POINT('',(17.267093818647,14.938688907458,
    1.630908133308));
#5263 = CARTESIAN_POINT('',(17.659397606203,14.785470069469,
    1.630908133308));
#5264 = CARTESIAN_POINT('',(18.039045192985,14.590393887487,
    1.630908133308));
#5265 = CARTESIAN_POINT('',(18.396789155311,14.35667966583,
    1.630908133308));
#5266 = CARTESIAN_POINT('',(18.723781403612,14.08866983969,
    1.630908133308));
#5267 = CARTESIAN_POINT('',(19.0120426447,13.791586797046,1.630908133308
    ));
#5268 = CARTESIAN_POINT('',(19.254965098818,13.470616204845,
    1.630908133308));
#5269 = CARTESIAN_POINT('',(19.631156612346,12.804960461407,
    1.630908133308));
#5270 = CARTESIAN_POINT('',(19.775261206713,12.453320088575,
    1.630908133308));
#5271 = CARTESIAN_POINT('',(19.880991599698,12.078225228519,
    1.630908133308));
#5272 = CARTESIAN_POINT('',(19.948051258947,11.68553961641,
    1.630908133308));
#5273 = CARTESIAN_POINT('',(19.976342196399,11.282334602242,
    1.630908133308));
#5274 = CARTESIAN_POINT('',(19.966654814094,10.876266074931,
    1.630908133308));
#5275 = CARTESIAN_POINT('',(19.920723174003,10.475154923312,
    1.630908133308));
#5276 = CARTESIAN_POINT('',(19.749343314713,9.64394526794,1.630908133308
    ));
#5277 = CARTESIAN_POINT('',(19.613301866817,9.215009349665,
    1.630908133308));
#5278 = CARTESIAN_POINT('',(19.43538207483,8.799262290271,1.630908133308
    ));
#5279 = CARTESIAN_POINT('',(19.217869828015,8.396890057075,
    1.630908133308));
#5280 = CARTESIAN_POINT('',(18.963143735197,8.008803345834,
    1.630908133308));
#5281 = CARTESIAN_POINT('',(18.674020637161,7.636413244033,
    1.630908133308));
#5282 = CARTESIAN_POINT('',(18.353779074528,7.281344785272,
    1.630908133308));
#5283 = CARTESIAN_POINT('',(17.619879942203,6.572045423109,
    1.630908133308));
#5284 = CARTESIAN_POINT('',(17.202744050326,6.22538494336,1.630908133308
    ));
#5285 = CARTESIAN_POINT('',(16.760720000838,5.914291510779,
    1.630908133308));
#5286 = CARTESIAN_POINT('',(16.300329987657,5.647059861448,
    1.630908133308));
#5287 = CARTESIAN_POINT('',(15.82863577202,5.432190582657,1.630908133308
    ));
#5288 = CARTESIAN_POINT('',(15.353294790547,5.276590746871,
    1.630908133308));
#5289 = CARTESIAN_POINT('',(14.881239984466,5.184350139664,
    1.630908133308));
#5290 = CARTESIAN_POINT('',(13.969302854405,5.135886510151,
    1.630908133308));
#5291 = CARTESIAN_POINT('',(13.518200651257,5.172376341651,
    1.630908133308));
#5292 = CARTESIAN_POINT('',(13.063249077226,5.266447117224,
    1.630908133308));
#5293 = CARTESIAN_POINT('',(12.60840347714,5.416679341833,1.630908133308
    ));
#5294 = CARTESIAN_POINT('',(12.158950020517,5.62131729655,1.630908133308
    ));
#5295 = CARTESIAN_POINT('',(11.720772838595,5.877573443203,
    1.630908133308));
#5296 = CARTESIAN_POINT('',(11.299792433753,6.181740051759,
    1.630908133308));
#5297 = CARTESIAN_POINT('',(10.442541934129,6.931679372754,
    1.630908133308));
#5298 = CARTESIAN_POINT('',(10.01475638809,7.391225973693,1.630908133308
    ));
#5299 = CARTESIAN_POINT('',(9.64048412644,7.893805763491,1.630908133308)
  );
#5300 = CARTESIAN_POINT('',(9.340489872251,8.417001204368,1.630908133308
    ));
#5301 = CARTESIAN_POINT('',(9.130274385105,8.955462689965,1.630908133308
    ));
#5302 = CARTESIAN_POINT('',(9.036128489188,9.465213487768,1.630908133308
    ));
#5303 = CARTESIAN_POINT('',(9.039462892152,9.938233790795,1.630908133308
    ));
#5304 = CARTESIAN_POINT('',(9.155583616035,10.388252792721,
    1.630908133308));
#5305 = CARTESIAN_POINT('',(8.5,10.5,1.037809077647));
#5306 = CARTESIAN_POINT('',(8.657843357989,11.165683119384,
    1.037809077647));
#5307 = CARTESIAN_POINT('',(8.919834594533,11.806124769481,
    1.037809077647));
#5308 = CARTESIAN_POINT('',(9.273850719213,12.415633810736,
    1.037809077647));
#5309 = CARTESIAN_POINT('',(9.707768741612,12.988519103597,
    1.037809077647));
#5310 = CARTESIAN_POINT('',(10.209465671308,13.519089508508,
    1.037809077647));
#5311 = CARTESIAN_POINT('',(10.766818517884,14.001653885915,
    1.037809077647));
#5312 = CARTESIAN_POINT('',(11.367704290921,14.430521096264,
    1.037809077647));
#5313 = CARTESIAN_POINT('',(12.579378406921,15.138556937148,
    1.037809077647));
#5314 = CARTESIAN_POINT('',(13.185129307311,15.427250107424,
    1.037809077647));
#5315 = CARTESIAN_POINT('',(13.810583824875,15.658717546099,
    1.037809077647));
#5316 = CARTESIAN_POINT('',(14.44907308332,15.825597288446,
    1.037809077647));
#5317 = CARTESIAN_POINT('',(15.093928206349,15.920527369737,
    1.037809077647));
#5318 = CARTESIAN_POINT('',(15.738480317669,15.936145825245,
    1.037809077647));
#5319 = CARTESIAN_POINT('',(16.376060540984,15.865090690242,
    1.037809077647));
#5320 = CARTESIAN_POINT('',(17.45689509407,15.579108260652,
    1.037809077647));
#5321 = CARTESIAN_POINT('',(17.906475651994,15.407792186376,
    1.037809077647));
#5322 = CARTESIAN_POINT('',(18.340699642693,15.189248478828,
    1.037809077647));
#5323 = CARTESIAN_POINT('',(18.751525035088,14.926673839665,
    1.037809077647));
#5324 = CARTESIAN_POINT('',(19.130909798095,14.623264970544,
    1.037809077647));
#5325 = CARTESIAN_POINT('',(19.470811900637,14.282218573122,
    1.037809077647));
#5326 = CARTESIAN_POINT('',(19.763189311632,13.906731349055,
    1.037809077647));
#5327 = CARTESIAN_POINT('',(20.225054790466,13.113459851968,
    1.037809077647));
#5328 = CARTESIAN_POINT('',(20.399922873356,12.698700660414,
    1.037809077647));
#5329 = CARTESIAN_POINT('',(20.526475489536,12.262551968247,
    1.037809077647));
#5330 = CARTESIAN_POINT('',(20.606583879868,11.811843318374,
    1.037809077647));
#5331 = CARTESIAN_POINT('',(20.642119285217,11.353404253705,
    1.037809077647));
#5332 = CARTESIAN_POINT('',(20.634952946446,10.894064317147,
    1.037809077647));
#5333 = CARTESIAN_POINT('',(20.586956104419,10.440653051609,
    1.037809077647));
#5334 = CARTESIAN_POINT('',(20.400854786679,9.49757821956,1.037809077647
    ));
#5335 = CARTESIAN_POINT('',(20.251062532249,9.011742117228,
    1.037809077647));
#5336 = CARTESIAN_POINT('',(20.054396073452,8.543473394012,
    1.037809077647));
#5337 = CARTESIAN_POINT('',(19.814628247033,8.093753750922,
    1.037809077647));
#5338 = CARTESIAN_POINT('',(19.535531889735,7.663564888967,
    1.037809077647));
#5339 = CARTESIAN_POINT('',(19.220879838301,7.253888509155,
    1.037809077647));
#5340 = CARTESIAN_POINT('',(18.874444929475,6.865706312497,
    1.037809077647));
#5341 = CARTESIAN_POINT('',(18.08459064829,6.094285273395,1.037809077647
    ));
#5342 = CARTESIAN_POINT('',(17.634707425012,5.716233173451,
    1.037809077647));
#5343 = CARTESIAN_POINT('',(17.155502887624,5.374257347781,
    1.037809077647));
#5344 = CARTESIAN_POINT('',(16.652129593581,5.076771443998,
    1.037809077647));
#5345 = CARTESIAN_POINT('',(16.129740100341,4.832189109715,
    1.037809077647));
#5346 = CARTESIAN_POINT('',(15.59348696536,4.648923992546,1.037809077647
    ));
#5347 = CARTESIAN_POINT('',(15.048522746094,4.535389740103,
    1.037809077647));
#5348 = CARTESIAN_POINT('',(13.976024382513,4.466193998233,
    1.037809077647));
#5349 = CARTESIAN_POINT('',(13.448801609295,4.503694863977,
    1.037809077647));
#5350 = CARTESIAN_POINT('',(12.923380346424,4.608464306584,
    1.037809077647));
#5351 = CARTESIAN_POINT('',(12.404809259979,4.776464035411,
    1.037809077647));
#5352 = CARTESIAN_POINT('',(11.898137016036,5.003655759811,
    1.037809077647));
#5353 = CARTESIAN_POINT('',(11.408412280673,5.28600118914,1.037809077647
    ));
#5354 = CARTESIAN_POINT('',(10.940683719969,5.619462032751,
    1.037809077647));
#5355 = CARTESIAN_POINT('',(9.992014350308,6.43865434044,1.037809077647)
  );
#5356 = CARTESIAN_POINT('',(9.519964995839,6.939863215029,1.037809077647
    ));
#5357 = CARTESIAN_POINT('',(9.102738881796,7.490041593772,1.037809077647
    ));
#5358 = CARTESIAN_POINT('',(8.75922295338,8.075604446674,1.037809077647)
  );
#5359 = CARTESIAN_POINT('',(8.508304155791,8.682966743743,1.037809077647
    ));
#5360 = CARTESIAN_POINT('',(8.36886943423,9.298543454983,1.037809077647)
  );
#5361 = CARTESIAN_POINT('',(8.3598057339,9.9087495504,1.037809077647));
#5362 = CARTESIAN_POINT('',(8.5,10.5,1.037809077647));
#5363 = CARTESIAN_POINT('',(7.844416383965,10.611747207279,
    1.630908133308));
#5364 = CARTESIAN_POINT('',(8.017575513246,11.367282851576,
    1.630908133308));
#5365 = CARTESIAN_POINT('',(8.307696350349,12.087783701641,
    1.630908133308));
#5366 = CARTESIAN_POINT('',(8.697752277657,12.763659850287,
    1.630908133308));
#5367 = CARTESIAN_POINT('',(9.170213873539,13.391134803039,
    1.630908133308));
#5368 = CARTESIAN_POINT('',(9.711260377783,13.967513417187,
    1.630908133308));
#5369 = CARTESIAN_POINT('',(10.309189265726,14.489342121449,
    1.630908133308));
#5370 = CARTESIAN_POINT('',(10.951914671267,14.952288271195,
    1.630908133308));
#5371 = CARTESIAN_POINT('',(12.248356762566,15.717426906901,
    1.630908133308));
#5372 = CARTESIAN_POINT('',(12.899066488205,16.031457042069,
    1.630908133308));
#5373 = CARTESIAN_POINT('',(13.575161159925,16.286156028219,
    1.630908133308));
#5374 = CARTESIAN_POINT('',(14.270922403722,16.473435341263,
    1.630908133308));
#5375 = CARTESIAN_POINT('',(14.981693481455,16.584446138511,
    1.630908133308));
#5376 = CARTESIAN_POINT('',(15.701603732907,16.60857415565,
    1.630908133308));
#5377 = CARTESIAN_POINT('',(16.42121518152,16.534031552031,
    1.630908133308));
#5378 = CARTESIAN_POINT('',(17.646696369492,16.219527613847,
    1.630908133308));
#5379 = CARTESIAN_POINT('',(18.153553697786,16.030114303283,
    1.630908133308));
#5380 = CARTESIAN_POINT('',(18.642354092402,15.78810307017,
    1.630908133308));
#5381 = CARTESIAN_POINT('',(19.106260914864,15.496668013501,
    1.630908133308));
#5382 = CARTESIAN_POINT('',(19.538038192579,15.157860101398,
    1.630908133308));
#5383 = CARTESIAN_POINT('',(19.929581156574,14.772850349197,
    1.630908133308));
#5384 = CARTESIAN_POINT('',(20.271413524446,14.342846493264,
    1.630908133308));
#5385 = CARTESIAN_POINT('',(20.818952968585,13.42195924253,
    1.630908133308));
#5386 = CARTESIAN_POINT('',(21.024584539999,12.944081232254,
    1.630908133308));
#5387 = CARTESIAN_POINT('',(21.171959379373,12.446878707975,
    1.630908133308));
#5388 = CARTESIAN_POINT('',(21.265116500789,11.938147020338,
    1.630908133308));
#5389 = CARTESIAN_POINT('',(21.307896374034,11.424473905167,
    1.630908133308));
#5390 = CARTESIAN_POINT('',(21.303251078798,10.911862559362,
    1.630908133308));
#5391 = CARTESIAN_POINT('',(21.253189034835,10.406151179906,
    1.630908133308));
#5392 = CARTESIAN_POINT('',(21.052366258645,9.351211171181,
    1.630908133308));
#5393 = CARTESIAN_POINT('',(20.888823197681,8.808474884792,
    1.630908133308));
#5394 = CARTESIAN_POINT('',(20.673410072075,8.287684497754,
    1.630908133308));
#5395 = CARTESIAN_POINT('',(20.411386666051,7.790617444769,
    1.630908133308));
#5396 = CARTESIAN_POINT('',(20.107920044272,7.3183264321,1.630908133308)
  );
#5397 = CARTESIAN_POINT('',(19.76773903944,6.871363774277,1.630908133308
    ));
#5398 = CARTESIAN_POINT('',(19.395110784421,6.450067839721,
    1.630908133308));
#5399 = CARTESIAN_POINT('',(18.549301354377,5.616525123681,
    1.630908133308));
#5400 = CARTESIAN_POINT('',(18.066670799699,5.207081403541,
    1.630908133308));
#5401 = CARTESIAN_POINT('',(17.55028577441,4.834223184783,1.630908133308
    ));
#5402 = CARTESIAN_POINT('',(17.003929199506,4.506483026548,
    1.630908133308));
#5403 = CARTESIAN_POINT('',(16.430844428662,4.232187636774,
    1.630908133308));
#5404 = CARTESIAN_POINT('',(15.833679140172,4.021257238221,
    1.630908133308));
#5405 = CARTESIAN_POINT('',(15.215805507721,3.886429340543,
    1.630908133308));
#5406 = CARTESIAN_POINT('',(13.98274591062,3.796501486316,1.630908133308
    ));
#5407 = CARTESIAN_POINT('',(13.379402567333,3.835013386302,
    1.630908133308));
#5408 = CARTESIAN_POINT('',(12.783511615623,3.950481495944,
    1.630908133308));
#5409 = CARTESIAN_POINT('',(12.201215042817,4.136248728989,
    1.630908133308));
#5410 = CARTESIAN_POINT('',(11.637324011555,4.385994223072,
    1.630908133308));
#5411 = CARTESIAN_POINT('',(11.096051722752,4.694428935077,
    1.630908133308));
#5412 = CARTESIAN_POINT('',(10.581575006184,5.057184013743,
    1.630908133308));
#5413 = CARTESIAN_POINT('',(9.541486766486,5.945629308126,1.630908133308
    ));
#5414 = CARTESIAN_POINT('',(9.025173603589,6.488500456364,1.630908133308
    ));
#5415 = CARTESIAN_POINT('',(8.564993637152,7.086277424052,1.630908133308
    ));
#5416 = CARTESIAN_POINT('',(8.177956034509,7.734207688981,1.630908133308
    ));
#5417 = CARTESIAN_POINT('',(7.886333926476,8.410470797521,1.630908133308
    ));
#5418 = CARTESIAN_POINT('',(7.701610379273,9.131873422198,1.630908133308
    ));
#5419 = CARTESIAN_POINT('',(7.680148575648,9.879265310006,1.630908133308
    ));
#5420 = CARTESIAN_POINT('',(7.844416383965,10.611747207279,
    1.630908133308));
#5421 = CARTESIAN_POINT('',(7.926728425494,10.597716745654,2.35));
#5422 = CARTESIAN_POINT('',(8.09796457749,11.341970923208,2.35));
#5423 = CARTESIAN_POINT('',(8.38455359227,12.052419911037,2.35));
#5424 = CARTESIAN_POINT('',(8.770084528932,12.719963313156,2.35));
#5425 = CARTESIAN_POINT('',(9.237706772298,13.340584241124,2.35));
#5426 = CARTESIAN_POINT('',(9.773812726268,13.911211388748,2.35));
#5427 = CARTESIAN_POINT('',(10.366647074443,14.428110246041,2.35));
#5428 = CARTESIAN_POINT('',(11.004119289569,14.886777602043,2.35));
#5429 = CARTESIAN_POINT('',(12.289918306617,15.644746675387,2.35));
#5430 = CARTESIAN_POINT('',(12.934983210451,15.955595618628,2.35));
#5431 = CARTESIAN_POINT('',(13.60471973903,16.207377759308,2.35));
#5432 = CARTESIAN_POINT('',(14.293290177685,16.392095796766,2.35));
#5433 = CARTESIAN_POINT('',(14.995785153533,16.501087573821,2.35));
#5434 = CARTESIAN_POINT('',(15.706233786042,16.524147169826,2.35));
#5435 = CARTESIAN_POINT('',(16.415545774054,16.450042436608,2.35));
#5436 = CARTESIAN_POINT('',(17.622865800693,16.139119526904,2.35));
#5437 = CARTESIAN_POINT('',(18.122531723062,15.951978421484,2.35));
#5438 = CARTESIAN_POINT('',(18.604479757253,15.712913662157,2.35));
#5439 = CARTESIAN_POINT('',(19.06172192128,15.4251021858,2.35));
#5440 = CARTESIAN_POINT('',(19.486921037581,15.090738813532,2.35));
#5441 = CARTESIAN_POINT('',(19.871980214263,14.711248896476,2.35));
#5442 = CARTESIAN_POINT('',(20.207603246873,14.288089896266,2.35));
#5443 = CARTESIAN_POINT('',(20.744385864853,13.38322548832,2.35));
#5444 = CARTESIAN_POINT('',(20.946154915175,12.913272384495,2.35));
#5445 = CARTESIAN_POINT('',(21.090915412673,12.423735496515,2.35));
#5446 = CARTESIAN_POINT('',(21.182434195869,11.922288912681,2.35));
#5447 = CARTESIAN_POINT('',(21.224304487288,11.415550728993,2.35));
#5448 = CARTESIAN_POINT('',(21.219342661506,10.909627894528,2.35));
#5449 = CARTESIAN_POINT('',(21.16953991473,10.410483075071,2.35));
#5450 = CARTESIAN_POINT('',(20.970565496659,9.369588339661,2.35));
#5451 = CARTESIAN_POINT('',(20.808748923256,8.833996176765,2.35));
#5452 = CARTESIAN_POINT('',(20.595689542281,8.319800166506,2.35));
#5453 = CARTESIAN_POINT('',(20.336460443724,7.828677834948,2.35));
#5454 = CARTESIAN_POINT('',(20.036053639446,7.361672973264,2.35));
#5455 = CARTESIAN_POINT('',(19.699077931728,6.919391807762,2.35));
#5456 = CARTESIAN_POINT('',(19.329738391904,6.502253480722,2.35));
#5457 = CARTESIAN_POINT('',(18.490954431112,5.67651047463,2.35));
#5458 = CARTESIAN_POINT('',(18.012435479647,5.271008140885,2.35));
#5459 = CARTESIAN_POINT('',(17.500718664162,4.902027372326,2.35));
#5460 = CARTESIAN_POINT('',(16.959758870863,4.578085798113,2.35));
#5461 = CARTESIAN_POINT('',(16.393039164205,4.307521041927,2.35));
#5462 = CARTESIAN_POINT('',(15.803521723506,4.100064167932,2.35));
#5463 = CARTESIAN_POINT('',(15.194802259188,3.967909801697,2.35));
#5464 = CARTESIAN_POINT('',(13.981901986692,3.880584975446,2.35));
#5465 = CARTESIAN_POINT('',(13.388115989518,3.918969934657,2.35));
#5466 = CARTESIAN_POINT('',(12.801072885454,4.033094769233,2.35));
#5467 = CARTESIAN_POINT('',(12.226777389478,4.216631196765,2.35));
#5468 = CARTESIAN_POINT('',(11.670070484059,4.463544944017,2.35));
#5469 = CARTESIAN_POINT('',(11.135270267247,4.76870400656,2.35));
#5470 = CARTESIAN_POINT('',(10.626663032547,5.127781036792,2.35));
#5471 = CARTESIAN_POINT('',(9.598052922629,6.007531247013,2.35));
#5472 = CARTESIAN_POINT('',(9.087297318445,6.545171473191,2.35));
#5473 = CARTESIAN_POINT('',(8.632510438711,7.136972182574,2.35));
#5474 = CARTESIAN_POINT('',(8.25093721585,7.777071884196,2.35));
#5475 = CARTESIAN_POINT('',(7.964425626899,8.444684126062,2.35));
#5476 = CARTESIAN_POINT('',(7.785388334821,9.152799739337,2.35));
#5477 = CARTESIAN_POINT('',(7.765483179606,9.88296721463,2.35));
#5478 = CARTESIAN_POINT('',(7.926728425494,10.597716745654,2.35));
#5479 = CARTESIAN_POINT('',(8.5,10.5,2.35));
#5480 = CARTESIAN_POINT('',(8.657843357989,11.165683119384,2.35));
#5481 = CARTESIAN_POINT('',(8.919834594533,11.806124769481,2.35));
#5482 = CARTESIAN_POINT('',(9.273850719214,12.415633810736,2.35));
#5483 = CARTESIAN_POINT('',(9.707768741612,12.988519103597,2.35));
#5484 = CARTESIAN_POINT('',(10.209465671308,13.519089508508,2.35));
#5485 = CARTESIAN_POINT('',(10.766818517884,14.001653885915,2.35));
#5486 = CARTESIAN_POINT('',(11.367704290921,14.430521096264,2.35));
#5487 = CARTESIAN_POINT('',(12.579378406921,15.138556937148,2.35));
#5488 = CARTESIAN_POINT('',(13.185129307311,15.427250107424,2.35));
#5489 = CARTESIAN_POINT('',(13.810583824875,15.658717546099,2.35));
#5490 = CARTESIAN_POINT('',(14.44907308332,15.825597288446,2.35));
#5491 = CARTESIAN_POINT('',(15.093928206349,15.920527369737,2.35));
#5492 = CARTESIAN_POINT('',(15.738480317669,15.936145825245,2.35));
#5493 = CARTESIAN_POINT('',(16.376060540984,15.865090690242,2.35));
#5494 = CARTESIAN_POINT('',(17.45689509407,15.579108260652,2.35));
#5495 = CARTESIAN_POINT('',(17.906475651994,15.407792186376,2.35));
#5496 = CARTESIAN_POINT('',(18.340699642694,15.189248478828,2.35));
#5497 = CARTESIAN_POINT('',(18.751525035088,14.926673839665,2.35));
#5498 = CARTESIAN_POINT('',(19.130909798095,14.623264970544,2.35));
#5499 = CARTESIAN_POINT('',(19.470811900637,14.282218573122,2.35));
#5500 = CARTESIAN_POINT('',(19.763189311632,13.906731349055,2.35));
#5501 = CARTESIAN_POINT('',(20.225054790466,13.113459851968,2.35));
#5502 = CARTESIAN_POINT('',(20.399922873356,12.698700660414,2.35));
#5503 = CARTESIAN_POINT('',(20.526475489536,12.262551968247,2.35));
#5504 = CARTESIAN_POINT('',(20.606583879868,11.811843318374,2.35));
#5505 = CARTESIAN_POINT('',(20.642119285217,11.353404253704,2.35));
#5506 = CARTESIAN_POINT('',(20.634952946446,10.894064317147,2.35));
#5507 = CARTESIAN_POINT('',(20.586956104419,10.440653051609,2.35));
#5508 = CARTESIAN_POINT('',(20.400854786679,9.497578219561,2.35));
#5509 = CARTESIAN_POINT('',(20.251062532249,9.011742117228,2.35));
#5510 = CARTESIAN_POINT('',(20.054396073452,8.543473394012,2.35));
#5511 = CARTESIAN_POINT('',(19.814628247033,8.093753750922,2.35));
#5512 = CARTESIAN_POINT('',(19.535531889735,7.663564888967,2.35));
#5513 = CARTESIAN_POINT('',(19.220879838301,7.253888509155,2.35));
#5514 = CARTESIAN_POINT('',(18.874444929475,6.865706312496,2.35));
#5515 = CARTESIAN_POINT('',(18.08459064829,6.094285273395,2.35));
#5516 = CARTESIAN_POINT('',(17.634707425012,5.716233173451,2.35));
#5517 = CARTESIAN_POINT('',(17.155502887624,5.374257347781,2.35));
#5518 = CARTESIAN_POINT('',(16.652129593581,5.076771443998,2.35));
#5519 = CARTESIAN_POINT('',(16.129740100341,4.832189109715,2.35));
#5520 = CARTESIAN_POINT('',(15.59348696536,4.648923992546,2.35));
#5521 = CARTESIAN_POINT('',(15.048522746094,4.535389740103,2.35));
#5522 = CARTESIAN_POINT('',(13.976024382513,4.466193998234,2.35));
#5523 = CARTESIAN_POINT('',(13.448801609295,4.503694863977,2.35));
#5524 = CARTESIAN_POINT('',(12.923380346424,4.608464306584,2.35));
#5525 = CARTESIAN_POINT('',(12.404809259979,4.776464035411,2.35));
#5526 = CARTESIAN_POINT('',(11.898137016036,5.003655759811,2.35));
#5527 = CARTESIAN_POINT('',(11.408412280673,5.28600118914,2.35));
#5528 = CARTESIAN_POINT('',(10.940683719969,5.619462032751,2.35));
#5529 = CARTESIAN_POINT('',(9.992014350308,6.43865434044,2.35));
#5530 = CARTESIAN_POINT('',(9.519964995839,6.939863215029,2.35));
#5531 = CARTESIAN_POINT('',(9.102738881796,7.490041593772,2.35));
#5532 = CARTESIAN_POINT('',(8.75922295338,8.075604446675,2.35));
#5533 = CARTESIAN_POINT('',(8.508304155791,8.682966743743,2.35));
#5534 = CARTESIAN_POINT('',(8.36886943423,9.298543454983,2.35));
#5535 = CARTESIAN_POINT('',(8.3598057339,9.9087495504,2.35));
#5536 = CARTESIAN_POINT('',(8.5,10.5,2.35));
#5537 = DEFINITIONAL_REPRESENTATION('',(#5538),#5542);
#5538 = LINE('',#5539,#5540);
#5539 = CARTESIAN_POINT('',(0.,0.));
#5540 = VECTOR('',#5541,1.);
#5541 = DIRECTION('',(0.,1.));
#5542 = ( GEOMETRIC_REPRESENTATION_CONTEXT(2) 
PARAMETRIC_REPRESENTATION_CONTEXT() REPRESENTATION_CONTEXT('2D SPACE',''
  ) );
#5543 = ORIENTED_EDGE('',*,*,#5036,.F.);
#5544 = ADVANCED_FACE('',(#5545),#4120,.F.);
#5545 = FACE_BOUND('',#5546,.F.);
#5546 = EDGE_LOOP('',(#5547,#5548,#5571,#5598));
#5547 = ORIENTED_EDGE('',*,*,#4103,.T.);
#5548 = ORIENTED_EDGE('',*,*,#5549,.T.);
#5549 = EDGE_CURVE('',#4104,#5550,#5552,.T.);
#5550 = VERTEX_POINT('',#5551);
#5551 = CARTESIAN_POINT('',(12.1,-6.,-0.9));
#5552 = SEAM_CURVE('',#5553,(#5557,#5564),.PCURVE_S1.);
#5553 = LINE('',#5554,#5555);
#5554 = CARTESIAN_POINT('',(12.6,-6.,-1.4));
#5555 = VECTOR('',#5556,1.);
#5556 = DIRECTION('',(-0.707106781187,0.,0.707106781187));
#5557 = PCURVE('',#4120,#5558);
#5558 = DEFINITIONAL_REPRESENTATION('',(#5559),#5563);
#5559 = LINE('',#5560,#5561);
#5560 = CARTESIAN_POINT('',(-0.,-0.));
#5561 = VECTOR('',#5562,1.);
#5562 = DIRECTION('',(-0.,-1.));
#5563 = ( GEOMETRIC_REPRESENTATION_CONTEXT(2) 
PARAMETRIC_REPRESENTATION_CONTEXT() REPRESENTATION_CONTEXT('2D SPACE',''
  ) );
#5564 = PCURVE('',#4120,#5565);
#5565 = DEFINITIONAL_REPRESENTATION('',(#5566),#5570);
#5566 = LINE('',#5567,#5568);
#5567 = CARTESIAN_POINT('',(-6.28318530718,-0.));
#5568 = VECTOR('',#5569,1.);
#5569 = DIRECTION('',(-0.,-1.));
#5570 = ( GEOMETRIC_REPRESENTATION_CONTEXT(2) 
PARAMETRIC_REPRESENTATION_CONTEXT() REPRESENTATION_CONTEXT('2D SPACE',''
  ) );
#5571 = ORIENTED_EDGE('',*,*,#5572,.F.);
#5572 = EDGE_CURVE('',#5550,#5550,#5573,.T.);
#5573 = SURFACE_CURVE('',#5574,(#5579,#5586),.PCURVE_S1.);
#5574 = CIRCLE('',#5575,1.1);
#5575 = AXIS2_PLACEMENT_3D('',#5576,#5577,#5578);
#5576 = CARTESIAN_POINT('',(11.,-6.,-0.9));
#5577 = DIRECTION('',(0.,0.,1.));
#5578 = DIRECTION('',(1.,0.,-0.));
#5579 = PCURVE('',#4120,#5580);
#5580 = DEFINITIONAL_REPRESENTATION('',(#5581),#5585);
#5581 = LINE('',#5582,#5583);
#5582 = CARTESIAN_POINT('',(-0.,-0.5));
#5583 = VECTOR('',#5584,1.);
#5584 = DIRECTION('',(-1.,-0.));
#5585 = ( GEOMETRIC_REPRESENTATION_CONTEXT(2) 
PARAMETRIC_REPRESENTATION_CONTEXT() REPRESENTATION_CONTEXT('2D SPACE',''
  ) );
#5586 = PCURVE('',#5587,#5592);
#5587 = CYLINDRICAL_SURFACE('',#5588,1.1);
#5588 = AXIS2_PLACEMENT_3D('',#5589,#5590,#5591);
#5589 = CARTESIAN_POINT('',(11.,-6.,-0.9));
#5590 = DIRECTION('',(0.,0.,1.));
#5591 = DIRECTION('',(1.,0.,-0.));
#5592 = DEFINITIONAL_REPRESENTATION('',(#5593),#5597);
#5593 = LINE('',#5594,#5595);
#5594 = CARTESIAN_POINT('',(0.,0.));
#5595 = VECTOR('',#5596,1.);
#5596 = DIRECTION('',(1.,0.));
#5597 = ( GEOMETRIC_REPRESENTATION_CONTEXT(2) 
PARAMETRIC_REPRESENTATION_CONTEXT() REPRESENTATION_CONTEXT('2D SPACE',''
  ) );
#5598 = ORIENTED_EDGE('',*,*,#5549,.F.);
#5599 = ADVANCED_FACE('',(#5600),#4155,.F.);
#5600 = FACE_BOUND('',#5601,.F.);
#5601 = EDGE_LOOP('',(#5602,#5603,#5626,#5653));
#5602 = ORIENTED_EDGE('',*,*,#4138,.T.);
#5603 = ORIENTED_EDGE('',*,*,#5604,.T.);
#5604 = EDGE_CURVE('',#4139,#5605,#5607,.T.);
#5605 = VERTEX_POINT('',#5606);
#5606 = CARTESIAN_POINT('',(12.1,10.,-0.9));
#5607 = SEAM_CURVE('',#5608,(#5612,#5619),.PCURVE_S1.);
#5608 = LINE('',#5609,#5610);
#5609 = CARTESIAN_POINT('',(12.6,10.,-1.4));
#5610 = VECTOR('',#5611,1.);
#5611 = DIRECTION('',(-0.707106781187,0.,0.707106781187));
#5612 = PCURVE('',#4155,#5613);
#5613 = DEFINITIONAL_REPRESENTATION('',(#5614),#5618);
#5614 = LINE('',#5615,#5616);
#5615 = CARTESIAN_POINT('',(-0.,-0.));
#5616 = VECTOR('',#5617,1.);
#5617 = DIRECTION('',(-0.,-1.));
#5618 = ( GEOMETRIC_REPRESENTATION_CONTEXT(2) 
PARAMETRIC_REPRESENTATION_CONTEXT() REPRESENTATION_CONTEXT('2D SPACE',''
  ) );
#5619 = PCURVE('',#4155,#5620);
#5620 = DEFINITIONAL_REPRESENTATION('',(#5621),#5625);
#5621 = LINE('',#5622,#5623);
#5622 = CARTESIAN_POINT('',(-6.28318530718,-0.));
#5623 = VECTOR('',#5624,1.);
#5624 = DIRECTION('',(-0.,-1.));
#5625 = ( GEOMETRIC_REPRESENTATION_CONTEXT(2) 
PARAMETRIC_REPRESENTATION_CONTEXT() REPRESENTATION_CONTEXT('2D SPACE',''
  ) );
#5626 = ORIENTED_EDGE('',*,*,#5627,.F.);
#5627 = EDGE_CURVE('',#5605,#5605,#5628,.T.);
#5628 = SURFACE_CURVE('',#5629,(#5634,#5641),.PCURVE_S1.);
#5629 = CIRCLE('',#5630,1.1);
#5630 = AXIS2_PLACEMENT_3D('',#5631,#5632,#5633);
#5631 = CARTESIAN_POINT('',(11.,10.,-0.9));
#5632 = DIRECTION('',(0.,0.,1.));
#5633 = DIRECTION('',(1.,0.,-0.));
#5634 = PCURVE('',#4155,#5635);
#5635 = DEFINITIONAL_REPRESENTATION('',(#5636),#5640);
#5636 = LINE('',#5637,#5638);
#5637 = CARTESIAN_POINT('',(-0.,-0.5));
#5638 = VECTOR('',#5639,1.);
#5639 = DIRECTION('',(-1.,-0.));
#5640 = ( GEOMETRIC_REPRESENTATION_CONTEXT(2) 
PARAMETRIC_REPRESENTATION_CONTEXT() REPRESENTATION_CONTEXT('2D SPACE',''
  ) );
#5641 = PCURVE('',#5642,#5647);
#5642 = CYLINDRICAL_SURFACE('',#5643,1.1);
#5643 = AXIS2_PLACEMENT_3D('',#5644,#5645,#5646);
#5644 = CARTESIAN_POINT('',(11.,10.,-0.9));
#5645 = DIRECTION('',(0.,0.,1.));
#5646 = DIRECTION('',(1.,0.,-0.));
#5647 = DEFINITIONAL_REPRESENTATION('',(#5648),#5652);
#5648 = LINE('',#5649,#5650);
#5649 = CARTESIAN_POINT('',(0.,0.));
#5650 = VECTOR('',#5651,1.);
#5651 = DIRECTION('',(1.,0.));
#5652 = ( GEOMETRIC_REPRESENTATION_CONTEXT(2) 
PARAMETRIC_REPRESENTATION_CONTEXT() REPRESENTATION_CONTEXT('2D SPACE',''
  ) );
#5653 = ORIENTED_EDGE('',*,*,#5604,.F.);
#5654 = ADVANCED_FACE('',(#5655),#4210,.T.);
#5655 = FACE_BOUND('',#5656,.T.);
#5656 = EDGE_LOOP('',(#5657,#5658,#5659,#5660));
#5657 = ORIENTED_EDGE('',*,*,#4324,.T.);
#5658 = ORIENTED_EDGE('',*,*,#4194,.T.);
#5659 = ORIENTED_EDGE('',*,*,#4248,.T.);
#5660 = ORIENTED_EDGE('',*,*,#4352,.T.);
#5661 = ADVANCED_FACE('',(#5662),#4501,.T.);
#5662 = FACE_BOUND('',#5663,.T.);
#5663 = EDGE_LOOP('',(#5664,#6319,#6343,#6344));
#5664 = ORIENTED_EDGE('',*,*,#5665,.T.);
#5665 = EDGE_CURVE('',#5666,#5666,#5668,.T.);
#5666 = VERTEX_POINT('',#5667);
#5667 = CARTESIAN_POINT('',(9.274708967937,-6.716875501003,2.));
#5668 = SURFACE_CURVE('',#5669,(#5882,#6098),.PCURVE_S1.);
#5669 = B_SPLINE_CURVE_WITH_KNOTS('',8,(#5670,#5671,#5672,#5673,#5674,
    #5675,#5676,#5677,#5678,#5679,#5680,#5681,#5682,#5683,#5684,#5685,
    #5686,#5687,#5688,#5689,#5690,#5691,#5692,#5693,#5694,#5695,#5696,
    #5697,#5698,#5699,#5700,#5701,#5702,#5703,#5704,#5705,#5706,#5707,
    #5708,#5709,#5710,#5711,#5712,#5713,#5714,#5715,#5716,#5717,#5718,
    #5719,#5720,#5721,#5722,#5723,#5724,#5725,#5726,#5727,#5728,#5729,
    #5730,#5731,#5732,#5733,#5734,#5735,#5736,#5737,#5738,#5739,#5740,
    #5741,#5742,#5743,#5744,#5745,#5746,#5747,#5748,#5749,#5750,#5751,
    #5752,#5753,#5754,#5755,#5756,#5757,#5758,#5759,#5760,#5761,#5762,
    #5763,#5764,#5765,#5766,#5767,#5768,#5769,#5770,#5771,#5772,#5773,
    #5774,#5775,#5776,#5777,#5778,#5779,#5780,#5781,#5782,#5783,#5784,
    #5785,#5786,#5787,#5788,#5789,#5790,#5791,#5792,#5793,#5794,#5795,
    #5796,#5797,#5798,#5799,#5800,#5801,#5802,#5803,#5804,#5805,#5806,
    #5807,#5808,#5809,#5810,#5811,#5812,#5813,#5814,#5815,#5816,#5817,
    #5818,#5819,#5820,#5821,#5822,#5823,#5824,#5825,#5826,#5827,#5828,
    #5829,#5830,#5831,#5832,#5833,#5834,#5835,#5836,#5837,#5838,#5839,
    #5840,#5841,#5842,#5843,#5844,#5845,#5846,#5847,#5848,#5849,#5850,
    #5851,#5852,#5853,#5854,#5855,#5856,#5857,#5858,#5859,#5860,#5861,
    #5862,#5863,#5864,#5865,#5866,#5867,#5868,#5869,#5870,#5871,#5872,
    #5873,#5874,#5875,#5876,#5877,#5878,#5879,#5880,#5881),
  .UNSPECIFIED.,.T.,.F.,(9,7,7,7,7,7,7,7,7,7,7,7,7,7,7,7,7,7,7,7,7,7,7,7
    ,7,7,7,7,7,7,9),(0.,2.817392137448E-02,8.491028408854E-02,
    0.136554099284,0.162702717497,0.181255489193,0.188120869056,
    0.199889503718,0.238351667741,0.302552725226,0.313356656766,
    0.325142715099,0.35667773902,0.422403078084,0.452396794931,
    0.467373095913,0.474356937633,0.482335670904,0.543274352512,
    0.604738664649,0.615540075798,0.627323241902,0.6706390696,
    0.758008391686,0.76824360475,0.801188148052,0.880501027842,
    0.888564229175,0.914369568122,0.952851403311,1.),.UNSPECIFIED.);
#5670 = CARTESIAN_POINT('',(9.274708967937,-6.716875501003,2.));
#5671 = CARTESIAN_POINT('',(9.306167273548,-6.620394974358,2.));
#5672 = CARTESIAN_POINT('',(9.339225036024,-6.52514245359,2.));
#5673 = CARTESIAN_POINT('',(9.373904138457,-6.431189292869,2.));
#5674 = CARTESIAN_POINT('',(9.410223928195,-6.338610130394,2.));
#5675 = CARTESIAN_POINT('',(9.448200581923,-6.247482058266,2.));
#5676 = CARTESIAN_POINT('',(9.487846470745,-6.157883792368,2.));
#5677 = CARTESIAN_POINT('',(9.529169525264,-6.069894842248,2.));
#5678 = CARTESIAN_POINT('',(9.658771985182,-5.809804229352,2.));
#5679 = CARTESIAN_POINT('',(9.752198016114,-5.642833495394,2.));
#5680 = CARTESIAN_POINT('',(9.852463069988,-5.483371663331,2.));
#5681 = CARTESIAN_POINT('',(9.959502161732,-5.33206191315,2.));
#5682 = CARTESIAN_POINT('',(10.073178982087,-5.1894810574,2.));
#5683 = CARTESIAN_POINT('',(10.193284320905,-5.056125216614,2.));
#5684 = CARTESIAN_POINT('',(10.319526876318,-4.932401533364,2.));
#5685 = CARTESIAN_POINT('',(10.571658574866,-4.715062612457,2.));
#5686 = CARTESIAN_POINT('',(10.696593878336,-4.619714132206,2.));
#5687 = CARTESIAN_POINT('',(10.826037163102,-4.532818764801,2.));
#5688 = CARTESIAN_POINT('',(10.95967980497,-4.454516770697,2.));
#5689 = CARTESIAN_POINT('',(11.097181906753,-4.384871920699,2.));
#5690 = CARTESIAN_POINT('',(11.238167855386,-4.323886106737,2.));
#5691 = CARTESIAN_POINT('',(11.382225282072,-4.271507032916,2.));
#5692 = CARTESIAN_POINT('',(11.603176529225,-4.205412372468,2.));
#5693 = CARTESIAN_POINT('',(11.678122093212,-4.18537412248,2.));
#5694 = CARTESIAN_POINT('',(11.753688487748,-4.167500262358,2.));
#5695 = CARTESIAN_POINT('',(11.829819270014,-4.15177335064,2.));
#5696 = CARTESIAN_POINT('',(11.906457581675,-4.138172790838,2.));
#5697 = CARTESIAN_POINT('',(11.983546546513,-4.126675143341,2.));
#5698 = CARTESIAN_POINT('',(12.061029668056,-4.117254437328,2.));
#5699 = CARTESIAN_POINT('',(12.19406655409,-4.104651937978,2.));
#5700 = CARTESIAN_POINT('',(12.249452401594,-4.100452873198,2.));
#5701 = CARTESIAN_POINT('',(12.304988835184,-4.097275033585,2.));
#5702 = CARTESIAN_POINT('',(12.360656273825,-4.095107768642,2.));
#5703 = CARTESIAN_POINT('',(12.416435489986,-4.093940032126,2.));
#5704 = CARTESIAN_POINT('',(12.472307609641,-4.093760382049,2.));
#5705 = CARTESIAN_POINT('',(12.528254112266,-4.094556980676,2.));
#5706 = CARTESIAN_POINT('',(12.604980430385,-4.096969123455,2.));
#5707 = CARTESIAN_POINT('',(12.625721818237,-4.097752996977,2.));
#5708 = CARTESIAN_POINT('',(12.646480154281,-4.098668832151,2.));
#5709 = CARTESIAN_POINT('',(12.667254592737,-4.099716243241,2.));
#5710 = CARTESIAN_POINT('',(12.688044282161,-4.100894841715,2.));
#5711 = CARTESIAN_POINT('',(12.708848365443,-4.102204236239,2.));
#5712 = CARTESIAN_POINT('',(12.729665979811,-4.103644032685,2.));
#5713 = CARTESIAN_POINT('',(12.786204684952,-4.107905501818,2.));
#5714 = CARTESIAN_POINT('',(12.821950383827,-4.110975621208,2.));
#5715 = CARTESIAN_POINT('',(12.857733440497,-4.114434077532,2.));
#5716 = CARTESIAN_POINT('',(12.893547953543,-4.118267368833,2.));
#5717 = CARTESIAN_POINT('',(12.929352313997,-4.122459364526,2.));
#5718 = CARTESIAN_POINT('',(12.965187367285,-4.127038402393,2.));
#5719 = CARTESIAN_POINT('',(13.001012103519,-4.131978034791,2.));
#5720 = CARTESIAN_POINT('',(13.153921641983,-4.154645752053,2.));
#5721 = CARTESIAN_POINT('',(13.270715836276,-4.175899473257,2.));
#5722 = CARTESIAN_POINT('',(13.387046036775,-4.20097320065,2.));
#5723 = CARTESIAN_POINT('',(13.502741424747,-4.229793212488,2.));
#5724 = CARTESIAN_POINT('',(13.617634881463,-4.262289420176,2.));
#5725 = CARTESIAN_POINT('',(13.731562560922,-4.298395445359,2.));
#5726 = CARTESIAN_POINT('',(13.844363462569,-4.338048697019,2.));
#5727 = CARTESIAN_POINT('',(14.142020747304,-4.453202754823,2.));
#5728 = CARTESIAN_POINT('',(14.324558214038,-4.534926034265,2.));
#5729 = CARTESIAN_POINT('',(14.502771366695,-4.626090952742,2.));
#5730 = CARTESIAN_POINT('',(14.675915658323,-4.72644842727,2.));
#5731 = CARTESIAN_POINT('',(14.843220336186,-4.835758708279,2.));
#5732 = CARTESIAN_POINT('',(15.003889794798,-4.953784736773,2.));
#5733 = CARTESIAN_POINT('',(15.157107978372,-5.080289776399,2.));
#5734 = CARTESIAN_POINT('',(15.32643638053,-5.237715339546,2.));
#5735 = CARTESIAN_POINT('',(15.350583360053,-5.260616391472,2.));
#5736 = CARTESIAN_POINT('',(15.374483076847,-5.283740999249,2.));
#5737 = CARTESIAN_POINT('',(15.398131864582,-5.307087713254,2.));
#5738 = CARTESIAN_POINT('',(15.421526084975,-5.330655111193,2.));
#5739 = CARTESIAN_POINT('',(15.444662127788,-5.354441798105,2.));
#5740 = CARTESIAN_POINT('',(15.467536410826,-5.378446406357,2.));
#5741 = CARTESIAN_POINT('',(15.514809263361,-5.429089675161,2.));
#5742 = CARTESIAN_POINT('',(15.539158545964,-5.455774569388,2.));
#5743 = CARTESIAN_POINT('',(15.563186331843,-5.482701199571,2.));
#5744 = CARTESIAN_POINT('',(15.586891154621,-5.509913048816,2.));
#5745 = CARTESIAN_POINT('',(15.610262361292,-5.537328541004,2.));
#5746 = CARTESIAN_POINT('',(15.633303797458,-5.565050201273,2.));
#5747 = CARTESIAN_POINT('',(15.656003913023,-5.592975389644,2.));
#5748 = CARTESIAN_POINT('',(15.738197232124,-5.696652259888,2.));
#5749 = CARTESIAN_POINT('',(15.795633291238,-5.774120201632,2.));
#5750 = CARTESIAN_POINT('',(15.850647005453,-5.853478163111,2.));
#5751 = CARTESIAN_POINT('',(15.903216520922,-5.93461873372,2.));
#5752 = CARTESIAN_POINT('',(15.953323816711,-6.017434272653,2.));
#5753 = CARTESIAN_POINT('',(16.000954101767,-6.101817704771,2.));
#5754 = CARTESIAN_POINT('',(16.046095211885,-6.187663316474,2.));
#5755 = CARTESIAN_POINT('',(16.177611127408,-6.456618635682,2.));
#5756 = CARTESIAN_POINT('',(16.255620502511,-6.644255098359,2.));
#5757 = CARTESIAN_POINT('',(16.322687084503,-6.836854805933,2.));
#5758 = CARTESIAN_POINT('',(16.37875221075,-7.033511605141,2.));
#5759 = CARTESIAN_POINT('',(16.423770741916,-7.233344075007,2.));
#5760 = CARTESIAN_POINT('',(16.45770359822,-7.435501009119,2.));
#5761 = CARTESIAN_POINT('',(16.480508693493,-7.639163628307,2.));
#5762 = CARTESIAN_POINT('',(16.497433724773,-7.936813631022,2.));
#5763 = CARTESIAN_POINT('',(16.500407960235,-8.030228321672,2.));
#5764 = CARTESIAN_POINT('',(16.501047759202,-8.123711804207,2.));
#5765 = CARTESIAN_POINT('',(16.499347560409,-8.217187139819,2.));
#5766 = CARTESIAN_POINT('',(16.49530145555,-8.310577242352,2.));
#5767 = CARTESIAN_POINT('',(16.488903189284,-8.403804878302,2.));
#5768 = CARTESIAN_POINT('',(16.480146159232,-8.496792666821,2.));
#5769 = CARTESIAN_POINT('',(16.463469674429,-8.635734771425,2.));
#5770 = CARTESIAN_POINT('',(16.457326154018,-8.681927248243,2.));
#5771 = CARTESIAN_POINT('',(16.450591996872,-8.728030811152,2.));
#5772 = CARTESIAN_POINT('',(16.443266343307,-8.774035716762,2.));
#5773 = CARTESIAN_POINT('',(16.435348331826,-8.819932177312,2.));
#5774 = CARTESIAN_POINT('',(16.426837099116,-8.865710360661,2.));
#5775 = CARTESIAN_POINT('',(16.417731780051,-8.911360390297,2.));
#5776 = CARTESIAN_POINT('',(16.403508017606,-8.978095764019,2.));
#5777 = CARTESIAN_POINT('',(16.39885561683,-8.999286967978,2.));
#5778 = CARTESIAN_POINT('',(16.394074269111,-9.020444945305,2.));
#5779 = CARTESIAN_POINT('',(16.389163937915,-9.04156868787,2.));
#5780 = CARTESIAN_POINT('',(16.384124586415,-9.062657191319,2.));
#5781 = CARTESIAN_POINT('',(16.378956177498,-9.083709455068,2.));
#5782 = CARTESIAN_POINT('',(16.373658673764,-9.10472448231,2.));
#5783 = CARTESIAN_POINT('',(16.362033429796,-9.149664804748,2.));
#5784 = CARTESIAN_POINT('',(16.35566375349,-9.173582744127,2.));
#5785 = CARTESIAN_POINT('',(16.349124756547,-9.197452059159,2.));
#5786 = CARTESIAN_POINT('',(16.342417253747,-9.2212704672,2.));
#5787 = CARTESIAN_POINT('',(16.335541126711,-9.245036441947,2.));
#5788 = CARTESIAN_POINT('',(16.328495323897,-9.268749213443,2.));
#5789 = CARTESIAN_POINT('',(16.321277860603,-9.292408768075,2.));
#5790 = CARTESIAN_POINT('',(16.257416590071,-9.496335727785,2.));
#5791 = CARTESIAN_POINT('',(16.190738022038,-9.673648629929,2.));
#5792 = CARTESIAN_POINT('',(16.114320160272,-9.847380563705,2.));
#5793 = CARTESIAN_POINT('',(16.028636840844,-10.01697594585,2.));
#5794 = CARTESIAN_POINT('',(15.934159547513,-10.18189515172,2.));
#5795 = CARTESIAN_POINT('',(15.83135126876,-10.3416120659,2.));
#5796 = CARTESIAN_POINT('',(15.72066035482,-10.49561163272,2.));
#5797 = CARTESIAN_POINT('',(15.483349477817,-10.79243733918,2.));
#5798 = CARTESIAN_POINT('',(15.356617916606,-10.93513284926,2.));
#5799 = CARTESIAN_POINT('',(15.222760548915,-11.07095679399,2.));
#5800 = CARTESIAN_POINT('',(15.082220047414,-11.19936734875,2.));
#5801 = CARTESIAN_POINT('',(14.935446761732,-11.31980061258,2.));
#5802 = CARTESIAN_POINT('',(14.782901360281,-11.43167387287,2.));
#5803 = CARTESIAN_POINT('',(14.625054251772,-11.53438952968,2.));
#5804 = CARTESIAN_POINT('',(14.433794594288,-11.64367424987,2.));
#5805 = CARTESIAN_POINT('',(14.405074404059,-11.65969808216,2.));
#5806 = CARTESIAN_POINT('',(14.376224149691,-11.67540844324,2.));
#5807 = CARTESIAN_POINT('',(14.347246734227,-11.69080262027,2.));
#5808 = CARTESIAN_POINT('',(14.318145029798,-11.7058779209,2.));
#5809 = CARTESIAN_POINT('',(14.288921877613,-11.72063167332,2.));
#5810 = CARTESIAN_POINT('',(14.259580087971,-11.73506122617,2.));
#5811 = CARTESIAN_POINT('',(14.197988878489,-11.7645483745,2.));
#5812 = CARTESIAN_POINT('',(14.16570871061,-11.77954373908,2.));
#5813 = CARTESIAN_POINT('',(14.133316362386,-11.79415088231,2.));
#5814 = CARTESIAN_POINT('',(14.100745436112,-11.808352193,2.));
#5815 = CARTESIAN_POINT('',(14.068126143637,-11.8221688762,2.));
#5816 = CARTESIAN_POINT('',(14.035292417338,-11.83556537553,2.));
#5817 = CARTESIAN_POINT('',(14.002417087218,-11.84857298084,2.));
#5818 = CARTESIAN_POINT('',(13.847885446629,-11.90744188762,2.));
#5819 = CARTESIAN_POINT('',(13.724344950367,-11.94823807605,2.));
#5820 = CARTESIAN_POINT('',(13.598983650388,-11.9835399961,2.));
#5821 = CARTESIAN_POINT('',(13.472047011709,-12.01335409145,2.));
#5822 = CARTESIAN_POINT('',(13.343781639294,-12.03770148853,2.));
#5823 = CARTESIAN_POINT('',(13.214432867328,-12.05661533985,2.));
#5824 = CARTESIAN_POINT('',(13.084242348483,-12.07013816717,2.));
#5825 = CARTESIAN_POINT('',(12.689625185686,-12.0948208295,2.));
#5826 = CARTESIAN_POINT('',(12.423371376955,-12.08958813888,2.));
#5827 = CARTESIAN_POINT('',(12.156578373061,-12.06304311711,2.));
#5828 = CARTESIAN_POINT('',(11.89108818841,-12.01570037137,2.));
#5829 = CARTESIAN_POINT('',(11.628662824778,-11.94814245494,2.));
#5830 = CARTESIAN_POINT('',(11.370967500311,-11.86099249487,2.));
#5831 = CARTESIAN_POINT('',(11.11956497849,-11.75488412443,2.));
#5832 = CARTESIAN_POINT('',(10.847380096745,-11.61585058914,2.));
#5833 = CARTESIAN_POINT('',(10.818943233514,-11.60101573652,2.));
#5834 = CARTESIAN_POINT('',(10.790618863216,-11.5859368097,2.));
#5835 = CARTESIAN_POINT('',(10.762408119733,-11.57061162044,2.));
#5836 = CARTESIAN_POINT('',(10.734308683,-11.55503151986,2.));
#5837 = CARTESIAN_POINT('',(10.706318647029,-11.53918977334,2.));
#5838 = CARTESIAN_POINT('',(10.678440387936,-11.52308993541,2.));
#5839 = CARTESIAN_POINT('',(10.561334730476,-11.45416067846,2.));
#5840 = CARTESIAN_POINT('',(10.473211922737,-11.39902245403,2.));
#5841 = CARTESIAN_POINT('',(10.386410851347,-11.34148447644,2.));
#5842 = CARTESIAN_POINT('',(10.301024661394,-11.28168270477,2.));
#5843 = CARTESIAN_POINT('',(10.217146165525,-11.21974486058,2.));
#5844 = CARTESIAN_POINT('',(10.134869209021,-11.15579115646,2.));
#5845 = CARTESIAN_POINT('',(10.054290034866,-11.08993502455,2.));
#5846 = CARTESIAN_POINT('',(9.785845616345,-10.85941626377,2.));
#5847 = CARTESIAN_POINT('',(9.60683409852,-10.68634579986,2.));
#5848 = CARTESIAN_POINT('',(9.439565238721,-10.50439004823,2.));
#5849 = CARTESIAN_POINT('',(9.285619702456,-10.31485295575,2.));
#5850 = CARTESIAN_POINT('',(9.147201150309,-10.11935273438,2.));
#5851 = CARTESIAN_POINT('',(9.026854407297,-9.919961326989,2.));
#5852 = CARTESIAN_POINT('',(8.927958319273,-9.719598451779,2.));
#5853 = CARTESIAN_POINT('',(8.84601432902,-9.502179638149,2.));
#5854 = CARTESIAN_POINT('',(8.838710430145,-9.482144123137,2.));
#5855 = CARTESIAN_POINT('',(8.831666940266,-9.462122112462,2.));
#5856 = CARTESIAN_POINT('',(8.824884637124,-9.442107777447,2.));
#5857 = CARTESIAN_POINT('',(8.818363627256,-9.422097047209,2.));
#5858 = CARTESIAN_POINT('',(8.812103802171,-9.402086014027,2.));
#5859 = CARTESIAN_POINT('',(8.806105294519,-9.382069338719,2.));
#5860 = CARTESIAN_POINT('',(8.782010018876,-9.297935019186,2.));
#5861 = CARTESIAN_POINT('',(8.766333419347,-9.23370407344,2.));
#5862 = CARTESIAN_POINT('',(8.753341379157,-9.169154786916,2.));
#5863 = CARTESIAN_POINT('',(8.743041056205,-9.104079262837,2.));
#5864 = CARTESIAN_POINT('',(8.735435442588,-9.038288416989,2.));
#5865 = CARTESIAN_POINT('',(8.730513872781,-8.971633863434,2.));
#5866 = CARTESIAN_POINT('',(8.728242120215,-8.904016008449,2.));
#5867 = CARTESIAN_POINT('',(8.729014604246,-8.733023265628,2.));
#5868 = CARTESIAN_POINT('',(8.735219548146,-8.628376201175,2.));
#5869 = CARTESIAN_POINT('',(8.746954849428,-8.521274502794,2.));
#5870 = CARTESIAN_POINT('',(8.76384857364,-8.411717844645,2.));
#5871 = CARTESIAN_POINT('',(8.785396286371,-8.299805010223,2.));
#5872 = CARTESIAN_POINT('',(8.81104184172,-8.185666910139,2.));
#5873 = CARTESIAN_POINT('',(8.840252348811,-8.069422489181,2.));
#5874 = CARTESIAN_POINT('',(8.912072929623,-7.806316455805,2.));
#5875 = CARTESIAN_POINT('',(8.956217937137,-7.658462332647,2.));
#5876 = CARTESIAN_POINT('',(9.004060152517,-7.507775166709,2.));
#5877 = CARTESIAN_POINT('',(9.054786703789,-7.354406516016,2.));
#5878 = CARTESIAN_POINT('',(9.107723731413,-7.198503751135,2.));
#5879 = CARTESIAN_POINT('',(9.162316160678,-7.040206776602,2.));
#5880 = CARTESIAN_POINT('',(9.218097513851,-6.879637476023,2.));
#5881 = CARTESIAN_POINT('',(9.274708967937,-6.716875501003,2.));
#5882 = PCURVE('',#4501,#5883);
#5883 = DEFINITIONAL_REPRESENTATION('',(#5884),#6097);
#5884 = B_SPLINE_CURVE_WITH_KNOTS('',8,(#5885,#5886,#5887,#5888,#5889,
    #5890,#5891,#5892,#5893,#5894,#5895,#5896,#5897,#5898,#5899,#5900,
    #5901,#5902,#5903,#5904,#5905,#5906,#5907,#5908,#5909,#5910,#5911,
    #5912,#5913,#5914,#5915,#5916,#5917,#5918,#5919,#5920,#5921,#5922,
    #5923,#5924,#5925,#5926,#5927,#5928,#5929,#5930,#5931,#5932,#5933,
    #5934,#5935,#5936,#5937,#5938,#5939,#5940,#5941,#5942,#5943,#5944,
    #5945,#5946,#5947,#5948,#5949,#5950,#5951,#5952,#5953,#5954,#5955,
    #5956,#5957,#5958,#5959,#5960,#5961,#5962,#5963,#5964,#5965,#5966,
    #5967,#5968,#5969,#5970,#5971,#5972,#5973,#5974,#5975,#5976,#5977,
    #5978,#5979,#5980,#5981,#5982,#5983,#5984,#5985,#5986,#5987,#5988,
    #5989,#5990,#5991,#5992,#5993,#5994,#5995,#5996,#5997,#5998,#5999,
    #6000,#6001,#6002,#6003,#6004,#6005,#6006,#6007,#6008,#6009,#6010,
    #6011,#6012,#6013,#6014,#6015,#6016,#6017,#6018,#6019,#6020,#6021,
    #6022,#6023,#6024,#6025,#6026,#6027,#6028,#6029,#6030,#6031,#6032,
    #6033,#6034,#6035,#6036,#6037,#6038,#6039,#6040,#6041,#6042,#6043,
    #6044,#6045,#6046,#6047,#6048,#6049,#6050,#6051,#6052,#6053,#6054,
    #6055,#6056,#6057,#6058,#6059,#6060,#6061,#6062,#6063,#6064,#6065,
    #6066,#6067,#6068,#6069,#6070,#6071,#6072,#6073,#6074,#6075,#6076,
    #6077,#6078,#6079,#6080,#6081,#6082,#6083,#6084,#6085,#6086,#6087,
    #6088,#6089,#6090,#6091,#6092,#6093,#6094,#6095,#6096),
  .UNSPECIFIED.,.F.,.F.,(9,7,7,7,7,7,7,7,7,7,7,7,7,7,7,7,7,7,7,7,7,7,7,7
    ,7,7,7,7,7,7,9),(0.,2.817392137448E-02,8.491028408854E-02,
    0.136554099284,0.162702717497,0.181255489193,0.188120869056,
    0.199889503718,0.238351667741,0.302552725226,0.313356656766,
    0.325142715099,0.35667773902,0.422403078084,0.452396794931,
    0.467373095913,0.474356937633,0.482335670904,0.543274352512,
    0.604738664649,0.615540075798,0.627323241902,0.6706390696,
    0.758008391686,0.76824360475,0.801188148052,0.880501027842,
    0.888564229175,0.914369568122,0.952851403311,1.),.UNSPECIFIED.);
#5885 = CARTESIAN_POINT('',(1.571514235749,0.));
#5886 = CARTESIAN_POINT('',(1.571514235749,7.378473644554E-02));
#5887 = CARTESIAN_POINT('',(1.571514235749,0.148493388506));
#5888 = CARTESIAN_POINT('',(1.571514235749,0.224132119555));
#5889 = CARTESIAN_POINT('',(1.571514235749,0.300704949837));
#5890 = CARTESIAN_POINT('',(1.571514235749,0.378213076003));
#5891 = CARTESIAN_POINT('',(1.571514235749,0.456654190657));
#5892 = CARTESIAN_POINT('',(1.571514235749,0.536021801889));
#5893 = CARTESIAN_POINT('',(1.571514235749,0.777977158344));
#5894 = CARTESIAN_POINT('',(1.571514235749,0.943387853804));
#5895 = CARTESIAN_POINT('',(1.571514235749,1.112411121708));
#5896 = CARTESIAN_POINT('',(1.571514235749,1.284872392395));
#5897 = CARTESIAN_POINT('',(1.571514235749,1.460526916681));
#5898 = CARTESIAN_POINT('',(1.571514235749,1.639048768669));
#5899 = CARTESIAN_POINT('',(1.571514235749,1.820029978732));
#5900 = CARTESIAN_POINT('',(1.571514235749,2.169527490896));
#5901 = CARTESIAN_POINT('',(1.571514235749,2.337747965494));
#5902 = CARTESIAN_POINT('',(1.571514235749,2.507302730839));
#5903 = CARTESIAN_POINT('',(1.571514235749,2.677848644147));
#5904 = CARTESIAN_POINT('',(1.571514235749,2.849063791882));
#5905 = CARTESIAN_POINT('',(1.571514235749,3.020657593898));
#5906 = CARTESIAN_POINT('',(1.571514235749,3.192375129318));
#5907 = CARTESIAN_POINT('',(1.571514235749,3.450891672529));
#5908 = CARTESIAN_POINT('',(1.571514235749,3.537766799795));
#5909 = CARTESIAN_POINT('',(1.571514235749,3.624594608588));
#5910 = CARTESIAN_POINT('',(1.571514235749,3.711352313523));
#5911 = CARTESIAN_POINT('',(1.571514235749,3.79802050476));
#5912 = CARTESIAN_POINT('',(1.571514235749,3.884582851574));
#5913 = CARTESIAN_POINT('',(1.571514235749,3.97102580593));
#5914 = CARTESIAN_POINT('',(1.571514235749,4.118578104526));
#5915 = CARTESIAN_POINT('',(1.571514235749,4.179752242629));
#5916 = CARTESIAN_POINT('',(1.571514235749,4.24085692924));
#5917 = CARTESIAN_POINT('',(1.571514235749,4.301888947181));
#5918 = CARTESIAN_POINT('',(1.571514235749,4.362845653226));
#5919 = CARTESIAN_POINT('',(1.571514235749,4.423724978104));
#5920 = CARTESIAN_POINT('',(1.571514235749,4.484525426498));
#5921 = CARTESIAN_POINT('',(1.571514235749,4.567715513867));
#5922 = CARTESIAN_POINT('',(1.571514235749,4.590184950688));
#5923 = CARTESIAN_POINT('',(1.571514235749,4.612654387509));
#5924 = CARTESIAN_POINT('',(1.571514235749,4.63512382433));
#5925 = CARTESIAN_POINT('',(1.571514235749,4.657593261152));
#5926 = CARTESIAN_POINT('',(1.571514235749,4.680062697974));
#5927 = CARTESIAN_POINT('',(1.571514235749,4.702532134796));
#5928 = CARTESIAN_POINT('',(1.571514235749,4.763518681857));
#5929 = CARTESIAN_POINT('',(1.571514235749,4.80204247706));
#5930 = CARTESIAN_POINT('',(1.571514235749,4.840560441686));
#5931 = CARTESIAN_POINT('',(1.571514235749,4.87907033552));
#5932 = CARTESIAN_POINT('',(1.571514235749,4.917603478559));
#5933 = CARTESIAN_POINT('',(1.571514235749,4.956113222613));
#5934 = CARTESIAN_POINT('',(1.571514235749,4.994635138716));
#5935 = CARTESIAN_POINT('',(1.571514235749,5.1590404065));
#5936 = CARTESIAN_POINT('',(1.571514235749,5.284654971214));
#5937 = CARTESIAN_POINT('',(1.571514235749,5.410033784658));
#5938 = CARTESIAN_POINT('',(1.571514235749,5.535212633943));
#5939 = CARTESIAN_POINT('',(1.571514235749,5.66022721782));
#5940 = CARTESIAN_POINT('',(1.571514235749,5.78511351369));
#5941 = CARTESIAN_POINT('',(1.571514235749,5.909908144621));
#5942 = CARTESIAN_POINT('',(1.571514235749,6.242865801907));
#5943 = CARTESIAN_POINT('',(1.571514235749,6.450906635462));
#5944 = CARTESIAN_POINT('',(1.571514235749,6.658964927016));
#5945 = CARTESIAN_POINT('',(1.571514235749,6.86719532443));
#5946 = CARTESIAN_POINT('',(1.571514235749,7.075720027265));
#5947 = CARTESIAN_POINT('',(1.571514235749,7.284630849557));
#5948 = CARTESIAN_POINT('',(1.571514235749,7.493986761529));
#5949 = CARTESIAN_POINT('',(1.571514235749,7.739116025255));
#5950 = CARTESIAN_POINT('',(1.571514235749,7.774425140258));
#5951 = CARTESIAN_POINT('',(1.571514235749,7.809734255259));
#5952 = CARTESIAN_POINT('',(1.571514235749,7.845043370262));
#5953 = CARTESIAN_POINT('',(1.571514235749,7.88035248527));
#5954 = CARTESIAN_POINT('',(1.571514235749,7.915661600279));
#5955 = CARTESIAN_POINT('',(1.571514235749,7.950970715287));
#5956 = CARTESIAN_POINT('',(1.571514235749,8.02479870534));
#5957 = CARTESIAN_POINT('',(1.571514235749,8.063315644759));
#5958 = CARTESIAN_POINT('',(1.571514235749,8.101843464351));
#5959 = CARTESIAN_POINT('',(1.571514235749,8.140346695835));
#5960 = CARTESIAN_POINT('',(1.571514235749,8.178886249277));
#5961 = CARTESIAN_POINT('',(1.571514235749,8.21738356668));
#5962 = CARTESIAN_POINT('',(1.571514235749,8.255917772248));
#5963 = CARTESIAN_POINT('',(1.571514235749,8.397481864632));
#5964 = CARTESIAN_POINT('',(1.571514235749,8.500460432952));
#5965 = CARTESIAN_POINT('',(1.571514235749,8.603351061232));
#5966 = CARTESIAN_POINT('',(1.571514235749,8.706141158335));
#5967 = CARTESIAN_POINT('',(1.571514235749,8.808821962469));
#5968 = CARTESIAN_POINT('',(1.571514235749,8.91138821124));
#5969 = CARTESIAN_POINT('',(1.571514235749,9.013837811711));
#5970 = CARTESIAN_POINT('',(1.571514235749,9.329455542348));
#5971 = CARTESIAN_POINT('',(1.571514235749,9.542217242798));
#5972 = CARTESIAN_POINT('',(1.571514235749,9.754486992052));
#5973 = CARTESIAN_POINT('',(1.571514235749,9.966320452986));
#5974 = CARTESIAN_POINT('',(1.571514235749,10.177791901782));
#5975 = CARTESIAN_POINT('',(1.571514235749,10.388990878236));
#5976 = CARTESIAN_POINT('',(1.571514235749,10.600022155709));
#5977 = CARTESIAN_POINT('',(1.571514235749,10.907292757467));
#5978 = CARTESIAN_POINT('',(1.571514235749,11.003563076276));
#5979 = CARTESIAN_POINT('',(1.571514235749,11.099829647572));
#5980 = CARTESIAN_POINT('',(1.571514235749,11.196101350577));
#5981 = CARTESIAN_POINT('',(1.571514235749,11.292386283303));
#5982 = CARTESIAN_POINT('',(1.571514235749,11.388691762548));
#5983 = CARTESIAN_POINT('',(1.571514235749,11.4850243239));
#5984 = CARTESIAN_POINT('',(1.571514235749,11.629506372619));
#5985 = CARTESIAN_POINT('',(1.571514235749,11.67763110776));
#5986 = CARTESIAN_POINT('',(1.571514235749,11.725764596417));
#5987 = CARTESIAN_POINT('',(1.571514235749,11.773907412146));
#5988 = CARTESIAN_POINT('',(1.571514235749,11.822060032798));
#5989 = CARTESIAN_POINT('',(1.571514235749,11.87022284052));
#5990 = CARTESIAN_POINT('',(1.571514235749,11.918396121756));
#5991 = CARTESIAN_POINT('',(1.571514235749,11.98904950407));
#5992 = CARTESIAN_POINT('',(1.571514235749,12.011518940891));
#5993 = CARTESIAN_POINT('',(1.571514235749,12.033988377713));
#5994 = CARTESIAN_POINT('',(1.571514235749,12.056457814534));
#5995 = CARTESIAN_POINT('',(1.571514235749,12.078927251356));
#5996 = CARTESIAN_POINT('',(1.571514235749,12.101396688177));
#5997 = CARTESIAN_POINT('',(1.571514235749,12.123866124999));
#5998 = CARTESIAN_POINT('',(1.571514235749,12.172005909224));
#5999 = CARTESIAN_POINT('',(1.571514235749,12.197677439877));
#6000 = CARTESIAN_POINT('',(1.571514235749,12.223352071316));
#6001 = CARTESIAN_POINT('',(1.571514235749,12.249030743341));
#6002 = CARTESIAN_POINT('',(1.571514235749,12.274713418026));
#6003 = CARTESIAN_POINT('',(1.571514235749,12.300399079707));
#6004 = CARTESIAN_POINT('',(1.571514235749,12.326085734994));
#6005 = CARTESIAN_POINT('',(1.571514235749,12.547940700374));
#6006 = CARTESIAN_POINT('',(1.571514235749,12.743911926546));
#6007 = CARTESIAN_POINT('',(1.571514235749,12.939707243526));
#6008 = CARTESIAN_POINT('',(1.571514235749,13.135369797125));
#6009 = CARTESIAN_POINT('',(1.571514235749,13.330961942476));
#6010 = CARTESIAN_POINT('',(1.571514235749,13.526564459794));
#6011 = CARTESIAN_POINT('',(1.571514235749,13.722275770138));
#6012 = CARTESIAN_POINT('',(1.571514235749,14.115836585483));
#6013 = CARTESIAN_POINT('',(1.571514235749,14.313661861629));
#6014 = CARTESIAN_POINT('',(1.571514235749,14.511809880878));
#6015 = CARTESIAN_POINT('',(1.571514235749,14.710383218788));
#6016 = CARTESIAN_POINT('',(1.571514235749,14.909466557049));
#6017 = CARTESIAN_POINT('',(1.571514235749,15.109126443696));
#6018 = CARTESIAN_POINT('',(1.571514235749,15.309408381706));
#6019 = CARTESIAN_POINT('',(1.571514235749,15.54564036097));
#6020 = CARTESIAN_POINT('',(1.571514235749,15.580949475973));
#6021 = CARTESIAN_POINT('',(1.571514235749,15.616258590975));
#6022 = CARTESIAN_POINT('',(1.571514235749,15.651567705978));
#6023 = CARTESIAN_POINT('',(1.571514235749,15.686876820985));
#6024 = CARTESIAN_POINT('',(1.571514235749,15.722185935994));
#6025 = CARTESIAN_POINT('',(1.571514235749,15.757495051002));
#6026 = CARTESIAN_POINT('',(1.571514235749,15.831322574501));
#6027 = CARTESIAN_POINT('',(1.571514235749,15.869838713756));
#6028 = CARTESIAN_POINT('',(1.571514235749,15.908372049582));
#6029 = CARTESIAN_POINT('',(1.571514235749,15.946865547958));
#6030 = CARTESIAN_POINT('',(1.571514235749,15.985418069345));
#6031 = CARTESIAN_POINT('',(1.571514235749,16.02389938579));
#6032 = CARTESIAN_POINT('',(1.571514235749,16.062446394435));
#6033 = CARTESIAN_POINT('',(1.571514235749,16.242522349936));
#6034 = CARTESIAN_POINT('',(1.571514235749,16.384111916385));
#6035 = CARTESIAN_POINT('',(1.571514235749,16.525651340984));
#6036 = CARTESIAN_POINT('',(1.571514235749,16.667080062381));
#6037 = CARTESIAN_POINT('',(1.571514235749,16.808349116754));
#6038 = CARTESIAN_POINT('',(1.571514235749,16.949419495909));
#6039 = CARTESIAN_POINT('',(1.571514235749,17.090260505391));
#6040 = CARTESIAN_POINT('',(1.571514235749,17.514417558059));
#6041 = CARTESIAN_POINT('',(1.571514235749,17.796921515469));
#6042 = CARTESIAN_POINT('',(1.571514235749,18.078217440588));
#6043 = CARTESIAN_POINT('',(1.571514235749,18.358231599141));
#6044 = CARTESIAN_POINT('',(1.571514235749,18.636928450928));
#6045 = CARTESIAN_POINT('',(1.571514235749,18.91428940235));
#6046 = CARTESIAN_POINT('',(1.571514235749,19.190300937318));
#6047 = CARTESIAN_POINT('',(1.571514235749,19.497127189524));
#6048 = CARTESIAN_POINT('',(1.571514235749,19.529278179881));
#6049 = CARTESIAN_POINT('',(1.571514235749,19.561415811921));
#6050 = CARTESIAN_POINT('',(1.571514235749,19.593537260969));
#6051 = CARTESIAN_POINT('',(1.571514235749,19.625633570884));
#6052 = CARTESIAN_POINT('',(1.571514235749,19.657697061574));
#6053 = CARTESIAN_POINT('',(1.571514235749,19.689728736509));
#6054 = CARTESIAN_POINT('',(1.571514235749,19.824800107535));
#6055 = CARTESIAN_POINT('',(1.571514235749,19.92761495794));
#6056 = CARTESIAN_POINT('',(1.571514235749,20.030262205675));
#6057 = CARTESIAN_POINT('',(1.571514235749,20.132812316951));
#6058 = CARTESIAN_POINT('',(1.571514235749,20.235335810012));
#6059 = CARTESIAN_POINT('',(1.571514235749,20.337904805191));
#6060 = CARTESIAN_POINT('',(1.571514235749,20.440594574961));
#6061 = CARTESIAN_POINT('',(1.571514235749,20.791190557445));
#6062 = CARTESIAN_POINT('',(1.571514235749,21.039753449155));
#6063 = CARTESIAN_POINT('',(1.571514235749,21.290650461451));
#6064 = CARTESIAN_POINT('',(1.571514235749,21.545068873822));
#6065 = CARTESIAN_POINT('',(1.571514235749,21.804202486466));
#6066 = CARTESIAN_POINT('',(1.571514235749,22.069210510953));
#6067 = CARTESIAN_POINT('',(1.571514235749,22.341739027292));
#6068 = CARTESIAN_POINT('',(1.571514235749,22.652159000015));
#6069 = CARTESIAN_POINT('',(1.571514235749,22.680889163517));
#6070 = CARTESIAN_POINT('',(1.571514235749,22.709694498924));
#6071 = CARTESIAN_POINT('',(1.571514235749,22.7385681647));
#6072 = CARTESIAN_POINT('',(1.571514235749,22.767504429526));
#6073 = CARTESIAN_POINT('',(1.571514235749,22.796497672713));
#6074 = CARTESIAN_POINT('',(1.571514235749,22.825541384618));
#6075 = CARTESIAN_POINT('',(1.571514235749,22.947712834097));
#6076 = CARTESIAN_POINT('',(1.571514235749,23.041237370179));
#6077 = CARTESIAN_POINT('',(1.571514235749,23.134982668635));
#6078 = CARTESIAN_POINT('',(1.571514235749,23.228714140381));
#6079 = CARTESIAN_POINT('',(1.571514235749,23.322205231466));
#6080 = CARTESIAN_POINT('',(1.571514235749,23.415252027225));
#6081 = CARTESIAN_POINT('',(1.571514235749,23.50767794304));
#6082 = CARTESIAN_POINT('',(1.571514235749,23.736001060106));
#6083 = CARTESIAN_POINT('',(1.571514235749,23.870983974878));
#6084 = CARTESIAN_POINT('',(1.571514235749,24.003722359867));
#6085 = CARTESIAN_POINT('',(1.571514235749,24.133883053898));
#6086 = CARTESIAN_POINT('',(1.571514235749,24.26129492624));
#6087 = CARTESIAN_POINT('',(1.571514235749,24.385880731321));
#6088 = CARTESIAN_POINT('',(1.571514235749,24.507610037712));
#6089 = CARTESIAN_POINT('',(1.571514235749,24.772172130448));
#6090 = CARTESIAN_POINT('',(1.571514235749,24.913573760646));
#6091 = CARTESIAN_POINT('',(1.571514235749,25.050793639928));
#6092 = CARTESIAN_POINT('',(1.571514235749,25.183958774768));
#6093 = CARTESIAN_POINT('',(1.571514235749,25.31321708964));
#6094 = CARTESIAN_POINT('',(1.571514235749,25.438741135357));
#6095 = CARTESIAN_POINT('',(1.571514235749,25.560726568292));
#6096 = CARTESIAN_POINT('',(1.571514235749,25.679356367485));
#6097 = ( GEOMETRIC_REPRESENTATION_CONTEXT(2) 
PARAMETRIC_REPRESENTATION_CONTEXT() REPRESENTATION_CONTEXT('2D SPACE',''
  ) );
#6098 = PCURVE('',#6099,#6104);
#6099 = PLANE('',#6100);
#6100 = AXIS2_PLACEMENT_3D('',#6101,#6102,#6103);
#6101 = CARTESIAN_POINT('',(-1.,8.893987308214E-17,2.));
#6102 = DIRECTION('',(0.,0.,1.));
#6103 = DIRECTION('',(1.,0.,-0.));
#6104 = DEFINITIONAL_REPRESENTATION('',(#6105),#6318);
#6105 = B_SPLINE_CURVE_WITH_KNOTS('',8,(#6106,#6107,#6108,#6109,#6110,
    #6111,#6112,#6113,#6114,#6115,#6116,#6117,#6118,#6119,#6120,#6121,
    #6122,#6123,#6124,#6125,#6126,#6127,#6128,#6129,#6130,#6131,#6132,
    #6133,#6134,#6135,#6136,#6137,#6138,#6139,#6140,#6141,#6142,#6143,
    #6144,#6145,#6146,#6147,#6148,#6149,#6150,#6151,#6152,#6153,#6154,
    #6155,#6156,#6157,#6158,#6159,#6160,#6161,#6162,#6163,#6164,#6165,
    #6166,#6167,#6168,#6169,#6170,#6171,#6172,#6173,#6174,#6175,#6176,
    #6177,#6178,#6179,#6180,#6181,#6182,#6183,#6184,#6185,#6186,#6187,
    #6188,#6189,#6190,#6191,#6192,#6193,#6194,#6195,#6196,#6197,#6198,
    #6199,#6200,#6201,#6202,#6203,#6204,#6205,#6206,#6207,#6208,#6209,
    #6210,#6211,#6212,#6213,#6214,#6215,#6216,#6217,#6218,#6219,#6220,
    #6221,#6222,#6223,#6224,#6225,#6226,#6227,#6228,#6229,#6230,#6231,
    #6232,#6233,#6234,#6235,#6236,#6237,#6238,#6239,#6240,#6241,#6242,
    #6243,#6244,#6245,#6246,#6247,#6248,#6249,#6250,#6251,#6252,#6253,
    #6254,#6255,#6256,#6257,#6258,#6259,#6260,#6261,#6262,#6263,#6264,
    #6265,#6266,#6267,#6268,#6269,#6270,#6271,#6272,#6273,#6274,#6275,
    #6276,#6277,#6278,#6279,#6280,#6281,#6282,#6283,#6284,#6285,#6286,
    #6287,#6288,#6289,#6290,#6291,#6292,#6293,#6294,#6295,#6296,#6297,
    #6298,#6299,#6300,#6301,#6302,#6303,#6304,#6305,#6306,#6307,#6308,
    #6309,#6310,#6311,#6312,#6313,#6314,#6315,#6316,#6317),
  .UNSPECIFIED.,.F.,.F.,(9,7,7,7,7,7,7,7,7,7,7,7,7,7,7,7,7,7,7,7,7,7,7,7
    ,7,7,7,7,7,7,9),(0.,2.817392137448E-02,8.491028408854E-02,
    0.136554099284,0.162702717497,0.181255489193,0.188120869056,
    0.199889503718,0.238351667741,0.302552725226,0.313356656766,
    0.325142715099,0.35667773902,0.422403078084,0.452396794931,
    0.467373095913,0.474356937633,0.482335670904,0.543274352512,
    0.604738664649,0.615540075798,0.627323241902,0.6706390696,
    0.758008391686,0.76824360475,0.801188148052,0.880501027842,
    0.888564229175,0.914369568122,0.952851403311,1.),.UNSPECIFIED.);
#6106 = CARTESIAN_POINT('',(10.274708967937,-6.716875501003));
#6107 = CARTESIAN_POINT('',(10.306167273548,-6.620394974358));
#6108 = CARTESIAN_POINT('',(10.339225036024,-6.52514245359));
#6109 = CARTESIAN_POINT('',(10.373904138457,-6.431189292869));
#6110 = CARTESIAN_POINT('',(10.410223928195,-6.338610130394));
#6111 = CARTESIAN_POINT('',(10.448200581923,-6.247482058266));
#6112 = CARTESIAN_POINT('',(10.487846470745,-6.157883792368));
#6113 = CARTESIAN_POINT('',(10.529169525264,-6.069894842248));
#6114 = CARTESIAN_POINT('',(10.658771985182,-5.809804229352));
#6115 = CARTESIAN_POINT('',(10.752198016114,-5.642833495394));
#6116 = CARTESIAN_POINT('',(10.852463069988,-5.483371663331));
#6117 = CARTESIAN_POINT('',(10.959502161732,-5.33206191315));
#6118 = CARTESIAN_POINT('',(11.073178982087,-5.1894810574));
#6119 = CARTESIAN_POINT('',(11.193284320905,-5.056125216614));
#6120 = CARTESIAN_POINT('',(11.319526876318,-4.932401533364));
#6121 = CARTESIAN_POINT('',(11.571658574866,-4.715062612457));
#6122 = CARTESIAN_POINT('',(11.696593878336,-4.619714132206));
#6123 = CARTESIAN_POINT('',(11.826037163102,-4.532818764801));
#6124 = CARTESIAN_POINT('',(11.95967980497,-4.454516770697));
#6125 = CARTESIAN_POINT('',(12.097181906753,-4.384871920699));
#6126 = CARTESIAN_POINT('',(12.238167855386,-4.323886106737));
#6127 = CARTESIAN_POINT('',(12.382225282072,-4.271507032916));
#6128 = CARTESIAN_POINT('',(12.603176529225,-4.205412372468));
#6129 = CARTESIAN_POINT('',(12.678122093212,-4.18537412248));
#6130 = CARTESIAN_POINT('',(12.753688487748,-4.167500262358));
#6131 = CARTESIAN_POINT('',(12.829819270014,-4.15177335064));
#6132 = CARTESIAN_POINT('',(12.906457581675,-4.138172790838));
#6133 = CARTESIAN_POINT('',(12.983546546513,-4.126675143341));
#6134 = CARTESIAN_POINT('',(13.061029668056,-4.117254437328));
#6135 = CARTESIAN_POINT('',(13.19406655409,-4.104651937978));
#6136 = CARTESIAN_POINT('',(13.249452401594,-4.100452873198));
#6137 = CARTESIAN_POINT('',(13.304988835184,-4.097275033585));
#6138 = CARTESIAN_POINT('',(13.360656273825,-4.095107768642));
#6139 = CARTESIAN_POINT('',(13.416435489986,-4.093940032126));
#6140 = CARTESIAN_POINT('',(13.472307609641,-4.093760382049));
#6141 = CARTESIAN_POINT('',(13.528254112266,-4.094556980676));
#6142 = CARTESIAN_POINT('',(13.604980430385,-4.096969123455));
#6143 = CARTESIAN_POINT('',(13.625721818237,-4.097752996977));
#6144 = CARTESIAN_POINT('',(13.646480154281,-4.098668832151));
#6145 = CARTESIAN_POINT('',(13.667254592737,-4.099716243241));
#6146 = CARTESIAN_POINT('',(13.688044282161,-4.100894841715));
#6147 = CARTESIAN_POINT('',(13.708848365443,-4.102204236239));
#6148 = CARTESIAN_POINT('',(13.729665979811,-4.103644032685));
#6149 = CARTESIAN_POINT('',(13.786204684952,-4.107905501818));
#6150 = CARTESIAN_POINT('',(13.821950383827,-4.110975621208));
#6151 = CARTESIAN_POINT('',(13.857733440497,-4.114434077532));
#6152 = CARTESIAN_POINT('',(13.893547953543,-4.118267368833));
#6153 = CARTESIAN_POINT('',(13.929352313997,-4.122459364526));
#6154 = CARTESIAN_POINT('',(13.965187367285,-4.127038402393));
#6155 = CARTESIAN_POINT('',(14.001012103519,-4.131978034791));
#6156 = CARTESIAN_POINT('',(14.153921641983,-4.154645752053));
#6157 = CARTESIAN_POINT('',(14.270715836276,-4.175899473257));
#6158 = CARTESIAN_POINT('',(14.387046036775,-4.20097320065));
#6159 = CARTESIAN_POINT('',(14.502741424747,-4.229793212488));
#6160 = CARTESIAN_POINT('',(14.617634881463,-4.262289420176));
#6161 = CARTESIAN_POINT('',(14.731562560922,-4.298395445359));
#6162 = CARTESIAN_POINT('',(14.844363462569,-4.338048697019));
#6163 = CARTESIAN_POINT('',(15.142020747304,-4.453202754823));
#6164 = CARTESIAN_POINT('',(15.324558214038,-4.534926034265));
#6165 = CARTESIAN_POINT('',(15.502771366695,-4.626090952742));
#6166 = CARTESIAN_POINT('',(15.675915658323,-4.72644842727));
#6167 = CARTESIAN_POINT('',(15.843220336186,-4.835758708279));
#6168 = CARTESIAN_POINT('',(16.003889794798,-4.953784736773));
#6169 = CARTESIAN_POINT('',(16.157107978372,-5.080289776399));
#6170 = CARTESIAN_POINT('',(16.32643638053,-5.237715339546));
#6171 = CARTESIAN_POINT('',(16.350583360053,-5.260616391472));
#6172 = CARTESIAN_POINT('',(16.374483076847,-5.283740999249));
#6173 = CARTESIAN_POINT('',(16.398131864582,-5.307087713254));
#6174 = CARTESIAN_POINT('',(16.421526084975,-5.330655111193));
#6175 = CARTESIAN_POINT('',(16.444662127788,-5.354441798105));
#6176 = CARTESIAN_POINT('',(16.467536410826,-5.378446406357));
#6177 = CARTESIAN_POINT('',(16.514809263361,-5.429089675161));
#6178 = CARTESIAN_POINT('',(16.539158545964,-5.455774569388));
#6179 = CARTESIAN_POINT('',(16.563186331843,-5.482701199571));
#6180 = CARTESIAN_POINT('',(16.586891154621,-5.509913048816));
#6181 = CARTESIAN_POINT('',(16.610262361292,-5.537328541004));
#6182 = CARTESIAN_POINT('',(16.633303797458,-5.565050201273));
#6183 = CARTESIAN_POINT('',(16.656003913023,-5.592975389644));
#6184 = CARTESIAN_POINT('',(16.738197232124,-5.696652259888));
#6185 = CARTESIAN_POINT('',(16.795633291238,-5.774120201632));
#6186 = CARTESIAN_POINT('',(16.850647005453,-5.853478163111));
#6187 = CARTESIAN_POINT('',(16.903216520922,-5.93461873372));
#6188 = CARTESIAN_POINT('',(16.953323816711,-6.017434272653));
#6189 = CARTESIAN_POINT('',(17.000954101767,-6.101817704771));
#6190 = CARTESIAN_POINT('',(17.046095211885,-6.187663316474));
#6191 = CARTESIAN_POINT('',(17.177611127408,-6.456618635682));
#6192 = CARTESIAN_POINT('',(17.255620502511,-6.644255098359));
#6193 = CARTESIAN_POINT('',(17.322687084503,-6.836854805933));
#6194 = CARTESIAN_POINT('',(17.37875221075,-7.033511605141));
#6195 = CARTESIAN_POINT('',(17.423770741916,-7.233344075007));
#6196 = CARTESIAN_POINT('',(17.45770359822,-7.435501009119));
#6197 = CARTESIAN_POINT('',(17.480508693493,-7.639163628307));
#6198 = CARTESIAN_POINT('',(17.497433724773,-7.936813631022));
#6199 = CARTESIAN_POINT('',(17.500407960235,-8.030228321672));
#6200 = CARTESIAN_POINT('',(17.501047759202,-8.123711804207));
#6201 = CARTESIAN_POINT('',(17.499347560409,-8.217187139819));
#6202 = CARTESIAN_POINT('',(17.49530145555,-8.310577242352));
#6203 = CARTESIAN_POINT('',(17.488903189284,-8.403804878302));
#6204 = CARTESIAN_POINT('',(17.480146159232,-8.496792666821));
#6205 = CARTESIAN_POINT('',(17.463469674429,-8.635734771425));
#6206 = CARTESIAN_POINT('',(17.457326154018,-8.681927248243));
#6207 = CARTESIAN_POINT('',(17.450591996872,-8.728030811152));
#6208 = CARTESIAN_POINT('',(17.443266343307,-8.774035716762));
#6209 = CARTESIAN_POINT('',(17.435348331826,-8.819932177312));
#6210 = CARTESIAN_POINT('',(17.426837099116,-8.865710360661));
#6211 = CARTESIAN_POINT('',(17.417731780051,-8.911360390297));
#6212 = CARTESIAN_POINT('',(17.403508017606,-8.978095764019));
#6213 = CARTESIAN_POINT('',(17.39885561683,-8.999286967978));
#6214 = CARTESIAN_POINT('',(17.394074269111,-9.020444945305));
#6215 = CARTESIAN_POINT('',(17.389163937915,-9.04156868787));
#6216 = CARTESIAN_POINT('',(17.384124586415,-9.062657191319));
#6217 = CARTESIAN_POINT('',(17.378956177498,-9.083709455068));
#6218 = CARTESIAN_POINT('',(17.373658673764,-9.10472448231));
#6219 = CARTESIAN_POINT('',(17.362033429796,-9.149664804748));
#6220 = CARTESIAN_POINT('',(17.35566375349,-9.173582744127));
#6221 = CARTESIAN_POINT('',(17.349124756547,-9.197452059159));
#6222 = CARTESIAN_POINT('',(17.342417253747,-9.2212704672));
#6223 = CARTESIAN_POINT('',(17.335541126711,-9.245036441947));
#6224 = CARTESIAN_POINT('',(17.328495323897,-9.268749213443));
#6225 = CARTESIAN_POINT('',(17.321277860603,-9.292408768075));
#6226 = CARTESIAN_POINT('',(17.257416590071,-9.496335727785));
#6227 = CARTESIAN_POINT('',(17.190738022038,-9.673648629929));
#6228 = CARTESIAN_POINT('',(17.114320160272,-9.847380563705));
#6229 = CARTESIAN_POINT('',(17.028636840844,-10.01697594585));
#6230 = CARTESIAN_POINT('',(16.934159547513,-10.18189515172));
#6231 = CARTESIAN_POINT('',(16.83135126876,-10.3416120659));
#6232 = CARTESIAN_POINT('',(16.72066035482,-10.49561163272));
#6233 = CARTESIAN_POINT('',(16.483349477817,-10.79243733918));
#6234 = CARTESIAN_POINT('',(16.356617916606,-10.93513284926));
#6235 = CARTESIAN_POINT('',(16.222760548915,-11.07095679399));
#6236 = CARTESIAN_POINT('',(16.082220047414,-11.19936734875));
#6237 = CARTESIAN_POINT('',(15.935446761732,-11.31980061258));
#6238 = CARTESIAN_POINT('',(15.782901360281,-11.43167387287));
#6239 = CARTESIAN_POINT('',(15.625054251772,-11.53438952968));
#6240 = CARTESIAN_POINT('',(15.433794594288,-11.64367424987));
#6241 = CARTESIAN_POINT('',(15.405074404059,-11.65969808216));
#6242 = CARTESIAN_POINT('',(15.376224149691,-11.67540844324));
#6243 = CARTESIAN_POINT('',(15.347246734227,-11.69080262027));
#6244 = CARTESIAN_POINT('',(15.318145029798,-11.7058779209));
#6245 = CARTESIAN_POINT('',(15.288921877613,-11.72063167332));
#6246 = CARTESIAN_POINT('',(15.259580087971,-11.73506122617));
#6247 = CARTESIAN_POINT('',(15.197988878489,-11.7645483745));
#6248 = CARTESIAN_POINT('',(15.16570871061,-11.77954373908));
#6249 = CARTESIAN_POINT('',(15.133316362386,-11.79415088231));
#6250 = CARTESIAN_POINT('',(15.100745436112,-11.808352193));
#6251 = CARTESIAN_POINT('',(15.068126143637,-11.8221688762));
#6252 = CARTESIAN_POINT('',(15.035292417338,-11.83556537553));
#6253 = CARTESIAN_POINT('',(15.002417087218,-11.84857298084));
#6254 = CARTESIAN_POINT('',(14.847885446629,-11.90744188762));
#6255 = CARTESIAN_POINT('',(14.724344950367,-11.94823807605));
#6256 = CARTESIAN_POINT('',(14.598983650388,-11.9835399961));
#6257 = CARTESIAN_POINT('',(14.472047011709,-12.01335409145));
#6258 = CARTESIAN_POINT('',(14.343781639294,-12.03770148853));
#6259 = CARTESIAN_POINT('',(14.214432867328,-12.05661533985));
#6260 = CARTESIAN_POINT('',(14.084242348483,-12.07013816717));
#6261 = CARTESIAN_POINT('',(13.689625185686,-12.0948208295));
#6262 = CARTESIAN_POINT('',(13.423371376955,-12.08958813888));
#6263 = CARTESIAN_POINT('',(13.156578373061,-12.06304311711));
#6264 = CARTESIAN_POINT('',(12.89108818841,-12.01570037137));
#6265 = CARTESIAN_POINT('',(12.628662824778,-11.94814245494));
#6266 = CARTESIAN_POINT('',(12.370967500311,-11.86099249487));
#6267 = CARTESIAN_POINT('',(12.11956497849,-11.75488412443));
#6268 = CARTESIAN_POINT('',(11.847380096745,-11.61585058914));
#6269 = CARTESIAN_POINT('',(11.818943233514,-11.60101573652));
#6270 = CARTESIAN_POINT('',(11.790618863216,-11.5859368097));
#6271 = CARTESIAN_POINT('',(11.762408119733,-11.57061162044));
#6272 = CARTESIAN_POINT('',(11.734308683,-11.55503151986));
#6273 = CARTESIAN_POINT('',(11.706318647029,-11.53918977334));
#6274 = CARTESIAN_POINT('',(11.678440387936,-11.52308993541));
#6275 = CARTESIAN_POINT('',(11.561334730476,-11.45416067846));
#6276 = CARTESIAN_POINT('',(11.473211922737,-11.39902245403));
#6277 = CARTESIAN_POINT('',(11.386410851347,-11.34148447644));
#6278 = CARTESIAN_POINT('',(11.301024661394,-11.28168270477));
#6279 = CARTESIAN_POINT('',(11.217146165525,-11.21974486058));
#6280 = CARTESIAN_POINT('',(11.134869209021,-11.15579115646));
#6281 = CARTESIAN_POINT('',(11.054290034866,-11.08993502455));
#6282 = CARTESIAN_POINT('',(10.785845616345,-10.85941626377));
#6283 = CARTESIAN_POINT('',(10.60683409852,-10.68634579986));
#6284 = CARTESIAN_POINT('',(10.439565238721,-10.50439004823));
#6285 = CARTESIAN_POINT('',(10.285619702456,-10.31485295575));
#6286 = CARTESIAN_POINT('',(10.147201150309,-10.11935273438));
#6287 = CARTESIAN_POINT('',(10.026854407297,-9.919961326989));
#6288 = CARTESIAN_POINT('',(9.927958319273,-9.719598451779));
#6289 = CARTESIAN_POINT('',(9.84601432902,-9.502179638149));
#6290 = CARTESIAN_POINT('',(9.838710430145,-9.482144123137));
#6291 = CARTESIAN_POINT('',(9.831666940266,-9.462122112462));
#6292 = CARTESIAN_POINT('',(9.824884637124,-9.442107777447));
#6293 = CARTESIAN_POINT('',(9.818363627256,-9.422097047209));
#6294 = CARTESIAN_POINT('',(9.812103802171,-9.402086014027));
#6295 = CARTESIAN_POINT('',(9.806105294519,-9.382069338719));
#6296 = CARTESIAN_POINT('',(9.782010018876,-9.297935019186));
#6297 = CARTESIAN_POINT('',(9.766333419347,-9.23370407344));
#6298 = CARTESIAN_POINT('',(9.753341379157,-9.169154786916));
#6299 = CARTESIAN_POINT('',(9.743041056205,-9.104079262837));
#6300 = CARTESIAN_POINT('',(9.735435442588,-9.038288416989));
#6301 = CARTESIAN_POINT('',(9.730513872781,-8.971633863434));
#6302 = CARTESIAN_POINT('',(9.728242120215,-8.904016008449));
#6303 = CARTESIAN_POINT('',(9.729014604246,-8.733023265628));
#6304 = CARTESIAN_POINT('',(9.735219548146,-8.628376201175));
#6305 = CARTESIAN_POINT('',(9.746954849428,-8.521274502794));
#6306 = CARTESIAN_POINT('',(9.76384857364,-8.411717844645));
#6307 = CARTESIAN_POINT('',(9.785396286371,-8.299805010223));
#6308 = CARTESIAN_POINT('',(9.81104184172,-8.185666910139));
#6309 = CARTESIAN_POINT('',(9.840252348811,-8.069422489181));
#6310 = CARTESIAN_POINT('',(9.912072929623,-7.806316455805));
#6311 = CARTESIAN_POINT('',(9.956217937137,-7.658462332647));
#6312 = CARTESIAN_POINT('',(10.004060152517,-7.507775166709));
#6313 = CARTESIAN_POINT('',(10.054786703789,-7.354406516016));
#6314 = CARTESIAN_POINT('',(10.107723731413,-7.198503751135));
#6315 = CARTESIAN_POINT('',(10.162316160678,-7.040206776602));
#6316 = CARTESIAN_POINT('',(10.218097513851,-6.879637476023));
#6317 = CARTESIAN_POINT('',(10.274708967937,-6.716875501003));
#6318 = ( GEOMETRIC_REPRESENTATION_CONTEXT(2) 
PARAMETRIC_REPRESENTATION_CONTEXT() REPRESENTATION_CONTEXT('2D SPACE',''
  ) );
#6319 = ORIENTED_EDGE('',*,*,#6320,.F.);
#6320 = EDGE_CURVE('',#4408,#5666,#6321,.T.);
#6321 = SEAM_CURVE('',#6322,(#6330,#6336),.PCURVE_S1.);
#6322 = ( BOUNDED_CURVE() B_SPLINE_CURVE(6,(#6323,#6324,#6325,#6326,
#6327,#6328,#6329),.UNSPECIFIED.,.T.,.F.) B_SPLINE_CURVE_WITH_KNOTS((1,6
    ,6,1),(-6.28318530718,0.,6.28318530718,12.566370614359),
.UNSPECIFIED.) CURVE() GEOMETRIC_REPRESENTATION_ITEM() 
RATIONAL_B_SPLINE_CURVE((1.669078461068,1.03672962321,1.038346699848,
    0.853534330196,1.038346699848,1.03672962321,1.669078461068)) 
REPRESENTATION_ITEM('') );
#6323 = CARTESIAN_POINT('',(9.,-6.5,2.35));
#6324 = CARTESIAN_POINT('',(9.456440783472,-6.860347986952,2.35));
#6325 = CARTESIAN_POINT('',(9.521977911765,-6.912087825078,
    1.630908133308));
#6326 = CARTESIAN_POINT('',(9.,-6.5,1.037809077647));
#6327 = CARTESIAN_POINT('',(8.478022088235,-6.087912174922,
    1.630908133308));
#6328 = CARTESIAN_POINT('',(8.543559216528,-6.139652013048,2.35));
#6329 = CARTESIAN_POINT('',(9.,-6.5,2.35));
#6330 = PCURVE('',#4501,#6331);
#6331 = DEFINITIONAL_REPRESENTATION('',(#6332),#6335);
#6332 = B_SPLINE_CURVE_WITH_KNOTS('',1,(#6333,#6334),.UNSPECIFIED.,.F.,
  .F.,(2,2),(0.,6.28318530718),.PIECEWISE_BEZIER_KNOTS.);
#6333 = CARTESIAN_POINT('',(0.,25.679356367485));
#6334 = CARTESIAN_POINT('',(6.28318530718,25.679356367485));
#6335 = ( GEOMETRIC_REPRESENTATION_CONTEXT(2) 
PARAMETRIC_REPRESENTATION_CONTEXT() REPRESENTATION_CONTEXT('2D SPACE',''
  ) );
#6336 = PCURVE('',#4501,#6337);
#6337 = DEFINITIONAL_REPRESENTATION('',(#6338),#6342);
#6338 = LINE('',#6339,#6340);
#6339 = CARTESIAN_POINT('',(0.,0.));
#6340 = VECTOR('',#6341,1.);
#6341 = DIRECTION('',(1.,0.));
#6342 = ( GEOMETRIC_REPRESENTATION_CONTEXT(2) 
PARAMETRIC_REPRESENTATION_CONTEXT() REPRESENTATION_CONTEXT('2D SPACE',''
  ) );
#6343 = ORIENTED_EDGE('',*,*,#4433,.F.);
#6344 = ORIENTED_EDGE('',*,*,#6320,.T.);
#6345 = ADVANCED_FACE('',(#6346),#5130,.T.);
#6346 = FACE_BOUND('',#6347,.T.);
#6347 = EDGE_LOOP('',(#6348,#6898,#6922,#6923));
#6348 = ORIENTED_EDGE('',*,*,#6349,.T.);
#6349 = EDGE_CURVE('',#6350,#6350,#6352,.T.);
#6350 = VERTEX_POINT('',#6351);
#6351 = CARTESIAN_POINT('',(8.845023600612,10.441189158987,2.));
#6352 = SURFACE_CURVE('',#6353,(#6531,#6712),.PCURVE_S1.);
#6353 = B_SPLINE_CURVE_WITH_KNOTS('',8,(#6354,#6355,#6356,#6357,#6358,
    #6359,#6360,#6361,#6362,#6363,#6364,#6365,#6366,#6367,#6368,#6369,
    #6370,#6371,#6372,#6373,#6374,#6375,#6376,#6377,#6378,#6379,#6380,
    #6381,#6382,#6383,#6384,#6385,#6386,#6387,#6388,#6389,#6390,#6391,
    #6392,#6393,#6394,#6395,#6396,#6397,#6398,#6399,#6400,#6401,#6402,
    #6403,#6404,#6405,#6406,#6407,#6408,#6409,#6410,#6411,#6412,#6413,
    #6414,#6415,#6416,#6417,#6418,#6419,#6420,#6421,#6422,#6423,#6424,
    #6425,#6426,#6427,#6428,#6429,#6430,#6431,#6432,#6433,#6434,#6435,
    #6436,#6437,#6438,#6439,#6440,#6441,#6442,#6443,#6444,#6445,#6446,
    #6447,#6448,#6449,#6450,#6451,#6452,#6453,#6454,#6455,#6456,#6457,
    #6458,#6459,#6460,#6461,#6462,#6463,#6464,#6465,#6466,#6467,#6468,
    #6469,#6470,#6471,#6472,#6473,#6474,#6475,#6476,#6477,#6478,#6479,
    #6480,#6481,#6482,#6483,#6484,#6485,#6486,#6487,#6488,#6489,#6490,
    #6491,#6492,#6493,#6494,#6495,#6496,#6497,#6498,#6499,#6500,#6501,
    #6502,#6503,#6504,#6505,#6506,#6507,#6508,#6509,#6510,#6511,#6512,
    #6513,#6514,#6515,#6516,#6517,#6518,#6519,#6520,#6521,#6522,#6523,
    #6524,#6525,#6526,#6527,#6528,#6529,#6530),.UNSPECIFIED.,.T.,.F.,(9,
    7,7,7,7,7,7,7,7,7,7,7,7,7,7,7,7,7,7,7,7,7,7,7,7,9),(0.,
    5.41850934876E-02,0.155861518708,0.175321455524,0.235990541327,
    0.267775587452,0.283581909989,0.300388249099,0.325276042019,
    0.403697920326,0.433200072855,0.492997920873,0.500978160919,
    0.514914276819,0.558682715341,0.616168253414,0.696272019762,
    0.74154106864,0.75420236857,0.792539067891,0.830771704763,
    0.850263127394,0.86058630091,0.870909474426,0.952288926093,1.),
  .UNSPECIFIED.);
#6354 = CARTESIAN_POINT('',(8.845023600612,10.441189158987,2.));
#6355 = CARTESIAN_POINT('',(8.898344645373,10.661331055315,2.));
#6356 = CARTESIAN_POINT('',(8.963962758667,10.878733511684,2.));
#6357 = CARTESIAN_POINT('',(9.041349414927,11.092994456839,2.));
#6358 = CARTESIAN_POINT('',(9.129923676437,11.303746428313,2.));
#6359 = CARTESIAN_POINT('',(9.229078210439,11.51065954992,2.));
#6360 = CARTESIAN_POINT('',(9.338200973436,11.713442748615,2.));
#6361 = CARTESIAN_POINT('',(9.456692562682,11.911843210719,2.));
#6362 = CARTESIAN_POINT('',(9.822828647203,12.469304702826,2.));
#6363 = CARTESIAN_POINT('',(10.09253847265,12.816606653823,2.));
#6364 = CARTESIAN_POINT('',(10.38939334528,13.146318800639,2.));
#6365 = CARTESIAN_POINT('',(10.709897953262,13.457318564162,2.));
#6366 = CARTESIAN_POINT('',(11.050857169765,13.748601411748,2.));
#6367 = CARTESIAN_POINT('',(11.409420449499,14.019239346555,2.));
#6368 = CARTESIAN_POINT('',(11.783090490901,14.268288390509,2.));
#6369 = CARTESIAN_POINT('',(12.24369093417,14.537968795994,2.));
#6370 = CARTESIAN_POINT('',(12.318149872377,14.580457008171,2.));
#6371 = CARTESIAN_POINT('',(12.393039596117,14.622079380614,2.));
#6372 = CARTESIAN_POINT('',(12.468379909004,14.662841973641,2.));
#6373 = CARTESIAN_POINT('',(12.544124891422,14.702705120633,2.));
#6374 = CARTESIAN_POINT('',(12.620289685313,14.741671052279,2.));
#6375 = CARTESIAN_POINT('',(12.696846504315,14.779712084184,2.));
#6376 = CARTESIAN_POINT('',(13.013668089524,14.932489133834,2.));
#6377 = CARTESIAN_POINT('',(13.257273096515,15.039033034343,2.));
#6378 = CARTESIAN_POINT('',(13.504246523406,15.135933796915,2.));
#6379 = CARTESIAN_POINT('',(13.754194911604,15.222632989335,2.));
#6380 = CARTESIAN_POINT('',(14.006682827507,15.298535329515,2.));
#6381 = CARTESIAN_POINT('',(14.261230534681,15.363019617787,2.));
#6382 = CARTESIAN_POINT('',(14.517315662219,15.415452246316,2.));
#6383 = CARTESIAN_POINT('',(14.909056448729,15.47602921484,2.));
#6384 = CARTESIAN_POINT('',(15.043998987562,15.49337374826,2.));
#6385 = CARTESIAN_POINT('',(15.179123916084,15.507146437788,2.));
#6386 = CARTESIAN_POINT('',(15.314344320076,15.51725711348,2.));
#6387 = CARTESIAN_POINT('',(15.449569290044,15.523617113316,2.));
#6388 = CARTESIAN_POINT('',(15.584704270442,15.526140512962,2.));
#6389 = CARTESIAN_POINT('',(15.71965140889,15.524745355539,2.));
#6390 = CARTESIAN_POINT('',(15.921273952634,15.516674244961,2.));
#6391 = CARTESIAN_POINT('',(15.988166638775,15.513005661055,2.));
#6392 = CARTESIAN_POINT('',(16.054975520632,15.508339612679,2.));
#6393 = CARTESIAN_POINT('',(16.121688022401,15.502666995649,2.));
#6394 = CARTESIAN_POINT('',(16.188291435668,15.495979118587,2.));
#6395 = CARTESIAN_POINT('',(16.254772919405,15.48826770292,2.));
#6396 = CARTESIAN_POINT('',(16.321119499976,15.479524882881,2.));
#6397 = CARTESIAN_POINT('',(16.457705127283,15.459342660469,2.));
#6398 = CARTESIAN_POINT('',(16.527924023155,15.447767808289,2.));
#6399 = CARTESIAN_POINT('',(16.597962146024,15.435009462971,2.));
#6400 = CARTESIAN_POINT('',(16.667798706763,15.421059950097,2.));
#6401 = CARTESIAN_POINT('',(16.737421465757,15.405911342448,2.));
#6402 = CARTESIAN_POINT('',(16.806816311597,15.389556644791,2.));
#6403 = CARTESIAN_POINT('',(16.875959863964,15.371990650429,2.));
#6404 = CARTESIAN_POINT('',(17.046865207923,15.32538965239,2.));
#6405 = CARTESIAN_POINT('',(17.148380571689,15.294899592794,2.));
#6406 = CARTESIAN_POINT('',(17.249296063449,15.261787636164,2.));
#6407 = CARTESIAN_POINT('',(17.349517212131,15.226102167915,2.));
#6408 = CARTESIAN_POINT('',(17.448950375533,15.187889336034,2.));
#6409 = CARTESIAN_POINT('',(17.547502740319,15.147193051074,2.));
#6410 = CARTESIAN_POINT('',(17.64508232202,15.104054986157,2.));
#6411 = CARTESIAN_POINT('',(18.045720059036,14.915016293172,2.));
#6412 = CARTESIAN_POINT('',(18.339091076022,14.747753707799,2.));
#6413 = CARTESIAN_POINT('',(18.61910863585,14.557906405947,2.));
#6414 = CARTESIAN_POINT('',(18.882823495089,14.346501757076,2.));
#6415 = CARTESIAN_POINT('',(19.126994161321,14.114642497702,2.));
#6416 = CARTESIAN_POINT('',(19.348097810861,13.863582512901,2.));
#6417 = CARTESIAN_POINT('',(19.542450614369,13.594750374285,2.));
#6418 = CARTESIAN_POINT('',(19.768329520611,13.202645551001,2.));
#6419 = CARTESIAN_POINT('',(19.825942160392,13.09299028131,2.));
#6420 = CARTESIAN_POINT('',(19.87945678596,12.981040453215,2.));
#6421 = CARTESIAN_POINT('',(19.928894844339,12.867008086319,2.));
#6422 = CARTESIAN_POINT('',(19.974307732804,12.751074068003,2.));
#6423 = CARTESIAN_POINT('',(20.015730763237,12.633444219649,2.));
#6424 = CARTESIAN_POINT('',(20.053217906907,12.514298461121,2.));
#6425 = CARTESIAN_POINT('',(20.154919562148,12.149623099799,2.));
#6426 = CARTESIAN_POINT('',(20.207037247282,11.899996512448,2.));
#6427 = CARTESIAN_POINT('',(20.243615932933,11.646394550973,2.));
#6428 = CARTESIAN_POINT('',(20.265084139803,11.390225922535,2.));
#6429 = CARTESIAN_POINT('',(20.27185396192,11.132836978024,2.));
#6430 = CARTESIAN_POINT('',(20.264308923215,10.875509054715,2.));
#6431 = CARTESIAN_POINT('',(20.242778862992,10.619470235411,2.));
#6432 = CARTESIAN_POINT('',(20.202793987007,10.332084530944,2.));
#6433 = CARTESIAN_POINT('',(20.197842792258,10.298302767473,2.));
#6434 = CARTESIAN_POINT('',(20.192649245505,10.26458005755,2.));
#6435 = CARTESIAN_POINT('',(20.187214336833,10.230920225056,2.));
#6436 = CARTESIAN_POINT('',(20.181539066961,10.197327093902,2.));
#6437 = CARTESIAN_POINT('',(20.175624447248,10.163804488021,2.));
#6438 = CARTESIAN_POINT('',(20.16947149969,10.130356231378,2.));
#6439 = CARTESIAN_POINT('',(20.15192149974,10.038707765733,2.));
#6440 = CARTESIAN_POINT('',(20.14002971705,9.980634676929,2.));
#6441 = CARTESIAN_POINT('',(20.127404912032,9.922739898473,2.));
#6442 = CARTESIAN_POINT('',(20.114057300032,9.86505120611,2.));
#6443 = CARTESIAN_POINT('',(20.099991709459,9.807569807168,2.));
#6444 = CARTESIAN_POINT('',(20.08521187407,9.750289803982,2.));
#6445 = CARTESIAN_POINT('',(20.069726937765,9.693229476484,2.));
#6446 = CARTESIAN_POINT('',(20.00270935092,9.457860487594,2.));
#6447 = CARTESIAN_POINT('',(19.944972307715,9.281490293389,2.));
#6448 = CARTESIAN_POINT('',(19.880529295429,9.107420752524,2.));
#6449 = CARTESIAN_POINT('',(19.809597054908,8.935782882813,2.));
#6450 = CARTESIAN_POINT('',(19.732405709334,8.766693791888,2.));
#6451 = CARTESIAN_POINT('',(19.649194337763,8.600257671867,2.));
#6452 = CARTESIAN_POINT('',(19.560206548658,8.436566794011,2.));
#6453 = CARTESIAN_POINT('',(19.341542984755,8.06442307957,2.));
#6454 = CARTESIAN_POINT('',(19.207857569345,7.858023135293,2.));
#6455 = CARTESIAN_POINT('',(19.065181396398,7.656679601212,2.));
#6456 = CARTESIAN_POINT('',(18.914066763032,7.460542155374,2.));
#6457 = CARTESIAN_POINT('',(18.755057904123,7.269735582382,2.));
#6458 = CARTESIAN_POINT('',(18.588682222166,7.084362132548,2.));
#6459 = CARTESIAN_POINT('',(18.415441517123,6.904503881049,2.));
#6460 = CARTESIAN_POINT('',(17.985493198294,6.487383738073,2.));
#6461 = CARTESIAN_POINT('',(17.723116935515,6.255824915701,2.));
#6462 = CARTESIAN_POINT('',(17.449527432932,6.036934572676,2.));
#6463 = CARTESIAN_POINT('',(17.165527080141,5.83230141527,2.));
#6464 = CARTESIAN_POINT('',(16.871952988842,5.643739617624,2.));
#6465 = CARTESIAN_POINT('',(16.569732646402,5.473286216707,2.));
#6466 = CARTESIAN_POINT('',(16.259909885465,5.323173187928,2.));
#6467 = CARTESIAN_POINT('',(15.764908182871,5.123777400363,2.));
#6468 = CARTESIAN_POINT('',(15.584151748502,5.059049441448,2.));
#6469 = CARTESIAN_POINT('',(15.401601273206,5.002022685388,2.));
#6470 = CARTESIAN_POINT('',(15.21751909452,4.953147624406,2.));
#6471 = CARTESIAN_POINT('',(15.032200750023,4.91288307792,2.));
#6472 = CARTESIAN_POINT('',(14.845972197565,4.881682771091,2.));
#6473 = CARTESIAN_POINT('',(14.659183986538,4.859978296214,2.));
#6474 = CARTESIAN_POINT('',(14.41991353092,4.844853342982,2.));
#6475 = CARTESIAN_POINT('',(14.367591086879,4.842320444074,2.));
#6476 = CARTESIAN_POINT('',(14.315197096816,4.840548376481,2.));
#6477 = CARTESIAN_POINT('',(14.262802900071,4.839542838619,2.));
#6478 = CARTESIAN_POINT('',(14.210351894255,4.839288974205,2.));
#6479 = CARTESIAN_POINT('',(14.157902722797,4.839790000991,2.));
#6480 = CARTESIAN_POINT('',(14.105434793521,4.841036358687,2.));
#6481 = CARTESIAN_POINT('',(13.894103171298,4.849044961069,2.));
#6482 = CARTESIAN_POINT('',(13.735223577428,4.861864375789,2.));
#6483 = CARTESIAN_POINT('',(13.576555710142,4.881338569035,2.));
#6484 = CARTESIAN_POINT('',(13.418319076549,4.907308332635,2.));
#6485 = CARTESIAN_POINT('',(13.26072488521,4.939603367623,2.));
#6486 = CARTESIAN_POINT('',(13.103974858677,4.978046012715,2.));
#6487 = CARTESIAN_POINT('',(12.948260046039,5.02245497278,2.));
#6488 = CARTESIAN_POINT('',(12.639678746005,5.12270677394,2.));
#6489 = CARTESIAN_POINT('',(12.48680733486,5.178517525077,2.));
#6490 = CARTESIAN_POINT('',(12.335322702407,5.239901076256,2.));
#6491 = CARTESIAN_POINT('',(12.185393031983,5.30667617765,2.));
#6492 = CARTESIAN_POINT('',(12.037177370914,5.378662387749,2.));
#6493 = CARTESIAN_POINT('',(11.890825611526,5.455681907039,2.));
#6494 = CARTESIAN_POINT('',(11.746478472158,5.537561411677,2.));
#6495 = CARTESIAN_POINT('',(11.531766763892,5.668269459432,2.));
#6496 = CARTESIAN_POINT('',(11.45982164336,5.713624599515,2.));
#6497 = CARTESIAN_POINT('',(11.388449721457,5.760176966561,2.));
#6498 = CARTESIAN_POINT('',(11.317668184732,5.807904591147,2.));
#6499 = CARTESIAN_POINT('',(11.247493801414,5.856785875278,2.));
#6500 = CARTESIAN_POINT('',(11.177942921409,5.906799592389,2.));
#6501 = CARTESIAN_POINT('',(11.109031476305,5.957924887345,2.));
#6502 = CARTESIAN_POINT('',(11.004624531658,6.037796471353,2.));
#6503 = CARTESIAN_POINT('',(10.968624509972,6.065783209421,2.));
#6504 = CARTESIAN_POINT('',(10.932778030941,6.094099278262,2.));
#6505 = CARTESIAN_POINT('',(10.897088204491,6.122742460733,2.));
#6506 = CARTESIAN_POINT('',(10.861558133841,6.151710534935,2.));
#6507 = CARTESIAN_POINT('',(10.826190915498,6.181001274213,2.));
#6508 = CARTESIAN_POINT('',(10.790989639263,6.210612447151,2.));
#6509 = CARTESIAN_POINT('',(10.720925614765,6.270470923651,2.));
#6510 = CARTESIAN_POINT('',(10.686060216564,6.300719941324,2.));
#6511 = CARTESIAN_POINT('',(10.651369525488,6.331283057052,2.));
#6512 = CARTESIAN_POINT('',(10.616861679366,6.362154532783,2.));
#6513 = CARTESIAN_POINT('',(10.582544621996,6.393328705958,2.));
#6514 = CARTESIAN_POINT('',(10.548426103149,6.424799989506,2.));
#6515 = CARTESIAN_POINT('',(10.514513678565,6.456562871849,2.));
#6516 = CARTESIAN_POINT('',(10.215160490923,6.741259157349,2.));
#6517 = CARTESIAN_POINT('',(9.964045781494,7.010483234607,2.));
#6518 = CARTESIAN_POINT('',(9.729448775646,7.294674685784,2.));
#6519 = CARTESIAN_POINT('',(9.513962543717,7.59238471663,2.));
#6520 = CARTESIAN_POINT('',(9.320850935227,7.902129512275,2.));
#6521 = CARTESIAN_POINT('',(9.154026906268,8.222026934912,2.));
#6522 = CARTESIAN_POINT('',(9.01796978243,8.549600905609,2.));
#6523 = CARTESIAN_POINT('',(8.858752002146,9.077019300139,2.));
#6524 = CARTESIAN_POINT('',(8.812209590776,9.273512516239,2.));
#6525 = CARTESIAN_POINT('',(8.778968946889,9.47088980793,2.));
#6526 = CARTESIAN_POINT('',(8.760055469471,9.668358362363,2.));
#6527 = CARTESIAN_POINT('',(8.756459845475,9.865020801386,2.));
#6528 = CARTESIAN_POINT('',(8.769036723441,10.059954814226,2.));
#6529 = CARTESIAN_POINT('',(8.798421605048,10.252287502759,2.));
#6530 = CARTESIAN_POINT('',(8.845023600612,10.441189158987,2.));
#6531 = PCURVE('',#5130,#6532);
#6532 = DEFINITIONAL_REPRESENTATION('',(#6533),#6711);
#6533 = B_SPLINE_CURVE_WITH_KNOTS('',8,(#6534,#6535,#6536,#6537,#6538,
    #6539,#6540,#6541,#6542,#6543,#6544,#6545,#6546,#6547,#6548,#6549,
    #6550,#6551,#6552,#6553,#6554,#6555,#6556,#6557,#6558,#6559,#6560,
    #6561,#6562,#6563,#6564,#6565,#6566,#6567,#6568,#6569,#6570,#6571,
    #6572,#6573,#6574,#6575,#6576,#6577,#6578,#6579,#6580,#6581,#6582,
    #6583,#6584,#6585,#6586,#6587,#6588,#6589,#6590,#6591,#6592,#6593,
    #6594,#6595,#6596,#6597,#6598,#6599,#6600,#6601,#6602,#6603,#6604,
    #6605,#6606,#6607,#6608,#6609,#6610,#6611,#6612,#6613,#6614,#6615,
    #6616,#6617,#6618,#6619,#6620,#6621,#6622,#6623,#6624,#6625,#6626,
    #6627,#6628,#6629,#6630,#6631,#6632,#6633,#6634,#6635,#6636,#6637,
    #6638,#6639,#6640,#6641,#6642,#6643,#6644,#6645,#6646,#6647,#6648,
    #6649,#6650,#6651,#6652,#6653,#6654,#6655,#6656,#6657,#6658,#6659,
    #6660,#6661,#6662,#6663,#6664,#6665,#6666,#6667,#6668,#6669,#6670,
    #6671,#6672,#6673,#6674,#6675,#6676,#6677,#6678,#6679,#6680,#6681,
    #6682,#6683,#6684,#6685,#6686,#6687,#6688,#6689,#6690,#6691,#6692,
    #6693,#6694,#6695,#6696,#6697,#6698,#6699,#6700,#6701,#6702,#6703,
    #6704,#6705,#6706,#6707,#6708,#6709,#6710),.UNSPECIFIED.,.F.,.F.,(9,
    7,7,7,7,7,7,7,7,7,7,7,7,7,7,7,7,7,7,7,7,7,7,7,7,9),(0.,
    5.41850934876E-02,0.155861518708,0.175321455524,0.235990541327,
    0.267775587452,0.283581909989,0.300388249099,0.325276042019,
    0.403697920326,0.433200072855,0.492997920873,0.500978160919,
    0.514914276819,0.558682715341,0.616168253414,0.696272019762,
    0.74154106864,0.75420236857,0.792539067891,0.830771704763,
    0.850263127394,0.86058630091,0.870909474426,0.952288926093,1.),
  .UNSPECIFIED.);
#6534 = CARTESIAN_POINT('',(1.571514235749,0.));
#6535 = CARTESIAN_POINT('',(1.571514235749,0.246716707974));
#6536 = CARTESIAN_POINT('',(1.571514235749,0.493216331965));
#6537 = CARTESIAN_POINT('',(1.571514235749,0.739223107525));
#6538 = CARTESIAN_POINT('',(1.571514235749,0.984536876638));
#6539 = CARTESIAN_POINT('',(1.571514235749,1.229020916592));
#6540 = CARTESIAN_POINT('',(1.571514235749,1.472592830494));
#6541 = CARTESIAN_POINT('',(1.571514235749,1.715218499415));
#6542 = CARTESIAN_POINT('',(1.571514235749,2.410433014));
#6543 = CARTESIAN_POINT('',(1.571514235749,2.860462071733));
#6544 = CARTESIAN_POINT('',(1.571514235749,3.307295794467));
#6545 = CARTESIAN_POINT('',(1.571514235749,3.751418015535));
#6546 = CARTESIAN_POINT('',(1.571514235749,4.193431328094));
#6547 = CARTESIAN_POINT('',(1.571514235749,4.634051429845));
#6548 = CARTESIAN_POINT('',(1.571514235749,5.074161360877));
#6549 = CARTESIAN_POINT('',(1.571514235749,5.599283880909));
#6550 = CARTESIAN_POINT('',(1.571514235749,5.683664025277));
#6551 = CARTESIAN_POINT('',(1.571514235749,5.768098297124));
#6552 = CARTESIAN_POINT('',(1.571514235749,5.852553271729));
#6553 = CARTESIAN_POINT('',(1.571514235749,5.937075938504));
#6554 = CARTESIAN_POINT('',(1.571514235749,6.021637924684));
#6555 = CARTESIAN_POINT('',(1.571514235749,6.106263233158));
#6556 = CARTESIAN_POINT('',(1.571514235749,6.45496785221));
#6557 = CARTESIAN_POINT('',(1.571514235749,6.719575939474));
#6558 = CARTESIAN_POINT('',(1.571514235749,6.984929211744));
#6559 = CARTESIAN_POINT('',(1.571514235749,7.251146070685));
#6560 = CARTESIAN_POINT('',(1.571514235749,7.518310510199));
#6561 = CARTESIAN_POINT('',(1.571514235749,7.786471013226));
#6562 = CARTESIAN_POINT('',(1.571514235749,8.055634981751));
#6563 = CARTESIAN_POINT('',(1.571514235749,8.467278796017));
#6564 = CARTESIAN_POINT('',(1.571514235749,8.609058722498));
#6565 = CARTESIAN_POINT('',(1.571514235749,8.751089924308));
#6566 = CARTESIAN_POINT('',(1.571514235749,8.893358570546));
#6567 = CARTESIAN_POINT('',(1.571514235749,9.035845155678));
#6568 = CARTESIAN_POINT('',(1.571514235749,9.178524100618));
#6569 = CARTESIAN_POINT('',(1.571514235749,9.321363353818));
#6570 = CARTESIAN_POINT('',(1.571514235749,9.535416604706));
#6571 = CARTESIAN_POINT('',(1.571514235749,9.606539210252));
#6572 = CARTESIAN_POINT('',(1.571514235749,9.677687017985));
#6573 = CARTESIAN_POINT('',(1.571514235749,9.748854811676));
#6574 = CARTESIAN_POINT('',(1.571514235749,9.820036949868));
#6575 = CARTESIAN_POINT('',(1.571514235749,9.89122736588));
#6576 = CARTESIAN_POINT('',(1.571514235749,9.962419567805));
#6577 = CARTESIAN_POINT('',(1.571514235749,10.109297492451));
#6578 = CARTESIAN_POINT('',(1.571514235749,10.184983429156));
#6579 = CARTESIAN_POINT('',(1.571514235749,10.260653143952));
#6580 = CARTESIAN_POINT('',(1.571514235749,10.336302467247));
#6581 = CARTESIAN_POINT('',(1.571514235749,10.411918633558));
#6582 = CARTESIAN_POINT('',(1.571514235749,10.487490098919));
#6583 = CARTESIAN_POINT('',(1.571514235749,10.563013512724));
#6584 = CARTESIAN_POINT('',(1.571514235749,10.75020893898));
#6585 = CARTESIAN_POINT('',(1.571514235749,10.861742341594));
#6586 = CARTESIAN_POINT('',(1.571514235749,10.973093699009));
#6587 = CARTESIAN_POINT('',(1.571514235749,11.08428722859));
#6588 = CARTESIAN_POINT('',(1.571514235749,11.195347323954));
#6589 = CARTESIAN_POINT('',(1.571514235749,11.306298554968));
#6590 = CARTESIAN_POINT('',(1.571514235749,11.417165667751));
#6591 = CARTESIAN_POINT('',(1.571514235749,11.87713130244));
#6592 = CARTESIAN_POINT('',(1.571514235749,12.225494780729));
#6593 = CARTESIAN_POINT('',(1.571514235749,12.574127301587));
#6594 = CARTESIAN_POINT('',(1.571514235749,12.923761906524));
#6595 = CARTESIAN_POINT('',(1.571514235749,13.274898987837));
#6596 = CARTESIAN_POINT('',(1.571514235749,13.627841095585));
#6597 = CARTESIAN_POINT('',(1.571514235749,13.982624450118));
#6598 = CARTESIAN_POINT('',(1.571514235749,14.472801675665));
#6599 = CARTESIAN_POINT('',(1.571514235749,14.606712802126));
#6600 = CARTESIAN_POINT('',(1.571514235749,14.740474999604));
#6601 = CARTESIAN_POINT('',(1.571514235749,14.874064718897));
#6602 = CARTESIAN_POINT('',(1.571514235749,15.00743703819));
#6603 = CARTESIAN_POINT('',(1.571514235749,15.140591052402));
#6604 = CARTESIAN_POINT('',(1.571514235749,15.273513152643));
#6605 = CARTESIAN_POINT('',(1.571514235749,15.675177825997));
#6606 = CARTESIAN_POINT('',(1.571514235749,15.94316995675));
#6607 = CARTESIAN_POINT('',(1.571514235749,16.21028782817));
#6608 = CARTESIAN_POINT('',(1.571514235749,16.476706755524));
#6609 = CARTESIAN_POINT('',(1.571514235749,16.742661180312));
#6610 = CARTESIAN_POINT('',(1.571514235749,17.008442464331));
#6611 = CARTESIAN_POINT('',(1.571514235749,17.274410842537));
#6612 = CARTESIAN_POINT('',(1.571514235749,17.576601700088));
#6613 = CARTESIAN_POINT('',(1.571514235749,17.612181865472));
#6614 = CARTESIAN_POINT('',(1.571514235749,17.647762030855));
#6615 = CARTESIAN_POINT('',(1.571514235749,17.683342196239));
#6616 = CARTESIAN_POINT('',(1.571514235749,17.718922361625));
#6617 = CARTESIAN_POINT('',(1.571514235749,17.754502527011));
#6618 = CARTESIAN_POINT('',(1.571514235749,17.790082692396));
#6619 = CARTESIAN_POINT('',(1.571514235749,17.887797493543));
#6620 = CARTESIAN_POINT('',(1.571514235749,17.949993165414));
#6621 = CARTESIAN_POINT('',(1.571514235749,18.012213612118));
#6622 = CARTESIAN_POINT('',(1.571514235749,18.074475983919));
#6623 = CARTESIAN_POINT('',(1.571514235749,18.136771885053));
#6624 = CARTESIAN_POINT('',(1.571514235749,18.199086323238));
#6625 = CARTESIAN_POINT('',(1.571514235749,18.261428099698));
#6626 = CARTESIAN_POINT('',(1.571514235749,18.519626809099));
#6627 = CARTESIAN_POINT('',(1.571514235749,18.715642265197));
#6628 = CARTESIAN_POINT('',(1.571514235749,18.911701078111));
#6629 = CARTESIAN_POINT('',(1.571514235749,19.107691030196));
#6630 = CARTESIAN_POINT('',(1.571514235749,19.303517363319));
#6631 = CARTESIAN_POINT('',(1.571514235749,19.49910199266));
#6632 = CARTESIAN_POINT('',(1.571514235749,19.694382720515));
#6633 = CARTESIAN_POINT('',(1.571514235749,20.145333472785));
#6634 = CARTESIAN_POINT('',(1.571514235749,20.400744427752));
#6635 = CARTESIAN_POINT('',(1.571514235749,20.655446851339));
#6636 = CARTESIAN_POINT('',(1.571514235749,20.909380752008));
#6637 = CARTESIAN_POINT('',(1.571514235749,21.162521111379));
#6638 = CARTESIAN_POINT('',(1.571514235749,21.414874385268));
#6639 = CARTESIAN_POINT('',(1.571514235749,21.666475004717));
#6640 = CARTESIAN_POINT('',(1.571514235749,22.267010429678));
#6641 = CARTESIAN_POINT('',(1.571514235749,22.615636685121));
#6642 = CARTESIAN_POINT('',(1.571514235749,22.964206408913));
#6643 = CARTESIAN_POINT('',(1.571514235749,23.313456731461));
#6644 = CARTESIAN_POINT('',(1.571514235749,23.663997892678));
#6645 = CARTESIAN_POINT('',(1.571514235749,24.016356874296));
#6646 = CARTESIAN_POINT('',(1.571514235749,24.370982919867));
#6647 = CARTESIAN_POINT('',(1.571514235749,24.930097508349));
#6648 = CARTESIAN_POINT('',(1.571514235749,25.132772412651));
#6649 = CARTESIAN_POINT('',(1.571514235749,25.336278314259));
#6650 = CARTESIAN_POINT('',(1.571514235749,25.540617833171));
#6651 = CARTESIAN_POINT('',(1.571514235749,25.745755697126));
#6652 = CARTESIAN_POINT('',(1.571514235749,25.951613431746));
#6653 = CARTESIAN_POINT('',(1.571514235749,26.158060594162));
#6654 = CARTESIAN_POINT('',(1.571514235749,26.422754175189));
#6655 = CARTESIAN_POINT('',(1.571514235749,26.480619522373));
#6656 = CARTESIAN_POINT('',(1.571514235749,26.538451739827));
#6657 = CARTESIAN_POINT('',(1.571514235749,26.596303720825));
#6658 = CARTESIAN_POINT('',(1.571514235749,26.65411218402));
#6659 = CARTESIAN_POINT('',(1.571514235749,26.711918987493));
#6660 = CARTESIAN_POINT('',(1.571514235749,26.769694155325));
#6661 = CARTESIAN_POINT('',(1.571514235749,27.002305518869));
#6662 = CARTESIAN_POINT('',(1.571514235749,27.176918614914));
#6663 = CARTESIAN_POINT('',(1.571514235749,27.351185665832));
#6664 = CARTESIAN_POINT('',(1.571514235749,27.525026584186));
#6665 = CARTESIAN_POINT('',(1.571514235749,27.698377834361));
#6666 = CARTESIAN_POINT('',(1.571514235749,27.871190749375));
#6667 = CARTESIAN_POINT('',(1.571514235749,28.043429847713));
#6668 = CARTESIAN_POINT('',(1.571514235749,28.386246543532));
#6669 = CARTESIAN_POINT('',(1.571514235749,28.556825643312));
#6670 = CARTESIAN_POINT('',(1.571514235749,28.726786390857));
#6671 = CARTESIAN_POINT('',(1.571514235749,28.896115549297));
#6672 = CARTESIAN_POINT('',(1.571514235749,29.064807937783));
#6673 = CARTESIAN_POINT('',(1.571514235749,29.232865665743));
#6674 = CARTESIAN_POINT('',(1.571514235749,29.400297367145));
#6675 = CARTESIAN_POINT('',(1.571514235749,29.652164156806));
#6676 = CARTESIAN_POINT('',(1.571514235749,29.737051503893));
#6677 = CARTESIAN_POINT('',(1.571514235749,29.821781242228));
#6678 = CARTESIAN_POINT('',(1.571514235749,29.906355323122));
#6679 = CARTESIAN_POINT('',(1.571514235749,29.990775882987));
#6680 = CARTESIAN_POINT('',(1.571514235749,30.075045243338));
#6681 = CARTESIAN_POINT('',(1.571514235749,30.159165910793));
#6682 = CARTESIAN_POINT('',(1.571514235749,30.287615783804));
#6683 = CARTESIAN_POINT('',(1.571514235749,30.332090990534));
#6684 = CARTESIAN_POINT('',(1.571514235749,30.376566197264));
#6685 = CARTESIAN_POINT('',(1.571514235749,30.421041403994));
#6686 = CARTESIAN_POINT('',(1.571514235749,30.465516610725));
#6687 = CARTESIAN_POINT('',(1.571514235749,30.509991817458));
#6688 = CARTESIAN_POINT('',(1.571514235749,30.55446702419));
#6689 = CARTESIAN_POINT('',(1.571514235749,30.643417437646));
#6690 = CARTESIAN_POINT('',(1.571514235749,30.687892644377));
#6691 = CARTESIAN_POINT('',(1.571514235749,30.732367851111));
#6692 = CARTESIAN_POINT('',(1.571514235749,30.776843057845));
#6693 = CARTESIAN_POINT('',(1.571514235749,30.821318264577));
#6694 = CARTESIAN_POINT('',(1.571514235749,30.865793471308));
#6695 = CARTESIAN_POINT('',(1.571514235749,30.910268678037));
#6696 = CARTESIAN_POINT('',(1.571514235749,31.305350016767));
#6697 = CARTESIAN_POINT('',(1.571514235749,31.654301224437));
#6698 = CARTESIAN_POINT('',(1.571514235749,32.003656818964));
#6699 = CARTESIAN_POINT('',(1.571514235749,32.354921458394));
#6700 = CARTESIAN_POINT('',(1.571514235749,32.709240971677));
#6701 = CARTESIAN_POINT('',(1.571514235749,33.067690062849));
#6702 = CARTESIAN_POINT('',(1.571514235749,33.431385340239));
#6703 = CARTESIAN_POINT('',(1.571514235749,34.017946589301));
#6704 = CARTESIAN_POINT('',(1.571514235749,34.236683057381));
#6705 = CARTESIAN_POINT('',(1.571514235749,34.457402172992));
#6706 = CARTESIAN_POINT('',(1.571514235749,34.679996816997));
#6707 = CARTESIAN_POINT('',(1.571514235749,34.904206142106));
#6708 = CARTESIAN_POINT('',(1.571514235749,35.129542072536));
#6709 = CARTESIAN_POINT('',(1.571514235749,35.355220620994));
#6710 = CARTESIAN_POINT('',(1.571514235749,35.58016538479));
#6711 = ( GEOMETRIC_REPRESENTATION_CONTEXT(2) 
PARAMETRIC_REPRESENTATION_CONTEXT() REPRESENTATION_CONTEXT('2D SPACE',''
  ) );
#6712 = PCURVE('',#6713,#6718);
#6713 = PLANE('',#6714);
#6714 = AXIS2_PLACEMENT_3D('',#6715,#6716,#6717);
#6715 = CARTESIAN_POINT('',(-1.,8.893987308214E-17,2.));
#6716 = DIRECTION('',(0.,0.,1.));
#6717 = DIRECTION('',(1.,0.,-0.));
#6718 = DEFINITIONAL_REPRESENTATION('',(#6719),#6897);
#6719 = B_SPLINE_CURVE_WITH_KNOTS('',8,(#6720,#6721,#6722,#6723,#6724,
    #6725,#6726,#6727,#6728,#6729,#6730,#6731,#6732,#6733,#6734,#6735,
    #6736,#6737,#6738,#6739,#6740,#6741,#6742,#6743,#6744,#6745,#6746,
    #6747,#6748,#6749,#6750,#6751,#6752,#6753,#6754,#6755,#6756,#6757,
    #6758,#6759,#6760,#6761,#6762,#6763,#6764,#6765,#6766,#6767,#6768,
    #6769,#6770,#6771,#6772,#6773,#6774,#6775,#6776,#6777,#6778,#6779,
    #6780,#6781,#6782,#6783,#6784,#6785,#6786,#6787,#6788,#6789,#6790,
    #6791,#6792,#6793,#6794,#6795,#6796,#6797,#6798,#6799,#6800,#6801,
    #6802,#6803,#6804,#6805,#6806,#6807,#6808,#6809,#6810,#6811,#6812,
    #6813,#6814,#6815,#6816,#6817,#6818,#6819,#6820,#6821,#6822,#6823,
    #6824,#6825,#6826,#6827,#6828,#6829,#6830,#6831,#6832,#6833,#6834,
    #6835,#6836,#6837,#6838,#6839,#6840,#6841,#6842,#6843,#6844,#6845,
    #6846,#6847,#6848,#6849,#6850,#6851,#6852,#6853,#6854,#6855,#6856,
    #6857,#6858,#6859,#6860,#6861,#6862,#6863,#6864,#6865,#6866,#6867,
    #6868,#6869,#6870,#6871,#6872,#6873,#6874,#6875,#6876,#6877,#6878,
    #6879,#6880,#6881,#6882,#6883,#6884,#6885,#6886,#6887,#6888,#6889,
    #6890,#6891,#6892,#6893,#6894,#6895,#6896),.UNSPECIFIED.,.F.,.F.,(9,
    7,7,7,7,7,7,7,7,7,7,7,7,7,7,7,7,7,7,7,7,7,7,7,7,9),(0.,
    5.41850934876E-02,0.155861518708,0.175321455524,0.235990541327,
    0.267775587452,0.283581909989,0.300388249099,0.325276042019,
    0.403697920326,0.433200072855,0.492997920873,0.500978160919,
    0.514914276819,0.558682715341,0.616168253414,0.696272019762,
    0.74154106864,0.75420236857,0.792539067891,0.830771704763,
    0.850263127394,0.86058630091,0.870909474426,0.952288926093,1.),
  .UNSPECIFIED.);
#6720 = CARTESIAN_POINT('',(9.845023600612,10.441189158987));
#6721 = CARTESIAN_POINT('',(9.898344645373,10.661331055315));
#6722 = CARTESIAN_POINT('',(9.963962758667,10.878733511684));
#6723 = CARTESIAN_POINT('',(10.041349414927,11.092994456839));
#6724 = CARTESIAN_POINT('',(10.129923676437,11.303746428313));
#6725 = CARTESIAN_POINT('',(10.229078210439,11.51065954992));
#6726 = CARTESIAN_POINT('',(10.338200973436,11.713442748615));
#6727 = CARTESIAN_POINT('',(10.456692562682,11.911843210719));
#6728 = CARTESIAN_POINT('',(10.822828647203,12.469304702826));
#6729 = CARTESIAN_POINT('',(11.09253847265,12.816606653823));
#6730 = CARTESIAN_POINT('',(11.38939334528,13.146318800639));
#6731 = CARTESIAN_POINT('',(11.709897953262,13.457318564162));
#6732 = CARTESIAN_POINT('',(12.050857169765,13.748601411748));
#6733 = CARTESIAN_POINT('',(12.409420449499,14.019239346555));
#6734 = CARTESIAN_POINT('',(12.783090490901,14.268288390509));
#6735 = CARTESIAN_POINT('',(13.24369093417,14.537968795994));
#6736 = CARTESIAN_POINT('',(13.318149872377,14.580457008171));
#6737 = CARTESIAN_POINT('',(13.393039596117,14.622079380614));
#6738 = CARTESIAN_POINT('',(13.468379909004,14.662841973641));
#6739 = CARTESIAN_POINT('',(13.544124891422,14.702705120633));
#6740 = CARTESIAN_POINT('',(13.620289685313,14.741671052279));
#6741 = CARTESIAN_POINT('',(13.696846504315,14.779712084184));
#6742 = CARTESIAN_POINT('',(14.013668089524,14.932489133834));
#6743 = CARTESIAN_POINT('',(14.257273096515,15.039033034343));
#6744 = CARTESIAN_POINT('',(14.504246523406,15.135933796915));
#6745 = CARTESIAN_POINT('',(14.754194911604,15.222632989335));
#6746 = CARTESIAN_POINT('',(15.006682827507,15.298535329515));
#6747 = CARTESIAN_POINT('',(15.261230534681,15.363019617787));
#6748 = CARTESIAN_POINT('',(15.517315662219,15.415452246316));
#6749 = CARTESIAN_POINT('',(15.909056448729,15.47602921484));
#6750 = CARTESIAN_POINT('',(16.043998987562,15.49337374826));
#6751 = CARTESIAN_POINT('',(16.179123916084,15.507146437788));
#6752 = CARTESIAN_POINT('',(16.314344320076,15.51725711348));
#6753 = CARTESIAN_POINT('',(16.449569290044,15.523617113316));
#6754 = CARTESIAN_POINT('',(16.584704270442,15.526140512962));
#6755 = CARTESIAN_POINT('',(16.71965140889,15.524745355539));
#6756 = CARTESIAN_POINT('',(16.921273952634,15.516674244961));
#6757 = CARTESIAN_POINT('',(16.988166638775,15.513005661055));
#6758 = CARTESIAN_POINT('',(17.054975520632,15.508339612679));
#6759 = CARTESIAN_POINT('',(17.121688022401,15.502666995649));
#6760 = CARTESIAN_POINT('',(17.188291435668,15.495979118587));
#6761 = CARTESIAN_POINT('',(17.254772919405,15.48826770292));
#6762 = CARTESIAN_POINT('',(17.321119499976,15.479524882881));
#6763 = CARTESIAN_POINT('',(17.457705127283,15.459342660469));
#6764 = CARTESIAN_POINT('',(17.527924023155,15.447767808289));
#6765 = CARTESIAN_POINT('',(17.597962146024,15.435009462971));
#6766 = CARTESIAN_POINT('',(17.667798706763,15.421059950097));
#6767 = CARTESIAN_POINT('',(17.737421465757,15.405911342448));
#6768 = CARTESIAN_POINT('',(17.806816311597,15.389556644791));
#6769 = CARTESIAN_POINT('',(17.875959863964,15.371990650429));
#6770 = CARTESIAN_POINT('',(18.046865207923,15.32538965239));
#6771 = CARTESIAN_POINT('',(18.148380571689,15.294899592794));
#6772 = CARTESIAN_POINT('',(18.249296063449,15.261787636164));
#6773 = CARTESIAN_POINT('',(18.349517212131,15.226102167915));
#6774 = CARTESIAN_POINT('',(18.448950375533,15.187889336034));
#6775 = CARTESIAN_POINT('',(18.547502740319,15.147193051074));
#6776 = CARTESIAN_POINT('',(18.64508232202,15.104054986157));
#6777 = CARTESIAN_POINT('',(19.045720059036,14.915016293172));
#6778 = CARTESIAN_POINT('',(19.339091076022,14.747753707799));
#6779 = CARTESIAN_POINT('',(19.61910863585,14.557906405947));
#6780 = CARTESIAN_POINT('',(19.882823495089,14.346501757076));
#6781 = CARTESIAN_POINT('',(20.126994161321,14.114642497702));
#6782 = CARTESIAN_POINT('',(20.348097810861,13.863582512901));
#6783 = CARTESIAN_POINT('',(20.542450614369,13.594750374285));
#6784 = CARTESIAN_POINT('',(20.768329520611,13.202645551001));
#6785 = CARTESIAN_POINT('',(20.825942160392,13.09299028131));
#6786 = CARTESIAN_POINT('',(20.87945678596,12.981040453215));
#6787 = CARTESIAN_POINT('',(20.928894844339,12.867008086319));
#6788 = CARTESIAN_POINT('',(20.974307732804,12.751074068003));
#6789 = CARTESIAN_POINT('',(21.015730763237,12.633444219649));
#6790 = CARTESIAN_POINT('',(21.053217906907,12.514298461121));
#6791 = CARTESIAN_POINT('',(21.154919562148,12.149623099799));
#6792 = CARTESIAN_POINT('',(21.207037247282,11.899996512448));
#6793 = CARTESIAN_POINT('',(21.243615932933,11.646394550973));
#6794 = CARTESIAN_POINT('',(21.265084139803,11.390225922535));
#6795 = CARTESIAN_POINT('',(21.27185396192,11.132836978024));
#6796 = CARTESIAN_POINT('',(21.264308923215,10.875509054715));
#6797 = CARTESIAN_POINT('',(21.242778862992,10.619470235411));
#6798 = CARTESIAN_POINT('',(21.202793987007,10.332084530944));
#6799 = CARTESIAN_POINT('',(21.197842792258,10.298302767473));
#6800 = CARTESIAN_POINT('',(21.192649245505,10.26458005755));
#6801 = CARTESIAN_POINT('',(21.187214336833,10.230920225056));
#6802 = CARTESIAN_POINT('',(21.181539066961,10.197327093902));
#6803 = CARTESIAN_POINT('',(21.175624447248,10.163804488021));
#6804 = CARTESIAN_POINT('',(21.16947149969,10.130356231378));
#6805 = CARTESIAN_POINT('',(21.15192149974,10.038707765733));
#6806 = CARTESIAN_POINT('',(21.14002971705,9.980634676929));
#6807 = CARTESIAN_POINT('',(21.127404912032,9.922739898473));
#6808 = CARTESIAN_POINT('',(21.114057300032,9.86505120611));
#6809 = CARTESIAN_POINT('',(21.099991709459,9.807569807168));
#6810 = CARTESIAN_POINT('',(21.08521187407,9.750289803982));
#6811 = CARTESIAN_POINT('',(21.069726937765,9.693229476484));
#6812 = CARTESIAN_POINT('',(21.00270935092,9.457860487594));
#6813 = CARTESIAN_POINT('',(20.944972307715,9.281490293389));
#6814 = CARTESIAN_POINT('',(20.880529295429,9.107420752524));
#6815 = CARTESIAN_POINT('',(20.809597054908,8.935782882813));
#6816 = CARTESIAN_POINT('',(20.732405709334,8.766693791888));
#6817 = CARTESIAN_POINT('',(20.649194337763,8.600257671867));
#6818 = CARTESIAN_POINT('',(20.560206548658,8.436566794011));
#6819 = CARTESIAN_POINT('',(20.341542984755,8.06442307957));
#6820 = CARTESIAN_POINT('',(20.207857569345,7.858023135293));
#6821 = CARTESIAN_POINT('',(20.065181396398,7.656679601212));
#6822 = CARTESIAN_POINT('',(19.914066763032,7.460542155374));
#6823 = CARTESIAN_POINT('',(19.755057904123,7.269735582382));
#6824 = CARTESIAN_POINT('',(19.588682222166,7.084362132548));
#6825 = CARTESIAN_POINT('',(19.415441517123,6.904503881049));
#6826 = CARTESIAN_POINT('',(18.985493198294,6.487383738073));
#6827 = CARTESIAN_POINT('',(18.723116935515,6.255824915701));
#6828 = CARTESIAN_POINT('',(18.449527432932,6.036934572676));
#6829 = CARTESIAN_POINT('',(18.165527080141,5.83230141527));
#6830 = CARTESIAN_POINT('',(17.871952988842,5.643739617624));
#6831 = CARTESIAN_POINT('',(17.569732646402,5.473286216707));
#6832 = CARTESIAN_POINT('',(17.259909885465,5.323173187928));
#6833 = CARTESIAN_POINT('',(16.764908182871,5.123777400363));
#6834 = CARTESIAN_POINT('',(16.584151748502,5.059049441448));
#6835 = CARTESIAN_POINT('',(16.401601273206,5.002022685388));
#6836 = CARTESIAN_POINT('',(16.21751909452,4.953147624406));
#6837 = CARTESIAN_POINT('',(16.032200750023,4.91288307792));
#6838 = CARTESIAN_POINT('',(15.845972197565,4.881682771091));
#6839 = CARTESIAN_POINT('',(15.659183986538,4.859978296214));
#6840 = CARTESIAN_POINT('',(15.41991353092,4.844853342982));
#6841 = CARTESIAN_POINT('',(15.367591086879,4.842320444074));
#6842 = CARTESIAN_POINT('',(15.315197096816,4.840548376481));
#6843 = CARTESIAN_POINT('',(15.262802900071,4.839542838619));
#6844 = CARTESIAN_POINT('',(15.210351894255,4.839288974205));
#6845 = CARTESIAN_POINT('',(15.157902722797,4.839790000991));
#6846 = CARTESIAN_POINT('',(15.105434793521,4.841036358687));
#6847 = CARTESIAN_POINT('',(14.894103171298,4.849044961069));
#6848 = CARTESIAN_POINT('',(14.735223577428,4.861864375789));
#6849 = CARTESIAN_POINT('',(14.576555710142,4.881338569035));
#6850 = CARTESIAN_POINT('',(14.418319076549,4.907308332635));
#6851 = CARTESIAN_POINT('',(14.26072488521,4.939603367623));
#6852 = CARTESIAN_POINT('',(14.103974858677,4.978046012715));
#6853 = CARTESIAN_POINT('',(13.948260046039,5.02245497278));
#6854 = CARTESIAN_POINT('',(13.639678746005,5.12270677394));
#6855 = CARTESIAN_POINT('',(13.48680733486,5.178517525077));
#6856 = CARTESIAN_POINT('',(13.335322702407,5.239901076256));
#6857 = CARTESIAN_POINT('',(13.185393031983,5.30667617765));
#6858 = CARTESIAN_POINT('',(13.037177370914,5.378662387749));
#6859 = CARTESIAN_POINT('',(12.890825611526,5.455681907039));
#6860 = CARTESIAN_POINT('',(12.746478472158,5.537561411677));
#6861 = CARTESIAN_POINT('',(12.531766763892,5.668269459432));
#6862 = CARTESIAN_POINT('',(12.45982164336,5.713624599515));
#6863 = CARTESIAN_POINT('',(12.388449721457,5.760176966561));
#6864 = CARTESIAN_POINT('',(12.317668184732,5.807904591147));
#6865 = CARTESIAN_POINT('',(12.247493801414,5.856785875278));
#6866 = CARTESIAN_POINT('',(12.177942921409,5.906799592389));
#6867 = CARTESIAN_POINT('',(12.109031476305,5.957924887345));
#6868 = CARTESIAN_POINT('',(12.004624531658,6.037796471353));
#6869 = CARTESIAN_POINT('',(11.968624509972,6.065783209421));
#6870 = CARTESIAN_POINT('',(11.932778030941,6.094099278262));
#6871 = CARTESIAN_POINT('',(11.897088204491,6.122742460733));
#6872 = CARTESIAN_POINT('',(11.861558133841,6.151710534935));
#6873 = CARTESIAN_POINT('',(11.826190915498,6.181001274213));
#6874 = CARTESIAN_POINT('',(11.790989639263,6.210612447151));
#6875 = CARTESIAN_POINT('',(11.720925614765,6.270470923651));
#6876 = CARTESIAN_POINT('',(11.686060216564,6.300719941324));
#6877 = CARTESIAN_POINT('',(11.651369525488,6.331283057052));
#6878 = CARTESIAN_POINT('',(11.616861679366,6.362154532783));
#6879 = CARTESIAN_POINT('',(11.582544621996,6.393328705958));
#6880 = CARTESIAN_POINT('',(11.548426103149,6.424799989506));
#6881 = CARTESIAN_POINT('',(11.514513678565,6.456562871849));
#6882 = CARTESIAN_POINT('',(11.215160490923,6.741259157349));
#6883 = CARTESIAN_POINT('',(10.964045781494,7.010483234607));
#6884 = CARTESIAN_POINT('',(10.729448775646,7.294674685784));
#6885 = CARTESIAN_POINT('',(10.513962543717,7.59238471663));
#6886 = CARTESIAN_POINT('',(10.320850935227,7.902129512275));
#6887 = CARTESIAN_POINT('',(10.154026906268,8.222026934912));
#6888 = CARTESIAN_POINT('',(10.01796978243,8.549600905609));
#6889 = CARTESIAN_POINT('',(9.858752002146,9.077019300139));
#6890 = CARTESIAN_POINT('',(9.812209590776,9.273512516239));
#6891 = CARTESIAN_POINT('',(9.778968946889,9.47088980793));
#6892 = CARTESIAN_POINT('',(9.760055469471,9.668358362363));
#6893 = CARTESIAN_POINT('',(9.756459845475,9.865020801386));
#6894 = CARTESIAN_POINT('',(9.769036723441,10.059954814226));
#6895 = CARTESIAN_POINT('',(9.798421605048,10.252287502759));
#6896 = CARTESIAN_POINT('',(9.845023600612,10.441189158987));
#6897 = ( GEOMETRIC_REPRESENTATION_CONTEXT(2) 
PARAMETRIC_REPRESENTATION_CONTEXT() REPRESENTATION_CONTEXT('2D SPACE',''
  ) );
#6898 = ORIENTED_EDGE('',*,*,#6899,.F.);
#6899 = EDGE_CURVE('',#5037,#6350,#6900,.T.);
#6900 = SEAM_CURVE('',#6901,(#6909,#6915),.PCURVE_S1.);
#6901 = ( BOUNDED_CURVE() B_SPLINE_CURVE(6,(#6902,#6903,#6904,#6905,
#6906,#6907,#6908),.UNSPECIFIED.,.T.,.F.) B_SPLINE_CURVE_WITH_KNOTS((1,6
    ,6,1),(-6.28318530718,0.,6.28318530718,12.566370614359),
.UNSPECIFIED.) CURVE() GEOMETRIC_REPRESENTATION_ITEM() 
RATIONAL_B_SPLINE_CURVE((1.669078461068,1.03672962321,1.038346699848,
    0.853534330196,1.038346699848,1.03672962321,1.669078461068)) 
REPRESENTATION_ITEM('') );
#6902 = CARTESIAN_POINT('',(8.5,10.5,2.35));
#6903 = CARTESIAN_POINT('',(9.073271574506,10.402283254346,2.35));
#6904 = CARTESIAN_POINT('',(9.155583616035,10.388252792721,
    1.630908133308));
#6905 = CARTESIAN_POINT('',(8.5,10.5,1.037809077647));
#6906 = CARTESIAN_POINT('',(7.844416383965,10.611747207279,
    1.630908133308));
#6907 = CARTESIAN_POINT('',(7.926728425494,10.597716745654,2.35));
#6908 = CARTESIAN_POINT('',(8.5,10.5,2.35));
#6909 = PCURVE('',#5130,#6910);
#6910 = DEFINITIONAL_REPRESENTATION('',(#6911),#6914);
#6911 = B_SPLINE_CURVE_WITH_KNOTS('',1,(#6912,#6913),.UNSPECIFIED.,.F.,
  .F.,(2,2),(0.,6.28318530718),.PIECEWISE_BEZIER_KNOTS.);
#6912 = CARTESIAN_POINT('',(0.,35.58016538479));
#6913 = CARTESIAN_POINT('',(6.28318530718,35.58016538479));
#6914 = ( GEOMETRIC_REPRESENTATION_CONTEXT(2) 
PARAMETRIC_REPRESENTATION_CONTEXT() REPRESENTATION_CONTEXT('2D SPACE',''
  ) );
#6915 = PCURVE('',#5130,#6916);
#6916 = DEFINITIONAL_REPRESENTATION('',(#6917),#6921);
#6917 = LINE('',#6918,#6919);
#6918 = CARTESIAN_POINT('',(0.,0.));
#6919 = VECTOR('',#6920,1.);
#6920 = DIRECTION('',(1.,0.));
#6921 = ( GEOMETRIC_REPRESENTATION_CONTEXT(2) 
PARAMETRIC_REPRESENTATION_CONTEXT() REPRESENTATION_CONTEXT('2D SPACE',''
  ) );
#6922 = ORIENTED_EDGE('',*,*,#5062,.F.);
#6923 = ORIENTED_EDGE('',*,*,#6899,.T.);
#6924 = ADVANCED_FACE('',(#6925),#5587,.F.);
#6925 = FACE_BOUND('',#6926,.F.);
#6926 = EDGE_LOOP('',(#6927,#6928,#6951,#6978));
#6927 = ORIENTED_EDGE('',*,*,#5572,.T.);
#6928 = ORIENTED_EDGE('',*,*,#6929,.T.);
#6929 = EDGE_CURVE('',#5550,#6930,#6932,.T.);
#6930 = VERTEX_POINT('',#6931);
#6931 = CARTESIAN_POINT('',(12.1,-6.,1.1));
#6932 = SEAM_CURVE('',#6933,(#6937,#6944),.PCURVE_S1.);
#6933 = LINE('',#6934,#6935);
#6934 = CARTESIAN_POINT('',(12.1,-6.,-0.9));
#6935 = VECTOR('',#6936,1.);
#6936 = DIRECTION('',(0.,0.,1.));
#6937 = PCURVE('',#5587,#6938);
#6938 = DEFINITIONAL_REPRESENTATION('',(#6939),#6943);
#6939 = LINE('',#6940,#6941);
#6940 = CARTESIAN_POINT('',(0.,0.));
#6941 = VECTOR('',#6942,1.);
#6942 = DIRECTION('',(0.,1.));
#6943 = ( GEOMETRIC_REPRESENTATION_CONTEXT(2) 
PARAMETRIC_REPRESENTATION_CONTEXT() REPRESENTATION_CONTEXT('2D SPACE',''
  ) );
#6944 = PCURVE('',#5587,#6945);
#6945 = DEFINITIONAL_REPRESENTATION('',(#6946),#6950);
#6946 = LINE('',#6947,#6948);
#6947 = CARTESIAN_POINT('',(6.28318530718,0.));
#6948 = VECTOR('',#6949,1.);
#6949 = DIRECTION('',(0.,1.));
#6950 = ( GEOMETRIC_REPRESENTATION_CONTEXT(2) 
PARAMETRIC_REPRESENTATION_CONTEXT() REPRESENTATION_CONTEXT('2D SPACE',''
  ) );
#6951 = ORIENTED_EDGE('',*,*,#6952,.F.);
#6952 = EDGE_CURVE('',#6930,#6930,#6953,.T.);
#6953 = SURFACE_CURVE('',#6954,(#6959,#6966),.PCURVE_S1.);
#6954 = CIRCLE('',#6955,1.1);
#6955 = AXIS2_PLACEMENT_3D('',#6956,#6957,#6958);
#6956 = CARTESIAN_POINT('',(11.,-6.,1.1));
#6957 = DIRECTION('',(0.,0.,1.));
#6958 = DIRECTION('',(1.,0.,-0.));
#6959 = PCURVE('',#5587,#6960);
#6960 = DEFINITIONAL_REPRESENTATION('',(#6961),#6965);
#6961 = LINE('',#6962,#6963);
#6962 = CARTESIAN_POINT('',(0.,2.));
#6963 = VECTOR('',#6964,1.);
#6964 = DIRECTION('',(1.,0.));
#6965 = ( GEOMETRIC_REPRESENTATION_CONTEXT(2) 
PARAMETRIC_REPRESENTATION_CONTEXT() REPRESENTATION_CONTEXT('2D SPACE',''
  ) );
#6966 = PCURVE('',#6967,#6972);
#6967 = PLANE('',#6968);
#6968 = AXIS2_PLACEMENT_3D('',#6969,#6970,#6971);
#6969 = CARTESIAN_POINT('',(11.,-6.,1.1));
#6970 = DIRECTION('',(0.,0.,1.));
#6971 = DIRECTION('',(1.,0.,-0.));
#6972 = DEFINITIONAL_REPRESENTATION('',(#6973),#6977);
#6973 = CIRCLE('',#6974,1.1);
#6974 = AXIS2_PLACEMENT_2D('',#6975,#6976);
#6975 = CARTESIAN_POINT('',(0.,0.));
#6976 = DIRECTION('',(1.,0.));
#6977 = ( GEOMETRIC_REPRESENTATION_CONTEXT(2) 
PARAMETRIC_REPRESENTATION_CONTEXT() REPRESENTATION_CONTEXT('2D SPACE',''
  ) );
#6978 = ORIENTED_EDGE('',*,*,#6929,.F.);
#6979 = ADVANCED_FACE('',(#6980),#5642,.F.);
#6980 = FACE_BOUND('',#6981,.F.);
#6981 = EDGE_LOOP('',(#6982,#6983,#7006,#7033));
#6982 = ORIENTED_EDGE('',*,*,#5627,.T.);
#6983 = ORIENTED_EDGE('',*,*,#6984,.T.);
#6984 = EDGE_CURVE('',#5605,#6985,#6987,.T.);
#6985 = VERTEX_POINT('',#6986);
#6986 = CARTESIAN_POINT('',(12.1,10.,1.1));
#6987 = SEAM_CURVE('',#6988,(#6992,#6999),.PCURVE_S1.);
#6988 = LINE('',#6989,#6990);
#6989 = CARTESIAN_POINT('',(12.1,10.,-0.9));
#6990 = VECTOR('',#6991,1.);
#6991 = DIRECTION('',(0.,0.,1.));
#6992 = PCURVE('',#5642,#6993);
#6993 = DEFINITIONAL_REPRESENTATION('',(#6994),#6998);
#6994 = LINE('',#6995,#6996);
#6995 = CARTESIAN_POINT('',(0.,0.));
#6996 = VECTOR('',#6997,1.);
#6997 = DIRECTION('',(0.,1.));
#6998 = ( GEOMETRIC_REPRESENTATION_CONTEXT(2) 
PARAMETRIC_REPRESENTATION_CONTEXT() REPRESENTATION_CONTEXT('2D SPACE',''
  ) );
#6999 = PCURVE('',#5642,#7000);
#7000 = DEFINITIONAL_REPRESENTATION('',(#7001),#7005);
#7001 = LINE('',#7002,#7003);
#7002 = CARTESIAN_POINT('',(6.28318530718,0.));
#7003 = VECTOR('',#7004,1.);
#7004 = DIRECTION('',(0.,1.));
#7005 = ( GEOMETRIC_REPRESENTATION_CONTEXT(2) 
PARAMETRIC_REPRESENTATION_CONTEXT() REPRESENTATION_CONTEXT('2D SPACE',''
  ) );
#7006 = ORIENTED_EDGE('',*,*,#7007,.F.);
#7007 = EDGE_CURVE('',#6985,#6985,#7008,.T.);
#7008 = SURFACE_CURVE('',#7009,(#7014,#7021),.PCURVE_S1.);
#7009 = CIRCLE('',#7010,1.1);
#7010 = AXIS2_PLACEMENT_3D('',#7011,#7012,#7013);
#7011 = CARTESIAN_POINT('',(11.,10.,1.1));
#7012 = DIRECTION('',(0.,0.,1.));
#7013 = DIRECTION('',(1.,0.,-0.));
#7014 = PCURVE('',#5642,#7015);
#7015 = DEFINITIONAL_REPRESENTATION('',(#7016),#7020);
#7016 = LINE('',#7017,#7018);
#7017 = CARTESIAN_POINT('',(0.,2.));
#7018 = VECTOR('',#7019,1.);
#7019 = DIRECTION('',(1.,0.));
#7020 = ( GEOMETRIC_REPRESENTATION_CONTEXT(2) 
PARAMETRIC_REPRESENTATION_CONTEXT() REPRESENTATION_CONTEXT('2D SPACE',''
  ) );
#7021 = PCURVE('',#7022,#7027);
#7022 = PLANE('',#7023);
#7023 = AXIS2_PLACEMENT_3D('',#7024,#7025,#7026);
#7024 = CARTESIAN_POINT('',(11.,10.,1.1));
#7025 = DIRECTION('',(0.,0.,1.));
#7026 = DIRECTION('',(1.,0.,-0.));
#7027 = DEFINITIONAL_REPRESENTATION('',(#7028),#7032);
#7028 = CIRCLE('',#7029,1.1);
#7029 = AXIS2_PLACEMENT_2D('',#7030,#7031);
#7030 = CARTESIAN_POINT('',(0.,0.));
#7031 = DIRECTION('',(1.,0.));
#7032 = ( GEOMETRIC_REPRESENTATION_CONTEXT(2) 
PARAMETRIC_REPRESENTATION_CONTEXT() REPRESENTATION_CONTEXT('2D SPACE',''
  ) );
#7033 = ORIENTED_EDGE('',*,*,#6984,.F.);
#7034 = ADVANCED_FACE('',(#7035,#7038),#6099,.T.);
#7035 = FACE_BOUND('',#7036,.T.);
#7036 = EDGE_LOOP('',(#7037));
#7037 = ORIENTED_EDGE('',*,*,#5665,.F.);
#7038 = FACE_BOUND('',#7039,.T.);
#7039 = EDGE_LOOP('',(#7040,#7121,#7150,#7218,#7247,#7276));
#7040 = ORIENTED_EDGE('',*,*,#7041,.F.);
#7041 = EDGE_CURVE('',#7042,#7044,#7046,.T.);
#7042 = VERTEX_POINT('',#7043);
#7043 = CARTESIAN_POINT('',(10.696010610621,-8.259973473448,2.));
#7044 = VERTEX_POINT('',#7045);
#7045 = CARTESIAN_POINT('',(10.776810382328,-8.279038064845,2.));
#7046 = SURFACE_CURVE('',#7047,(#7053,#7062),.PCURVE_S1.);
#7047 = B_SPLINE_CURVE_WITH_KNOTS('',4,(#7048,#7049,#7050,#7051,#7052),
  .UNSPECIFIED.,.F.,.F.,(5,5),(0.,1.),.PIECEWISE_BEZIER_KNOTS.);
#7048 = CARTESIAN_POINT('',(10.696010610621,-8.259973473448,2.));
#7049 = CARTESIAN_POINT('',(10.717253447842,-8.264861841238,2.));
#7050 = CARTESIAN_POINT('',(10.738463436889,-8.269828950591,2.));
#7051 = CARTESIAN_POINT('',(10.759640259476,-8.274874955279,2.));
#7052 = CARTESIAN_POINT('',(10.780783599927,-8.28,2.));
#7053 = PCURVE('',#6099,#7054);
#7054 = DEFINITIONAL_REPRESENTATION('',(#7055),#7061);
#7055 = B_SPLINE_CURVE_WITH_KNOTS('',4,(#7056,#7057,#7058,#7059,#7060),
  .UNSPECIFIED.,.F.,.F.,(5,5),(0.,1.),.PIECEWISE_BEZIER_KNOTS.);
#7056 = CARTESIAN_POINT('',(11.696010610621,-8.259973473448));
#7057 = CARTESIAN_POINT('',(11.717253447842,-8.264861841238));
#7058 = CARTESIAN_POINT('',(11.738463436889,-8.269828950591));
#7059 = CARTESIAN_POINT('',(11.759640259476,-8.274874955279));
#7060 = CARTESIAN_POINT('',(11.780783599927,-8.28));
#7061 = ( GEOMETRIC_REPRESENTATION_CONTEXT(2) 
PARAMETRIC_REPRESENTATION_CONTEXT() REPRESENTATION_CONTEXT('2D SPACE',''
  ) );
#7062 = PCURVE('',#7063,#7113);
#7063 = ( BOUNDED_SURFACE() B_SPLINE_SURFACE(6,6,(
    (#7064,#7065,#7066,#7067,#7068,#7069,#7070)
    ,(#7071,#7072,#7073,#7074,#7075,#7076,#7077)
    ,(#7078,#7079,#7080,#7081,#7082,#7083,#7084)
    ,(#7085,#7086,#7087,#7088,#7089,#7090,#7091)
    ,(#7092,#7093,#7094,#7095,#7096,#7097,#7098)
    ,(#7099,#7100,#7101,#7102,#7103,#7104,#7105)
    ,(#7106,#7107,#7108,#7109,#7110,#7111,#7112
)),.UNSPECIFIED.,.T.,.F.,.F.) B_SPLINE_SURFACE_WITH_KNOTS((1,6,6,1),(7,7
    ),(-6.28318530718,0.,6.28318530718,12.566370614359),(0.,
4.075003194084),.UNSPECIFIED.) GEOMETRIC_REPRESENTATION_ITEM() 
RATIONAL_B_SPLINE_SURFACE((
    (1.669078461068,1.669078461068,1.669078461068,1.669078461068
      ,1.669078461068,1.669078461068,1.669078461068)
    ,(1.03672962321,1.03672962321,1.03672962321,1.03672962321
      ,1.03672962321,1.03672962321,1.03672962321)
    ,(1.038346699848,1.038346699848,1.038346699848,1.038346699848
      ,1.038346699848,1.038346699848,1.038346699848)
    ,(0.853534330196,0.853534330196,0.853534330196,0.853534330196
      ,0.853534330196,0.853534330196,0.853534330196)
    ,(1.038346699848,1.038346699848,1.038346699848,1.038346699848
      ,1.038346699848,1.038346699848,1.038346699848)
    ,(1.03672962321,1.03672962321,1.03672962321,1.03672962321
      ,1.03672962321,1.03672962321,1.03672962321)
    ,(1.669078461068,1.669078461068,1.669078461068,1.669078461068
      ,1.669078461068,1.669078461068,1.669078461068
))) REPRESENTATION_ITEM('') SURFACE() );
#7064 = CARTESIAN_POINT('',(10.8,-8.,2.28));
#7065 = CARTESIAN_POINT('',(11.483583764725,-8.161297313047,2.28));
#7066 = CARTESIAN_POINT('',(12.127067356893,-8.391409034209,2.28));
#7067 = CARTESIAN_POINT('',(12.730450776505,-8.690335163485,2.28));
#7068 = CARTESIAN_POINT('',(13.29373402356,-9.058075700876,2.28));
#7069 = CARTESIAN_POINT('',(13.816917098058,-9.494630646381,2.28));
#7070 = CARTESIAN_POINT('',(14.3,-10.,2.28));
#7071 = CARTESIAN_POINT('',(10.627217150144,-8.431957124639,2.28));
#7072 = CARTESIAN_POINT('',(11.271755720175,-8.577636359809,2.28));
#7073 = CARTESIAN_POINT('',(11.875305961828,-8.786861887656,2.28));
#7074 = CARTESIAN_POINT('',(12.439624532482,-9.059117505566,2.28));
#7075 = CARTESIAN_POINT('',(12.967745702318,-9.395029321563,2.28));
#7076 = CARTESIAN_POINT('',(13.461133816852,-9.797385593366,2.28));
#7077 = CARTESIAN_POINT('',(13.919761010861,-10.26806562978,2.28));
#7078 = CARTESIAN_POINT('',(10.602408473515,-8.493978816214,
    1.704726506647));
#7079 = CARTESIAN_POINT('',(11.241340818101,-8.637415561206,
    1.704726506647));
#7080 = CARTESIAN_POINT('',(11.839157310251,-8.843642187158,
    1.704726506647));
#7081 = CARTESIAN_POINT('',(12.397866833443,-9.112068373543,
    1.704726506647));
#7082 = CARTESIAN_POINT('',(12.920939327417,-9.443410126845,
    1.704726506647));
#7083 = CARTESIAN_POINT('',(13.410049392784,-9.840856051135,
    1.704726506647));
#7084 = CARTESIAN_POINT('',(13.865165163348,-10.30655529198,
    1.704726506647));
#7085 = CARTESIAN_POINT('',(10.8,-8.,1.230247262118));
#7086 = CARTESIAN_POINT('',(11.483583764725,-8.161297313047,
    1.230247262118));
#7087 = CARTESIAN_POINT('',(12.127067356893,-8.391409034209,
    1.230247262118));
#7088 = CARTESIAN_POINT('',(12.730450776505,-8.690335163485,
    1.230247262118));
#7089 = CARTESIAN_POINT('',(13.29373402356,-9.058075700876,
    1.230247262118));
#7090 = CARTESIAN_POINT('',(13.816917098058,-9.494630646381,
    1.230247262118));
#7091 = CARTESIAN_POINT('',(14.3,-10.,1.230247262118));
#7092 = CARTESIAN_POINT('',(10.997591526485,-7.506021183786,
    1.704726506647));
#7093 = CARTESIAN_POINT('',(11.725826711349,-7.685179064889,
    1.704726506647));
#7094 = CARTESIAN_POINT('',(12.414977403536,-7.93917588126,
    1.704726506647));
#7095 = CARTESIAN_POINT('',(13.063034719567,-8.268601953427,
    1.704726506647));
#7096 = CARTESIAN_POINT('',(13.666528719702,-8.672741274906,
    1.704726506647));
#7097 = CARTESIAN_POINT('',(14.223784803332,-9.148405241627,
    1.704726506647));
#7098 = CARTESIAN_POINT('',(14.734834836652,-9.69344470802,
    1.704726506647));
#7099 = CARTESIAN_POINT('',(10.972782849856,-7.568042875361,2.28));
#7100 = CARTESIAN_POINT('',(11.695411809275,-7.744958266286,2.28));
#7101 = CARTESIAN_POINT('',(12.378828751958,-7.995956180761,2.28));
#7102 = CARTESIAN_POINT('',(13.021277020528,-8.321552821404,2.28));
#7103 = CARTESIAN_POINT('',(13.619722344802,-8.721122080188,2.28));
#7104 = CARTESIAN_POINT('',(14.172700379264,-9.191875699395,2.28));
#7105 = CARTESIAN_POINT('',(14.680238989139,-9.73193437022,2.28));
#7106 = CARTESIAN_POINT('',(10.8,-8.,2.28));
#7107 = CARTESIAN_POINT('',(11.483583764725,-8.161297313047,2.28));
#7108 = CARTESIAN_POINT('',(12.127067356893,-8.391409034209,2.28));
#7109 = CARTESIAN_POINT('',(12.730450776505,-8.690335163485,2.28));
#7110 = CARTESIAN_POINT('',(13.29373402356,-9.058075700876,2.28));
#7111 = CARTESIAN_POINT('',(13.816917098058,-9.494630646381,2.28));
#7112 = CARTESIAN_POINT('',(14.3,-10.,2.28));
#7113 = DEFINITIONAL_REPRESENTATION('',(#7114),#7120);
#7114 = B_SPLINE_CURVE_WITH_KNOTS('',4,(#7115,#7116,#7117,#7118,#7119),
  .UNSPECIFIED.,.F.,.F.,(5,5),(0.,0.953025700315),
  .PIECEWISE_BEZIER_KNOTS.);
#7115 = CARTESIAN_POINT('',(7.854699542928,0.));
#7116 = CARTESIAN_POINT('',(7.854699542928,2.083024427671E-02));
#7117 = CARTESIAN_POINT('',(7.854699542928,4.167348999637E-02));
#7118 = CARTESIAN_POINT('',(7.854699542928,6.252952993309E-02));
#7119 = CARTESIAN_POINT('',(7.854699542928,8.339815148266E-02));
#7120 = ( GEOMETRIC_REPRESENTATION_CONTEXT(2) 
PARAMETRIC_REPRESENTATION_CONTEXT() REPRESENTATION_CONTEXT('2D SPACE',''
  ) );
#7121 = ORIENTED_EDGE('',*,*,#7122,.F.);
#7122 = EDGE_CURVE('',#7123,#7042,#7125,.T.);
#7123 = VERTEX_POINT('',#7124);
#7124 = CARTESIAN_POINT('',(10.903989389379,-7.740026526552,2.));
#7125 = SURFACE_CURVE('',#7126,(#7131,#7138),.PCURVE_S1.);
#7126 = CIRCLE('',#7127,0.28);
#7127 = AXIS2_PLACEMENT_3D('',#7128,#7129,#7130);
#7128 = CARTESIAN_POINT('',(10.8,-8.,2.));
#7129 = DIRECTION('',(0.,0.,1.));
#7130 = DIRECTION('',(1.,0.,-0.));
#7131 = PCURVE('',#6099,#7132);
#7132 = DEFINITIONAL_REPRESENTATION('',(#7133),#7137);
#7133 = CIRCLE('',#7134,0.28);
#7134 = AXIS2_PLACEMENT_2D('',#7135,#7136);
#7135 = CARTESIAN_POINT('',(11.8,-8.));
#7136 = DIRECTION('',(1.,0.));
#7137 = ( GEOMETRIC_REPRESENTATION_CONTEXT(2) 
PARAMETRIC_REPRESENTATION_CONTEXT() REPRESENTATION_CONTEXT('2D SPACE',''
  ) );
#7138 = PCURVE('',#7139,#7144);
#7139 = SPHERICAL_SURFACE('',#7140,0.28);
#7140 = AXIS2_PLACEMENT_3D('',#7141,#7142,#7143);
#7141 = CARTESIAN_POINT('',(10.8,-8.,2.));
#7142 = DIRECTION('',(0.,0.,1.));
#7143 = DIRECTION('',(1.,0.,-0.));
#7144 = DEFINITIONAL_REPRESENTATION('',(#7145),#7149);
#7145 = LINE('',#7146,#7147);
#7146 = CARTESIAN_POINT('',(0.,0.));
#7147 = VECTOR('',#7148,1.);
#7148 = DIRECTION('',(1.,0.));
#7149 = ( GEOMETRIC_REPRESENTATION_CONTEXT(2) 
PARAMETRIC_REPRESENTATION_CONTEXT() REPRESENTATION_CONTEXT('2D SPACE',''
  ) );
#7150 = ORIENTED_EDGE('',*,*,#7151,.T.);
#7151 = EDGE_CURVE('',#7123,#7152,#7154,.T.);
#7152 = VERTEX_POINT('',#7153);
#7153 = CARTESIAN_POINT('',(14.471489137996,-9.778659819397,2.));
#7154 = SURFACE_CURVE('',#7155,(#7174,#7196),.PCURVE_S1.);
#7155 = B_SPLINE_CURVE_WITH_KNOTS('',5,(#7156,#7157,#7158,#7159,#7160,
    #7161,#7162,#7163,#7164,#7165,#7166,#7167,#7168,#7169,#7170,#7171,
    #7172,#7173),.UNSPECIFIED.,.F.,.F.,(6,4,4,4,6),(0.,0.250444052703,
    0.497301147553,0.747980598515,1.),.UNSPECIFIED.);
#7156 = CARTESIAN_POINT('',(10.903989389379,-7.740026526552,2.));
#7157 = CARTESIAN_POINT('',(11.113512001675,-7.790607415799,2.));
#7158 = CARTESIAN_POINT('',(11.320441139069,-7.848019865239,2.));
#7159 = CARTESIAN_POINT('',(11.524532171427,-7.912367842438,2.));
#7160 = CARTESIAN_POINT('',(11.725536864848,-7.983710864427,2.));
#7161 = CARTESIAN_POINT('',(12.118059099598,-8.139264006283,2.));
#7162 = CARTESIAN_POINT('',(12.309673013384,-8.223275875279,2.));
#7163 = CARTESIAN_POINT('',(12.497823082127,-8.314083580899,2.));
#7164 = CARTESIAN_POINT('',(12.682295406858,-8.41163424957,2.));
#7165 = CARTESIAN_POINT('',(13.046303039975,-8.621615760336,2.));
#7166 = CARTESIAN_POINT('',(13.225719599083,-8.734254728442,2.));
#7167 = CARTESIAN_POINT('',(13.400952369796,-8.853621055848,2.));
#7168 = CARTESIAN_POINT('',(13.571843328111,-8.979548198578,2.));
#7169 = CARTESIAN_POINT('',(13.905593756723,-9.244810940456,2.));
#7170 = CARTESIAN_POINT('',(14.068406945177,-9.384215846886,2.));
#7171 = CARTESIAN_POINT('',(14.22659312651,-9.52982812717,2.));
#7172 = CARTESIAN_POINT('',(14.380082730038,-9.681399743743,2.));
#7173 = CARTESIAN_POINT('',(14.52884690426,-9.838664652321,2.));
#7174 = PCURVE('',#6099,#7175);
#7175 = DEFINITIONAL_REPRESENTATION('',(#7176),#7195);
#7176 = B_SPLINE_CURVE_WITH_KNOTS('',5,(#7177,#7178,#7179,#7180,#7181,
    #7182,#7183,#7184,#7185,#7186,#7187,#7188,#7189,#7190,#7191,#7192,
    #7193,#7194),.UNSPECIFIED.,.F.,.F.,(6,4,4,4,6),(0.,0.250444052703,
    0.497301147553,0.747980598515,1.),.UNSPECIFIED.);
#7177 = CARTESIAN_POINT('',(11.903989389379,-7.740026526552));
#7178 = CARTESIAN_POINT('',(12.113512001675,-7.790607415799));
#7179 = CARTESIAN_POINT('',(12.320441139069,-7.848019865239));
#7180 = CARTESIAN_POINT('',(12.524532171427,-7.912367842438));
#7181 = CARTESIAN_POINT('',(12.725536864848,-7.983710864427));
#7182 = CARTESIAN_POINT('',(13.118059099598,-8.139264006283));
#7183 = CARTESIAN_POINT('',(13.309673013384,-8.223275875279));
#7184 = CARTESIAN_POINT('',(13.497823082127,-8.314083580899));
#7185 = CARTESIAN_POINT('',(13.682295406858,-8.41163424957));
#7186 = CARTESIAN_POINT('',(14.046303039975,-8.621615760336));
#7187 = CARTESIAN_POINT('',(14.225719599083,-8.734254728442));
#7188 = CARTESIAN_POINT('',(14.400952369796,-8.853621055848));
#7189 = CARTESIAN_POINT('',(14.571843328111,-8.979548198578));
#7190 = CARTESIAN_POINT('',(14.905593756723,-9.244810940456));
#7191 = CARTESIAN_POINT('',(15.068406945177,-9.384215846886));
#7192 = CARTESIAN_POINT('',(15.22659312651,-9.52982812717));
#7193 = CARTESIAN_POINT('',(15.380082730038,-9.681399743743));
#7194 = CARTESIAN_POINT('',(15.52884690426,-9.838664652321));
#7195 = ( GEOMETRIC_REPRESENTATION_CONTEXT(2) 
PARAMETRIC_REPRESENTATION_CONTEXT() REPRESENTATION_CONTEXT('2D SPACE',''
  ) );
#7196 = PCURVE('',#7063,#7197);
#7197 = DEFINITIONAL_REPRESENTATION('',(#7198),#7217);
#7198 = B_SPLINE_CURVE_WITH_KNOTS('',5,(#7199,#7200,#7201,#7202,#7203,
    #7204,#7205,#7206,#7207,#7208,#7209,#7210,#7211,#7212,#7213,#7214,
    #7215,#7216),.UNSPECIFIED.,.F.,.F.,(6,4,4,4,6),(0.,0.250444052703,
    0.497301147553,0.747980598515,0.980660431029),.UNSPECIFIED.);
#7199 = CARTESIAN_POINT('',(4.711671071431,0.));
#7200 = CARTESIAN_POINT('',(4.711671071431,0.201250576142));
#7201 = CARTESIAN_POINT('',(4.711671071431,0.403486033824));
#7202 = CARTESIAN_POINT('',(4.711671071431,0.606569951585));
#7203 = CARTESIAN_POINT('',(4.711671071431,0.81035463237));
#7204 = CARTESIAN_POINT('',(4.711671071431,1.216070590529));
#7205 = CARTESIAN_POINT('',(4.711671071431,1.417988381451));
#7206 = CARTESIAN_POINT('',(4.711671071431,1.620271064859));
#7207 = CARTESIAN_POINT('',(4.711671071431,1.822756969069));
#7208 = CARTESIAN_POINT('',(4.711671071431,2.230932036732));
#7209 = CARTESIAN_POINT('',(4.711671071431,2.436624400635));
#7210 = CARTESIAN_POINT('',(4.711671071431,2.642176106316));
#7211 = CARTESIAN_POINT('',(4.711671071431,2.847416471526));
#7212 = CARTESIAN_POINT('',(4.711671071431,3.24223579797));
#7213 = CARTESIAN_POINT('',(4.711671071431,3.431882746429));
#7214 = CARTESIAN_POINT('',(4.711671071431,3.620984571726));
#7215 = CARTESIAN_POINT('',(4.711671071431,3.809419061611));
#7216 = CARTESIAN_POINT('',(4.711671071431,3.997072281378));
#7217 = ( GEOMETRIC_REPRESENTATION_CONTEXT(2) 
PARAMETRIC_REPRESENTATION_CONTEXT() REPRESENTATION_CONTEXT('2D SPACE',''
  ) );
#7218 = ORIENTED_EDGE('',*,*,#7219,.T.);
#7219 = EDGE_CURVE('',#7152,#7220,#7222,.T.);
#7220 = VERTEX_POINT('',#7221);
#7221 = CARTESIAN_POINT('',(14.52884690426,-9.838664652321,2.));
#7222 = SURFACE_CURVE('',#7223,(#7229,#7238),.PCURVE_S1.);
#7223 = B_SPLINE_CURVE_WITH_KNOTS('',4,(#7224,#7225,#7226,#7227,#7228),
  .UNSPECIFIED.,.F.,.F.,(5,5),(0.,1.),.PIECEWISE_BEZIER_KNOTS.);
#7224 = CARTESIAN_POINT('',(14.41423395428,-9.72,2.));
#7225 = CARTESIAN_POINT('',(14.443161720003,-9.749329982131,2.));
#7226 = CARTESIAN_POINT('',(14.471906632584,-9.778885573356,2.));
#7227 = CARTESIAN_POINT('',(14.500468483988,-9.808664622455,2.));
#7228 = CARTESIAN_POINT('',(14.52884690426,-9.838664652321,2.));
#7229 = PCURVE('',#6099,#7230);
#7230 = DEFINITIONAL_REPRESENTATION('',(#7231),#7237);
#7231 = B_SPLINE_CURVE_WITH_KNOTS('',4,(#7232,#7233,#7234,#7235,#7236),
  .UNSPECIFIED.,.F.,.F.,(5,5),(0.,1.),.PIECEWISE_BEZIER_KNOTS.);
#7232 = CARTESIAN_POINT('',(15.41423395428,-9.72));
#7233 = CARTESIAN_POINT('',(15.443161720003,-9.749329982131));
#7234 = CARTESIAN_POINT('',(15.471906632584,-9.778885573356));
#7235 = CARTESIAN_POINT('',(15.500468483988,-9.808664622455));
#7236 = CARTESIAN_POINT('',(15.52884690426,-9.838664652321));
#7237 = ( GEOMETRIC_REPRESENTATION_CONTEXT(2) 
PARAMETRIC_REPRESENTATION_CONTEXT() REPRESENTATION_CONTEXT('2D SPACE',''
  ) );
#7238 = PCURVE('',#7063,#7239);
#7239 = DEFINITIONAL_REPRESENTATION('',(#7240),#7246);
#7240 = B_SPLINE_CURVE_WITH_KNOTS('',4,(#7241,#7242,#7243,#7244,#7245),
  .UNSPECIFIED.,.F.,.F.,(5,5),(0.497156130916,1.),
  .PIECEWISE_BEZIER_KNOTS.);
#7241 = CARTESIAN_POINT('',(4.711671071431,3.997072293252));
#7242 = CARTESIAN_POINT('',(4.711671071431,4.01656867591));
#7243 = CARTESIAN_POINT('',(4.711671071431,4.036056058379));
#7244 = CARTESIAN_POINT('',(4.711671071431,4.055534276217));
#7245 = CARTESIAN_POINT('',(4.711671071431,4.075003194084));
#7246 = ( GEOMETRIC_REPRESENTATION_CONTEXT(2) 
PARAMETRIC_REPRESENTATION_CONTEXT() REPRESENTATION_CONTEXT('2D SPACE',''
  ) );
#7247 = ORIENTED_EDGE('',*,*,#7248,.F.);
#7248 = EDGE_CURVE('',#7249,#7220,#7251,.T.);
#7249 = VERTEX_POINT('',#7250);
#7250 = CARTESIAN_POINT('',(14.07115309574,-10.16133534767,2.));
#7251 = SURFACE_CURVE('',#7252,(#7257,#7264),.PCURVE_S1.);
#7252 = CIRCLE('',#7253,0.28);
#7253 = AXIS2_PLACEMENT_3D('',#7254,#7255,#7256);
#7254 = CARTESIAN_POINT('',(14.3,-10.,2.));
#7255 = DIRECTION('',(7.88860905221E-31,-1.101033880645E-14,1.));
#7256 = DIRECTION('',(-0.817310372357,-0.576197670281,
    -6.344131569287E-15));
#7257 = PCURVE('',#6099,#7258);
#7258 = DEFINITIONAL_REPRESENTATION('',(#7259),#7263);
#7259 = CIRCLE('',#7260,0.28);
#7260 = AXIS2_PLACEMENT_2D('',#7261,#7262);
#7261 = CARTESIAN_POINT('',(15.3,-10.));
#7262 = DIRECTION('',(-0.817310372357,-0.576197670281));
#7263 = ( GEOMETRIC_REPRESENTATION_CONTEXT(2) 
PARAMETRIC_REPRESENTATION_CONTEXT() REPRESENTATION_CONTEXT('2D SPACE',''
  ) );
#7264 = PCURVE('',#7265,#7270);
#7265 = SPHERICAL_SURFACE('',#7266,0.28);
#7266 = AXIS2_PLACEMENT_3D('',#7267,#7268,#7269);
#7267 = CARTESIAN_POINT('',(14.3,-10.,2.));
#7268 = DIRECTION('',(0.,0.,1.));
#7269 = DIRECTION('',(1.,0.,-0.));
#7270 = DEFINITIONAL_REPRESENTATION('',(#7271),#7275);
#7271 = LINE('',#7272,#7273);
#7272 = CARTESIAN_POINT('',(3.755661426023,0.));
#7273 = VECTOR('',#7274,1.);
#7274 = DIRECTION('',(1.,0.));
#7275 = ( GEOMETRIC_REPRESENTATION_CONTEXT(2) 
PARAMETRIC_REPRESENTATION_CONTEXT() REPRESENTATION_CONTEXT('2D SPACE',''
  ) );
#7276 = ORIENTED_EDGE('',*,*,#7277,.F.);
#7277 = EDGE_CURVE('',#7044,#7249,#7278,.T.);
#7278 = SURFACE_CURVE('',#7279,(#7298,#7320),.PCURVE_S1.);
#7279 = B_SPLINE_CURVE_WITH_KNOTS('',5,(#7280,#7281,#7282,#7283,#7284,
    #7285,#7286,#7287,#7288,#7289,#7290,#7291,#7292,#7293,#7294,#7295,
    #7296,#7297),.UNSPECIFIED.,.F.,.F.,(6,4,4,4,6),(0.,0.27165075878,
    0.540020512908,0.768763669378,1.),.UNSPECIFIED.);
#7280 = CARTESIAN_POINT('',(10.696010610621,-8.259973473448,2.));
#7281 = CARTESIAN_POINT('',(10.907679402101,-8.308682357841,2.));
#7282 = CARTESIAN_POINT('',(11.116291617125,-8.364720800286,2.));
#7283 = CARTESIAN_POINT('',(11.321598818584,-8.428207129484,2.));
#7284 = CARTESIAN_POINT('',(11.523366710819,-8.49921665871,2.));
#7285 = CARTESIAN_POINT('',(11.916995148133,-8.655366337499,2.));
#7286 = CARTESIAN_POINT('',(12.108947747721,-8.740326180011,2.));
#7287 = CARTESIAN_POINT('',(12.297023042655,-8.832661165003,2.));
#7288 = CARTESIAN_POINT('',(12.481036930446,-8.932335650734,2.));
#7289 = CARTESIAN_POINT('',(12.814074814853,-9.130385259127,2.));
#7290 = CARTESIAN_POINT('',(12.964254285772,-9.226779729732,2.));
#7291 = CARTESIAN_POINT('',(13.111270178455,-9.328378696067,2.));
#7292 = CARTESIAN_POINT('',(13.255042123196,-9.435095470474,2.));
#7293 = CARTESIAN_POINT('',(13.537503451805,-9.659753134916,2.));
#7294 = CARTESIAN_POINT('',(13.676120730548,-9.777804445346,2.));
#7295 = CARTESIAN_POINT('',(13.811294653521,-9.90085053739,2.));
#7296 = CARTESIAN_POINT('',(13.942980458679,-10.02874929662,2.));
#7297 = CARTESIAN_POINT('',(14.07115309574,-10.16133534767,2.));
#7298 = PCURVE('',#6099,#7299);
#7299 = DEFINITIONAL_REPRESENTATION('',(#7300),#7319);
#7300 = B_SPLINE_CURVE_WITH_KNOTS('',5,(#7301,#7302,#7303,#7304,#7305,
    #7306,#7307,#7308,#7309,#7310,#7311,#7312,#7313,#7314,#7315,#7316,
    #7317,#7318),.UNSPECIFIED.,.F.,.F.,(6,4,4,4,6),(0.,0.27165075878,
    0.540020512908,0.768763669378,1.),.UNSPECIFIED.);
#7301 = CARTESIAN_POINT('',(11.696010610621,-8.259973473448));
#7302 = CARTESIAN_POINT('',(11.907679402101,-8.308682357841));
#7303 = CARTESIAN_POINT('',(12.116291617125,-8.364720800286));
#7304 = CARTESIAN_POINT('',(12.321598818584,-8.428207129484));
#7305 = CARTESIAN_POINT('',(12.523366710819,-8.49921665871));
#7306 = CARTESIAN_POINT('',(12.916995148133,-8.655366337499));
#7307 = CARTESIAN_POINT('',(13.108947747721,-8.740326180011));
#7308 = CARTESIAN_POINT('',(13.297023042655,-8.832661165003));
#7309 = CARTESIAN_POINT('',(13.481036930446,-8.932335650734));
#7310 = CARTESIAN_POINT('',(13.814074814853,-9.130385259127));
#7311 = CARTESIAN_POINT('',(13.964254285772,-9.226779729732));
#7312 = CARTESIAN_POINT('',(14.111270178455,-9.328378696067));
#7313 = CARTESIAN_POINT('',(14.255042123196,-9.435095470474));
#7314 = CARTESIAN_POINT('',(14.537503451805,-9.659753134916));
#7315 = CARTESIAN_POINT('',(14.676120730548,-9.777804445346));
#7316 = CARTESIAN_POINT('',(14.811294653521,-9.90085053739));
#7317 = CARTESIAN_POINT('',(14.942980458679,-10.02874929662));
#7318 = CARTESIAN_POINT('',(15.07115309574,-10.16133534767));
#7319 = ( GEOMETRIC_REPRESENTATION_CONTEXT(2) 
PARAMETRIC_REPRESENTATION_CONTEXT() REPRESENTATION_CONTEXT('2D SPACE',''
  ) );
#7320 = PCURVE('',#7063,#7321);
#7321 = DEFINITIONAL_REPRESENTATION('',(#7322),#7341);
#7322 = B_SPLINE_CURVE_WITH_KNOTS('',5,(#7323,#7324,#7325,#7326,#7327,
    #7328,#7329,#7330,#7331,#7332,#7333,#7334,#7335,#7336,#7337,#7338,
    #7339,#7340),.UNSPECIFIED.,.F.,.F.,(6,4,4,4,6),(2.07855235446E-02,
    0.27165075878,0.540020512908,0.768763669378,1.),.UNSPECIFIED.);
#7323 = CARTESIAN_POINT('',(7.854699542928,8.339815079229E-02));
#7324 = CARTESIAN_POINT('',(7.854699542928,0.28489276781));
#7325 = CARTESIAN_POINT('',(7.854699542928,0.487487398082));
#7326 = CARTESIAN_POINT('',(7.854699542928,0.691030817587));
#7327 = CARTESIAN_POINT('',(7.854699542928,0.895349725536));
#7328 = CARTESIAN_POINT('',(7.854699542928,1.319449300439));
#7329 = CARTESIAN_POINT('',(7.854699542928,1.539316116382));
#7330 = CARTESIAN_POINT('',(7.854699542928,1.759614185557));
#7331 = CARTESIAN_POINT('',(7.854699542928,1.98009437532));
#7332 = CARTESIAN_POINT('',(7.854699542928,2.388364447988));
#7333 = CARTESIAN_POINT('',(7.854699542928,2.576175730218));
#7334 = CARTESIAN_POINT('',(7.854699542928,2.763777721437));
#7335 = CARTESIAN_POINT('',(7.854699542928,2.951018577353));
#7336 = CARTESIAN_POINT('',(7.854699542928,3.326521637785));
#7337 = CARTESIAN_POINT('',(7.854699542928,3.514773906171));
#7338 = CARTESIAN_POINT('',(7.854699542928,3.702359103592));
#7339 = CARTESIAN_POINT('',(7.854699542928,3.889142179553));
#7340 = CARTESIAN_POINT('',(7.854699542928,4.075003194084));
#7341 = ( GEOMETRIC_REPRESENTATION_CONTEXT(2) 
PARAMETRIC_REPRESENTATION_CONTEXT() REPRESENTATION_CONTEXT('2D SPACE',''
  ) );
#7342 = ADVANCED_FACE('',(#7343,#7346,#7631),#6713,.T.);
#7343 = FACE_BOUND('',#7344,.T.);
#7344 = EDGE_LOOP('',(#7345));
#7345 = ORIENTED_EDGE('',*,*,#6349,.F.);
#7346 = FACE_BOUND('',#7347,.T.);
#7347 = EDGE_LOOP('',(#7348,#7434,#7463,#7519,#7548,#7577));
#7348 = ORIENTED_EDGE('',*,*,#7349,.F.);
#7349 = EDGE_CURVE('',#7350,#7352,#7354,.T.);
#7350 = VERTEX_POINT('',#7351);
#7351 = CARTESIAN_POINT('',(11.182221584568,7.287408151338,2.));
#7352 = VERTEX_POINT('',#7353);
#7353 = CARTESIAN_POINT('',(11.21879286841,7.325272553007,2.));
#7354 = SURFACE_CURVE('',#7355,(#7365,#7378),.PCURVE_S1.);
#7355 = B_SPLINE_CURVE_WITH_KNOTS('',8,(#7356,#7357,#7358,#7359,#7360,
    #7361,#7362,#7363,#7364),.UNSPECIFIED.,.F.,.F.,(9,9),(0.,1.),
  .PIECEWISE_BEZIER_KNOTS.);
#7356 = CARTESIAN_POINT('',(11.182221584568,7.287408151338,2.));
#7357 = CARTESIAN_POINT('',(11.194411366888,7.300055717958,2.));
#7358 = CARTESIAN_POINT('',(11.20661029653,7.312692346811,2.));
#7359 = CARTESIAN_POINT('',(11.218819378807,7.3253190635,2.));
#7360 = CARTESIAN_POINT('',(11.231035425656,7.337932593945,2.));
#7361 = CARTESIAN_POINT('',(11.243264450435,7.35053909873,2.));
#7362 = CARTESIAN_POINT('',(11.255499056723,7.363130989122,2.));
#7363 = CARTESIAN_POINT('',(11.267745215547,7.37571438194,2.));
#7364 = CARTESIAN_POINT('',(11.28,7.388286271653,2.));
#7365 = PCURVE('',#6713,#7366);
#7366 = DEFINITIONAL_REPRESENTATION('',(#7367),#7377);
#7367 = B_SPLINE_CURVE_WITH_KNOTS('',8,(#7368,#7369,#7370,#7371,#7372,
    #7373,#7374,#7375,#7376),.UNSPECIFIED.,.F.,.F.,(9,9),(0.,1.),
  .PIECEWISE_BEZIER_KNOTS.);
#7368 = CARTESIAN_POINT('',(12.182221584568,7.287408151338));
#7369 = CARTESIAN_POINT('',(12.194411366888,7.300055717958));
#7370 = CARTESIAN_POINT('',(12.20661029653,7.312692346811));
#7371 = CARTESIAN_POINT('',(12.218819378807,7.3253190635));
#7372 = CARTESIAN_POINT('',(12.231035425656,7.337932593945));
#7373 = CARTESIAN_POINT('',(12.243264450435,7.35053909873));
#7374 = CARTESIAN_POINT('',(12.255499056723,7.363130989122));
#7375 = CARTESIAN_POINT('',(12.267745215547,7.37571438194));
#7376 = CARTESIAN_POINT('',(12.28,7.388286271653));
#7377 = ( GEOMETRIC_REPRESENTATION_CONTEXT(2) 
PARAMETRIC_REPRESENTATION_CONTEXT() REPRESENTATION_CONTEXT('2D SPACE',''
  ) );
#7378 = PCURVE('',#7379,#7422);
#7379 = ( BOUNDED_SURFACE() B_SPLINE_SURFACE(6,5,(
    (#7380,#7381,#7382,#7383,#7384,#7385)
    ,(#7386,#7387,#7388,#7389,#7390,#7391)
    ,(#7392,#7393,#7394,#7395,#7396,#7397)
    ,(#7398,#7399,#7400,#7401,#7402,#7403)
    ,(#7404,#7405,#7406,#7407,#7408,#7409)
    ,(#7410,#7411,#7412,#7413,#7414,#7415)
    ,(#7416,#7417,#7418,#7419,#7420,#7421
)),.UNSPECIFIED.,.T.,.F.,.F.) B_SPLINE_SURFACE_WITH_KNOTS((1,6,6,1),(6,6
    ),(-6.28318530718,0.,6.28318530718,12.566370614359),(0.,
8.108343365554),.UNSPECIFIED.) GEOMETRIC_REPRESENTATION_ITEM() 
RATIONAL_B_SPLINE_SURFACE((
    (1.669078461068,1.669078461068,1.669078461068,1.669078461068
      ,1.669078461068,1.669078461068)
    ,(1.03672962321,1.03672962321,1.03672962321,1.03672962321
      ,1.03672962321,1.03672962321)
    ,(1.038346699848,1.038346699848,1.038346699848,1.038346699848
      ,1.038346699848,1.038346699848)
    ,(0.853534330196,0.853534330196,0.853534330196,0.853534330196
      ,0.853534330196,0.853534330196)
    ,(1.038346699848,1.038346699848,1.038346699848,1.038346699848
      ,1.038346699848,1.038346699848)
    ,(1.03672962321,1.03672962321,1.03672962321,1.03672962321
      ,1.03672962321,1.03672962321)
    ,(1.669078461068,1.669078461068,1.669078461068,1.669078461068
,1.669078461068,1.669078461068))) REPRESENTATION_ITEM('') SURFACE() );
#7380 = CARTESIAN_POINT('',(11.,7.5,2.28));
#7381 = CARTESIAN_POINT('',(12.140693231866,8.681026334039,2.28));
#7382 = CARTESIAN_POINT('',(13.361039847799,9.751539501058,2.28));
#7383 = CARTESIAN_POINT('',(14.661039847799,10.711539501058,2.28));
#7384 = CARTESIAN_POINT('',(16.040693231866,11.561026334039,2.28));
#7385 = CARTESIAN_POINT('',(17.5,12.3,2.28));
#7386 = CARTESIAN_POINT('',(11.302769012058,7.146769485932,2.28));
#7387 = CARTESIAN_POINT('',(12.420388637811,8.308018443303,2.28));
#7388 = CARTESIAN_POINT('',(13.615367946787,9.360056381549,2.28));
#7389 = CARTESIAN_POINT('',(14.888078525274,10.303612232431,2.28));
#7390 = CARTESIAN_POINT('',(16.239419909097,11.139260743807,2.28));
#7391 = CARTESIAN_POINT('',(17.670229306508,11.867030192812,2.28));
#7392 = CARTESIAN_POINT('',(11.346241489332,7.09605159578,1.704726506647
    ));
#7393 = CARTESIAN_POINT('',(12.460548137939,8.254460858454,
    1.704726506647));
#7394 = CARTESIAN_POINT('',(13.651885133365,9.30384606828,1.704726506647
    ));
#7395 = CARTESIAN_POINT('',(14.920677415364,10.245040819214,
    1.704726506647));
#7396 = CARTESIAN_POINT('',(16.267953677797,11.078702383123,
    1.704726506647));
#7397 = CARTESIAN_POINT('',(17.694671337772,11.804863097258,
    1.704726506647));
#7398 = CARTESIAN_POINT('',(11.,7.5,1.230247262118));
#7399 = CARTESIAN_POINT('',(12.140693231866,8.681026334039,
    1.230247262118));
#7400 = CARTESIAN_POINT('',(13.361039847799,9.751539501058,
    1.230247262118));
#7401 = CARTESIAN_POINT('',(14.661039847799,10.711539501058,
    1.230247262118));
#7402 = CARTESIAN_POINT('',(16.040693231866,11.561026334039,
    1.230247262118));
#7403 = CARTESIAN_POINT('',(17.5,12.3,1.230247262118));
#7404 = CARTESIAN_POINT('',(10.653758510668,7.90394840422,1.704726506647
    ));
#7405 = CARTESIAN_POINT('',(11.820838325793,9.107591809624,
    1.704726506647));
#7406 = CARTESIAN_POINT('',(13.070194562234,10.199232933837,
    1.704726506647));
#7407 = CARTESIAN_POINT('',(14.401402280235,11.178038182903,
    1.704726506647));
#7408 = CARTESIAN_POINT('',(15.813432785935,12.043350284955,
    1.704726506647));
#7409 = CARTESIAN_POINT('',(17.305328662228,12.795136902742,
    1.704726506647));
#7410 = CARTESIAN_POINT('',(10.697230987942,7.853230514068,2.28));
#7411 = CARTESIAN_POINT('',(11.860997825921,9.054034224775,2.28));
#7412 = CARTESIAN_POINT('',(13.106711748811,10.143022620568,2.28));
#7413 = CARTESIAN_POINT('',(14.434001170325,11.119466769686,2.28));
#7414 = CARTESIAN_POINT('',(15.841966554635,11.982791924271,2.28));
#7415 = CARTESIAN_POINT('',(17.329770693492,12.732969807188,2.28));
#7416 = CARTESIAN_POINT('',(11.,7.5,2.28));
#7417 = CARTESIAN_POINT('',(12.140693231866,8.681026334039,2.28));
#7418 = CARTESIAN_POINT('',(13.361039847799,9.751539501058,2.28));
#7419 = CARTESIAN_POINT('',(14.661039847799,10.711539501058,2.28));
#7420 = CARTESIAN_POINT('',(16.040693231866,11.561026334039,2.28));
#7421 = CARTESIAN_POINT('',(17.5,12.3,2.28));
#7422 = DEFINITIONAL_REPRESENTATION('',(#7423),#7433);
#7423 = B_SPLINE_CURVE_WITH_KNOTS('',8,(#7424,#7425,#7426,#7427,#7428,
    #7429,#7430,#7431,#7432),.UNSPECIFIED.,.F.,.F.,(9,9),(0.,
    0.374645449334),.PIECEWISE_BEZIER_KNOTS.);
#7424 = CARTESIAN_POINT('',(7.854699542928,0.));
#7425 = CARTESIAN_POINT('',(7.854699542928,6.572479539198E-03));
#7426 = CARTESIAN_POINT('',(7.854699542928,1.314517355722E-02));
#7427 = CARTESIAN_POINT('',(7.854699542928,1.971800603977E-02));
#7428 = CARTESIAN_POINT('',(7.854699542928,2.629101905004E-02));
#7429 = CARTESIAN_POINT('',(7.854699542928,3.286423136867E-02));
#7430 = CARTESIAN_POINT('',(7.854699542928,3.943763952236E-02));
#7431 = CARTESIAN_POINT('',(7.854699542928,4.601123466877E-02));
#7432 = CARTESIAN_POINT('',(7.854699542928,5.258501085837E-02));
#7433 = ( GEOMETRIC_REPRESENTATION_CONTEXT(2) 
PARAMETRIC_REPRESENTATION_CONTEXT() REPRESENTATION_CONTEXT('2D SPACE',''
  ) );
#7434 = ORIENTED_EDGE('',*,*,#7435,.F.);
#7435 = EDGE_CURVE('',#7436,#7350,#7438,.T.);
#7436 = VERTEX_POINT('',#7437);
#7437 = CARTESIAN_POINT('',(10.817778415432,7.712591848662,2.));
#7438 = SURFACE_CURVE('',#7439,(#7444,#7451),.PCURVE_S1.);
#7439 = CIRCLE('',#7440,0.28);
#7440 = AXIS2_PLACEMENT_3D('',#7441,#7442,#7443);
#7441 = CARTESIAN_POINT('',(11.,7.5,2.));
#7442 = DIRECTION('',(0.,0.,1.));
#7443 = DIRECTION('',(1.,0.,-0.));
#7444 = PCURVE('',#6713,#7445);
#7445 = DEFINITIONAL_REPRESENTATION('',(#7446),#7450);
#7446 = CIRCLE('',#7447,0.28);
#7447 = AXIS2_PLACEMENT_2D('',#7448,#7449);
#7448 = CARTESIAN_POINT('',(12.,7.5));
#7449 = DIRECTION('',(1.,0.));
#7450 = ( GEOMETRIC_REPRESENTATION_CONTEXT(2) 
PARAMETRIC_REPRESENTATION_CONTEXT() REPRESENTATION_CONTEXT('2D SPACE',''
  ) );
#7451 = PCURVE('',#7452,#7457);
#7452 = SPHERICAL_SURFACE('',#7453,0.28);
#7453 = AXIS2_PLACEMENT_3D('',#7454,#7455,#7456);
#7454 = CARTESIAN_POINT('',(11.,7.5,2.));
#7455 = DIRECTION('',(0.,0.,1.));
#7456 = DIRECTION('',(1.,0.,-0.));
#7457 = DEFINITIONAL_REPRESENTATION('',(#7458),#7462);
#7458 = LINE('',#7459,#7460);
#7459 = CARTESIAN_POINT('',(0.,0.));
#7460 = VECTOR('',#7461,1.);
#7461 = DIRECTION('',(1.,0.));
#7462 = ( GEOMETRIC_REPRESENTATION_CONTEXT(2) 
PARAMETRIC_REPRESENTATION_CONTEXT() REPRESENTATION_CONTEXT('2D SPACE',''
  ) );
#7463 = ORIENTED_EDGE('',*,*,#7464,.T.);
#7464 = EDGE_CURVE('',#7436,#7465,#7467,.T.);
#7465 = VERTEX_POINT('',#7466);
#7466 = CARTESIAN_POINT('',(17.350583868347,12.536801223818,2.));
#7467 = SURFACE_CURVE('',#7468,(#7483,#7501),.PCURVE_S1.);
#7468 = B_SPLINE_CURVE_WITH_KNOTS('',4,(#7469,#7470,#7471,#7472,#7473,
    #7474,#7475,#7476,#7477,#7478,#7479,#7480,#7481,#7482),
  .UNSPECIFIED.,.F.,.F.,(5,3,3,3,5),(0.,0.26460392006,0.528170833364,
    0.763732949142,1.),.UNSPECIFIED.);
#7469 = CARTESIAN_POINT('',(10.817778415432,7.712591848662,2.));
#7470 = CARTESIAN_POINT('',(11.197564151389,8.104992131107,2.));
#7471 = CARTESIAN_POINT('',(11.587672602201,8.48555003378,2.));
#7472 = CARTESIAN_POINT('',(11.987976180136,8.853863645806,2.));
#7473 = CARTESIAN_POINT('',(12.806922045377,9.563964079065,2.));
#7474 = CARTESIAN_POINT('',(13.225486844437,9.905850043823,2.));
#7475 = CARTESIAN_POINT('',(13.653727595711,10.234951007786,2.));
#7476 = CARTESIAN_POINT('',(14.482456923493,10.833557700021,2.));
#7477 = CARTESIAN_POINT('',(14.881060067749,11.105680559269,2.));
#7478 = CARTESIAN_POINT('',(15.28693414666,11.367259896776,2.));
#7479 = CARTESIAN_POINT('',(16.113940557691,11.86991062094,2.));
#7480 = CARTESIAN_POINT('',(16.535115464441,12.110918454132,2.));
#7481 = CARTESIAN_POINT('',(16.963082244484,12.341146925072,2.));
#7482 = CARTESIAN_POINT('',(17.397547461146,12.560582956623,2.));
#7483 = PCURVE('',#6713,#7484);
#7484 = DEFINITIONAL_REPRESENTATION('',(#7485),#7500);
#7485 = B_SPLINE_CURVE_WITH_KNOTS('',4,(#7486,#7487,#7488,#7489,#7490,
    #7491,#7492,#7493,#7494,#7495,#7496,#7497,#7498,#7499),
  .UNSPECIFIED.,.F.,.F.,(5,3,3,3,5),(0.,0.26460392006,0.528170833364,
    0.763732949142,1.),.UNSPECIFIED.);
#7486 = CARTESIAN_POINT('',(11.817778415432,7.712591848662));
#7487 = CARTESIAN_POINT('',(12.197564151389,8.104992131107));
#7488 = CARTESIAN_POINT('',(12.587672602201,8.48555003378));
#7489 = CARTESIAN_POINT('',(12.987976180136,8.853863645806));
#7490 = CARTESIAN_POINT('',(13.806922045377,9.563964079065));
#7491 = CARTESIAN_POINT('',(14.225486844437,9.905850043823));
#7492 = CARTESIAN_POINT('',(14.653727595711,10.234951007786));
#7493 = CARTESIAN_POINT('',(15.482456923493,10.833557700021));
#7494 = CARTESIAN_POINT('',(15.881060067749,11.105680559269));
#7495 = CARTESIAN_POINT('',(16.28693414666,11.367259896776));
#7496 = CARTESIAN_POINT('',(17.113940557691,11.86991062094));
#7497 = CARTESIAN_POINT('',(17.535115464441,12.110918454132));
#7498 = CARTESIAN_POINT('',(17.963082244484,12.341146925072));
#7499 = CARTESIAN_POINT('',(18.397547461146,12.560582956623));
#7500 = ( GEOMETRIC_REPRESENTATION_CONTEXT(2) 
PARAMETRIC_REPRESENTATION_CONTEXT() REPRESENTATION_CONTEXT('2D SPACE',''
  ) );
#7501 = PCURVE('',#7379,#7502);
#7502 = DEFINITIONAL_REPRESENTATION('',(#7503),#7518);
#7503 = B_SPLINE_CURVE_WITH_KNOTS('',4,(#7504,#7505,#7506,#7507,#7508,
    #7509,#7510,#7511,#7512,#7513,#7514,#7515,#7516,#7517),
  .UNSPECIFIED.,.F.,.F.,(5,3,3,3,5),(0.,0.26460392006,0.528170833364,
    0.763732949142,0.993611289018),.UNSPECIFIED.);
#7504 = CARTESIAN_POINT('',(4.711671071431,0.));
#7505 = CARTESIAN_POINT('',(4.711671071431,0.533429112482));
#7506 = CARTESIAN_POINT('',(4.711671071431,1.068221167149));
#7507 = CARTESIAN_POINT('',(4.711671071431,1.604059491992));
#7508 = CARTESIAN_POINT('',(4.711671071431,2.675043043737));
#7509 = CARTESIAN_POINT('',(4.711671071431,3.210183556678));
#7510 = CARTESIAN_POINT('',(4.711671071431,3.745686472197));
#7511 = CARTESIAN_POINT('',(4.711671071431,4.759823594854));
#7512 = CARTESIAN_POINT('',(4.711671071431,5.238455183442));
#7513 = CARTESIAN_POINT('',(4.711671071431,5.716852950516));
#7514 = CARTESIAN_POINT('',(4.711671071431,6.661164154785));
#7515 = CARTESIAN_POINT('',(4.711671071431,7.127100747622));
#7516 = CARTESIAN_POINT('',(4.711671071431,7.592358798652));
#7517 = CARTESIAN_POINT('',(4.711671071431,8.056725361349));
#7518 = ( GEOMETRIC_REPRESENTATION_CONTEXT(2) 
PARAMETRIC_REPRESENTATION_CONTEXT() REPRESENTATION_CONTEXT('2D SPACE',''
  ) );
#7519 = ORIENTED_EDGE('',*,*,#7520,.T.);
#7520 = EDGE_CURVE('',#7465,#7521,#7523,.T.);
#7521 = VERTEX_POINT('',#7522);
#7522 = CARTESIAN_POINT('',(17.397547461146,12.560582956623,2.));
#7523 = SURFACE_CURVE('',#7524,(#7530,#7539),.PCURVE_S1.);
#7524 = B_SPLINE_CURVE_WITH_KNOTS('',4,(#7525,#7526,#7527,#7528,#7529),
  .UNSPECIFIED.,.F.,.F.,(5,5),(0.,1.),.PIECEWISE_BEZIER_KNOTS.);
#7525 = CARTESIAN_POINT('',(17.22,12.470022700822,2.));
#7526 = CARTESIAN_POINT('',(17.264284032928,12.492832486912,2.));
#7527 = CARTESIAN_POINT('',(17.308636746365,12.515529095819,2.));
#7528 = CARTESIAN_POINT('',(17.353058056052,12.538112622692,2.));
#7529 = CARTESIAN_POINT('',(17.397547461146,12.560582956623,2.));
#7530 = PCURVE('',#6713,#7531);
#7531 = DEFINITIONAL_REPRESENTATION('',(#7532),#7538);
#7532 = B_SPLINE_CURVE_WITH_KNOTS('',4,(#7533,#7534,#7535,#7536,#7537),
  .UNSPECIFIED.,.F.,.F.,(5,5),(0.,1.),.PIECEWISE_BEZIER_KNOTS.);
#7533 = CARTESIAN_POINT('',(18.22,12.470022700822));
#7534 = CARTESIAN_POINT('',(18.264284032928,12.492832486912));
#7535 = CARTESIAN_POINT('',(18.308636746365,12.515529095819));
#7536 = CARTESIAN_POINT('',(18.353058056052,12.538112622692));
#7537 = CARTESIAN_POINT('',(18.397547461146,12.560582956623));
#7538 = ( GEOMETRIC_REPRESENTATION_CONTEXT(2) 
PARAMETRIC_REPRESENTATION_CONTEXT() REPRESENTATION_CONTEXT('2D SPACE',''
  ) );
#7539 = PCURVE('',#7379,#7540);
#7540 = DEFINITIONAL_REPRESENTATION('',(#7541),#7547);
#7541 = B_SPLINE_CURVE_WITH_KNOTS('',4,(#7542,#7543,#7544,#7545,#7546),
  .UNSPECIFIED.,.F.,.F.,(5,5),(0.73593647127,1.),
  .PIECEWISE_BEZIER_KNOTS.);
#7542 = CARTESIAN_POINT('',(4.711671071431,8.056725380999));
#7543 = CARTESIAN_POINT('',(4.711671071431,8.069630914606));
#7544 = CARTESIAN_POINT('',(4.711671071431,8.08253575813));
#7545 = CARTESIAN_POINT('',(4.711671071431,8.09543990865));
#7546 = CARTESIAN_POINT('',(4.711671071431,8.108343365554));
#7547 = ( GEOMETRIC_REPRESENTATION_CONTEXT(2) 
PARAMETRIC_REPRESENTATION_CONTEXT() REPRESENTATION_CONTEXT('2D SPACE',''
  ) );
#7548 = ORIENTED_EDGE('',*,*,#7549,.F.);
#7549 = EDGE_CURVE('',#7550,#7521,#7552,.T.);
#7550 = VERTEX_POINT('',#7551);
#7551 = CARTESIAN_POINT('',(17.602452538854,12.039417043377,2.));
#7552 = SURFACE_CURVE('',#7553,(#7558,#7565),.PCURVE_S1.);
#7553 = CIRCLE('',#7554,0.28);
#7554 = AXIS2_PLACEMENT_3D('',#7555,#7556,#7557);
#7555 = CARTESIAN_POINT('',(17.5,12.3,2.));
#7556 = DIRECTION('',(-1.577721810442E-30,3.749271534609E-14,1.));
#7557 = DIRECTION('',(0.36590192448,-0.93065341651,3.489272363108E-14));
#7558 = PCURVE('',#6713,#7559);
#7559 = DEFINITIONAL_REPRESENTATION('',(#7560),#7564);
#7560 = CIRCLE('',#7561,0.28);
#7561 = AXIS2_PLACEMENT_2D('',#7562,#7563);
#7562 = CARTESIAN_POINT('',(18.5,12.3));
#7563 = DIRECTION('',(0.36590192448,-0.93065341651));
#7564 = ( GEOMETRIC_REPRESENTATION_CONTEXT(2) 
PARAMETRIC_REPRESENTATION_CONTEXT() REPRESENTATION_CONTEXT('2D SPACE',''
  ) );
#7565 = PCURVE('',#7566,#7571);
#7566 = SPHERICAL_SURFACE('',#7567,0.28);
#7567 = AXIS2_PLACEMENT_3D('',#7568,#7569,#7570);
#7568 = CARTESIAN_POINT('',(17.5,12.3,2.));
#7569 = DIRECTION('',(0.,0.,1.));
#7570 = DIRECTION('',(1.,0.,-0.));
#7571 = DEFINITIONAL_REPRESENTATION('',(#7572),#7576);
#7572 = LINE('',#7573,#7574);
#7573 = CARTESIAN_POINT('',(5.086990729408,0.));
#7574 = VECTOR('',#7575,1.);
#7575 = DIRECTION('',(1.,0.));
#7576 = ( GEOMETRIC_REPRESENTATION_CONTEXT(2) 
PARAMETRIC_REPRESENTATION_CONTEXT() REPRESENTATION_CONTEXT('2D SPACE',''
  ) );
#7577 = ORIENTED_EDGE('',*,*,#7578,.F.);
#7578 = EDGE_CURVE('',#7352,#7550,#7579,.T.);
#7579 = SURFACE_CURVE('',#7580,(#7595,#7613),.PCURVE_S1.);
#7580 = B_SPLINE_CURVE_WITH_KNOTS('',4,(#7581,#7582,#7583,#7584,#7585,
    #7586,#7587,#7588,#7589,#7590,#7591,#7592,#7593,#7594),
  .UNSPECIFIED.,.F.,.F.,(5,3,3,3,5),(0.,0.271629521168,0.541147127704,
    0.770714314572,1.),.UNSPECIFIED.);
#7581 = CARTESIAN_POINT('',(11.182221584568,7.287408151338,2.));
#7582 = CARTESIAN_POINT('',(11.562615569534,7.682087739552,2.));
#7583 = CARTESIAN_POINT('',(11.95356739932,8.064510790255,2.));
#7584 = CARTESIAN_POINT('',(12.354959138224,8.434276441184,2.));
#7585 = CARTESIAN_POINT('',(13.1750029099,9.145086092253,2.));
#7586 = CARTESIAN_POINT('',(13.59349688024,9.486331856896,2.));
#7587 = CARTESIAN_POINT('',(14.021857658722,9.814496979039,2.));
#7588 = CARTESIAN_POINT('',(14.832820030891,10.397575855445,2.));
#7589 = CARTESIAN_POINT('',(15.212792950851,10.656137502988,2.));
#7590 = CARTESIAN_POINT('',(15.599536877109,10.904930268131,2.));
#7591 = CARTESIAN_POINT('',(16.385653001748,11.382544655265,2.));
#7592 = CARTESIAN_POINT('',(16.785009523613,11.611390474004,2.));
#7593 = CARTESIAN_POINT('',(17.190690612186,11.830351809046,2.));
#7594 = CARTESIAN_POINT('',(17.602452538854,12.039417043377,2.));
#7595 = PCURVE('',#6713,#7596);
#7596 = DEFINITIONAL_REPRESENTATION('',(#7597),#7612);
#7597 = B_SPLINE_CURVE_WITH_KNOTS('',4,(#7598,#7599,#7600,#7601,#7602,
    #7603,#7604,#7605,#7606,#7607,#7608,#7609,#7610,#7611),
  .UNSPECIFIED.,.F.,.F.,(5,3,3,3,5),(0.,0.271629521168,0.541147127704,
    0.770714314572,1.),.UNSPECIFIED.);
#7598 = CARTESIAN_POINT('',(12.182221584568,7.287408151338));
#7599 = CARTESIAN_POINT('',(12.562615569534,7.682087739552));
#7600 = CARTESIAN_POINT('',(12.95356739932,8.064510790255));
#7601 = CARTESIAN_POINT('',(13.354959138224,8.434276441184));
#7602 = CARTESIAN_POINT('',(14.1750029099,9.145086092253));
#7603 = CARTESIAN_POINT('',(14.59349688024,9.486331856896));
#7604 = CARTESIAN_POINT('',(15.021857658722,9.814496979039));
#7605 = CARTESIAN_POINT('',(15.832820030891,10.397575855445));
#7606 = CARTESIAN_POINT('',(16.212792950851,10.656137502988));
#7607 = CARTESIAN_POINT('',(16.599536877109,10.904930268131));
#7608 = CARTESIAN_POINT('',(17.385653001748,11.382544655265));
#7609 = CARTESIAN_POINT('',(17.785009523613,11.611390474004));
#7610 = CARTESIAN_POINT('',(18.190690612186,11.830351809046));
#7611 = CARTESIAN_POINT('',(18.602452538854,12.039417043377));
#7612 = ( GEOMETRIC_REPRESENTATION_CONTEXT(2) 
PARAMETRIC_REPRESENTATION_CONTEXT() REPRESENTATION_CONTEXT('2D SPACE',''
  ) );
#7613 = PCURVE('',#7379,#7614);
#7614 = DEFINITIONAL_REPRESENTATION('',(#7615),#7630);
#7615 = B_SPLINE_CURVE_WITH_KNOTS('',4,(#7616,#7617,#7618,#7619,#7620,
    #7621,#7622,#7623,#7624,#7625,#7626,#7627,#7628,#7629),
  .UNSPECIFIED.,.F.,.F.,(5,3,3,3,5),(6.522133589186E-03,0.271629521168,
    0.541147127704,0.770714314572,1.),.UNSPECIFIED.);
#7616 = CARTESIAN_POINT('',(7.854699542928,5.258500382419E-02));
#7617 = CARTESIAN_POINT('',(7.854699542928,0.586997514195));
#7618 = CARTESIAN_POINT('',(7.854699542928,1.122823605033));
#7619 = CARTESIAN_POINT('',(7.854699542928,1.659731374377));
#7620 = CARTESIAN_POINT('',(7.854699542928,2.743934518981));
#7621 = CARTESIAN_POINT('',(7.854699542928,3.291255054945));
#7622 = CARTESIAN_POINT('',(7.854699542928,3.838944288781));
#7623 = CARTESIAN_POINT('',(7.854699542928,4.853102542823));
#7624 = CARTESIAN_POINT('',(7.854699542928,5.319577577357));
#7625 = CARTESIAN_POINT('',(7.854699542928,5.78579918451));
#7626 = CARTESIAN_POINT('',(7.854699542928,6.716695190206));
#7627 = CARTESIAN_POINT('',(7.854699542928,7.181371212949));
#7628 = CARTESIAN_POINT('',(7.854699542928,7.645327164109));
#7629 = CARTESIAN_POINT('',(7.854699542928,8.108343365554));
#7630 = ( GEOMETRIC_REPRESENTATION_CONTEXT(2) 
PARAMETRIC_REPRESENTATION_CONTEXT() REPRESENTATION_CONTEXT('2D SPACE',''
  ) );
#7631 = FACE_BOUND('',#7632,.T.);
#7632 = EDGE_LOOP('',(#7633,#7722,#7751,#7807,#7836,#7865));
#7633 = ORIENTED_EDGE('',*,*,#7634,.F.);
#7634 = EDGE_CURVE('',#7635,#7637,#7639,.T.);
#7635 = VERTEX_POINT('',#7636);
#7636 = CARTESIAN_POINT('',(10.732974082415,8.644683945057,2.));
#7637 = VERTEX_POINT('',#7638);
#7638 = CARTESIAN_POINT('',(10.763478497122,8.705241984222,2.));
#7639 = SURFACE_CURVE('',#7640,(#7651,#7665),.PCURVE_S1.);
#7640 = B_SPLINE_CURVE_WITH_KNOTS('',5,(#7641,#7642,#7643,#7644,#7645,
    #7646,#7647,#7648,#7649,#7650),.UNSPECIFIED.,.F.,.F.,(6,4,6),(0.,
    0.494604669568,1.),.UNSPECIFIED.);
#7641 = CARTESIAN_POINT('',(10.732974082415,8.644683945057,2.));
#7642 = CARTESIAN_POINT('',(10.737597565187,8.653913727997,2.));
#7643 = CARTESIAN_POINT('',(10.742227943454,8.663137744536,2.));
#7644 = CARTESIAN_POINT('',(10.746865217264,8.672355995229,2.));
#7645 = CARTESIAN_POINT('',(10.751509386671,8.681568480631,2.));
#7646 = CARTESIAN_POINT('',(10.760912987869,8.700182782588,2.));
#7647 = CARTESIAN_POINT('',(10.765673298656,8.709585480954,2.));
#7648 = CARTESIAN_POINT('',(10.770440929853,8.71898239808,2.));
#7649 = CARTESIAN_POINT('',(10.775216742918,8.72837521521,2.));
#7650 = CARTESIAN_POINT('',(10.78,8.73776247861,2.));
#7651 = PCURVE('',#6713,#7652);
#7652 = DEFINITIONAL_REPRESENTATION('',(#7653),#7664);
#7653 = B_SPLINE_CURVE_WITH_KNOTS('',5,(#7654,#7655,#7656,#7657,#7658,
    #7659,#7660,#7661,#7662,#7663),.UNSPECIFIED.,.F.,.F.,(6,4,6),(0.,
    0.494604669568,1.),.UNSPECIFIED.);
#7654 = CARTESIAN_POINT('',(11.732974082415,8.644683945057));
#7655 = CARTESIAN_POINT('',(11.737597565187,8.653913727997));
#7656 = CARTESIAN_POINT('',(11.742227943454,8.663137744536));
#7657 = CARTESIAN_POINT('',(11.746865217264,8.672355995229));
#7658 = CARTESIAN_POINT('',(11.751509386671,8.681568480631));
#7659 = CARTESIAN_POINT('',(11.760912987869,8.700182782588));
#7660 = CARTESIAN_POINT('',(11.765673298656,8.709585480954));
#7661 = CARTESIAN_POINT('',(11.770440929853,8.71898239808));
#7662 = CARTESIAN_POINT('',(11.775216742918,8.72837521521));
#7663 = CARTESIAN_POINT('',(11.78,8.73776247861));
#7664 = ( GEOMETRIC_REPRESENTATION_CONTEXT(2) 
PARAMETRIC_REPRESENTATION_CONTEXT() REPRESENTATION_CONTEXT('2D SPACE',''
  ) );
#7665 = PCURVE('',#7666,#7709);
#7666 = ( BOUNDED_SURFACE() B_SPLINE_SURFACE(6,5,(
    (#7667,#7668,#7669,#7670,#7671,#7672)
    ,(#7673,#7674,#7675,#7676,#7677,#7678)
    ,(#7679,#7680,#7681,#7682,#7683,#7684)
    ,(#7685,#7686,#7687,#7688,#7689,#7690)
    ,(#7691,#7692,#7693,#7694,#7695,#7696)
    ,(#7697,#7698,#7699,#7700,#7701,#7702)
    ,(#7703,#7704,#7705,#7706,#7707,#7708
)),.UNSPECIFIED.,.T.,.F.,.F.) B_SPLINE_SURFACE_WITH_KNOTS((1,6,6,1),(6,6
    ),(-6.28318530718,0.,6.28318530718,12.566370614359),(0.,
5.726871619024),.UNSPECIFIED.) GEOMETRIC_REPRESENTATION_ITEM() 
RATIONAL_B_SPLINE_SURFACE((
    (1.669078461068,1.669078461068,1.669078461068,1.669078461068
      ,1.669078461068,1.669078461068)
    ,(1.03672962321,1.03672962321,1.03672962321,1.03672962321
      ,1.03672962321,1.03672962321)
    ,(1.038346699848,1.038346699848,1.038346699848,1.038346699848
      ,1.038346699848,1.038346699848)
    ,(0.853534330196,0.853534330196,0.853534330196,0.853534330196
      ,0.853534330196,0.853534330196)
    ,(1.038346699848,1.038346699848,1.038346699848,1.038346699848
      ,1.038346699848,1.038346699848)
    ,(1.03672962321,1.03672962321,1.03672962321,1.03672962321
      ,1.03672962321,1.03672962321)
    ,(1.669078461068,1.669078461068,1.669078461068,1.669078461068
,1.669078461068,1.669078461068))) REPRESENTATION_ITEM('') SURFACE() );
#7667 = CARTESIAN_POINT('',(10.5,8.8,2.28));
#7668 = CARTESIAN_POINT('',(11.025437410807,9.843107091889,2.28));
#7669 = CARTESIAN_POINT('',(11.63815611621,10.814660637834,2.28));
#7670 = CARTESIAN_POINT('',(12.33815611621,11.714660637834,2.28));
#7671 = CARTESIAN_POINT('',(13.125437410807,12.543107091889,2.28));
#7672 = CARTESIAN_POINT('',(14.,13.3,2.28));
#7673 = CARTESIAN_POINT('',(10.887096473423,8.541935684384,2.28));
#7674 = CARTESIAN_POINT('',(11.393065413326,9.555840069918,2.28));
#7675 = CARTESIAN_POINT('',(11.982740436286,10.498794722139,2.28));
#7676 = CARTESIAN_POINT('',(12.656234764549,11.372065590045,2.28));
#7677 = CARTESIAN_POINT('',(13.414752723822,12.177021776731,2.28));
#7678 = CARTESIAN_POINT('',(14.259616003333,12.913942489331,2.28));
#7679 = CARTESIAN_POINT('',(10.942676938971,8.504882040686,
    1.704726506647));
#7680 = CARTESIAN_POINT('',(11.445850537788,9.514593414591,
    1.704726506647));
#7681 = CARTESIAN_POINT('',(12.032216880132,10.453441752401,
    1.704726506647));
#7682 = CARTESIAN_POINT('',(12.701905445036,11.322874771844,
    1.704726506647));
#7683 = CARTESIAN_POINT('',(13.456293478883,12.124458155919,
    1.704726506647));
#7684 = CARTESIAN_POINT('',(14.29689244298,12.858511201152,
    1.704726506647));
#7685 = CARTESIAN_POINT('',(10.5,8.8,1.230247262118));
#7686 = CARTESIAN_POINT('',(11.025437410807,9.843107091889,
    1.230247262118));
#7687 = CARTESIAN_POINT('',(11.63815611621,10.814660637834,
    1.230247262118));
#7688 = CARTESIAN_POINT('',(12.33815611621,11.714660637834,
    1.230247262118));
#7689 = CARTESIAN_POINT('',(13.125437410807,12.543107091889,
    1.230247262118));
#7690 = CARTESIAN_POINT('',(14.,13.3,1.230247262118));
#7691 = CARTESIAN_POINT('',(10.057323061029,9.095117959314,
    1.704726506647));
#7692 = CARTESIAN_POINT('',(10.605024283825,10.171620769188,
    1.704726506647));
#7693 = CARTESIAN_POINT('',(11.244095352287,11.175879523267,
    1.704726506647));
#7694 = CARTESIAN_POINT('',(11.974406787383,12.106446503825,
    1.704726506647));
#7695 = CARTESIAN_POINT('',(12.79458134273,12.96175602786,1.704726506647
    ));
#7696 = CARTESIAN_POINT('',(13.70310755702,13.741488798848,
    1.704726506647));
#7697 = CARTESIAN_POINT('',(10.112903526577,9.058064315616,2.28));
#7698 = CARTESIAN_POINT('',(10.657809408287,10.130374113861,2.28));
#7699 = CARTESIAN_POINT('',(11.293571796133,11.130526553529,2.28));
#7700 = CARTESIAN_POINT('',(12.020077467871,12.057255685623,2.28));
#7701 = CARTESIAN_POINT('',(12.836122097791,12.909192407048,2.28));
#7702 = CARTESIAN_POINT('',(13.740383996667,13.686057510669,2.28));
#7703 = CARTESIAN_POINT('',(10.5,8.8,2.28));
#7704 = CARTESIAN_POINT('',(11.025437410807,9.843107091889,2.28));
#7705 = CARTESIAN_POINT('',(11.63815611621,10.814660637834,2.28));
#7706 = CARTESIAN_POINT('',(12.33815611621,11.714660637834,2.28));
#7707 = CARTESIAN_POINT('',(13.125437410807,12.543107091889,2.28));
#7708 = CARTESIAN_POINT('',(14.,13.3,2.28));
#7709 = DEFINITIONAL_REPRESENTATION('',(#7710),#7721);
#7710 = B_SPLINE_CURVE_WITH_KNOTS('',5,(#7711,#7712,#7713,#7714,#7715,
    #7716,#7717,#7718,#7719,#7720),.UNSPECIFIED.,.F.,.F.,(6,4,6),(0.,
    0.494604669568,0.650093353124),.UNSPECIFIED.);
#7711 = CARTESIAN_POINT('',(7.854699542928,0.));
#7712 = CARTESIAN_POINT('',(7.854699542928,1.030836891424E-02));
#7713 = CARTESIAN_POINT('',(7.854699542928,2.061673782849E-02));
#7714 = CARTESIAN_POINT('',(7.854699542928,3.092510674273E-02));
#7715 = CARTESIAN_POINT('',(7.854699542928,4.123347565697E-02));
#7716 = CARTESIAN_POINT('',(7.854699542928,5.478248262158E-02));
#7717 = CARTESIAN_POINT('',(7.854699542928,5.802320146935E-02));
#7718 = CARTESIAN_POINT('',(7.854699542928,6.126403007822E-02));
#7719 = CARTESIAN_POINT('',(7.854699542928,6.450497149919E-02));
#7720 = CARTESIAN_POINT('',(7.854699542928,6.774602053084E-02));
#7721 = ( GEOMETRIC_REPRESENTATION_CONTEXT(2) 
PARAMETRIC_REPRESENTATION_CONTEXT() REPRESENTATION_CONTEXT('2D SPACE',''
  ) );
#7722 = ORIENTED_EDGE('',*,*,#7723,.F.);
#7723 = EDGE_CURVE('',#7724,#7635,#7726,.T.);
#7724 = VERTEX_POINT('',#7725);
#7725 = CARTESIAN_POINT('',(10.267025917585,8.955316054943,2.));
#7726 = SURFACE_CURVE('',#7727,(#7732,#7739),.PCURVE_S1.);
#7727 = CIRCLE('',#7728,0.28);
#7728 = AXIS2_PLACEMENT_3D('',#7729,#7730,#7731);
#7729 = CARTESIAN_POINT('',(10.5,8.8,2.));
#7730 = DIRECTION('',(0.,0.,1.));
#7731 = DIRECTION('',(1.,0.,-0.));
#7732 = PCURVE('',#6713,#7733);
#7733 = DEFINITIONAL_REPRESENTATION('',(#7734),#7738);
#7734 = CIRCLE('',#7735,0.28);
#7735 = AXIS2_PLACEMENT_2D('',#7736,#7737);
#7736 = CARTESIAN_POINT('',(11.5,8.8));
#7737 = DIRECTION('',(1.,0.));
#7738 = ( GEOMETRIC_REPRESENTATION_CONTEXT(2) 
PARAMETRIC_REPRESENTATION_CONTEXT() REPRESENTATION_CONTEXT('2D SPACE',''
  ) );
#7739 = PCURVE('',#7740,#7745);
#7740 = SPHERICAL_SURFACE('',#7741,0.28);
#7741 = AXIS2_PLACEMENT_3D('',#7742,#7743,#7744);
#7742 = CARTESIAN_POINT('',(10.5,8.8,2.));
#7743 = DIRECTION('',(0.,0.,1.));
#7744 = DIRECTION('',(1.,0.,-0.));
#7745 = DEFINITIONAL_REPRESENTATION('',(#7746),#7750);
#7746 = LINE('',#7747,#7748);
#7747 = CARTESIAN_POINT('',(0.,0.));
#7748 = VECTOR('',#7749,1.);
#7749 = DIRECTION('',(1.,0.));
#7750 = ( GEOMETRIC_REPRESENTATION_CONTEXT(2) 
PARAMETRIC_REPRESENTATION_CONTEXT() REPRESENTATION_CONTEXT('2D SPACE',''
  ) );
#7751 = ORIENTED_EDGE('',*,*,#7752,.T.);
#7752 = EDGE_CURVE('',#7724,#7753,#7755,.T.);
#7753 = VERTEX_POINT('',#7754);
#7754 = CARTESIAN_POINT('',(13.792479013518,13.487976169153,2.));
#7755 = SURFACE_CURVE('',#7756,(#7771,#7789),.PCURVE_S1.);
#7756 = B_SPLINE_CURVE_WITH_KNOTS('',4,(#7757,#7758,#7759,#7760,#7761,
    #7762,#7763,#7764,#7765,#7766,#7767,#7768,#7769,#7770),
  .UNSPECIFIED.,.F.,.F.,(5,3,3,3,5),(0.,0.251034224055,0.500603197632,
    0.749869646133,1.),.UNSPECIFIED.);
#7757 = CARTESIAN_POINT('',(10.267025917585,8.955316054943,2.));
#7758 = CARTESIAN_POINT('',(10.434143436396,9.28531173456,2.));
#7759 = CARTESIAN_POINT('',(10.611069270583,9.609017644279,2.));
#7760 = CARTESIAN_POINT('',(10.797828925198,9.926059294356,2.));
#7761 = CARTESIAN_POINT('',(11.189707670305,10.544334698548,2.));
#7762 = CARTESIAN_POINT('',(11.394713450373,10.845650974939,2.));
#7763 = CARTESIAN_POINT('',(11.60927910819,11.139721719411,2.));
#7764 = CARTESIAN_POINT('',(12.0568948592,11.71249329854,2.));
#7765 = CARTESIAN_POINT('',(12.289922817534,11.991213210398,2.));
#7766 = CARTESIAN_POINT('',(12.5321246045,12.262176617078,2.));
#7767 = CARTESIAN_POINT('',(13.035203423971,12.789137703606,2.));
#7768 = CARTESIAN_POINT('',(13.296143164831,13.045080845889,2.));
#7769 = CARTESIAN_POINT('',(13.565773498874,13.292847492921,2.));
#7770 = CARTESIAN_POINT('',(13.843750061524,13.532348782493,2.));
#7771 = PCURVE('',#6713,#7772);
#7772 = DEFINITIONAL_REPRESENTATION('',(#7773),#7788);
#7773 = B_SPLINE_CURVE_WITH_KNOTS('',4,(#7774,#7775,#7776,#7777,#7778,
    #7779,#7780,#7781,#7782,#7783,#7784,#7785,#7786,#7787),
  .UNSPECIFIED.,.F.,.F.,(5,3,3,3,5),(0.,0.251034224055,0.500603197632,
    0.749869646133,1.),.UNSPECIFIED.);
#7774 = CARTESIAN_POINT('',(11.267025917585,8.955316054943));
#7775 = CARTESIAN_POINT('',(11.434143436396,9.28531173456));
#7776 = CARTESIAN_POINT('',(11.611069270583,9.609017644279));
#7777 = CARTESIAN_POINT('',(11.797828925198,9.926059294356));
#7778 = CARTESIAN_POINT('',(12.189707670305,10.544334698548));
#7779 = CARTESIAN_POINT('',(12.394713450373,10.845650974939));
#7780 = CARTESIAN_POINT('',(12.60927910819,11.139721719411));
#7781 = CARTESIAN_POINT('',(13.0568948592,11.71249329854));
#7782 = CARTESIAN_POINT('',(13.289922817534,11.991213210398));
#7783 = CARTESIAN_POINT('',(13.5321246045,12.262176617078));
#7784 = CARTESIAN_POINT('',(14.035203423971,12.789137703606));
#7785 = CARTESIAN_POINT('',(14.296143164831,13.045080845889));
#7786 = CARTESIAN_POINT('',(14.565773498874,13.292847492921));
#7787 = CARTESIAN_POINT('',(14.843750061524,13.532348782493));
#7788 = ( GEOMETRIC_REPRESENTATION_CONTEXT(2) 
PARAMETRIC_REPRESENTATION_CONTEXT() REPRESENTATION_CONTEXT('2D SPACE',''
  ) );
#7789 = PCURVE('',#7666,#7790);
#7790 = DEFINITIONAL_REPRESENTATION('',(#7791),#7806);
#7791 = B_SPLINE_CURVE_WITH_KNOTS('',4,(#7792,#7793,#7794,#7795,#7796,
    #7797,#7798,#7799,#7800,#7801,#7802,#7803,#7804,#7805),
  .UNSPECIFIED.,.F.,.F.,(5,3,3,3,5),(0.,0.251034224055,0.500603197632,
    0.749869646133,0.988442169731),.UNSPECIFIED.);
#7792 = CARTESIAN_POINT('',(4.711671071431,0.));
#7793 = CARTESIAN_POINT('',(4.711671071431,0.356344609009));
#7794 = CARTESIAN_POINT('',(4.711671071431,0.713914992987));
#7795 = CARTESIAN_POINT('',(4.711671071431,1.072464180426));
#7796 = CARTESIAN_POINT('',(4.711671071431,1.788874717028));
#7797 = CARTESIAN_POINT('',(4.711671071431,2.146728622508));
#7798 = CARTESIAN_POINT('',(4.711671071431,2.505009731237));
#7799 = CARTESIAN_POINT('',(4.711671071431,3.221427407189));
#7800 = CARTESIAN_POINT('',(4.711671071431,3.57956446158));
#7801 = CARTESIAN_POINT('',(4.711671071431,3.937565678584));
#7802 = CARTESIAN_POINT('',(4.711671071431,4.637400657628));
#7803 = CARTESIAN_POINT('',(4.711671071431,4.979269854202));
#7804 = CARTESIAN_POINT('',(4.711671071431,5.320518362177));
#7805 = CARTESIAN_POINT('',(4.711671071431,5.660919640655));
#7806 = ( GEOMETRIC_REPRESENTATION_CONTEXT(2) 
PARAMETRIC_REPRESENTATION_CONTEXT() REPRESENTATION_CONTEXT('2D SPACE',''
  ) );
#7807 = ORIENTED_EDGE('',*,*,#7808,.T.);
#7808 = EDGE_CURVE('',#7753,#7809,#7811,.T.);
#7809 = VERTEX_POINT('',#7810);
#7810 = CARTESIAN_POINT('',(13.843750061524,13.532348782493,2.));
#7811 = SURFACE_CURVE('',#7812,(#7818,#7827),.PCURVE_S1.);
#7812 = B_SPLINE_CURVE_WITH_KNOTS('',4,(#7813,#7814,#7815,#7816,#7817),
  .UNSPECIFIED.,.F.,.F.,(5,5),(0.,1.),.PIECEWISE_BEZIER_KNOTS.);
#7813 = CARTESIAN_POINT('',(13.72,13.424565638841,2.));
#7814 = CARTESIAN_POINT('',(13.750779913693,13.451666306592,2.));
#7815 = CARTESIAN_POINT('',(13.781665119525,13.478663729985,2.));
#7816 = CARTESIAN_POINT('',(13.812655396765,13.505557990358,2.));
#7817 = CARTESIAN_POINT('',(13.843750061524,13.532348782493,2.));
#7818 = PCURVE('',#6713,#7819);
#7819 = DEFINITIONAL_REPRESENTATION('',(#7820),#7826);
#7820 = B_SPLINE_CURVE_WITH_KNOTS('',4,(#7821,#7822,#7823,#7824,#7825),
  .UNSPECIFIED.,.F.,.F.,(5,5),(0.,1.),.PIECEWISE_BEZIER_KNOTS.);
#7821 = CARTESIAN_POINT('',(14.72,13.424565638841));
#7822 = CARTESIAN_POINT('',(14.750779913693,13.451666306592));
#7823 = CARTESIAN_POINT('',(14.781665119525,13.478663729985));
#7824 = CARTESIAN_POINT('',(14.812655396765,13.505557990358));
#7825 = CARTESIAN_POINT('',(14.843750061524,13.532348782493));
#7826 = ( GEOMETRIC_REPRESENTATION_CONTEXT(2) 
PARAMETRIC_REPRESENTATION_CONTEXT() REPRESENTATION_CONTEXT('2D SPACE',''
  ) );
#7827 = PCURVE('',#7666,#7828);
#7828 = DEFINITIONAL_REPRESENTATION('',(#7829),#7835);
#7829 = B_SPLINE_CURVE_WITH_KNOTS('',4,(#7830,#7831,#7832,#7833,#7834),
  .UNSPECIFIED.,.F.,.F.,(5,5),(0.586921906736,1.),
  .PIECEWISE_BEZIER_KNOTS.);
#7830 = CARTESIAN_POINT('',(4.711671071431,5.660919667722));
#7831 = CARTESIAN_POINT('',(4.711671071431,5.677410670012));
#7832 = CARTESIAN_POINT('',(4.711671071431,5.693899675593));
#7833 = CARTESIAN_POINT('',(4.711671071431,5.710386660539));
#7834 = CARTESIAN_POINT('',(4.711671071431,5.726871619024));
#7835 = ( GEOMETRIC_REPRESENTATION_CONTEXT(2) 
PARAMETRIC_REPRESENTATION_CONTEXT() REPRESENTATION_CONTEXT('2D SPACE',''
  ) );
#7836 = ORIENTED_EDGE('',*,*,#7837,.F.);
#7837 = EDGE_CURVE('',#7838,#7809,#7840,.T.);
#7838 = VERTEX_POINT('',#7839);
#7839 = CARTESIAN_POINT('',(14.156249938476,13.067651217507,2.));
#7840 = SURFACE_CURVE('',#7841,(#7846,#7853),.PCURVE_S1.);
#7841 = CIRCLE('',#7842,0.28);
#7842 = AXIS2_PLACEMENT_3D('',#7843,#7844,#7845);
#7843 = CARTESIAN_POINT('',(14.,13.3,2.));
#7844 = DIRECTION('',(0.,-1.337912958093E-14,1.));
#7845 = DIRECTION('',(0.558035494558,-0.829817080334,-1.110223024625E-14
    ));
#7846 = PCURVE('',#6713,#7847);
#7847 = DEFINITIONAL_REPRESENTATION('',(#7848),#7852);
#7848 = CIRCLE('',#7849,0.28);
#7849 = AXIS2_PLACEMENT_2D('',#7850,#7851);
#7850 = CARTESIAN_POINT('',(15.,13.3));
#7851 = DIRECTION('',(0.558035494558,-0.829817080334));
#7852 = ( GEOMETRIC_REPRESENTATION_CONTEXT(2) 
PARAMETRIC_REPRESENTATION_CONTEXT() REPRESENTATION_CONTEXT('2D SPACE',''
  ) );
#7853 = PCURVE('',#7854,#7859);
#7854 = SPHERICAL_SURFACE('',#7855,0.28);
#7855 = AXIS2_PLACEMENT_3D('',#7856,#7857,#7858);
#7856 = CARTESIAN_POINT('',(14.,13.3,2.));
#7857 = DIRECTION('',(0.,0.,1.));
#7858 = DIRECTION('',(1.,0.,-0.));
#7859 = DEFINITIONAL_REPRESENTATION('',(#7860),#7864);
#7860 = LINE('',#7861,#7862);
#7861 = CARTESIAN_POINT('',(5.304405494916,0.));
#7862 = VECTOR('',#7863,1.);
#7863 = DIRECTION('',(1.,0.));
#7864 = ( GEOMETRIC_REPRESENTATION_CONTEXT(2) 
PARAMETRIC_REPRESENTATION_CONTEXT() REPRESENTATION_CONTEXT('2D SPACE',''
  ) );
#7865 = ORIENTED_EDGE('',*,*,#7866,.F.);
#7866 = EDGE_CURVE('',#7637,#7838,#7867,.T.);
#7867 = SURFACE_CURVE('',#7868,(#7883,#7901),.PCURVE_S1.);
#7868 = B_SPLINE_CURVE_WITH_KNOTS('',5,(#7869,#7870,#7871,#7872,#7873,
    #7874,#7875,#7876,#7877,#7878,#7879,#7880,#7881,#7882),
  .UNSPECIFIED.,.F.,.F.,(6,4,4,6),(0.,0.290115164977,0.57738319291,1.),
  .UNSPECIFIED.);
#7869 = CARTESIAN_POINT('',(10.732974082415,8.644683945057,2.));
#7870 = CARTESIAN_POINT('',(10.880643203351,8.939473392799,2.));
#7871 = CARTESIAN_POINT('',(11.035819233151,9.229325280904,2.));
#7872 = CARTESIAN_POINT('',(11.198522650523,9.514036837859,2.));
#7873 = CARTESIAN_POINT('',(11.36874305206,9.793420273621,2.));
#7874 = CARTESIAN_POINT('',(11.722391375474,10.338497452909,2.));
#7875 = CARTESIAN_POINT('',(11.905673334487,10.604299567678,2.));
#7876 = CARTESIAN_POINT('',(12.096244199353,10.864541540123,2.));
#7877 = CARTESIAN_POINT('',(12.294032374749,11.119077168863,2.));
#7878 = CARTESIAN_POINT('',(12.800380478585,11.733665329394,2.));
#7879 = CARTESIAN_POINT('',(13.117226825196,12.086931977505,2.));
#7880 = CARTESIAN_POINT('',(13.449144477011,12.427179834993,2.));
#7881 = CARTESIAN_POINT('',(13.795675971587,12.754139571357,2.));
#7882 = CARTESIAN_POINT('',(14.156249938476,13.067651217507,2.));
#7883 = PCURVE('',#6713,#7884);
#7884 = DEFINITIONAL_REPRESENTATION('',(#7885),#7900);
#7885 = B_SPLINE_CURVE_WITH_KNOTS('',5,(#7886,#7887,#7888,#7889,#7890,
    #7891,#7892,#7893,#7894,#7895,#7896,#7897,#7898,#7899),
  .UNSPECIFIED.,.F.,.F.,(6,4,4,6),(0.,0.290115164977,0.57738319291,1.),
  .UNSPECIFIED.);
#7886 = CARTESIAN_POINT('',(11.732974082415,8.644683945057));
#7887 = CARTESIAN_POINT('',(11.880643203351,8.939473392799));
#7888 = CARTESIAN_POINT('',(12.035819233151,9.229325280904));
#7889 = CARTESIAN_POINT('',(12.198522650523,9.514036837859));
#7890 = CARTESIAN_POINT('',(12.36874305206,9.793420273621));
#7891 = CARTESIAN_POINT('',(12.722391375474,10.338497452909));
#7892 = CARTESIAN_POINT('',(12.905673334487,10.604299567678));
#7893 = CARTESIAN_POINT('',(13.096244199353,10.864541540123));
#7894 = CARTESIAN_POINT('',(13.294032374749,11.119077168863));
#7895 = CARTESIAN_POINT('',(13.800380478585,11.733665329394));
#7896 = CARTESIAN_POINT('',(14.117226825196,12.086931977505));
#7897 = CARTESIAN_POINT('',(14.449144477011,12.427179834993));
#7898 = CARTESIAN_POINT('',(14.795675971587,12.754139571357));
#7899 = CARTESIAN_POINT('',(15.156249938476,13.067651217507));
#7900 = ( GEOMETRIC_REPRESENTATION_CONTEXT(2) 
PARAMETRIC_REPRESENTATION_CONTEXT() REPRESENTATION_CONTEXT('2D SPACE',''
  ) );
#7901 = PCURVE('',#7666,#7902);
#7902 = DEFINITIONAL_REPRESENTATION('',(#7903),#7918);
#7903 = B_SPLINE_CURVE_WITH_KNOTS('',5,(#7904,#7905,#7906,#7907,#7908,
    #7909,#7910,#7911,#7912,#7913,#7914,#7915,#7916,#7917),
  .UNSPECIFIED.,.F.,.F.,(6,4,4,6),(1.193604077398E-02,0.290115164977,
    0.57738319291,1.),.UNSPECIFIED.);
#7904 = CARTESIAN_POINT('',(7.854699542928,6.774605874537E-02));
#7905 = CARTESIAN_POINT('',(7.854699542928,0.38360362619));
#7906 = CARTESIAN_POINT('',(7.854699542928,0.700412720824));
#7907 = CARTESIAN_POINT('',(7.854699542928,1.018029815323));
#7908 = CARTESIAN_POINT('',(7.854699542928,1.336301783017));
#7909 = CARTESIAN_POINT('',(7.854699542928,1.984244943665));
#7910 = CARTESIAN_POINT('',(7.854699542928,2.313949827639));
#7911 = CARTESIAN_POINT('',(7.854699542928,2.644000945147));
#7912 = CARTESIAN_POINT('',(7.854699542928,2.974214983938));
#7913 = CARTESIAN_POINT('',(7.854699542928,3.79016666829));
#7914 = CARTESIAN_POINT('',(7.854699542928,4.275880809911));
#7915 = CARTESIAN_POINT('',(7.854699542928,4.760947298382));
#7916 = CARTESIAN_POINT('',(7.854699542928,5.244791635027));
#7917 = CARTESIAN_POINT('',(7.854699542928,5.726871619024));
#7918 = ( GEOMETRIC_REPRESENTATION_CONTEXT(2) 
PARAMETRIC_REPRESENTATION_CONTEXT() REPRESENTATION_CONTEXT('2D SPACE',''
  ) );
#7919 = ADVANCED_FACE('',(#7920),#6967,.F.);
#7920 = FACE_BOUND('',#7921,.F.);
#7921 = EDGE_LOOP('',(#7922));
#7922 = ORIENTED_EDGE('',*,*,#6952,.T.);
#7923 = ADVANCED_FACE('',(#7924),#7022,.F.);
#7924 = FACE_BOUND('',#7925,.F.);
#7925 = EDGE_LOOP('',(#7926));
#7926 = ORIENTED_EDGE('',*,*,#7007,.T.);
#7927 = ADVANCED_FACE('',(#7928),#7063,.T.);
#7928 = FACE_BOUND('',#7929,.T.);
#7929 = EDGE_LOOP('',(#7930,#7965,#7966,#7967,#8002,#8035,#8036,#8037));
#7930 = ORIENTED_EDGE('',*,*,#7931,.T.);
#7931 = EDGE_CURVE('',#7932,#7042,#7934,.T.);
#7932 = VERTEX_POINT('',#7933);
#7933 = CARTESIAN_POINT('',(10.8,-8.,2.28));
#7934 = SURFACE_CURVE('',#7935,(#7943,#7949),.PCURVE_S1.);
#7935 = ( BOUNDED_CURVE() B_SPLINE_CURVE(6,(#7936,#7937,#7938,#7939,
#7940,#7941,#7942),.UNSPECIFIED.,.T.,.F.) B_SPLINE_CURVE_WITH_KNOTS((1,6
    ,6,1),(-6.28318530718,0.,6.28318530718,12.566370614359),
.UNSPECIFIED.) CURVE() GEOMETRIC_REPRESENTATION_ITEM() 
RATIONAL_B_SPLINE_CURVE((1.669078461068,1.03672962321,1.038346699848,
    0.853534330196,1.038346699848,1.03672962321,1.669078461068)) 
REPRESENTATION_ITEM('') );
#7936 = CARTESIAN_POINT('',(10.8,-8.,2.28));
#7937 = CARTESIAN_POINT('',(10.627217150144,-8.431957124639,2.28));
#7938 = CARTESIAN_POINT('',(10.602408473515,-8.493978816214,
    1.704726506647));
#7939 = CARTESIAN_POINT('',(10.8,-8.,1.230247262118));
#7940 = CARTESIAN_POINT('',(10.997591526485,-7.506021183786,
    1.704726506647));
#7941 = CARTESIAN_POINT('',(10.972782849856,-7.568042875361,2.28));
#7942 = CARTESIAN_POINT('',(10.8,-8.,2.28));
#7943 = PCURVE('',#7063,#7944);
#7944 = DEFINITIONAL_REPRESENTATION('',(#7945),#7948);
#7945 = B_SPLINE_CURVE_WITH_KNOTS('',1,(#7946,#7947),.UNSPECIFIED.,.F.,
  .F.,(2,2),(0.,1.571514235749),.PIECEWISE_BEZIER_KNOTS.);
#7946 = CARTESIAN_POINT('',(6.28318530718,0.));
#7947 = CARTESIAN_POINT('',(7.854699542928,0.));
#7948 = ( GEOMETRIC_REPRESENTATION_CONTEXT(2) 
PARAMETRIC_REPRESENTATION_CONTEXT() REPRESENTATION_CONTEXT('2D SPACE',''
  ) );
#7949 = PCURVE('',#7139,#7950);
#7950 = DEFINITIONAL_REPRESENTATION('',(#7951),#7964);
#7951 = B_SPLINE_CURVE_WITH_KNOTS('',6,(#7952,#7953,#7954,#7955,#7956,
    #7957,#7958,#7959,#7960,#7961,#7962,#7963),.UNSPECIFIED.,.F.,.F.,(7,
    5,7),(0.,1.570991828741E-02,1.571514235749),.UNSPECIFIED.);
#7952 = CARTESIAN_POINT('',(4.331882603273,1.570796326795));
#7953 = CARTESIAN_POINT('',(4.331882603273,1.568214150272));
#7954 = CARTESIAN_POINT('',(4.331882603273,1.565631973749));
#7955 = CARTESIAN_POINT('',(4.331882603273,1.563049797226));
#7956 = CARTESIAN_POINT('',(4.331882603273,1.560467620702));
#7957 = CARTESIAN_POINT('',(4.331882603273,1.557885444179));
#7958 = CARTESIAN_POINT('',(4.331882603267,1.299581925913));
#7959 = CARTESIAN_POINT('',(4.331882603285,1.040485410357));
#7960 = CARTESIAN_POINT('',(4.33188260326,0.780129780632));
#7961 = CARTESIAN_POINT('',(4.331882603277,0.51984151266));
#7962 = CARTESIAN_POINT('',(4.331882603272,0.259791303989));
#7963 = CARTESIAN_POINT('',(4.331882603272,-1.586032892322E-15));
#7964 = ( GEOMETRIC_REPRESENTATION_CONTEXT(2) 
PARAMETRIC_REPRESENTATION_CONTEXT() REPRESENTATION_CONTEXT('2D SPACE',''
  ) );
#7965 = ORIENTED_EDGE('',*,*,#7041,.T.);
#7966 = ORIENTED_EDGE('',*,*,#7277,.T.);
#7967 = ORIENTED_EDGE('',*,*,#7968,.F.);
#7968 = EDGE_CURVE('',#7969,#7249,#7971,.T.);
#7969 = VERTEX_POINT('',#7970);
#7970 = CARTESIAN_POINT('',(14.3,-10.,2.28));
#7971 = SURFACE_CURVE('',#7972,(#7980,#7986),.PCURVE_S1.);
#7972 = ( BOUNDED_CURVE() B_SPLINE_CURVE(6,(#7973,#7974,#7975,#7976,
#7977,#7978,#7979),.UNSPECIFIED.,.T.,.F.) B_SPLINE_CURVE_WITH_KNOTS((1,6
    ,6,1),(-6.28318530718,0.,6.28318530718,12.566370614359),
.UNSPECIFIED.) CURVE() GEOMETRIC_REPRESENTATION_ITEM() 
RATIONAL_B_SPLINE_CURVE((1.669078461068,1.03672962321,1.038346699848,
    0.853534330196,1.038346699848,1.03672962321,1.669078461068)) 
REPRESENTATION_ITEM('') );
#7973 = CARTESIAN_POINT('',(14.3,-10.,2.28));
#7974 = CARTESIAN_POINT('',(13.919761010861,-10.26806562978,2.28));
#7975 = CARTESIAN_POINT('',(13.865165163348,-10.30655529198,
    1.704726506647));
#7976 = CARTESIAN_POINT('',(14.3,-10.,1.230247262118));
#7977 = CARTESIAN_POINT('',(14.734834836652,-9.69344470802,
    1.704726506647));
#7978 = CARTESIAN_POINT('',(14.680238989139,-9.73193437022,2.28));
#7979 = CARTESIAN_POINT('',(14.3,-10.,2.28));
#7980 = PCURVE('',#7063,#7981);
#7981 = DEFINITIONAL_REPRESENTATION('',(#7982),#7985);
#7982 = B_SPLINE_CURVE_WITH_KNOTS('',1,(#7983,#7984),.UNSPECIFIED.,.F.,
  .F.,(2,2),(0.,1.571514235749),.PIECEWISE_BEZIER_KNOTS.);
#7983 = CARTESIAN_POINT('',(6.28318530718,4.075003194084));
#7984 = CARTESIAN_POINT('',(7.854699542928,4.075003194084));
#7985 = ( GEOMETRIC_REPRESENTATION_CONTEXT(2) 
PARAMETRIC_REPRESENTATION_CONTEXT() REPRESENTATION_CONTEXT('2D SPACE',''
  ) );
#7986 = PCURVE('',#7265,#7987);
#7987 = DEFINITIONAL_REPRESENTATION('',(#7988),#8001);
#7988 = B_SPLINE_CURVE_WITH_KNOTS('',6,(#7989,#7990,#7991,#7992,#7993,
    #7994,#7995,#7996,#7997,#7998,#7999,#8000),.UNSPECIFIED.,.F.,.F.,(7,
    5,7),(0.,1.570991828743E-02,1.571514235749),.UNSPECIFIED.);
#7989 = CARTESIAN_POINT('',(3.755661426023,1.570796326795));
#7990 = CARTESIAN_POINT('',(3.755661426023,1.568214150272));
#7991 = CARTESIAN_POINT('',(3.755661426023,1.565631973749));
#7992 = CARTESIAN_POINT('',(3.755661426023,1.563049797225));
#7993 = CARTESIAN_POINT('',(3.755661426023,1.560467620702));
#7994 = CARTESIAN_POINT('',(3.755661426023,1.557885444179));
#7995 = CARTESIAN_POINT('',(3.755661426023,1.299581925913));
#7996 = CARTESIAN_POINT('',(3.755661426024,1.040485410357));
#7997 = CARTESIAN_POINT('',(3.755661426023,0.780129780632));
#7998 = CARTESIAN_POINT('',(3.755661426024,0.51984151266));
#7999 = CARTESIAN_POINT('',(3.755661426023,0.259791303989));
#8000 = CARTESIAN_POINT('',(3.755661426023,-5.551115123126E-15));
#8001 = ( GEOMETRIC_REPRESENTATION_CONTEXT(2) 
PARAMETRIC_REPRESENTATION_CONTEXT() REPRESENTATION_CONTEXT('2D SPACE',''
  ) );
#8002 = ORIENTED_EDGE('',*,*,#8003,.F.);
#8003 = EDGE_CURVE('',#7220,#7969,#8004,.T.);
#8004 = SURFACE_CURVE('',#8005,(#8013,#8019),.PCURVE_S1.);
#8005 = ( BOUNDED_CURVE() B_SPLINE_CURVE(6,(#8006,#8007,#8008,#8009,
#8010,#8011,#8012),.UNSPECIFIED.,.T.,.F.) B_SPLINE_CURVE_WITH_KNOTS((1,6
    ,6,1),(-6.28318530718,0.,6.28318530718,12.566370614359),
.UNSPECIFIED.) CURVE() GEOMETRIC_REPRESENTATION_ITEM() 
RATIONAL_B_SPLINE_CURVE((1.669078461068,1.03672962321,1.038346699848,
    0.853534330196,1.038346699848,1.03672962321,1.669078461068)) 
REPRESENTATION_ITEM('') );
#8006 = CARTESIAN_POINT('',(14.3,-10.,2.28));
#8007 = CARTESIAN_POINT('',(13.919761010861,-10.26806562978,2.28));
#8008 = CARTESIAN_POINT('',(13.865165163348,-10.30655529198,
    1.704726506647));
#8009 = CARTESIAN_POINT('',(14.3,-10.,1.230247262118));
#8010 = CARTESIAN_POINT('',(14.734834836652,-9.69344470802,
    1.704726506647));
#8011 = CARTESIAN_POINT('',(14.680238989139,-9.73193437022,2.28));
#8012 = CARTESIAN_POINT('',(14.3,-10.,2.28));
#8013 = PCURVE('',#7063,#8014);
#8014 = DEFINITIONAL_REPRESENTATION('',(#8015),#8018);
#8015 = B_SPLINE_CURVE_WITH_KNOTS('',1,(#8016,#8017),.UNSPECIFIED.,.F.,
  .F.,(2,2),(4.711671071431,6.28318530718),.PIECEWISE_BEZIER_KNOTS.);
#8016 = CARTESIAN_POINT('',(4.711671071431,4.075003194084));
#8017 = CARTESIAN_POINT('',(6.28318530718,4.075003194084));
#8018 = ( GEOMETRIC_REPRESENTATION_CONTEXT(2) 
PARAMETRIC_REPRESENTATION_CONTEXT() REPRESENTATION_CONTEXT('2D SPACE',''
  ) );
#8019 = PCURVE('',#7265,#8020);
#8020 = DEFINITIONAL_REPRESENTATION('',(#8021),#8034);
#8021 = B_SPLINE_CURVE_WITH_KNOTS('',6,(#8022,#8023,#8024,#8025,#8026,
    #8027,#8028,#8029,#8030,#8031,#8032,#8033),.UNSPECIFIED.,.F.,.F.,(7,
    5,7),(4.711671071431,6.267475388892,6.28318530718),.UNSPECIFIED.);
#8022 = CARTESIAN_POINT('',(6.897254079613,0.));
#8023 = CARTESIAN_POINT('',(6.897254079613,0.259791303989));
#8024 = CARTESIAN_POINT('',(6.897254079612,0.51984151266));
#8025 = CARTESIAN_POINT('',(6.897254079619,0.780129780632));
#8026 = CARTESIAN_POINT('',(6.897254079606,1.040485410357));
#8027 = CARTESIAN_POINT('',(6.897254079618,1.299581925913));
#8028 = CARTESIAN_POINT('',(6.897254079613,1.557885444179));
#8029 = CARTESIAN_POINT('',(6.897254079613,1.560467620702));
#8030 = CARTESIAN_POINT('',(6.897254079613,1.563049797226));
#8031 = CARTESIAN_POINT('',(6.897254079613,1.565631973749));
#8032 = CARTESIAN_POINT('',(6.897254079613,1.568214150272));
#8033 = CARTESIAN_POINT('',(6.897254079613,1.570796326795));
#8034 = ( GEOMETRIC_REPRESENTATION_CONTEXT(2) 
PARAMETRIC_REPRESENTATION_CONTEXT() REPRESENTATION_CONTEXT('2D SPACE',''
  ) );
#8035 = ORIENTED_EDGE('',*,*,#7219,.F.);
#8036 = ORIENTED_EDGE('',*,*,#7151,.F.);
#8037 = ORIENTED_EDGE('',*,*,#8038,.T.);
#8038 = EDGE_CURVE('',#7123,#7932,#8039,.T.);
#8039 = SURFACE_CURVE('',#8040,(#8048,#8054),.PCURVE_S1.);
#8040 = ( BOUNDED_CURVE() B_SPLINE_CURVE(6,(#8041,#8042,#8043,#8044,
#8045,#8046,#8047),.UNSPECIFIED.,.T.,.F.) B_SPLINE_CURVE_WITH_KNOTS((1,6
    ,6,1),(-6.28318530718,0.,6.28318530718,12.566370614359),
.UNSPECIFIED.) CURVE() GEOMETRIC_REPRESENTATION_ITEM() 
RATIONAL_B_SPLINE_CURVE((1.669078461068,1.03672962321,1.038346699848,
    0.853534330196,1.038346699848,1.03672962321,1.669078461068)) 
REPRESENTATION_ITEM('') );
#8041 = CARTESIAN_POINT('',(10.8,-8.,2.28));
#8042 = CARTESIAN_POINT('',(10.627217150144,-8.431957124639,2.28));
#8043 = CARTESIAN_POINT('',(10.602408473515,-8.493978816214,
    1.704726506647));
#8044 = CARTESIAN_POINT('',(10.8,-8.,1.230247262118));
#8045 = CARTESIAN_POINT('',(10.997591526485,-7.506021183786,
    1.704726506647));
#8046 = CARTESIAN_POINT('',(10.972782849856,-7.568042875361,2.28));
#8047 = CARTESIAN_POINT('',(10.8,-8.,2.28));
#8048 = PCURVE('',#7063,#8049);
#8049 = DEFINITIONAL_REPRESENTATION('',(#8050),#8053);
#8050 = B_SPLINE_CURVE_WITH_KNOTS('',1,(#8051,#8052),.UNSPECIFIED.,.F.,
  .F.,(2,2),(4.711671071431,6.28318530718),.PIECEWISE_BEZIER_KNOTS.);
#8051 = CARTESIAN_POINT('',(4.711671071431,0.));
#8052 = CARTESIAN_POINT('',(6.28318530718,0.));
#8053 = ( GEOMETRIC_REPRESENTATION_CONTEXT(2) 
PARAMETRIC_REPRESENTATION_CONTEXT() REPRESENTATION_CONTEXT('2D SPACE',''
  ) );
#8054 = PCURVE('',#7139,#8055);
#8055 = DEFINITIONAL_REPRESENTATION('',(#8056),#8069);
#8056 = B_SPLINE_CURVE_WITH_KNOTS('',6,(#8057,#8058,#8059,#8060,#8061,
    #8062,#8063,#8064,#8065,#8066,#8067,#8068),.UNSPECIFIED.,.F.,.F.,(7,
    5,7),(4.711671071431,6.267475388892,6.28318530718),.UNSPECIFIED.);
#8057 = CARTESIAN_POINT('',(1.190289949683,6.344131569287E-15));
#8058 = CARTESIAN_POINT('',(1.190289949683,0.259791303989));
#8059 = CARTESIAN_POINT('',(1.190289949683,0.51984151266));
#8060 = CARTESIAN_POINT('',(1.19028994968,0.780129780632));
#8061 = CARTESIAN_POINT('',(1.190289949689,1.040485410357));
#8062 = CARTESIAN_POINT('',(1.190289949677,1.299581925913));
#8063 = CARTESIAN_POINT('',(1.190289949683,1.557885444179));
#8064 = CARTESIAN_POINT('',(1.190289949683,1.560467620702));
#8065 = CARTESIAN_POINT('',(1.190289949683,1.563049797226));
#8066 = CARTESIAN_POINT('',(1.190289949683,1.565631973749));
#8067 = CARTESIAN_POINT('',(1.190289949683,1.568214150272));
#8068 = CARTESIAN_POINT('',(1.190289949683,1.570796326795));
#8069 = ( GEOMETRIC_REPRESENTATION_CONTEXT(2) 
PARAMETRIC_REPRESENTATION_CONTEXT() REPRESENTATION_CONTEXT('2D SPACE',''
  ) );
#8070 = ADVANCED_FACE('',(#8071),#7265,.T.);
#8071 = FACE_BOUND('',#8072,.T.);
#8072 = EDGE_LOOP('',(#8073,#8074,#8075));
#8073 = ORIENTED_EDGE('',*,*,#7248,.T.);
#8074 = ORIENTED_EDGE('',*,*,#8003,.T.);
#8075 = ORIENTED_EDGE('',*,*,#7968,.T.);
#8076 = ADVANCED_FACE('',(#8077),#7139,.T.);
#8077 = FACE_BOUND('',#8078,.T.);
#8078 = EDGE_LOOP('',(#8079,#8080,#8081));
#8079 = ORIENTED_EDGE('',*,*,#7931,.F.);
#8080 = ORIENTED_EDGE('',*,*,#8038,.F.);
#8081 = ORIENTED_EDGE('',*,*,#7122,.T.);
#8082 = ADVANCED_FACE('',(#8083),#7379,.T.);
#8083 = FACE_BOUND('',#8084,.T.);
#8084 = EDGE_LOOP('',(#8085,#8120,#8121,#8122,#8157,#8190,#8191,#8192));
#8085 = ORIENTED_EDGE('',*,*,#8086,.T.);
#8086 = EDGE_CURVE('',#8087,#7350,#8089,.T.);
#8087 = VERTEX_POINT('',#8088);
#8088 = CARTESIAN_POINT('',(11.,7.5,2.28));
#8089 = SURFACE_CURVE('',#8090,(#8098,#8104),.PCURVE_S1.);
#8090 = ( BOUNDED_CURVE() B_SPLINE_CURVE(6,(#8091,#8092,#8093,#8094,
#8095,#8096,#8097),.UNSPECIFIED.,.T.,.F.) B_SPLINE_CURVE_WITH_KNOTS((1,6
    ,6,1),(-6.28318530718,0.,6.28318530718,12.566370614359),
.UNSPECIFIED.) CURVE() GEOMETRIC_REPRESENTATION_ITEM() 
RATIONAL_B_SPLINE_CURVE((1.669078461068,1.03672962321,1.038346699848,
    0.853534330196,1.038346699848,1.03672962321,1.669078461068)) 
REPRESENTATION_ITEM('') );
#8091 = CARTESIAN_POINT('',(11.,7.5,2.28));
#8092 = CARTESIAN_POINT('',(11.302769012058,7.146769485932,2.28));
#8093 = CARTESIAN_POINT('',(11.346241489332,7.09605159578,1.704726506647
    ));
#8094 = CARTESIAN_POINT('',(11.,7.5,1.230247262118));
#8095 = CARTESIAN_POINT('',(10.653758510668,7.90394840422,1.704726506647
    ));
#8096 = CARTESIAN_POINT('',(10.697230987942,7.853230514068,2.28));
#8097 = CARTESIAN_POINT('',(11.,7.5,2.28));
#8098 = PCURVE('',#7379,#8099);
#8099 = DEFINITIONAL_REPRESENTATION('',(#8100),#8103);
#8100 = B_SPLINE_CURVE_WITH_KNOTS('',1,(#8101,#8102),.UNSPECIFIED.,.F.,
  .F.,(2,2),(0.,1.571514235749),.PIECEWISE_BEZIER_KNOTS.);
#8101 = CARTESIAN_POINT('',(6.28318530718,0.));
#8102 = CARTESIAN_POINT('',(7.854699542928,0.));
#8103 = ( GEOMETRIC_REPRESENTATION_CONTEXT(2) 
PARAMETRIC_REPRESENTATION_CONTEXT() REPRESENTATION_CONTEXT('2D SPACE',''
  ) );
#8104 = PCURVE('',#7452,#8105);
#8105 = DEFINITIONAL_REPRESENTATION('',(#8106),#8119);
#8106 = B_SPLINE_CURVE_WITH_KNOTS('',6,(#8107,#8108,#8109,#8110,#8111,
    #8112,#8113,#8114,#8115,#8116,#8117,#8118),.UNSPECIFIED.,.F.,.F.,(7,
    5,7),(0.,1.570991828742E-02,1.571514235749),.UNSPECIFIED.);
#8107 = CARTESIAN_POINT('',(5.421015252511,1.570796326795));
#8108 = CARTESIAN_POINT('',(5.421015252512,1.568214150272));
#8109 = CARTESIAN_POINT('',(5.421015252512,1.565631973749));
#8110 = CARTESIAN_POINT('',(5.421015252512,1.563049797226));
#8111 = CARTESIAN_POINT('',(5.421015252512,1.560467620702));
#8112 = CARTESIAN_POINT('',(5.421015252512,1.557885444179));
#8113 = CARTESIAN_POINT('',(5.421015252519,1.299581925913));
#8114 = CARTESIAN_POINT('',(5.421015252494,1.040485410357));
#8115 = CARTESIAN_POINT('',(5.42101525253,0.780129780632));
#8116 = CARTESIAN_POINT('',(5.421015252506,0.51984151266));
#8117 = CARTESIAN_POINT('',(5.421015252512,0.259791303989));
#8118 = CARTESIAN_POINT('',(5.421015252512,9.51619735393E-15));
#8119 = ( GEOMETRIC_REPRESENTATION_CONTEXT(2) 
PARAMETRIC_REPRESENTATION_CONTEXT() REPRESENTATION_CONTEXT('2D SPACE',''
  ) );
#8120 = ORIENTED_EDGE('',*,*,#7349,.T.);
#8121 = ORIENTED_EDGE('',*,*,#7578,.T.);
#8122 = ORIENTED_EDGE('',*,*,#8123,.F.);
#8123 = EDGE_CURVE('',#8124,#7550,#8126,.T.);
#8124 = VERTEX_POINT('',#8125);
#8125 = CARTESIAN_POINT('',(17.5,12.3,2.28));
#8126 = SURFACE_CURVE('',#8127,(#8135,#8141),.PCURVE_S1.);
#8127 = ( BOUNDED_CURVE() B_SPLINE_CURVE(6,(#8128,#8129,#8130,#8131,
#8132,#8133,#8134),.UNSPECIFIED.,.T.,.F.) B_SPLINE_CURVE_WITH_KNOTS((1,6
    ,6,1),(-6.28318530718,0.,6.28318530718,12.566370614359),
.UNSPECIFIED.) CURVE() GEOMETRIC_REPRESENTATION_ITEM() 
RATIONAL_B_SPLINE_CURVE((1.669078461068,1.03672962321,1.038346699848,
    0.853534330196,1.038346699848,1.03672962321,1.669078461068)) 
REPRESENTATION_ITEM('') );
#8128 = CARTESIAN_POINT('',(17.5,12.3,2.28));
#8129 = CARTESIAN_POINT('',(17.670229306508,11.867030192812,2.28));
#8130 = CARTESIAN_POINT('',(17.694671337772,11.804863097258,
    1.704726506647));
#8131 = CARTESIAN_POINT('',(17.5,12.3,1.230247262118));
#8132 = CARTESIAN_POINT('',(17.305328662228,12.795136902742,
    1.704726506647));
#8133 = CARTESIAN_POINT('',(17.329770693492,12.732969807188,2.28));
#8134 = CARTESIAN_POINT('',(17.5,12.3,2.28));
#8135 = PCURVE('',#7379,#8136);
#8136 = DEFINITIONAL_REPRESENTATION('',(#8137),#8140);
#8137 = B_SPLINE_CURVE_WITH_KNOTS('',1,(#8138,#8139),.UNSPECIFIED.,.F.,
  .F.,(2,2),(0.,1.571514235749),.PIECEWISE_BEZIER_KNOTS.);
#8138 = CARTESIAN_POINT('',(6.28318530718,8.108343365554));
#8139 = CARTESIAN_POINT('',(7.854699542928,8.108343365554));
#8140 = ( GEOMETRIC_REPRESENTATION_CONTEXT(2) 
PARAMETRIC_REPRESENTATION_CONTEXT() REPRESENTATION_CONTEXT('2D SPACE',''
  ) );
#8141 = PCURVE('',#7566,#8142);
#8142 = DEFINITIONAL_REPRESENTATION('',(#8143),#8156);
#8143 = B_SPLINE_CURVE_WITH_KNOTS('',6,(#8144,#8145,#8146,#8147,#8148,
    #8149,#8150,#8151,#8152,#8153,#8154,#8155),.UNSPECIFIED.,.F.,.F.,(7,
    5,7),(0.,1.570991828742E-02,1.571514235749),.UNSPECIFIED.);
#8144 = CARTESIAN_POINT('',(5.086990729402,1.570796326795));
#8145 = CARTESIAN_POINT('',(5.086990729402,1.568214150272));
#8146 = CARTESIAN_POINT('',(5.086990729403,1.565631973749));
#8147 = CARTESIAN_POINT('',(5.086990729403,1.563049797226));
#8148 = CARTESIAN_POINT('',(5.086990729404,1.560467620702));
#8149 = CARTESIAN_POINT('',(5.086990729404,1.557885444179));
#8150 = CARTESIAN_POINT('',(5.086990729455,1.299581925913));
#8151 = CARTESIAN_POINT('',(5.08699072929,1.040485410357));
#8152 = CARTESIAN_POINT('',(5.08699072952,0.780129780632));
#8153 = CARTESIAN_POINT('',(5.086990729369,0.51984151266));
#8154 = CARTESIAN_POINT('',(5.086990729408,0.259791303989));
#8155 = CARTESIAN_POINT('',(5.086990729408,3.330669073875E-14));
#8156 = ( GEOMETRIC_REPRESENTATION_CONTEXT(2) 
PARAMETRIC_REPRESENTATION_CONTEXT() REPRESENTATION_CONTEXT('2D SPACE',''
  ) );
#8157 = ORIENTED_EDGE('',*,*,#8158,.F.);
#8158 = EDGE_CURVE('',#7521,#8124,#8159,.T.);
#8159 = SURFACE_CURVE('',#8160,(#8168,#8174),.PCURVE_S1.);
#8160 = ( BOUNDED_CURVE() B_SPLINE_CURVE(6,(#8161,#8162,#8163,#8164,
#8165,#8166,#8167),.UNSPECIFIED.,.T.,.F.) B_SPLINE_CURVE_WITH_KNOTS((1,6
    ,6,1),(-6.28318530718,0.,6.28318530718,12.566370614359),
.UNSPECIFIED.) CURVE() GEOMETRIC_REPRESENTATION_ITEM() 
RATIONAL_B_SPLINE_CURVE((1.669078461068,1.03672962321,1.038346699848,
    0.853534330196,1.038346699848,1.03672962321,1.669078461068)) 
REPRESENTATION_ITEM('') );
#8161 = CARTESIAN_POINT('',(17.5,12.3,2.28));
#8162 = CARTESIAN_POINT('',(17.670229306508,11.867030192812,2.28));
#8163 = CARTESIAN_POINT('',(17.694671337772,11.804863097258,
    1.704726506647));
#8164 = CARTESIAN_POINT('',(17.5,12.3,1.230247262118));
#8165 = CARTESIAN_POINT('',(17.305328662228,12.795136902742,
    1.704726506647));
#8166 = CARTESIAN_POINT('',(17.329770693492,12.732969807188,2.28));
#8167 = CARTESIAN_POINT('',(17.5,12.3,2.28));
#8168 = PCURVE('',#7379,#8169);
#8169 = DEFINITIONAL_REPRESENTATION('',(#8170),#8173);
#8170 = B_SPLINE_CURVE_WITH_KNOTS('',1,(#8171,#8172),.UNSPECIFIED.,.F.,
  .F.,(2,2),(4.711671071431,6.28318530718),.PIECEWISE_BEZIER_KNOTS.);
#8171 = CARTESIAN_POINT('',(4.711671071431,8.108343365554));
#8172 = CARTESIAN_POINT('',(6.28318530718,8.108343365554));
#8173 = ( GEOMETRIC_REPRESENTATION_CONTEXT(2) 
PARAMETRIC_REPRESENTATION_CONTEXT() REPRESENTATION_CONTEXT('2D SPACE',''
  ) );
#8174 = PCURVE('',#7566,#8175);
#8175 = DEFINITIONAL_REPRESENTATION('',(#8176),#8189);
#8176 = B_SPLINE_CURVE_WITH_KNOTS('',6,(#8177,#8178,#8179,#8180,#8181,
    #8182,#8183,#8184,#8185,#8186,#8187,#8188),.UNSPECIFIED.,.F.,.F.,(7,
    5,7),(4.711671071431,6.267475388892,6.28318530718),.UNSPECIFIED.);
#8177 = CARTESIAN_POINT('',(8.228583382998,3.806478941572E-14));
#8178 = CARTESIAN_POINT('',(8.228583382998,0.259791303989));
#8179 = CARTESIAN_POINT('',(8.228583383017,0.51984151266));
#8180 = CARTESIAN_POINT('',(8.228583382943,0.780129780632));
#8181 = CARTESIAN_POINT('',(8.228583383051,1.040485410357));
#8182 = CARTESIAN_POINT('',(8.228583382979,1.299581925913));
#8183 = CARTESIAN_POINT('',(8.228583382999,1.557885444179));
#8184 = CARTESIAN_POINT('',(8.228583382999,1.560467620702));
#8185 = CARTESIAN_POINT('',(8.228583382999,1.563049797226));
#8186 = CARTESIAN_POINT('',(8.228583383,1.565631973749));
#8187 = CARTESIAN_POINT('',(8.228583383,1.568214150272));
#8188 = CARTESIAN_POINT('',(8.228583383,1.570796326795));
#8189 = ( GEOMETRIC_REPRESENTATION_CONTEXT(2) 
PARAMETRIC_REPRESENTATION_CONTEXT() REPRESENTATION_CONTEXT('2D SPACE',''
  ) );
#8190 = ORIENTED_EDGE('',*,*,#7520,.F.);
#8191 = ORIENTED_EDGE('',*,*,#7464,.F.);
#8192 = ORIENTED_EDGE('',*,*,#8193,.T.);
#8193 = EDGE_CURVE('',#7436,#8087,#8194,.T.);
#8194 = SURFACE_CURVE('',#8195,(#8203,#8209),.PCURVE_S1.);
#8195 = ( BOUNDED_CURVE() B_SPLINE_CURVE(6,(#8196,#8197,#8198,#8199,
#8200,#8201,#8202),.UNSPECIFIED.,.T.,.F.) B_SPLINE_CURVE_WITH_KNOTS((1,6
    ,6,1),(-6.28318530718,0.,6.28318530718,12.566370614359),
.UNSPECIFIED.) CURVE() GEOMETRIC_REPRESENTATION_ITEM() 
RATIONAL_B_SPLINE_CURVE((1.669078461068,1.03672962321,1.038346699848,
    0.853534330196,1.038346699848,1.03672962321,1.669078461068)) 
REPRESENTATION_ITEM('') );
#8196 = CARTESIAN_POINT('',(11.,7.5,2.28));
#8197 = CARTESIAN_POINT('',(11.302769012058,7.146769485932,2.28));
#8198 = CARTESIAN_POINT('',(11.346241489332,7.09605159578,1.704726506647
    ));
#8199 = CARTESIAN_POINT('',(11.,7.5,1.230247262118));
#8200 = CARTESIAN_POINT('',(10.653758510668,7.90394840422,1.704726506647
    ));
#8201 = CARTESIAN_POINT('',(10.697230987942,7.853230514068,2.28));
#8202 = CARTESIAN_POINT('',(11.,7.5,2.28));
#8203 = PCURVE('',#7379,#8204);
#8204 = DEFINITIONAL_REPRESENTATION('',(#8205),#8208);
#8205 = B_SPLINE_CURVE_WITH_KNOTS('',1,(#8206,#8207),.UNSPECIFIED.,.F.,
  .F.,(2,2),(4.711671071431,6.28318530718),.PIECEWISE_BEZIER_KNOTS.);
#8206 = CARTESIAN_POINT('',(4.711671071431,0.));
#8207 = CARTESIAN_POINT('',(6.28318530718,0.));
#8208 = ( GEOMETRIC_REPRESENTATION_CONTEXT(2) 
PARAMETRIC_REPRESENTATION_CONTEXT() REPRESENTATION_CONTEXT('2D SPACE',''
  ) );
#8209 = PCURVE('',#7452,#8210);
#8210 = DEFINITIONAL_REPRESENTATION('',(#8211),#8224);
#8211 = B_SPLINE_CURVE_WITH_KNOTS('',6,(#8212,#8213,#8214,#8215,#8216,
    #8217,#8218,#8219,#8220,#8221,#8222,#8223),.UNSPECIFIED.,.F.,.F.,(7,
    5,7),(4.711671071431,6.267475388892,6.28318530718),.UNSPECIFIED.);
#8212 = CARTESIAN_POINT('',(2.279422598923,9.51619735393E-15));
#8213 = CARTESIAN_POINT('',(2.279422598923,0.259791303989));
#8214 = CARTESIAN_POINT('',(2.279422598929,0.51984151266));
#8215 = CARTESIAN_POINT('',(2.279422598905,0.780129780632));
#8216 = CARTESIAN_POINT('',(2.27942259894,1.040485410357));
#8217 = CARTESIAN_POINT('',(2.279422598916,1.299581925913));
#8218 = CARTESIAN_POINT('',(2.279422598923,1.557885444179));
#8219 = CARTESIAN_POINT('',(2.279422598923,1.560467620702));
#8220 = CARTESIAN_POINT('',(2.279422598923,1.563049797226));
#8221 = CARTESIAN_POINT('',(2.279422598923,1.565631973749));
#8222 = CARTESIAN_POINT('',(2.279422598923,1.568214150272));
#8223 = CARTESIAN_POINT('',(2.279422598923,1.570796326795));
#8224 = ( GEOMETRIC_REPRESENTATION_CONTEXT(2) 
PARAMETRIC_REPRESENTATION_CONTEXT() REPRESENTATION_CONTEXT('2D SPACE',''
  ) );
#8225 = ADVANCED_FACE('',(#8226),#7452,.T.);
#8226 = FACE_BOUND('',#8227,.T.);
#8227 = EDGE_LOOP('',(#8228,#8229,#8230));
#8228 = ORIENTED_EDGE('',*,*,#8086,.F.);
#8229 = ORIENTED_EDGE('',*,*,#8193,.F.);
#8230 = ORIENTED_EDGE('',*,*,#7435,.T.);
#8231 = ADVANCED_FACE('',(#8232),#7566,.T.);
#8232 = FACE_BOUND('',#8233,.T.);
#8233 = EDGE_LOOP('',(#8234,#8235,#8236));
#8234 = ORIENTED_EDGE('',*,*,#7549,.T.);
#8235 = ORIENTED_EDGE('',*,*,#8158,.T.);
#8236 = ORIENTED_EDGE('',*,*,#8123,.T.);
#8237 = ADVANCED_FACE('',(#8238),#7666,.T.);
#8238 = FACE_BOUND('',#8239,.T.);
#8239 = EDGE_LOOP('',(#8240,#8275,#8276,#8277,#8312,#8345,#8346,#8347));
#8240 = ORIENTED_EDGE('',*,*,#8241,.T.);
#8241 = EDGE_CURVE('',#8242,#7635,#8244,.T.);
#8242 = VERTEX_POINT('',#8243);
#8243 = CARTESIAN_POINT('',(10.5,8.8,2.28));
#8244 = SURFACE_CURVE('',#8245,(#8253,#8259),.PCURVE_S1.);
#8245 = ( BOUNDED_CURVE() B_SPLINE_CURVE(6,(#8246,#8247,#8248,#8249,
#8250,#8251,#8252),.UNSPECIFIED.,.T.,.F.) B_SPLINE_CURVE_WITH_KNOTS((1,6
    ,6,1),(-6.28318530718,0.,6.28318530718,12.566370614359),
.UNSPECIFIED.) CURVE() GEOMETRIC_REPRESENTATION_ITEM() 
RATIONAL_B_SPLINE_CURVE((1.669078461068,1.03672962321,1.038346699848,
    0.853534330196,1.038346699848,1.03672962321,1.669078461068)) 
REPRESENTATION_ITEM('') );
#8246 = CARTESIAN_POINT('',(10.5,8.8,2.28));
#8247 = CARTESIAN_POINT('',(10.887096473423,8.541935684384,2.28));
#8248 = CARTESIAN_POINT('',(10.942676938971,8.504882040686,
    1.704726506647));
#8249 = CARTESIAN_POINT('',(10.5,8.8,1.230247262118));
#8250 = CARTESIAN_POINT('',(10.057323061029,9.095117959314,
    1.704726506647));
#8251 = CARTESIAN_POINT('',(10.112903526577,9.058064315616,2.28));
#8252 = CARTESIAN_POINT('',(10.5,8.8,2.28));
#8253 = PCURVE('',#7666,#8254);
#8254 = DEFINITIONAL_REPRESENTATION('',(#8255),#8258);
#8255 = B_SPLINE_CURVE_WITH_KNOTS('',1,(#8256,#8257),.UNSPECIFIED.,.F.,
  .F.,(2,2),(0.,1.571514235749),.PIECEWISE_BEZIER_KNOTS.);
#8256 = CARTESIAN_POINT('',(6.28318530718,0.));
#8257 = CARTESIAN_POINT('',(7.854699542928,0.));
#8258 = ( GEOMETRIC_REPRESENTATION_CONTEXT(2) 
PARAMETRIC_REPRESENTATION_CONTEXT() REPRESENTATION_CONTEXT('2D SPACE',''
  ) );
#8259 = PCURVE('',#7740,#8260);
#8260 = DEFINITIONAL_REPRESENTATION('',(#8261),#8274);
#8261 = B_SPLINE_CURVE_WITH_KNOTS('',6,(#8262,#8263,#8264,#8265,#8266,
    #8267,#8268,#8269,#8270,#8271,#8272,#8273),.UNSPECIFIED.,.F.,.F.,(7,
    5,7),(0.,1.570991828741E-02,1.571514235749),.UNSPECIFIED.);
#8262 = CARTESIAN_POINT('',(5.695182703633,1.570796326795));
#8263 = CARTESIAN_POINT('',(5.695182703633,1.568214150272));
#8264 = CARTESIAN_POINT('',(5.695182703633,1.565631973749));
#8265 = CARTESIAN_POINT('',(5.695182703633,1.563049797226));
#8266 = CARTESIAN_POINT('',(5.695182703632,1.560467620702));
#8267 = CARTESIAN_POINT('',(5.695182703632,1.557885444179));
#8268 = CARTESIAN_POINT('',(5.695182703627,1.299581925913));
#8269 = CARTESIAN_POINT('',(5.695182703645,1.040485410357));
#8270 = CARTESIAN_POINT('',(5.695182703619,0.780129780632));
#8271 = CARTESIAN_POINT('',(5.695182703636,0.51984151266));
#8272 = CARTESIAN_POINT('',(5.695182703632,0.259791303989));
#8273 = CARTESIAN_POINT('',(5.695182703632,1.427429603089E-14));
#8274 = ( GEOMETRIC_REPRESENTATION_CONTEXT(2) 
PARAMETRIC_REPRESENTATION_CONTEXT() REPRESENTATION_CONTEXT('2D SPACE',''
  ) );
#8275 = ORIENTED_EDGE('',*,*,#7634,.T.);
#8276 = ORIENTED_EDGE('',*,*,#7866,.T.);
#8277 = ORIENTED_EDGE('',*,*,#8278,.F.);
#8278 = EDGE_CURVE('',#8279,#7838,#8281,.T.);
#8279 = VERTEX_POINT('',#8280);
#8280 = CARTESIAN_POINT('',(14.,13.3,2.28));
#8281 = SURFACE_CURVE('',#8282,(#8290,#8296),.PCURVE_S1.);
#8282 = ( BOUNDED_CURVE() B_SPLINE_CURVE(6,(#8283,#8284,#8285,#8286,
#8287,#8288,#8289),.UNSPECIFIED.,.T.,.F.) B_SPLINE_CURVE_WITH_KNOTS((1,6
    ,6,1),(-6.28318530718,0.,6.28318530718,12.566370614359),
.UNSPECIFIED.) CURVE() GEOMETRIC_REPRESENTATION_ITEM() 
RATIONAL_B_SPLINE_CURVE((1.669078461068,1.03672962321,1.038346699848,
    0.853534330196,1.038346699848,1.03672962321,1.669078461068)) 
REPRESENTATION_ITEM('') );
#8283 = CARTESIAN_POINT('',(14.,13.3,2.28));
#8284 = CARTESIAN_POINT('',(14.259616003333,12.913942489331,2.28));
#8285 = CARTESIAN_POINT('',(14.29689244298,12.858511201152,
    1.704726506647));
#8286 = CARTESIAN_POINT('',(14.,13.3,1.230247262118));
#8287 = CARTESIAN_POINT('',(13.70310755702,13.741488798848,
    1.704726506647));
#8288 = CARTESIAN_POINT('',(13.740383996667,13.686057510669,2.28));
#8289 = CARTESIAN_POINT('',(14.,13.3,2.28));
#8290 = PCURVE('',#7666,#8291);
#8291 = DEFINITIONAL_REPRESENTATION('',(#8292),#8295);
#8292 = B_SPLINE_CURVE_WITH_KNOTS('',1,(#8293,#8294),.UNSPECIFIED.,.F.,
  .F.,(2,2),(0.,1.571514235749),.PIECEWISE_BEZIER_KNOTS.);
#8293 = CARTESIAN_POINT('',(6.28318530718,5.726871619024));
#8294 = CARTESIAN_POINT('',(7.854699542928,5.726871619024));
#8295 = ( GEOMETRIC_REPRESENTATION_CONTEXT(2) 
PARAMETRIC_REPRESENTATION_CONTEXT() REPRESENTATION_CONTEXT('2D SPACE',''
  ) );
#8296 = PCURVE('',#7854,#8297);
#8297 = DEFINITIONAL_REPRESENTATION('',(#8298),#8311);
#8298 = B_SPLINE_CURVE_WITH_KNOTS('',6,(#8299,#8300,#8301,#8302,#8303,
    #8304,#8305,#8306,#8307,#8308,#8309,#8310),.UNSPECIFIED.,.F.,.F.,(7,
    5,7),(0.,1.570991828742E-02,1.571514235749),.UNSPECIFIED.);
#8299 = CARTESIAN_POINT('',(5.304405494918,1.570796326795));
#8300 = CARTESIAN_POINT('',(5.304405494918,1.568214150272));
#8301 = CARTESIAN_POINT('',(5.304405494918,1.565631973749));
#8302 = CARTESIAN_POINT('',(5.304405494917,1.563049797226));
#8303 = CARTESIAN_POINT('',(5.304405494917,1.560467620702));
#8304 = CARTESIAN_POINT('',(5.304405494917,1.557885444179));
#8305 = CARTESIAN_POINT('',(5.304405494903,1.299581925913));
#8306 = CARTESIAN_POINT('',(5.304405494949,1.040485410357));
#8307 = CARTESIAN_POINT('',(5.304405494885,0.780129780632));
#8308 = CARTESIAN_POINT('',(5.304405494927,0.51984151266));
#8309 = CARTESIAN_POINT('',(5.304405494916,0.259791303989));
#8310 = CARTESIAN_POINT('',(5.304405494916,-1.268826313857E-14));
#8311 = ( GEOMETRIC_REPRESENTATION_CONTEXT(2) 
PARAMETRIC_REPRESENTATION_CONTEXT() REPRESENTATION_CONTEXT('2D SPACE',''
  ) );
#8312 = ORIENTED_EDGE('',*,*,#8313,.F.);
#8313 = EDGE_CURVE('',#7809,#8279,#8314,.T.);
#8314 = SURFACE_CURVE('',#8315,(#8323,#8329),.PCURVE_S1.);
#8315 = ( BOUNDED_CURVE() B_SPLINE_CURVE(6,(#8316,#8317,#8318,#8319,
#8320,#8321,#8322),.UNSPECIFIED.,.T.,.F.) B_SPLINE_CURVE_WITH_KNOTS((1,6
    ,6,1),(-6.28318530718,0.,6.28318530718,12.566370614359),
.UNSPECIFIED.) CURVE() GEOMETRIC_REPRESENTATION_ITEM() 
RATIONAL_B_SPLINE_CURVE((1.669078461068,1.03672962321,1.038346699848,
    0.853534330196,1.038346699848,1.03672962321,1.669078461068)) 
REPRESENTATION_ITEM('') );
#8316 = CARTESIAN_POINT('',(14.,13.3,2.28));
#8317 = CARTESIAN_POINT('',(14.259616003333,12.913942489331,2.28));
#8318 = CARTESIAN_POINT('',(14.29689244298,12.858511201152,
    1.704726506647));
#8319 = CARTESIAN_POINT('',(14.,13.3,1.230247262118));
#8320 = CARTESIAN_POINT('',(13.70310755702,13.741488798848,
    1.704726506647));
#8321 = CARTESIAN_POINT('',(13.740383996667,13.686057510669,2.28));
#8322 = CARTESIAN_POINT('',(14.,13.3,2.28));
#8323 = PCURVE('',#7666,#8324);
#8324 = DEFINITIONAL_REPRESENTATION('',(#8325),#8328);
#8325 = B_SPLINE_CURVE_WITH_KNOTS('',1,(#8326,#8327),.UNSPECIFIED.,.F.,
  .F.,(2,2),(4.711671071431,6.28318530718),.PIECEWISE_BEZIER_KNOTS.);
#8326 = CARTESIAN_POINT('',(4.711671071431,5.726871619024));
#8327 = CARTESIAN_POINT('',(6.28318530718,5.726871619024));
#8328 = ( GEOMETRIC_REPRESENTATION_CONTEXT(2) 
PARAMETRIC_REPRESENTATION_CONTEXT() REPRESENTATION_CONTEXT('2D SPACE',''
  ) );
#8329 = PCURVE('',#7854,#8330);
#8330 = DEFINITIONAL_REPRESENTATION('',(#8331),#8344);
#8331 = B_SPLINE_CURVE_WITH_KNOTS('',6,(#8332,#8333,#8334,#8335,#8336,
    #8337,#8338,#8339,#8340,#8341,#8342,#8343),.UNSPECIFIED.,.F.,.F.,(7,
    5,7),(4.711671071431,6.267475388892,6.28318530718),.UNSPECIFIED.);
#8332 = CARTESIAN_POINT('',(8.445998148506,9.51619735393E-15));
#8333 = CARTESIAN_POINT('',(8.445998148506,0.259791303989));
#8334 = CARTESIAN_POINT('',(8.445998148513,0.519841512659));
#8335 = CARTESIAN_POINT('',(8.445998148493,0.780129780633));
#8336 = CARTESIAN_POINT('',(8.44599814851,1.040485410356));
#8337 = CARTESIAN_POINT('',(8.445998148512,1.299581925913));
#8338 = CARTESIAN_POINT('',(8.445998148505,1.557885444179));
#8339 = CARTESIAN_POINT('',(8.445998148505,1.560467620702));
#8340 = CARTESIAN_POINT('',(8.445998148505,1.563049797226));
#8341 = CARTESIAN_POINT('',(8.445998148505,1.565631973749));
#8342 = CARTESIAN_POINT('',(8.445998148505,1.568214150272));
#8343 = CARTESIAN_POINT('',(8.445998148505,1.570796326795));
#8344 = ( GEOMETRIC_REPRESENTATION_CONTEXT(2) 
PARAMETRIC_REPRESENTATION_CONTEXT() REPRESENTATION_CONTEXT('2D SPACE',''
  ) );
#8345 = ORIENTED_EDGE('',*,*,#7808,.F.);
#8346 = ORIENTED_EDGE('',*,*,#7752,.F.);
#8347 = ORIENTED_EDGE('',*,*,#8348,.T.);
#8348 = EDGE_CURVE('',#7724,#8242,#8349,.T.);
#8349 = SURFACE_CURVE('',#8350,(#8358,#8364),.PCURVE_S1.);
#8350 = ( BOUNDED_CURVE() B_SPLINE_CURVE(6,(#8351,#8352,#8353,#8354,
#8355,#8356,#8357),.UNSPECIFIED.,.T.,.F.) B_SPLINE_CURVE_WITH_KNOTS((1,6
    ,6,1),(-6.28318530718,0.,6.28318530718,12.566370614359),
.UNSPECIFIED.) CURVE() GEOMETRIC_REPRESENTATION_ITEM() 
RATIONAL_B_SPLINE_CURVE((1.669078461068,1.03672962321,1.038346699848,
    0.853534330196,1.038346699848,1.03672962321,1.669078461068)) 
REPRESENTATION_ITEM('') );
#8351 = CARTESIAN_POINT('',(10.5,8.8,2.28));
#8352 = CARTESIAN_POINT('',(10.887096473423,8.541935684384,2.28));
#8353 = CARTESIAN_POINT('',(10.942676938971,8.504882040686,
    1.704726506647));
#8354 = CARTESIAN_POINT('',(10.5,8.8,1.230247262118));
#8355 = CARTESIAN_POINT('',(10.057323061029,9.095117959314,
    1.704726506647));
#8356 = CARTESIAN_POINT('',(10.112903526577,9.058064315616,2.28));
#8357 = CARTESIAN_POINT('',(10.5,8.8,2.28));
#8358 = PCURVE('',#7666,#8359);
#8359 = DEFINITIONAL_REPRESENTATION('',(#8360),#8363);
#8360 = B_SPLINE_CURVE_WITH_KNOTS('',1,(#8361,#8362),.UNSPECIFIED.,.F.,
  .F.,(2,2),(4.711671071431,6.28318530718),.PIECEWISE_BEZIER_KNOTS.);
#8361 = CARTESIAN_POINT('',(4.711671071431,0.));
#8362 = CARTESIAN_POINT('',(6.28318530718,0.));
#8363 = ( GEOMETRIC_REPRESENTATION_CONTEXT(2) 
PARAMETRIC_REPRESENTATION_CONTEXT() REPRESENTATION_CONTEXT('2D SPACE',''
  ) );
#8364 = PCURVE('',#7740,#8365);
#8365 = DEFINITIONAL_REPRESENTATION('',(#8366),#8379);
#8366 = B_SPLINE_CURVE_WITH_KNOTS('',6,(#8367,#8368,#8369,#8370,#8371,
    #8372,#8373,#8374,#8375,#8376,#8377,#8378),.UNSPECIFIED.,.F.,.F.,(7,
    5,7),(4.711671071431,6.267475388892,6.28318530718),.UNSPECIFIED.);
#8367 = CARTESIAN_POINT('',(2.553590050042,2.537652627715E-14));
#8368 = CARTESIAN_POINT('',(2.553590050042,0.259791303989));
#8369 = CARTESIAN_POINT('',(2.553590050041,0.519841512659));
#8370 = CARTESIAN_POINT('',(2.553590050044,0.780129780633));
#8371 = CARTESIAN_POINT('',(2.553590050042,1.040485410356));
#8372 = CARTESIAN_POINT('',(2.553590050041,1.299581925913));
#8373 = CARTESIAN_POINT('',(2.553590050042,1.557885444179));
#8374 = CARTESIAN_POINT('',(2.553590050042,1.560467620702));
#8375 = CARTESIAN_POINT('',(2.553590050042,1.563049797226));
#8376 = CARTESIAN_POINT('',(2.553590050042,1.565631973749));
#8377 = CARTESIAN_POINT('',(2.553590050042,1.568214150272));
#8378 = CARTESIAN_POINT('',(2.553590050042,1.570796326795));
#8379 = ( GEOMETRIC_REPRESENTATION_CONTEXT(2) 
PARAMETRIC_REPRESENTATION_CONTEXT() REPRESENTATION_CONTEXT('2D SPACE',''
  ) );
#8380 = ADVANCED_FACE('',(#8381),#7854,.T.);
#8381 = FACE_BOUND('',#8382,.T.);
#8382 = EDGE_LOOP('',(#8383,#8384,#8385));
#8383 = ORIENTED_EDGE('',*,*,#7837,.T.);
#8384 = ORIENTED_EDGE('',*,*,#8313,.T.);
#8385 = ORIENTED_EDGE('',*,*,#8278,.T.);
#8386 = ADVANCED_FACE('',(#8387),#7740,.T.);
#8387 = FACE_BOUND('',#8388,.T.);
#8388 = EDGE_LOOP('',(#8389,#8390,#8391));
#8389 = ORIENTED_EDGE('',*,*,#8241,.F.);
#8390 = ORIENTED_EDGE('',*,*,#8348,.F.);
#8391 = ORIENTED_EDGE('',*,*,#7723,.T.);
#8392 = ( GEOMETRIC_REPRESENTATION_CONTEXT(3) 
GLOBAL_UNCERTAINTY_ASSIGNED_CONTEXT((#8396)) 
GLOBAL_UNIT_ASSIGNED_CONTEXT((#8393,#8394,#8395)) REPRESENTATION_CONTEXT
('Context #1','3D Context with UNIT and UNCERTAINTY') );
#8393 = ( LENGTH_UNIT() NAMED_UNIT(*) SI_UNIT(.MILLI.,.METRE.) );
#8394 = ( NAMED_UNIT(*) PLANE_ANGLE_UNIT() SI_UNIT($,.RADIAN.) );
#8395 = ( NAMED_UNIT(*) SI_UNIT($,.STERADIAN.) SOLID_ANGLE_UNIT() );
#8396 = UNCERTAINTY_MEASURE_WITH_UNIT(LENGTH_MEASURE(2.E-06),#8393,
  'distance_accuracy_value','confusion accuracy');
#8397 = PRODUCT_RELATED_PRODUCT_CATEGORY('part',$,(#7));
ENDSEC;
END-ISO-10303-21;
