ISO-10303-21;
HEADER;
FILE_DESCRIPTION(('Open CASCADE Model'),'2;1');
FILE_NAME('Open CASCADE Shape Model','2026-10-03T23:46:34',('Author'),(
    'Open CASCADE'),'Open CASCADE STEP processor 7.9','Open CASCADE 7.9'
  ,'Unknown');
FILE_SCHEMA(('AUTOMOTIVE_DESIGN { 1 0 10303 214 1 1 1 1 }'));
ENDSEC;
DATA;
#1 = APPLICATION_PROTOCOL_DEFINITION('international standard',
  'automotive_design',2000,#2);
#2 = APPLICATION_CONTEXT(
  'core data for automotive mechanical design processes');
#3 = SHAPE_DEFINITION_REPRESENTATION(#4,#10);
#4 = PRODUCT_DEFINITION_SHAPE('','',#5);
#5 = PRODUCT_DEFINITION('design','',#6,#9);
#6 = PRODUCT_DEFINITION_FORMATION('','',#7);
#7 = PRODUCT('Open CASCADE STEP translator 7.9 2',
  'Open CASCADE STEP translator 7.9 2','',(#8));
#8 = PRODUCT_CONTEXT('',#2,'mechanical');
#9 = PRODUCT_DEFINITION_CONTEXT('part definition',#2,'design');
#10 = ADVANCED_BREP_SHAPE_REPRESENTATION('',(#11,#15),#8619);
#11 = AXIS2_PLACEMENT_3D('',#12,#13,#14);
#12 = CARTESIAN_POINT('',(0.,0.,0.));
#13 = DIRECTION('',(0.,0.,1.));
#14 = DIRECTION('',(1.,0.,-0.));
#15 = MANIFOLD_SOLID_BREP('',#16);
#16 = CLOSED_SHELL('',(#17,#199,#569,#660,#688,#3163,#3493,#3826,#3886,
    #3999,#4006,#4519,#4548,#4577,#4624,#4651,#4678,#4685,#4714,#5227,
    #5256,#5285,#5377,#5384,#5460,#5514,#5564,#5591,#6275,#6854,#6909,
    #6964,#6971,#7279,#7856,#7891,#7926,#7998,#8075,#8081,#8153,#8230,
    #8236,#8308,#8385,#8391,#8446,#8501,#8556,#8611,#8615));
#17 = ADVANCED_FACE('',(#18),#33,.F.);
#18 = FACE_BOUND('',#19,.F.);
#19 = EDGE_LOOP('',(#20,#60,#93));
#20 = ORIENTED_EDGE('',*,*,#21,.F.);
#21 = EDGE_CURVE('',#22,#24,#26,.T.);
#22 = VERTEX_POINT('',#23);
#23 = CARTESIAN_POINT('',(0.,4.694677837722,0.));
#24 = VERTEX_POINT('',#25);
#25 = CARTESIAN_POINT('',(1.39174362046,4.783987555986,0.));
#26 = SURFACE_CURVE('',#27,(#32,#48),.PCURVE_S1.);
#27 = CIRCLE('',#28,4.8);
#28 = AXIS2_PLACEMENT_3D('',#29,#30,#31);
#29 = CARTESIAN_POINT('',(1.,0.,0.));
#30 = DIRECTION('',(0.,0.,-1.));
#31 = DIRECTION('',(-0.447700363538,0.894183641367,0.));
#32 = PCURVE('',#33,#38);
#33 = PLANE('',#34);
#34 = AXIS2_PLACEMENT_3D('',#35,#36,#37);
#35 = CARTESIAN_POINT('',(-11.84968230307,2.216882614944,0.));
#36 = DIRECTION('',(0.,0.,1.));
#37 = DIRECTION('',(1.,0.,-0.));
#38 = DEFINITIONAL_REPRESENTATION('',(#39),#47);
#39 = ( BOUNDED_CURVE() B_SPLINE_CURVE(2,(#40,#41,#42,#43,#44,#45,#46),
.UNSPECIFIED.,.T.,.F.) B_SPLINE_CURVE_WITH_KNOTS((1,2,2,2,2,1),(
    -2.094395102393,0.,2.094395102393,4.188790204786,6.28318530718,
8.377580409573),.UNSPECIFIED.) CURVE() GEOMETRIC_REPRESENTATION_ITEM() 
RATIONAL_B_SPLINE_CURVE((1.,0.5,1.,0.5,1.,0.5,1.)) REPRESENTATION_ITEM(
  '') );
#40 = CARTESIAN_POINT('',(10.700720558094,2.075198863616));
#41 = CARTESIAN_POINT('',(18.134823749185,5.79730978945));
#42 = CARTESIAN_POINT('',(17.641214771115,-2.501867891307));
#43 = CARTESIAN_POINT('',(17.147605793046,-10.80104557206));
#44 = CARTESIAN_POINT('',(10.207111580024,-6.22397881714));
#45 = CARTESIAN_POINT('',(3.266617367003,-1.646912062218));
#46 = CARTESIAN_POINT('',(10.700720558094,2.075198863616));
#47 = ( GEOMETRIC_REPRESENTATION_CONTEXT(2) 
PARAMETRIC_REPRESENTATION_CONTEXT() REPRESENTATION_CONTEXT('2D SPACE',''
  ) );
#48 = PCURVE('',#49,#54);
#49 = CYLINDRICAL_SURFACE('',#50,4.8);
#50 = AXIS2_PLACEMENT_3D('',#51,#52,#53);
#51 = CARTESIAN_POINT('',(1.,0.,0.));
#52 = DIRECTION('',(-0.,-0.,-1.));
#53 = DIRECTION('',(1.,0.,0.));
#54 = DEFINITIONAL_REPRESENTATION('',(#55),#59);
#55 = LINE('',#56,#57);
#56 = CARTESIAN_POINT('',(-8.318173540279,0.));
#57 = VECTOR('',#58,1.);
#58 = DIRECTION('',(1.,-0.));
#59 = ( GEOMETRIC_REPRESENTATION_CONTEXT(2) 
PARAMETRIC_REPRESENTATION_CONTEXT() REPRESENTATION_CONTEXT('2D SPACE',''
  ) );
#60 = ORIENTED_EDGE('',*,*,#61,.T.);
#61 = EDGE_CURVE('',#22,#62,#64,.T.);
#62 = VERTEX_POINT('',#63);
#63 = CARTESIAN_POINT('',(1.148961744984,4.29208147856,
    -8.326672684689E-17));
#64 = SURFACE_CURVE('',#65,(#70,#81),.PCURVE_S1.);
#65 = CIRCLE('',#66,4.8);
#66 = AXIS2_PLACEMENT_3D('',#67,#68,#69);
#67 = CARTESIAN_POINT('',(-1.,0.,0.));
#68 = DIRECTION('',(0.,0.,-1.));
#69 = DIRECTION('',(1.,0.,0.));
#70 = PCURVE('',#33,#71);
#71 = DEFINITIONAL_REPRESENTATION('',(#72),#80);
#72 = ( BOUNDED_CURVE() B_SPLINE_CURVE(2,(#73,#74,#75,#76,#77,#78,#79),
.UNSPECIFIED.,.T.,.F.) B_SPLINE_CURVE_WITH_KNOTS((1,2,2,2,2,1),(
    -2.094395102393,0.,2.094395102393,4.188790204786,6.28318530718,
8.377580409573),.UNSPECIFIED.) CURVE() GEOMETRIC_REPRESENTATION_ITEM() 
RATIONAL_B_SPLINE_CURVE((1.,0.5,1.,0.5,1.,0.5,1.)) REPRESENTATION_ITEM(
  '') );
#73 = CARTESIAN_POINT('',(15.649682303078,-2.216882614944));
#74 = CARTESIAN_POINT('',(15.649682303078,-10.53072649127));
#75 = CARTESIAN_POINT('',(8.449682303078,-6.373804553109));
#76 = CARTESIAN_POINT('',(1.249682303078,-2.216882614944));
#77 = CARTESIAN_POINT('',(8.449682303078,1.940039323222));
#78 = CARTESIAN_POINT('',(15.649682303078,6.096961261387));
#79 = CARTESIAN_POINT('',(15.649682303078,-2.216882614944));
#80 = ( GEOMETRIC_REPRESENTATION_CONTEXT(2) 
PARAMETRIC_REPRESENTATION_CONTEXT() REPRESENTATION_CONTEXT('2D SPACE',''
  ) );
#81 = PCURVE('',#82,#87);
#82 = CYLINDRICAL_SURFACE('',#83,4.8);
#83 = AXIS2_PLACEMENT_3D('',#84,#85,#86);
#84 = CARTESIAN_POINT('',(-1.,0.,-1.));
#85 = DIRECTION('',(-0.,-0.,-1.));
#86 = DIRECTION('',(1.,0.,0.));
#87 = DEFINITIONAL_REPRESENTATION('',(#88),#92);
#88 = LINE('',#89,#90);
#89 = CARTESIAN_POINT('',(-6.28318530718,-1.));
#90 = VECTOR('',#91,1.);
#91 = DIRECTION('',(1.,-0.));
#92 = ( GEOMETRIC_REPRESENTATION_CONTEXT(2) 
PARAMETRIC_REPRESENTATION_CONTEXT() REPRESENTATION_CONTEXT('2D SPACE',''
  ) );
#93 = ORIENTED_EDGE('',*,*,#94,.F.);
#94 = EDGE_CURVE('',#24,#62,#95,.T.);
#95 = SURFACE_CURVE('',#96,(#120,#147),.PCURVE_S1.);
#96 = B_SPLINE_CURVE_WITH_KNOTS('',8,(#97,#98,#99,#100,#101,#102,#103,
    #104,#105,#106,#107,#108,#109,#110,#111,#112,#113,#114,#115,#116,
    #117,#118,#119),.UNSPECIFIED.,.F.,.F.,(9,7,7,9),(0.,0.558555628956,
    0.818757381582,1.),.UNSPECIFIED.);
#97 = CARTESIAN_POINT('',(5.8,12.568402320351,0.));
#98 = CARTESIAN_POINT('',(5.399990114722,12.041201668079,0.));
#99 = CARTESIAN_POINT('',(5.019178797558,11.499384481166,0.));
#100 = CARTESIAN_POINT('',(4.655693092188,10.944992186128,0.));
#101 = CARTESIAN_POINT('',(4.307520992762,10.37999699029,0.));
#102 = CARTESIAN_POINT('',(3.972572262441,9.806259103689,0.));
#103 = CARTESIAN_POINT('',(3.648715565069,9.225500848311,0.));
#104 = CARTESIAN_POINT('',(3.333791910009,8.639297654675,0.));
#105 = CARTESIAN_POINT('',(2.882036028647,7.774137286877,0.));
#106 = CARTESIAN_POINT('',(2.739930910948,7.498328485899,0.));
#107 = CARTESIAN_POINT('',(2.599112270776,7.221822057148,0.));
#108 = CARTESIAN_POINT('',(2.459426807377,6.944783657035,0.));
#109 = CARTESIAN_POINT('',(2.320692229762,6.667369202097,0.));
#110 = CARTESIAN_POINT('',(2.182754300314,6.38974052958,0.));
#111 = CARTESIAN_POINT('',(2.045439591614,6.112054030335,0.));
#112 = CARTESIAN_POINT('',(1.813253403292,5.641116901868,0.));
#113 = CARTESIAN_POINT('',(1.718146999815,5.447814905341,0.));
#114 = CARTESIAN_POINT('',(1.623205363837,5.25461591686,0.));
#115 = CARTESIAN_POINT('',(1.528371490788,5.061574008756,0.));
#116 = CARTESIAN_POINT('',(1.433588119866,4.868743829284,0.));
#117 = CARTESIAN_POINT('',(1.338797599589,4.676180730934,0.));
#118 = CARTESIAN_POINT('',(1.243941753353,4.483940898734,0.));
#119 = CARTESIAN_POINT('',(1.148961744984,4.29208147856,0.));
#120 = PCURVE('',#33,#121);
#121 = DEFINITIONAL_REPRESENTATION('',(#122),#146);
#122 = B_SPLINE_CURVE_WITH_KNOTS('',8,(#123,#124,#125,#126,#127,#128,
    #129,#130,#131,#132,#133,#134,#135,#136,#137,#138,#139,#140,#141,
    #142,#143,#144,#145),.UNSPECIFIED.,.F.,.F.,(9,7,7,9),(0.,
    0.558555628956,0.818757381582,1.),.UNSPECIFIED.);
#123 = CARTESIAN_POINT('',(17.649682303078,10.351519705407));
#124 = CARTESIAN_POINT('',(17.2496724178,9.824319053135));
#125 = CARTESIAN_POINT('',(16.868861100636,9.282501866222));
#126 = CARTESIAN_POINT('',(16.505375395266,8.728109571184));
#127 = CARTESIAN_POINT('',(16.15720329584,8.163114375346));
#128 = CARTESIAN_POINT('',(15.822254565519,7.589376488745));
#129 = CARTESIAN_POINT('',(15.498397868147,7.008618233368));
#130 = CARTESIAN_POINT('',(15.183474213087,6.422415039731));
#131 = CARTESIAN_POINT('',(14.731718331725,5.557254671933));
#132 = CARTESIAN_POINT('',(14.589613214026,5.281445870955));
#133 = CARTESIAN_POINT('',(14.448794573854,5.004939442204));
#134 = CARTESIAN_POINT('',(14.309109110455,4.727901042092));
#135 = CARTESIAN_POINT('',(14.17037453284,4.450486587154));
#136 = CARTESIAN_POINT('',(14.032436603392,4.172857914636));
#137 = CARTESIAN_POINT('',(13.895121894692,3.895171415391));
#138 = CARTESIAN_POINT('',(13.66293570637,3.424234286924));
#139 = CARTESIAN_POINT('',(13.567829302893,3.230932290397));
#140 = CARTESIAN_POINT('',(13.472887666915,3.037733301917));
#141 = CARTESIAN_POINT('',(13.378053793866,2.844691393813));
#142 = CARTESIAN_POINT('',(13.283270422944,2.651861214341));
#143 = CARTESIAN_POINT('',(13.188479902668,2.45929811599));
#144 = CARTESIAN_POINT('',(13.093624056431,2.26705828379));
#145 = CARTESIAN_POINT('',(12.998644048062,2.075198863616));
#146 = ( GEOMETRIC_REPRESENTATION_CONTEXT(2) 
PARAMETRIC_REPRESENTATION_CONTEXT() REPRESENTATION_CONTEXT('2D SPACE',''
  ) );
#147 = PCURVE('',#148,#173);
#148 = SURFACE_OF_LINEAR_EXTRUSION('',#149,#171);
#149 = B_SPLINE_CURVE_WITH_KNOTS('',3,(#150,#151,#152,#153,#154,#155,
    #156,#157,#158,#159,#160,#161,#162,#163,#164,#165,#166,#167,#168,
    #169,#170),.UNSPECIFIED.,.T.,.F.,(1,1,2,1,1,1,1,1,1,1,1,1,1,1,1,1,1,
    1,1,1,2,1,1),(-9.405124837953,-5.5,0.,5.590169943749,12.801272494677
    ,18.904550302544,23.929488113105,28.646478679133,33.389895169386,
    38.133311659638,43.448384566006,47.479513440155,51.384638278108,
    56.532453348602,61.06014591767,65.669918146317,70.169918146317,
    75.484991052684,81.315942947529,85.221067785483,90.721067785483,
    96.311237729232,103.52234028016),.UNSPECIFIED.);
#150 = CARTESIAN_POINT('',(-0.313449792475,1.411246697963,-1.));
#151 = CARTESIAN_POINT('',(1.326785923753,4.614800174014,-1.));
#152 = CARTESIAN_POINT('',(3.164985726709,8.541326224595,-1.));
#153 = CARTESIAN_POINT('',(6.404419339551,13.998094077675,-1.));
#154 = CARTESIAN_POINT('',(11.45226329686,17.799104122556,-1.));
#155 = CARTESIAN_POINT('',(17.001412382698,18.609367950186,-1.));
#156 = CARTESIAN_POINT('',(21.463708843425,15.856499465331,-1.));
#157 = CARTESIAN_POINT('',(23.087977751599,10.973803107681,-1.));
#158 = CARTESIAN_POINT('',(21.111052298754,6.049006017216,-1.));
#159 = CARTESIAN_POINT('',(18.048873690872,3.003867390766,-1.));
#160 = CARTESIAN_POINT('',(11.793922890856,1.339500959798,-1.));
#161 = CARTESIAN_POINT('',(16.899920095817,-2.372159919037,-1.));
#162 = CARTESIAN_POINT('',(18.854266292301,-6.066379066075,-1.));
#163 = CARTESIAN_POINT('',(18.596799427749,-11.33410893125,-1.));
#164 = CARTESIAN_POINT('',(14.714294778547,-14.51601410093,-1.));
#165 = CARTESIAN_POINT('',(9.475713382922,-14.53228988698,-1.));
#166 = CARTESIAN_POINT('',(5.52482893446,-10.52027121564,-1.));
#167 = CARTESIAN_POINT('',(3.772340498469,-5.754856291952,-1.));
#168 = CARTESIAN_POINT('',(-0.393027234357,-2.479245755433,-1.));
#169 = CARTESIAN_POINT('',(-0.313449792475,1.411246697963,-1.));
#170 = CARTESIAN_POINT('',(1.326785923753,4.614800174014,-1.));
#171 = VECTOR('',#172,1.);
#172 = DIRECTION('',(-0.,-0.,-1.));
#173 = DEFINITIONAL_REPRESENTATION('',(#174),#198);
#174 = B_SPLINE_CURVE_WITH_KNOTS('',8,(#175,#176,#177,#178,#179,#180,
    #181,#182,#183,#184,#185,#186,#187,#188,#189,#190,#191,#192,#193,
    #194,#195,#196,#197),.UNSPECIFIED.,.F.,.F.,(9,7,7,9),(0.,
    0.558555628956,0.818757381582,1.),.UNSPECIFIED.);
#175 = CARTESIAN_POINT('',(10.931644306769,-1.));
#176 = CARTESIAN_POINT('',(10.268866994807,-1.));
#177 = CARTESIAN_POINT('',(9.606247395197,-1.));
#178 = CARTESIAN_POINT('',(8.944154944878,-1.));
#179 = CARTESIAN_POINT('',(8.282819336736,-1.));
#180 = CARTESIAN_POINT('',(7.622334987601,-1.));
#181 = CARTESIAN_POINT('',(6.962663317286,-1.));
#182 = CARTESIAN_POINT('',(6.303632838659,-1.));
#183 = CARTESIAN_POINT('',(5.338085265491,-1.));
#184 = CARTESIAN_POINT('',(5.031321308626,-1.));
#185 = CARTESIAN_POINT('',(4.724590736636,-1.));
#186 = CARTESIAN_POINT('',(4.417822105378,-1.));
#187 = CARTESIAN_POINT('',(4.110963729368,-1.));
#188 = CARTESIAN_POINT('',(3.803942126313,-1.));
#189 = CARTESIAN_POINT('',(3.496695094431,-1.));
#190 = CARTESIAN_POINT('',(2.97493410449,-1.));
#191 = CARTESIAN_POINT('',(2.760573207685,-1.));
#192 = CARTESIAN_POINT('',(2.546046268098,-1.));
#193 = CARTESIAN_POINT('',(2.331330070052,-1.));
#194 = CARTESIAN_POINT('',(2.116401267093,-1.));
#195 = CARTESIAN_POINT('',(1.901236326045,-1.));
#196 = CARTESIAN_POINT('',(1.685811471077,-1.));
#197 = CARTESIAN_POINT('',(1.470102627762,-1.));
#198 = ( GEOMETRIC_REPRESENTATION_CONTEXT(2) 
PARAMETRIC_REPRESENTATION_CONTEXT() REPRESENTATION_CONTEXT('2D SPACE',''
  ) );
#199 = ADVANCED_FACE('',(#200),#49,.T.);
#200 = FACE_BOUND('',#201,.F.);
#201 = EDGE_LOOP('',(#202,#237,#291,#324,#343,#344,#373,#401,#455,#488,
    #514,#542));
#202 = ORIENTED_EDGE('',*,*,#203,.F.);
#203 = EDGE_CURVE('',#204,#206,#208,.T.);
#204 = VERTEX_POINT('',#205);
#205 = CARTESIAN_POINT('',(-1.148961744984,4.29208147856,2.));
#206 = VERTEX_POINT('',#207);
#207 = CARTESIAN_POINT('',(-1.629031609825,-4.015992130786,2.));
#208 = SURFACE_CURVE('',#209,(#214,#221),.PCURVE_S1.);
#209 = CIRCLE('',#210,4.8);
#210 = AXIS2_PLACEMENT_3D('',#211,#212,#213);
#211 = CARTESIAN_POINT('',(1.,0.,2.));
#212 = DIRECTION('',(0.,0.,-1.));
#213 = DIRECTION('',(-0.447700363538,0.894183641367,0.));
#214 = PCURVE('',#49,#215);
#215 = DEFINITIONAL_REPRESENTATION('',(#216),#220);
#216 = LINE('',#217,#218);
#217 = CARTESIAN_POINT('',(-8.318173540279,-2.));
#218 = VECTOR('',#219,1.);
#219 = DIRECTION('',(1.,-0.));
#220 = ( GEOMETRIC_REPRESENTATION_CONTEXT(2) 
PARAMETRIC_REPRESENTATION_CONTEXT() REPRESENTATION_CONTEXT('2D SPACE',''
  ) );
#221 = PCURVE('',#222,#227);
#222 = PLANE('',#223);
#223 = AXIS2_PLACEMENT_3D('',#224,#225,#226);
#224 = CARTESIAN_POINT('',(1.,8.893987308214E-17,2.));
#225 = DIRECTION('',(0.,0.,1.));
#226 = DIRECTION('',(1.,0.,-0.));
#227 = DEFINITIONAL_REPRESENTATION('',(#228),#236);
#228 = ( BOUNDED_CURVE() B_SPLINE_CURVE(2,(#229,#230,#231,#232,#233,#234
,#235),.UNSPECIFIED.,.T.,.F.) B_SPLINE_CURVE_WITH_KNOTS((1,2,2,2,2,1),(
    -2.094395102393,0.,2.094395102393,4.188790204786,6.28318530718,
8.377580409573),.UNSPECIFIED.) CURVE() GEOMETRIC_REPRESENTATION_ITEM() 
RATIONAL_B_SPLINE_CURVE((1.,0.5,1.,0.5,1.,0.5,1.)) REPRESENTATION_ITEM(
  '') );
#229 = CARTESIAN_POINT('',(-2.148961744984,4.29208147856));
#230 = CARTESIAN_POINT('',(5.285141446107,8.014192404394));
#231 = CARTESIAN_POINT('',(4.791532468037,-0.284985276363));
#232 = CARTESIAN_POINT('',(4.297923489968,-8.58416295712));
#233 = CARTESIAN_POINT('',(-2.642570723054,-4.007096202197));
#234 = CARTESIAN_POINT('',(-9.583064936075,0.569970552726));
#235 = CARTESIAN_POINT('',(-2.148961744984,4.29208147856));
#236 = ( GEOMETRIC_REPRESENTATION_CONTEXT(2) 
PARAMETRIC_REPRESENTATION_CONTEXT() REPRESENTATION_CONTEXT('2D SPACE',''
  ) );
#237 = ORIENTED_EDGE('',*,*,#238,.T.);
#238 = EDGE_CURVE('',#204,#239,#241,.T.);
#239 = VERTEX_POINT('',#240);
#240 = CARTESIAN_POINT('',(-1.148961744984,4.29208147856,1.));
#241 = SURFACE_CURVE('',#242,(#248,#257),.PCURVE_S1.);
#242 = B_SPLINE_CURVE_WITH_KNOTS('',4,(#243,#244,#245,#246,#247),
  .UNSPECIFIED.,.F.,.F.,(5,5),(0.,1.),.PIECEWISE_BEZIER_KNOTS.);
#243 = CARTESIAN_POINT('',(-1.148961744984,4.29208147856,2.0000006));
#244 = CARTESIAN_POINT('',(-1.148961744984,4.29208147856,1.5000003));
#245 = CARTESIAN_POINT('',(-1.148961744984,4.29208147856,1.));
#246 = CARTESIAN_POINT('',(-1.148961744984,4.29208147856,0.4999997));
#247 = CARTESIAN_POINT('',(-1.148961744984,4.29208147856,-6.E-07));
#248 = PCURVE('',#49,#249);
#249 = DEFINITIONAL_REPRESENTATION('',(#250),#256);
#250 = B_SPLINE_CURVE_WITH_KNOTS('',4,(#251,#252,#253,#254,#255),
  .UNSPECIFIED.,.F.,.F.,(5,5),(2.999998199532E-07,0.9999997),
  .PIECEWISE_BEZIER_KNOTS.);
#251 = CARTESIAN_POINT('',(-8.318173540279,-2.));
#252 = CARTESIAN_POINT('',(-8.318173540279,-1.5));
#253 = CARTESIAN_POINT('',(-8.318173540279,-1.));
#254 = CARTESIAN_POINT('',(-8.318173540279,-0.5));
#255 = CARTESIAN_POINT('',(-8.318173540279,-6.547776440513E-17));
#256 = ( GEOMETRIC_REPRESENTATION_CONTEXT(2) 
PARAMETRIC_REPRESENTATION_CONTEXT() REPRESENTATION_CONTEXT('2D SPACE',''
  ) );
#257 = PCURVE('',#258,#283);
#258 = SURFACE_OF_LINEAR_EXTRUSION('',#259,#281);
#259 = B_SPLINE_CURVE_WITH_KNOTS('',3,(#260,#261,#262,#263,#264,#265,
    #266,#267,#268,#269,#270,#271,#272,#273,#274,#275,#276,#277,#278,
    #279,#280),.UNSPECIFIED.,.T.,.F.,(1,1,2,1,1,1,1,1,1,1,1,1,1,1,1,1,1,
    1,1,1,2,1,1),(-9.405124837953,-5.5,0.,5.590169943749,12.801272494677
    ,18.904550302544,23.929488113105,28.646478679133,33.389895169386,
    38.133311659638,43.448384566006,47.479513440155,51.384638278108,
    56.532453348602,61.06014591767,65.669918146317,70.169918146317,
    75.484991052684,81.315942947529,85.221067785483,90.721067785483,
    96.311237729232,103.52234028016),.UNSPECIFIED.);
#260 = CARTESIAN_POINT('',(0.313449792475,1.411246697963,0.));
#261 = CARTESIAN_POINT('',(-1.326785923753,4.614800174014,0.));
#262 = CARTESIAN_POINT('',(-3.164985726709,8.541326224595,0.));
#263 = CARTESIAN_POINT('',(-6.404419339551,13.998094077675,0.));
#264 = CARTESIAN_POINT('',(-11.45226329686,17.799104122556,0.));
#265 = CARTESIAN_POINT('',(-17.00141238269,18.609367950186,0.));
#266 = CARTESIAN_POINT('',(-21.46370884342,15.856499465331,0.));
#267 = CARTESIAN_POINT('',(-23.08797775159,10.973803107681,0.));
#268 = CARTESIAN_POINT('',(-21.11105229875,6.049006017216,0.));
#269 = CARTESIAN_POINT('',(-18.04887369087,3.003867390766,0.));
#270 = CARTESIAN_POINT('',(-11.79392289085,1.339500959798,0.));
#271 = CARTESIAN_POINT('',(-16.89992009581,-2.372159919037,0.));
#272 = CARTESIAN_POINT('',(-18.8542662923,-6.066379066075,0.));
#273 = CARTESIAN_POINT('',(-18.59679942774,-11.33410893125,0.));
#274 = CARTESIAN_POINT('',(-14.71429477854,-14.51601410093,0.));
#275 = CARTESIAN_POINT('',(-9.475713382922,-14.53228988698,0.));
#276 = CARTESIAN_POINT('',(-5.52482893446,-10.52027121564,0.));
#277 = CARTESIAN_POINT('',(-3.772340498469,-5.754856291952,0.));
#278 = CARTESIAN_POINT('',(0.393027234357,-2.479245755433,0.));
#279 = CARTESIAN_POINT('',(0.313449792475,1.411246697963,0.));
#280 = CARTESIAN_POINT('',(-1.326785923753,4.614800174014,0.));
#281 = VECTOR('',#282,1.);
#282 = DIRECTION('',(-0.,-0.,-1.));
#283 = DEFINITIONAL_REPRESENTATION('',(#284),#290);
#284 = B_SPLINE_CURVE_WITH_KNOTS('',4,(#285,#286,#287,#288,#289),
  .UNSPECIFIED.,.F.,.F.,(5,5),(0.,1.),.PIECEWISE_BEZIER_KNOTS.);
#285 = CARTESIAN_POINT('',(1.470102627762,-2.0000006));
#286 = CARTESIAN_POINT('',(1.470102627762,-1.5000003));
#287 = CARTESIAN_POINT('',(1.470102627762,-1.));
#288 = CARTESIAN_POINT('',(1.470102627762,-0.4999997));
#289 = CARTESIAN_POINT('',(1.470102627762,5.999999999062E-07));
#290 = ( GEOMETRIC_REPRESENTATION_CONTEXT(2) 
PARAMETRIC_REPRESENTATION_CONTEXT() REPRESENTATION_CONTEXT('2D SPACE',''
  ) );
#291 = ORIENTED_EDGE('',*,*,#292,.T.);
#292 = EDGE_CURVE('',#239,#293,#295,.T.);
#293 = VERTEX_POINT('',#294);
#294 = CARTESIAN_POINT('',(2.22044604925E-16,4.694677837722,1.));
#295 = SURFACE_CURVE('',#296,(#301,#308),.PCURVE_S1.);
#296 = CIRCLE('',#297,4.8);
#297 = AXIS2_PLACEMENT_3D('',#298,#299,#300);
#298 = CARTESIAN_POINT('',(1.,0.,1.));
#299 = DIRECTION('',(0.,0.,-1.));
#300 = DIRECTION('',(1.,0.,0.));
#301 = PCURVE('',#49,#302);
#302 = DEFINITIONAL_REPRESENTATION('',(#303),#307);
#303 = LINE('',#304,#305);
#304 = CARTESIAN_POINT('',(-12.56637061435,-1.));
#305 = VECTOR('',#306,1.);
#306 = DIRECTION('',(1.,-0.));
#307 = ( GEOMETRIC_REPRESENTATION_CONTEXT(2) 
PARAMETRIC_REPRESENTATION_CONTEXT() REPRESENTATION_CONTEXT('2D SPACE',''
  ) );
#308 = PCURVE('',#309,#314);
#309 = PLANE('',#310);
#310 = AXIS2_PLACEMENT_3D('',#311,#312,#313);
#311 = CARTESIAN_POINT('',(-1.,8.893987308214E-17,1.));
#312 = DIRECTION('',(0.,0.,1.));
#313 = DIRECTION('',(1.,0.,-0.));
#314 = DEFINITIONAL_REPRESENTATION('',(#315),#323);
#315 = ( BOUNDED_CURVE() B_SPLINE_CURVE(2,(#316,#317,#318,#319,#320,#321
,#322),.UNSPECIFIED.,.T.,.F.) B_SPLINE_CURVE_WITH_KNOTS((1,2,2,2,2,1),(
    -2.094395102393,0.,2.094395102393,4.188790204786,6.28318530718,
8.377580409573),.UNSPECIFIED.) CURVE() GEOMETRIC_REPRESENTATION_ITEM() 
RATIONAL_B_SPLINE_CURVE((1.,0.5,1.,0.5,1.,0.5,1.)) REPRESENTATION_ITEM(
  '') );
#316 = CARTESIAN_POINT('',(6.8,-8.893987308214E-17));
#317 = CARTESIAN_POINT('',(6.8,-8.313843876331));
#318 = CARTESIAN_POINT('',(-0.4,-4.156921938165));
#319 = CARTESIAN_POINT('',(-7.6,-1.264600800264E-15));
#320 = CARTESIAN_POINT('',(-0.4,4.156921938165));
#321 = CARTESIAN_POINT('',(6.8,8.313843876331));
#322 = CARTESIAN_POINT('',(6.8,-8.893987308214E-17));
#323 = ( GEOMETRIC_REPRESENTATION_CONTEXT(2) 
PARAMETRIC_REPRESENTATION_CONTEXT() REPRESENTATION_CONTEXT('2D SPACE',''
  ) );
#324 = ORIENTED_EDGE('',*,*,#325,.T.);
#325 = EDGE_CURVE('',#293,#22,#326,.T.);
#326 = SURFACE_CURVE('',#327,(#331,#337),.PCURVE_S1.);
#327 = LINE('',#328,#329);
#328 = CARTESIAN_POINT('',(0.,4.694677837722,0.));
#329 = VECTOR('',#330,1.);
#330 = DIRECTION('',(-0.,-0.,-1.));
#331 = PCURVE('',#49,#332);
#332 = DEFINITIONAL_REPRESENTATION('',(#333),#336);
#333 = B_SPLINE_CURVE_WITH_KNOTS('',1,(#334,#335),.UNSPECIFIED.,.F.,.F.,
  (2,2),(-1.0000006,6.E-07),.PIECEWISE_BEZIER_KNOTS.);
#334 = CARTESIAN_POINT('',(-8.063852226237,-1.0000006));
#335 = CARTESIAN_POINT('',(-8.063852226237,6.E-07));
#336 = ( GEOMETRIC_REPRESENTATION_CONTEXT(2) 
PARAMETRIC_REPRESENTATION_CONTEXT() REPRESENTATION_CONTEXT('2D SPACE',''
  ) );
#337 = PCURVE('',#82,#338);
#338 = DEFINITIONAL_REPRESENTATION('',(#339),#342);
#339 = B_SPLINE_CURVE_WITH_KNOTS('',1,(#340,#341),.UNSPECIFIED.,.F.,.F.,
  (2,2),(-1.0000006,6.E-07),.PIECEWISE_BEZIER_KNOTS.);
#340 = CARTESIAN_POINT('',(-1.360925734532,-2.0000006));
#341 = CARTESIAN_POINT('',(-1.360925734532,-0.9999994));
#342 = ( GEOMETRIC_REPRESENTATION_CONTEXT(2) 
PARAMETRIC_REPRESENTATION_CONTEXT() REPRESENTATION_CONTEXT('2D SPACE',''
  ) );
#343 = ORIENTED_EDGE('',*,*,#21,.T.);
#344 = ORIENTED_EDGE('',*,*,#345,.F.);
#345 = EDGE_CURVE('',#346,#24,#348,.T.);
#346 = VERTEX_POINT('',#347);
#347 = CARTESIAN_POINT('',(1.39174362046,4.783987555986,1.));
#348 = SURFACE_CURVE('',#349,(#355,#364),.PCURVE_S1.);
#349 = B_SPLINE_CURVE_WITH_KNOTS('',4,(#350,#351,#352,#353,#354),
  .UNSPECIFIED.,.F.,.F.,(5,5),(0.,1.),.PIECEWISE_BEZIER_KNOTS.);
#350 = CARTESIAN_POINT('',(1.39174362046,4.783987555986,1.0000006));
#351 = CARTESIAN_POINT('',(1.39174362046,4.783987555986,0.7500003));
#352 = CARTESIAN_POINT('',(1.39174362046,4.783987555986,0.5));
#353 = CARTESIAN_POINT('',(1.39174362046,4.783987555986,0.2499997));
#354 = CARTESIAN_POINT('',(1.39174362046,4.783987555986,
    -6.000000000086E-07));
#355 = PCURVE('',#49,#356);
#356 = DEFINITIONAL_REPRESENTATION('',(#357),#363);
#357 = B_SPLINE_CURVE_WITH_KNOTS('',4,(#358,#359,#360,#361,#362),
  .UNSPECIFIED.,.F.,.F.,(5,5),(0.,1.),.PIECEWISE_BEZIER_KNOTS.);
#358 = CARTESIAN_POINT('',(-7.772277506521,-1.0000006));
#359 = CARTESIAN_POINT('',(-7.772277506521,-0.7500003));
#360 = CARTESIAN_POINT('',(-7.772277506521,-0.5));
#361 = CARTESIAN_POINT('',(-7.772277506521,-0.2499997));
#362 = CARTESIAN_POINT('',(-7.772277506521,5.999999999062E-07));
#363 = ( GEOMETRIC_REPRESENTATION_CONTEXT(2) 
PARAMETRIC_REPRESENTATION_CONTEXT() REPRESENTATION_CONTEXT('2D SPACE',''
  ) );
#364 = PCURVE('',#148,#365);
#365 = DEFINITIONAL_REPRESENTATION('',(#366),#372);
#366 = B_SPLINE_CURVE_WITH_KNOTS('',4,(#367,#368,#369,#370,#371),
  .UNSPECIFIED.,.F.,.F.,(5,5),(0.,1.),.PIECEWISE_BEZIER_KNOTS.);
#367 = CARTESIAN_POINT('',(2.021278260391,-2.0000006));
#368 = CARTESIAN_POINT('',(2.021278260391,-1.7500003));
#369 = CARTESIAN_POINT('',(2.021278260391,-1.5));
#370 = CARTESIAN_POINT('',(2.021278260391,-1.2499997));
#371 = CARTESIAN_POINT('',(2.021278260391,-0.9999994));
#372 = ( GEOMETRIC_REPRESENTATION_CONTEXT(2) 
PARAMETRIC_REPRESENTATION_CONTEXT() REPRESENTATION_CONTEXT('2D SPACE',''
  ) );
#373 = ORIENTED_EDGE('',*,*,#374,.T.);
#374 = EDGE_CURVE('',#346,#375,#377,.T.);
#375 = VERTEX_POINT('',#376);
#376 = CARTESIAN_POINT('',(2.223014782578,-4.641576762437,1.));
#377 = SURFACE_CURVE('',#378,(#383,#390),.PCURVE_S1.);
#378 = CIRCLE('',#379,4.8);
#379 = AXIS2_PLACEMENT_3D('',#380,#381,#382);
#380 = CARTESIAN_POINT('',(1.,0.,1.));
#381 = DIRECTION('',(0.,0.,-1.));
#382 = DIRECTION('',(1.,0.,0.));
#383 = PCURVE('',#49,#384);
#384 = DEFINITIONAL_REPRESENTATION('',(#385),#389);
#385 = LINE('',#386,#387);
#386 = CARTESIAN_POINT('',(-12.56637061435,-1.));
#387 = VECTOR('',#388,1.);
#388 = DIRECTION('',(1.,-0.));
#389 = ( GEOMETRIC_REPRESENTATION_CONTEXT(2) 
PARAMETRIC_REPRESENTATION_CONTEXT() REPRESENTATION_CONTEXT('2D SPACE',''
  ) );
#390 = PCURVE('',#309,#391);
#391 = DEFINITIONAL_REPRESENTATION('',(#392),#400);
#392 = ( BOUNDED_CURVE() B_SPLINE_CURVE(2,(#393,#394,#395,#396,#397,#398
,#399),.UNSPECIFIED.,.T.,.F.) B_SPLINE_CURVE_WITH_KNOTS((1,2,2,2,2,1),(
    -2.094395102393,0.,2.094395102393,4.188790204786,6.28318530718,
8.377580409573),.UNSPECIFIED.) CURVE() GEOMETRIC_REPRESENTATION_ITEM() 
RATIONAL_B_SPLINE_CURVE((1.,0.5,1.,0.5,1.,0.5,1.)) REPRESENTATION_ITEM(
  '') );
#393 = CARTESIAN_POINT('',(6.8,-8.893987308214E-17));
#394 = CARTESIAN_POINT('',(6.8,-8.313843876331));
#395 = CARTESIAN_POINT('',(-0.4,-4.156921938165));
#396 = CARTESIAN_POINT('',(-7.6,-1.264600800264E-15));
#397 = CARTESIAN_POINT('',(-0.4,4.156921938165));
#398 = CARTESIAN_POINT('',(6.8,8.313843876331));
#399 = CARTESIAN_POINT('',(6.8,-8.893987308214E-17));
#400 = ( GEOMETRIC_REPRESENTATION_CONTEXT(2) 
PARAMETRIC_REPRESENTATION_CONTEXT() REPRESENTATION_CONTEXT('2D SPACE',''
  ) );
#401 = ORIENTED_EDGE('',*,*,#402,.T.);
#402 = EDGE_CURVE('',#375,#403,#405,.T.);
#403 = VERTEX_POINT('',#404);
#404 = CARTESIAN_POINT('',(2.223014782578,-4.641576762437,0.));
#405 = SURFACE_CURVE('',#406,(#412,#421),.PCURVE_S1.);
#406 = B_SPLINE_CURVE_WITH_KNOTS('',4,(#407,#408,#409,#410,#411),
  .UNSPECIFIED.,.F.,.F.,(5,5),(0.,1.),.PIECEWISE_BEZIER_KNOTS.);
#407 = CARTESIAN_POINT('',(2.223014782578,-4.641576762437,1.0000006));
#408 = CARTESIAN_POINT('',(2.223014782578,-4.641576762437,0.7500003));
#409 = CARTESIAN_POINT('',(2.223014782578,-4.641576762437,0.5));
#410 = CARTESIAN_POINT('',(2.223014782578,-4.641576762437,0.2499997));
#411 = CARTESIAN_POINT('',(2.223014782578,-4.641576762437,
    -6.000000000086E-07));
#412 = PCURVE('',#49,#413);
#413 = DEFINITIONAL_REPRESENTATION('',(#414),#420);
#414 = B_SPLINE_CURVE_WITH_KNOTS('',4,(#415,#416,#417,#418,#419),
  .UNSPECIFIED.,.F.,.F.,(5,5),(0.,1.),.PIECEWISE_BEZIER_KNOTS.);
#415 = CARTESIAN_POINT('',(-4.970024418443,-1.0000006));
#416 = CARTESIAN_POINT('',(-4.970024418443,-0.7500003));
#417 = CARTESIAN_POINT('',(-4.970024418443,-0.5));
#418 = CARTESIAN_POINT('',(-4.970024418443,-0.2499997));
#419 = CARTESIAN_POINT('',(-4.970024418443,5.999999999062E-07));
#420 = ( GEOMETRIC_REPRESENTATION_CONTEXT(2) 
PARAMETRIC_REPRESENTATION_CONTEXT() REPRESENTATION_CONTEXT('2D SPACE',''
  ) );
#421 = PCURVE('',#422,#447);
#422 = SURFACE_OF_LINEAR_EXTRUSION('',#423,#445);
#423 = B_SPLINE_CURVE_WITH_KNOTS('',3,(#424,#425,#426,#427,#428,#429,
    #430,#431,#432,#433,#434,#435,#436,#437,#438,#439,#440,#441,#442,
    #443,#444),.UNSPECIFIED.,.T.,.F.,(1,1,2,1,1,1,1,1,1,1,1,1,1,1,1,1,1,
    1,1,1,2,1,1),(-9.405124837953,-5.5,0.,5.590169943749,12.801272494677
    ,18.904550302544,23.929488113105,28.646478679133,33.389895169386,
    38.133311659638,43.448384566006,47.479513440155,51.384638278108,
    56.532453348602,61.06014591767,65.669918146317,70.169918146317,
    75.484991052684,81.315942947529,85.221067785483,90.721067785483,
    96.311237729232,103.52234028016),.UNSPECIFIED.);
#424 = CARTESIAN_POINT('',(-0.313449792475,1.411246697963,-1.));
#425 = CARTESIAN_POINT('',(1.326785923753,4.614800174014,-1.));
#426 = CARTESIAN_POINT('',(3.164985726709,8.541326224595,-1.));
#427 = CARTESIAN_POINT('',(6.404419339551,13.998094077675,-1.));
#428 = CARTESIAN_POINT('',(11.45226329686,17.799104122556,-1.));
#429 = CARTESIAN_POINT('',(17.001412382698,18.609367950186,-1.));
#430 = CARTESIAN_POINT('',(21.463708843425,15.856499465331,-1.));
#431 = CARTESIAN_POINT('',(23.087977751599,10.973803107681,-1.));
#432 = CARTESIAN_POINT('',(21.111052298754,6.049006017216,-1.));
#433 = CARTESIAN_POINT('',(18.048873690872,3.003867390766,-1.));
#434 = CARTESIAN_POINT('',(11.793922890856,1.339500959798,-1.));
#435 = CARTESIAN_POINT('',(16.899920095817,-2.372159919037,-1.));
#436 = CARTESIAN_POINT('',(18.854266292301,-6.066379066075,-1.));
#437 = CARTESIAN_POINT('',(18.596799427749,-11.33410893125,-1.));
#438 = CARTESIAN_POINT('',(14.714294778547,-14.51601410093,-1.));
#439 = CARTESIAN_POINT('',(9.475713382922,-14.53228988698,-1.));
#440 = CARTESIAN_POINT('',(5.52482893446,-10.52027121564,-1.));
#441 = CARTESIAN_POINT('',(3.772340498469,-5.754856291952,-1.));
#442 = CARTESIAN_POINT('',(-0.393027234357,-2.479245755433,-1.));
#443 = CARTESIAN_POINT('',(-0.313449792475,1.411246697963,-1.));
#444 = CARTESIAN_POINT('',(1.326785923753,4.614800174014,-1.));
#445 = VECTOR('',#446,1.);
#446 = DIRECTION('',(-0.,-0.,-1.));
#447 = DEFINITIONAL_REPRESENTATION('',(#448),#454);
#448 = B_SPLINE_CURVE_WITH_KNOTS('',4,(#449,#450,#451,#452,#453),
  .UNSPECIFIED.,.F.,.F.,(5,5),(0.,1.),.PIECEWISE_BEZIER_KNOTS.);
#449 = CARTESIAN_POINT('',(82.47309352707,-2.0000006));
#450 = CARTESIAN_POINT('',(82.47309352707,-1.7500003));
#451 = CARTESIAN_POINT('',(82.47309352707,-1.5));
#452 = CARTESIAN_POINT('',(82.47309352707,-1.2499997));
#453 = CARTESIAN_POINT('',(82.47309352707,-0.9999994));
#454 = ( GEOMETRIC_REPRESENTATION_CONTEXT(2) 
PARAMETRIC_REPRESENTATION_CONTEXT() REPRESENTATION_CONTEXT('2D SPACE',''
  ) );
#455 = ORIENTED_EDGE('',*,*,#456,.T.);
#456 = EDGE_CURVE('',#403,#457,#459,.T.);
#457 = VERTEX_POINT('',#458);
#458 = CARTESIAN_POINT('',(1.554312234475E-15,-4.694677837722,0.));
#459 = SURFACE_CURVE('',#460,(#465,#472),.PCURVE_S1.);
#460 = CIRCLE('',#461,4.8);
#461 = AXIS2_PLACEMENT_3D('',#462,#463,#464);
#462 = CARTESIAN_POINT('',(1.,0.,0.));
#463 = DIRECTION('',(0.,0.,-1.));
#464 = DIRECTION('',(-0.447700363538,0.894183641367,0.));
#465 = PCURVE('',#49,#466);
#466 = DEFINITIONAL_REPRESENTATION('',(#467),#471);
#467 = LINE('',#468,#469);
#468 = CARTESIAN_POINT('',(-8.318173540279,0.));
#469 = VECTOR('',#470,1.);
#470 = DIRECTION('',(1.,-0.));
#471 = ( GEOMETRIC_REPRESENTATION_CONTEXT(2) 
PARAMETRIC_REPRESENTATION_CONTEXT() REPRESENTATION_CONTEXT('2D SPACE',''
  ) );
#472 = PCURVE('',#473,#478);
#473 = PLANE('',#474);
#474 = AXIS2_PLACEMENT_3D('',#475,#476,#477);
#475 = CARTESIAN_POINT('',(-11.84968230307,2.216882614944,0.));
#476 = DIRECTION('',(0.,0.,1.));
#477 = DIRECTION('',(1.,0.,-0.));
#478 = DEFINITIONAL_REPRESENTATION('',(#479),#487);
#479 = ( BOUNDED_CURVE() B_SPLINE_CURVE(2,(#480,#481,#482,#483,#484,#485
,#486),.UNSPECIFIED.,.T.,.F.) B_SPLINE_CURVE_WITH_KNOTS((1,2,2,2,2,1),(
    -2.094395102393,0.,2.094395102393,4.188790204786,6.28318530718,
8.377580409573),.UNSPECIFIED.) CURVE() GEOMETRIC_REPRESENTATION_ITEM() 
RATIONAL_B_SPLINE_CURVE((1.,0.5,1.,0.5,1.,0.5,1.)) REPRESENTATION_ITEM(
  '') );
#480 = CARTESIAN_POINT('',(10.700720558094,2.075198863616));
#481 = CARTESIAN_POINT('',(18.134823749185,5.79730978945));
#482 = CARTESIAN_POINT('',(17.641214771115,-2.501867891307));
#483 = CARTESIAN_POINT('',(17.147605793046,-10.80104557206));
#484 = CARTESIAN_POINT('',(10.207111580024,-6.22397881714));
#485 = CARTESIAN_POINT('',(3.266617367003,-1.646912062218));
#486 = CARTESIAN_POINT('',(10.700720558094,2.075198863616));
#487 = ( GEOMETRIC_REPRESENTATION_CONTEXT(2) 
PARAMETRIC_REPRESENTATION_CONTEXT() REPRESENTATION_CONTEXT('2D SPACE',''
  ) );
#488 = ORIENTED_EDGE('',*,*,#489,.F.);
#489 = EDGE_CURVE('',#490,#457,#492,.T.);
#490 = VERTEX_POINT('',#491);
#491 = CARTESIAN_POINT('',(0.,-4.694677837722,1.));
#492 = SURFACE_CURVE('',#493,(#497,#503),.PCURVE_S1.);
#493 = LINE('',#494,#495);
#494 = CARTESIAN_POINT('',(0.,-4.694677837722,0.));
#495 = VECTOR('',#496,1.);
#496 = DIRECTION('',(-0.,-0.,-1.));
#497 = PCURVE('',#49,#498);
#498 = DEFINITIONAL_REPRESENTATION('',(#499),#502);
#499 = B_SPLINE_CURVE_WITH_KNOTS('',1,(#500,#501),.UNSPECIFIED.,.F.,.F.,
  (2,2),(-1.0000006,6.E-07),.PIECEWISE_BEZIER_KNOTS.);
#500 = CARTESIAN_POINT('',(-4.502518388122,-1.0000006));
#501 = CARTESIAN_POINT('',(-4.502518388122,6.E-07));
#502 = ( GEOMETRIC_REPRESENTATION_CONTEXT(2) 
PARAMETRIC_REPRESENTATION_CONTEXT() REPRESENTATION_CONTEXT('2D SPACE',''
  ) );
#503 = PCURVE('',#504,#509);
#504 = CYLINDRICAL_SURFACE('',#505,4.8);
#505 = AXIS2_PLACEMENT_3D('',#506,#507,#508);
#506 = CARTESIAN_POINT('',(-1.,0.,-1.));
#507 = DIRECTION('',(-0.,-0.,-1.));
#508 = DIRECTION('',(1.,0.,0.));
#509 = DEFINITIONAL_REPRESENTATION('',(#510),#513);
#510 = B_SPLINE_CURVE_WITH_KNOTS('',1,(#511,#512),.UNSPECIFIED.,.F.,.F.,
  (2,2),(-1.0000006,6.E-07),.PIECEWISE_BEZIER_KNOTS.);
#511 = CARTESIAN_POINT('',(-4.922259572647,-2.0000006));
#512 = CARTESIAN_POINT('',(-4.922259572647,-0.9999994));
#513 = ( GEOMETRIC_REPRESENTATION_CONTEXT(2) 
PARAMETRIC_REPRESENTATION_CONTEXT() REPRESENTATION_CONTEXT('2D SPACE',''
  ) );
#514 = ORIENTED_EDGE('',*,*,#515,.T.);
#515 = EDGE_CURVE('',#490,#516,#518,.T.);
#516 = VERTEX_POINT('',#517);
#517 = CARTESIAN_POINT('',(-1.629031609825,-4.015992130786,1.));
#518 = SURFACE_CURVE('',#519,(#524,#531),.PCURVE_S1.);
#519 = CIRCLE('',#520,4.8);
#520 = AXIS2_PLACEMENT_3D('',#521,#522,#523);
#521 = CARTESIAN_POINT('',(1.,0.,1.));
#522 = DIRECTION('',(0.,0.,-1.));
#523 = DIRECTION('',(1.,0.,0.));
#524 = PCURVE('',#49,#525);
#525 = DEFINITIONAL_REPRESENTATION('',(#526),#530);
#526 = LINE('',#527,#528);
#527 = CARTESIAN_POINT('',(-12.56637061435,-1.));
#528 = VECTOR('',#529,1.);
#529 = DIRECTION('',(1.,-0.));
#530 = ( GEOMETRIC_REPRESENTATION_CONTEXT(2) 
PARAMETRIC_REPRESENTATION_CONTEXT() REPRESENTATION_CONTEXT('2D SPACE',''
  ) );
#531 = PCURVE('',#309,#532);
#532 = DEFINITIONAL_REPRESENTATION('',(#533),#541);
#533 = ( BOUNDED_CURVE() B_SPLINE_CURVE(2,(#534,#535,#536,#537,#538,#539
,#540),.UNSPECIFIED.,.T.,.F.) B_SPLINE_CURVE_WITH_KNOTS((1,2,2,2,2,1),(
    -2.094395102393,0.,2.094395102393,4.188790204786,6.28318530718,
8.377580409573),.UNSPECIFIED.) CURVE() GEOMETRIC_REPRESENTATION_ITEM() 
RATIONAL_B_SPLINE_CURVE((1.,0.5,1.,0.5,1.,0.5,1.)) REPRESENTATION_ITEM(
  '') );
#534 = CARTESIAN_POINT('',(6.8,-8.893987308214E-17));
#535 = CARTESIAN_POINT('',(6.8,-8.313843876331));
#536 = CARTESIAN_POINT('',(-0.4,-4.156921938165));
#537 = CARTESIAN_POINT('',(-7.6,-1.264600800264E-15));
#538 = CARTESIAN_POINT('',(-0.4,4.156921938165));
#539 = CARTESIAN_POINT('',(6.8,8.313843876331));
#540 = CARTESIAN_POINT('',(6.8,-8.893987308214E-17));
#541 = ( GEOMETRIC_REPRESENTATION_CONTEXT(2) 
PARAMETRIC_REPRESENTATION_CONTEXT() REPRESENTATION_CONTEXT('2D SPACE',''
  ) );
#542 = ORIENTED_EDGE('',*,*,#543,.F.);
#543 = EDGE_CURVE('',#206,#516,#544,.T.);
#544 = SURFACE_CURVE('',#545,(#551,#560),.PCURVE_S1.);
#545 = B_SPLINE_CURVE_WITH_KNOTS('',4,(#546,#547,#548,#549,#550),
  .UNSPECIFIED.,.F.,.F.,(5,5),(0.,1.),.PIECEWISE_BEZIER_KNOTS.);
#546 = CARTESIAN_POINT('',(-1.629031609825,-4.015992130786,2.0000006));
#547 = CARTESIAN_POINT('',(-1.629031609825,-4.015992130786,1.5000003));
#548 = CARTESIAN_POINT('',(-1.629031609825,-4.015992130786,1.));
#549 = CARTESIAN_POINT('',(-1.629031609825,-4.015992130786,0.4999997));
#550 = CARTESIAN_POINT('',(-1.629031609825,-4.015992130786,-6.E-07));
#551 = PCURVE('',#49,#552);
#552 = DEFINITIONAL_REPRESENTATION('',(#553),#559);
#553 = B_SPLINE_CURVE_WITH_KNOTS('',4,(#554,#555,#556,#557,#558),
  .UNSPECIFIED.,.F.,.F.,(5,5),(2.999998199532E-07,0.9999997),
  .PIECEWISE_BEZIER_KNOTS.);
#554 = CARTESIAN_POINT('',(-4.132758370096,-2.));
#555 = CARTESIAN_POINT('',(-4.132758370096,-1.5));
#556 = CARTESIAN_POINT('',(-4.132758370096,-1.));
#557 = CARTESIAN_POINT('',(-4.132758370096,-0.5));
#558 = CARTESIAN_POINT('',(-4.132758370096,-6.547776440513E-17));
#559 = ( GEOMETRIC_REPRESENTATION_CONTEXT(2) 
PARAMETRIC_REPRESENTATION_CONTEXT() REPRESENTATION_CONTEXT('2D SPACE',''
  ) );
#560 = PCURVE('',#258,#561);
#561 = DEFINITIONAL_REPRESENTATION('',(#562),#568);
#562 = B_SPLINE_CURVE_WITH_KNOTS('',4,(#563,#564,#565,#566,#567),
  .UNSPECIFIED.,.F.,.F.,(5,5),(0.,1.),.PIECEWISE_BEZIER_KNOTS.);
#563 = CARTESIAN_POINT('',(83.329601274547,-2.0000006));
#564 = CARTESIAN_POINT('',(83.329601274547,-1.5000003));
#565 = CARTESIAN_POINT('',(83.329601274547,-1.));
#566 = CARTESIAN_POINT('',(83.329601274547,-0.4999997));
#567 = CARTESIAN_POINT('',(83.329601274547,5.999999999062E-07));
#568 = ( GEOMETRIC_REPRESENTATION_CONTEXT(2) 
PARAMETRIC_REPRESENTATION_CONTEXT() REPRESENTATION_CONTEXT('2D SPACE',''
  ) );
#569 = ADVANCED_FACE('',(#570),#148,.F.);
#570 = FACE_BOUND('',#571,.F.);
#571 = EDGE_LOOP('',(#572,#573,#602,#659));
#572 = ORIENTED_EDGE('',*,*,#94,.T.);
#573 = ORIENTED_EDGE('',*,*,#574,.F.);
#574 = EDGE_CURVE('',#575,#62,#577,.T.);
#575 = VERTEX_POINT('',#576);
#576 = CARTESIAN_POINT('',(1.148961744984,4.29208147856,1.));
#577 = SURFACE_CURVE('',#578,(#584,#593),.PCURVE_S1.);
#578 = B_SPLINE_CURVE_WITH_KNOTS('',4,(#579,#580,#581,#582,#583),
  .UNSPECIFIED.,.F.,.F.,(5,5),(0.,1.),.PIECEWISE_BEZIER_KNOTS.);
#579 = CARTESIAN_POINT('',(1.148961744984,4.29208147856,1.0000006));
#580 = CARTESIAN_POINT('',(1.148961744984,4.29208147856,0.5000003));
#581 = CARTESIAN_POINT('',(1.148961744984,4.29208147856,
    1.15463194561E-14));
#582 = CARTESIAN_POINT('',(1.148961744984,4.29208147856,-0.5000003));
#583 = CARTESIAN_POINT('',(1.148961744984,4.29208147856,-1.0000006));
#584 = PCURVE('',#148,#585);
#585 = DEFINITIONAL_REPRESENTATION('',(#586),#592);
#586 = B_SPLINE_CURVE_WITH_KNOTS('',4,(#587,#588,#589,#590,#591),
  .UNSPECIFIED.,.F.,.F.,(5,5),(0.,1.),.PIECEWISE_BEZIER_KNOTS.);
#587 = CARTESIAN_POINT('',(1.470102627762,-2.0000006));
#588 = CARTESIAN_POINT('',(1.470102627762,-1.5000003));
#589 = CARTESIAN_POINT('',(1.470102627762,-1.));
#590 = CARTESIAN_POINT('',(1.470102627762,-0.4999997));
#591 = CARTESIAN_POINT('',(1.470102627762,5.999999999062E-07));
#592 = ( GEOMETRIC_REPRESENTATION_CONTEXT(2) 
PARAMETRIC_REPRESENTATION_CONTEXT() REPRESENTATION_CONTEXT('2D SPACE',''
  ) );
#593 = PCURVE('',#82,#594);
#594 = DEFINITIONAL_REPRESENTATION('',(#595),#601);
#595 = B_SPLINE_CURVE_WITH_KNOTS('',4,(#596,#597,#598,#599,#600),
  .UNSPECIFIED.,.F.,.F.,(5,5),(0.,1.),.PIECEWISE_BEZIER_KNOTS.);
#596 = CARTESIAN_POINT('',(-1.106604420491,-2.0000006));
#597 = CARTESIAN_POINT('',(-1.106604420491,-1.5000003));
#598 = CARTESIAN_POINT('',(-1.106604420491,-1.));
#599 = CARTESIAN_POINT('',(-1.106604420491,-0.4999997));
#600 = CARTESIAN_POINT('',(-1.106604420491,5.999999999062E-07));
#601 = ( GEOMETRIC_REPRESENTATION_CONTEXT(2) 
PARAMETRIC_REPRESENTATION_CONTEXT() REPRESENTATION_CONTEXT('2D SPACE',''
  ) );
#602 = ORIENTED_EDGE('',*,*,#603,.T.);
#603 = EDGE_CURVE('',#575,#346,#604,.T.);
#604 = SURFACE_CURVE('',#605,(#627,#634),.PCURVE_S1.);
#605 = B_SPLINE_CURVE_WITH_KNOTS('',3,(#606,#607,#608,#609,#610,#611,
    #612,#613,#614,#615,#616,#617,#618,#619,#620,#621,#622,#623,#624,
    #625,#626),.UNSPECIFIED.,.T.,.F.,(1,1,2,1,1,1,1,1,1,1,1,1,1,1,1,1,1,
    1,1,1,2,1,1),(-9.405124837953,-5.5,0.,5.590169943749,12.801272494677
    ,18.904550302544,23.929488113105,28.646478679133,33.389895169386,
    38.133311659638,43.448384566006,47.479513440155,51.384638278108,
    56.532453348602,61.06014591767,65.669918146317,70.169918146317,
    75.484991052684,81.315942947529,85.221067785483,90.721067785483,
    96.311237729232,103.52234028016),.UNSPECIFIED.);
#606 = CARTESIAN_POINT('',(-0.313449792475,1.411246697963,1.));
#607 = CARTESIAN_POINT('',(1.326785923753,4.614800174014,1.));
#608 = CARTESIAN_POINT('',(3.164985726709,8.541326224595,1.));
#609 = CARTESIAN_POINT('',(6.404419339551,13.998094077675,1.));
#610 = CARTESIAN_POINT('',(11.45226329686,17.799104122556,1.));
#611 = CARTESIAN_POINT('',(17.001412382698,18.609367950186,1.));
#612 = CARTESIAN_POINT('',(21.463708843425,15.856499465331,1.));
#613 = CARTESIAN_POINT('',(23.087977751599,10.973803107681,1.));
#614 = CARTESIAN_POINT('',(21.111052298754,6.049006017216,1.));
#615 = CARTESIAN_POINT('',(18.048873690872,3.003867390766,1.));
#616 = CARTESIAN_POINT('',(11.793922890856,1.339500959798,1.));
#617 = CARTESIAN_POINT('',(16.899920095817,-2.372159919037,1.));
#618 = CARTESIAN_POINT('',(18.854266292301,-6.066379066075,1.));
#619 = CARTESIAN_POINT('',(18.596799427749,-11.33410893125,1.));
#620 = CARTESIAN_POINT('',(14.714294778547,-14.51601410093,1.));
#621 = CARTESIAN_POINT('',(9.475713382922,-14.53228988698,1.));
#622 = CARTESIAN_POINT('',(5.52482893446,-10.52027121564,1.));
#623 = CARTESIAN_POINT('',(3.772340498469,-5.754856291952,1.));
#624 = CARTESIAN_POINT('',(-0.393027234357,-2.479245755433,1.));
#625 = CARTESIAN_POINT('',(-0.313449792475,1.411246697963,1.));
#626 = CARTESIAN_POINT('',(1.326785923753,4.614800174014,1.));
#627 = PCURVE('',#148,#628);
#628 = DEFINITIONAL_REPRESENTATION('',(#629),#633);
#629 = LINE('',#630,#631);
#630 = CARTESIAN_POINT('',(0.,-2.));
#631 = VECTOR('',#632,1.);
#632 = DIRECTION('',(1.,0.));
#633 = ( GEOMETRIC_REPRESENTATION_CONTEXT(2) 
PARAMETRIC_REPRESENTATION_CONTEXT() REPRESENTATION_CONTEXT('2D SPACE',''
  ) );
#634 = PCURVE('',#309,#635);
#635 = DEFINITIONAL_REPRESENTATION('',(#636),#658);
#636 = B_SPLINE_CURVE_WITH_KNOTS('',3,(#637,#638,#639,#640,#641,#642,
    #643,#644,#645,#646,#647,#648,#649,#650,#651,#652,#653,#654,#655,
    #656,#657),.UNSPECIFIED.,.F.,.F.,(1,1,2,1,1,1,1,1,1,1,1,1,1,1,1,1,1,
    1,1,1,2,1,1),(-9.405124837953,-5.5,0.,5.590169943749,12.801272494677
    ,18.904550302544,23.929488113105,28.646478679133,33.389895169386,
    38.133311659638,43.448384566006,47.479513440155,51.384638278108,
    56.532453348602,61.06014591767,65.669918146317,70.169918146317,
    75.484991052684,81.315942947529,85.221067785483,90.721067785483,
    96.311237729232,103.52234028016),.UNSPECIFIED.);
#637 = CARTESIAN_POINT('',(0.686550207525,1.411246697963));
#638 = CARTESIAN_POINT('',(2.326785923753,4.614800174014));
#639 = CARTESIAN_POINT('',(4.164985726709,8.541326224595));
#640 = CARTESIAN_POINT('',(7.404419339551,13.998094077675));
#641 = CARTESIAN_POINT('',(12.45226329686,17.799104122556));
#642 = CARTESIAN_POINT('',(18.001412382698,18.609367950186));
#643 = CARTESIAN_POINT('',(22.463708843425,15.856499465331));
#644 = CARTESIAN_POINT('',(24.087977751599,10.973803107681));
#645 = CARTESIAN_POINT('',(22.111052298754,6.049006017216));
#646 = CARTESIAN_POINT('',(19.048873690872,3.003867390766));
#647 = CARTESIAN_POINT('',(12.793922890856,1.339500959798));
#648 = CARTESIAN_POINT('',(17.899920095817,-2.372159919037));
#649 = CARTESIAN_POINT('',(19.854266292301,-6.066379066075));
#650 = CARTESIAN_POINT('',(19.596799427749,-11.33410893125));
#651 = CARTESIAN_POINT('',(15.714294778547,-14.51601410093));
#652 = CARTESIAN_POINT('',(10.475713382922,-14.53228988698));
#653 = CARTESIAN_POINT('',(6.52482893446,-10.52027121564));
#654 = CARTESIAN_POINT('',(4.772340498469,-5.754856291952));
#655 = CARTESIAN_POINT('',(0.606972765643,-2.479245755433));
#656 = CARTESIAN_POINT('',(0.686550207525,1.411246697963));
#657 = CARTESIAN_POINT('',(2.326785923753,4.614800174014));
#658 = ( GEOMETRIC_REPRESENTATION_CONTEXT(2) 
PARAMETRIC_REPRESENTATION_CONTEXT() REPRESENTATION_CONTEXT('2D SPACE',''
  ) );
#659 = ORIENTED_EDGE('',*,*,#345,.T.);
#660 = ADVANCED_FACE('',(#661),#82,.F.);
#661 = FACE_BOUND('',#662,.T.);
#662 = EDGE_LOOP('',(#663,#664,#665,#687));
#663 = ORIENTED_EDGE('',*,*,#61,.T.);
#664 = ORIENTED_EDGE('',*,*,#574,.F.);
#665 = ORIENTED_EDGE('',*,*,#666,.T.);
#666 = EDGE_CURVE('',#575,#293,#667,.T.);
#667 = SURFACE_CURVE('',#668,(#673,#680),.PCURVE_S1.);
#668 = CIRCLE('',#669,4.8);
#669 = AXIS2_PLACEMENT_3D('',#670,#671,#672);
#670 = CARTESIAN_POINT('',(-1.,0.,1.));
#671 = DIRECTION('',(0.,0.,1.));
#672 = DIRECTION('',(1.,0.,0.));
#673 = PCURVE('',#82,#674);
#674 = DEFINITIONAL_REPRESENTATION('',(#675),#679);
#675 = LINE('',#676,#677);
#676 = CARTESIAN_POINT('',(-0.,-2.));
#677 = VECTOR('',#678,1.);
#678 = DIRECTION('',(-1.,0.));
#679 = ( GEOMETRIC_REPRESENTATION_CONTEXT(2) 
PARAMETRIC_REPRESENTATION_CONTEXT() REPRESENTATION_CONTEXT('2D SPACE',''
  ) );
#680 = PCURVE('',#309,#681);
#681 = DEFINITIONAL_REPRESENTATION('',(#682),#686);
#682 = CIRCLE('',#683,4.8);
#683 = AXIS2_PLACEMENT_2D('',#684,#685);
#684 = CARTESIAN_POINT('',(4.440892098501E-16,-8.893987308214E-17));
#685 = DIRECTION('',(1.,0.));
#686 = ( GEOMETRIC_REPRESENTATION_CONTEXT(2) 
PARAMETRIC_REPRESENTATION_CONTEXT() REPRESENTATION_CONTEXT('2D SPACE',''
  ) );
#687 = ORIENTED_EDGE('',*,*,#325,.T.);
#688 = ADVANCED_FACE('',(#689,#749,#1724,#1755,#1786,#1906,#1937,#3101,
    #3132),#222,.T.);
#689 = FACE_BOUND('',#690,.T.);
#690 = EDGE_LOOP('',(#691,#692));
#691 = ORIENTED_EDGE('',*,*,#203,.F.);
#692 = ORIENTED_EDGE('',*,*,#693,.T.);
#693 = EDGE_CURVE('',#204,#206,#694,.T.);
#694 = SURFACE_CURVE('',#695,(#717,#742),.PCURVE_S1.);
#695 = B_SPLINE_CURVE_WITH_KNOTS('',3,(#696,#697,#698,#699,#700,#701,
    #702,#703,#704,#705,#706,#707,#708,#709,#710,#711,#712,#713,#714,
    #715,#716),.UNSPECIFIED.,.T.,.F.,(1,1,2,1,1,1,1,1,1,1,1,1,1,1,1,1,1,
    1,1,1,2,1,1),(-9.405124837953,-5.5,0.,5.590169943749,12.801272494677
    ,18.904550302544,23.929488113105,28.646478679133,33.389895169386,
    38.133311659638,43.448384566006,47.479513440155,51.384638278108,
    56.532453348602,61.06014591767,65.669918146317,70.169918146317,
    75.484991052684,81.315942947529,85.221067785483,90.721067785483,
    96.311237729232,103.52234028016),.UNSPECIFIED.);
#696 = CARTESIAN_POINT('',(0.313449792475,1.411246697963,2.));
#697 = CARTESIAN_POINT('',(-1.326785923753,4.614800174014,2.));
#698 = CARTESIAN_POINT('',(-3.164985726709,8.541326224595,2.));
#699 = CARTESIAN_POINT('',(-6.404419339551,13.998094077675,2.));
#700 = CARTESIAN_POINT('',(-11.45226329686,17.799104122556,2.));
#701 = CARTESIAN_POINT('',(-17.00141238269,18.609367950186,2.));
#702 = CARTESIAN_POINT('',(-21.46370884342,15.856499465331,2.));
#703 = CARTESIAN_POINT('',(-23.08797775159,10.973803107681,2.));
#704 = CARTESIAN_POINT('',(-21.11105229875,6.049006017216,2.));
#705 = CARTESIAN_POINT('',(-18.04887369087,3.003867390766,2.));
#706 = CARTESIAN_POINT('',(-11.79392289085,1.339500959798,2.));
#707 = CARTESIAN_POINT('',(-16.89992009581,-2.372159919037,2.));
#708 = CARTESIAN_POINT('',(-18.8542662923,-6.066379066075,2.));
#709 = CARTESIAN_POINT('',(-18.59679942774,-11.33410893125,2.));
#710 = CARTESIAN_POINT('',(-14.71429477854,-14.51601410093,2.));
#711 = CARTESIAN_POINT('',(-9.475713382922,-14.53228988698,2.));
#712 = CARTESIAN_POINT('',(-5.52482893446,-10.52027121564,2.));
#713 = CARTESIAN_POINT('',(-3.772340498469,-5.754856291952,2.));
#714 = CARTESIAN_POINT('',(0.393027234357,-2.479245755433,2.));
#715 = CARTESIAN_POINT('',(0.313449792475,1.411246697963,2.));
#716 = CARTESIAN_POINT('',(-1.326785923753,4.614800174014,2.));
#717 = PCURVE('',#222,#718);
#718 = DEFINITIONAL_REPRESENTATION('',(#719),#741);
#719 = B_SPLINE_CURVE_WITH_KNOTS('',3,(#720,#721,#722,#723,#724,#725,
    #726,#727,#728,#729,#730,#731,#732,#733,#734,#735,#736,#737,#738,
    #739,#740),.UNSPECIFIED.,.F.,.F.,(1,1,2,1,1,1,1,1,1,1,1,1,1,1,1,1,1,
    1,1,1,2,1,1),(-9.405124837953,-5.5,0.,5.590169943749,12.801272494677
    ,18.904550302544,23.929488113105,28.646478679133,33.389895169386,
    38.133311659638,43.448384566006,47.479513440155,51.384638278108,
    56.532453348602,61.06014591767,65.669918146317,70.169918146317,
    75.484991052684,81.315942947529,85.221067785483,90.721067785483,
    96.311237729232,103.52234028016),.UNSPECIFIED.);
#720 = CARTESIAN_POINT('',(-0.686550207525,1.411246697963));
#721 = CARTESIAN_POINT('',(-2.326785923753,4.614800174014));
#722 = CARTESIAN_POINT('',(-4.164985726709,8.541326224595));
#723 = CARTESIAN_POINT('',(-7.404419339551,13.998094077675));
#724 = CARTESIAN_POINT('',(-12.45226329686,17.799104122556));
#725 = CARTESIAN_POINT('',(-18.00141238269,18.609367950186));
#726 = CARTESIAN_POINT('',(-22.46370884342,15.856499465331));
#727 = CARTESIAN_POINT('',(-24.08797775159,10.973803107681));
#728 = CARTESIAN_POINT('',(-22.11105229875,6.049006017216));
#729 = CARTESIAN_POINT('',(-19.04887369087,3.003867390766));
#730 = CARTESIAN_POINT('',(-12.79392289085,1.339500959798));
#731 = CARTESIAN_POINT('',(-17.89992009581,-2.372159919037));
#732 = CARTESIAN_POINT('',(-19.8542662923,-6.066379066075));
#733 = CARTESIAN_POINT('',(-19.59679942774,-11.33410893125));
#734 = CARTESIAN_POINT('',(-15.71429477854,-14.51601410093));
#735 = CARTESIAN_POINT('',(-10.47571338292,-14.53228988698));
#736 = CARTESIAN_POINT('',(-6.52482893446,-10.52027121564));
#737 = CARTESIAN_POINT('',(-4.772340498469,-5.754856291952));
#738 = CARTESIAN_POINT('',(-0.606972765643,-2.479245755433));
#739 = CARTESIAN_POINT('',(-0.686550207525,1.411246697963));
#740 = CARTESIAN_POINT('',(-2.326785923753,4.614800174014));
#741 = ( GEOMETRIC_REPRESENTATION_CONTEXT(2) 
PARAMETRIC_REPRESENTATION_CONTEXT() REPRESENTATION_CONTEXT('2D SPACE',''
  ) );
#742 = PCURVE('',#258,#743);
#743 = DEFINITIONAL_REPRESENTATION('',(#744),#748);
#744 = LINE('',#745,#746);
#745 = CARTESIAN_POINT('',(0.,-2.));
#746 = VECTOR('',#747,1.);
#747 = DIRECTION('',(1.,0.));
#748 = ( GEOMETRIC_REPRESENTATION_CONTEXT(2) 
PARAMETRIC_REPRESENTATION_CONTEXT() REPRESENTATION_CONTEXT('2D SPACE',''
  ) );
#749 = FACE_BOUND('',#750,.T.);
#750 = EDGE_LOOP('',(#751));
#751 = ORIENTED_EDGE('',*,*,#752,.F.);
#752 = EDGE_CURVE('',#753,#753,#755,.T.);
#753 = VERTEX_POINT('',#754);
#754 = CARTESIAN_POINT('',(-8.725291032063,-6.283124498997,2.));
#755 = SURFACE_CURVE('',#756,(#941,#1129),.PCURVE_S1.);
#756 = B_SPLINE_CURVE_WITH_KNOTS('',8,(#757,#758,#759,#760,#761,#762,
    #763,#764,#765,#766,#767,#768,#769,#770,#771,#772,#773,#774,#775,
    #776,#777,#778,#779,#780,#781,#782,#783,#784,#785,#786,#787,#788,
    #789,#790,#791,#792,#793,#794,#795,#796,#797,#798,#799,#800,#801,
    #802,#803,#804,#805,#806,#807,#808,#809,#810,#811,#812,#813,#814,
    #815,#816,#817,#818,#819,#820,#821,#822,#823,#824,#825,#826,#827,
    #828,#829,#830,#831,#832,#833,#834,#835,#836,#837,#838,#839,#840,
    #841,#842,#843,#844,#845,#846,#847,#848,#849,#850,#851,#852,#853,
    #854,#855,#856,#857,#858,#859,#860,#861,#862,#863,#864,#865,#866,
    #867,#868,#869,#870,#871,#872,#873,#874,#875,#876,#877,#878,#879,
    #880,#881,#882,#883,#884,#885,#886,#887,#888,#889,#890,#891,#892,
    #893,#894,#895,#896,#897,#898,#899,#900,#901,#902,#903,#904,#905,
    #906,#907,#908,#909,#910,#911,#912,#913,#914,#915,#916,#917,#918,
    #919,#920,#921,#922,#923,#924,#925,#926,#927,#928,#929,#930,#931,
    #932,#933,#934,#935,#936,#937,#938,#939,#940),.UNSPECIFIED.,.T.,.F.,
  (9,7,7,7,7,7,7,7,7,7,7,7,7,7,7,7,7,7,7,7,7,7,7,7,7,7,9),(0.,
    3.147635225919E-02,8.774275515988E-02,0.129607689098,0.150198685543,
    0.193262321573,0.211942576642,0.23069347439,0.295108031525,
    0.32589557048,0.337830575695,0.350752277784,0.415473712298,
    0.483456144762,0.496474253673,0.536452368071,0.600091629862,
    0.62878320843,0.637676655918,0.665301352347,0.75797793192,
    0.767095295521,0.796548562037,0.882946776287,0.895931074009,
    0.944255372039,1.),.UNSPECIFIED.);
#757 = CARTESIAN_POINT('',(-8.725291032063,-6.283124498997,2.));
#758 = CARTESIAN_POINT('',(-8.769120246298,-6.163731143352,2.));
#759 = CARTESIAN_POINT('',(-8.815434086158,-6.045945260859,2.));
#760 = CARTESIAN_POINT('',(-8.864280622581,-5.929878582569,2.));
#761 = CARTESIAN_POINT('',(-8.915703241212,-5.815649359472,2.));
#762 = CARTESIAN_POINT('',(-8.969738988366,-5.703381555986,2.));
#763 = CARTESIAN_POINT('',(-9.026416917002,-5.593204043448,2.));
#764 = CARTESIAN_POINT('',(-9.085756432689,-5.485249793602,2.));
#765 = CARTESIAN_POINT('',(-9.258611697654,-5.190896284403,2.));
#766 = CARTESIAN_POINT('',(-9.378008727183,-5.009642564263,2.));
#767 = CARTESIAN_POINT('',(-9.505979800358,-4.83671771437,2.));
#768 = CARTESIAN_POINT('',(-9.642441224274,-4.672930585272,2.));
#769 = CARTESIAN_POINT('',(-9.787171384262,-4.519052840376,2.));
#770 = CARTESIAN_POINT('',(-9.939786621634,-4.375789817856,2.));
#771 = CARTESIAN_POINT('',(-10.09972414586,-4.243744489437,2.));
#772 = CARTESIAN_POINT('',(-10.3901218238,-4.033813527758,2.));
#773 = CARTESIAN_POINT('',(-10.51767941456,-3.950694407431,2.));
#774 = CARTESIAN_POINT('',(-10.64860840469,-3.874204279941,2.));
#775 = CARTESIAN_POINT('',(-10.78258931831,-3.804465502132,2.));
#776 = CARTESIAN_POINT('',(-10.91928640207,-3.741541403297,2.));
#777 = CARTESIAN_POINT('',(-11.05835447482,-3.685442025639,2.));
#778 = CARTESIAN_POINT('',(-11.19944577726,-3.636129864739,2.));
#779 = CARTESIAN_POINT('',(-11.41243766431,-3.572570839098,2.));
#780 = CARTESIAN_POINT('',(-11.48306719547,-3.553238620022,2.));
#781 = CARTESIAN_POINT('',(-11.55406560565,-3.535518646209,2.));
#782 = CARTESIAN_POINT('',(-11.62539424466,-3.519398806599,2.));
#783 = CARTESIAN_POINT('',(-11.69701562149,-3.50486518565,2.));
#784 = CARTESIAN_POINT('',(-11.76889340438,-3.491902063335,2.));
#785 = CARTESIAN_POINT('',(-11.84099242076,-3.480491915146,2.));
#786 = CARTESIAN_POINT('',(-12.06445678907,-3.449960310392,2.));
#787 = CARTESIAN_POINT('',(-12.21645258799,-3.436015303651,2.));
#788 = CARTESIAN_POINT('',(-12.36895902535,-3.428609694132,2.));
#789 = CARTESIAN_POINT('',(-12.52169502246,-3.427549637602,2.));
#790 = CARTESIAN_POINT('',(-12.67440272974,-3.432632369259,2.));
#791 = CARTESIAN_POINT('',(-12.82684611184,-3.443655197469,2.));
#792 = CARTESIAN_POINT('',(-12.97881083901,-3.460419265328,2.));
#793 = CARTESIAN_POINT('',(-13.19573304531,-3.49240471021,2.));
#794 = CARTESIAN_POINT('',(-13.26123561783,-3.503124128632,2.));
#795 = CARTESIAN_POINT('',(-13.32661557091,-3.514894389053,2.));
#796 = CARTESIAN_POINT('',(-13.39182298244,-3.527679115236,2.));
#797 = CARTESIAN_POINT('',(-13.45687291013,-3.5414975134,2.));
#798 = CARTESIAN_POINT('',(-13.52172019382,-3.55631763824,2.));
#799 = CARTESIAN_POINT('',(-13.58636211266,-3.572143981034,2.));
#800 = CARTESIAN_POINT('',(-13.7154308211,-3.605845774405,2.));
#801 = CARTESIAN_POINT('',(-13.77985711646,-3.623729900449,2.));
#802 = CARTESIAN_POINT('',(-13.84403513635,-3.642606947662,2.));
#803 = CARTESIAN_POINT('',(-13.90794666424,-3.662468892085,2.));
#804 = CARTESIAN_POINT('',(-13.97157346566,-3.683308078015,2.));
#805 = CARTESIAN_POINT('',(-14.03489728819,-3.705117218013,2.));
#806 = CARTESIAN_POINT('',(-14.0978998615,-3.727889392894,2.));
#807 = CARTESIAN_POINT('',(-14.37582822604,-3.833132827432,2.));
#808 = CARTESIAN_POINT('',(-14.58705962391,-3.925924704331,2.));
#809 = CARTESIAN_POINT('',(-14.79355204156,-4.029737770255,2.));
#810 = CARTESIAN_POINT('',(-14.99454214763,-4.14435691558,2.));
#811 = CARTESIAN_POINT('',(-15.18921217845,-4.26959100327,2.));
#812 = CARTESIAN_POINT('',(-15.3766937877,-4.405256038919,2.));
#813 = CARTESIAN_POINT('',(-15.55607189612,-4.551158340777,2.));
#814 = CARTESIAN_POINT('',(-15.80779314099,-4.781600939604,2.));
#815 = CARTESIAN_POINT('',(-15.88712304633,-4.858408248927,2.));
#816 = CARTESIAN_POINT('',(-15.96427178045,-4.937472856001,2.));
#817 = CARTESIAN_POINT('',(-16.03912927358,-5.018764650423,2.));
#818 = CARTESIAN_POINT('',(-16.11158265827,-5.102249399141,2.));
#819 = CARTESIAN_POINT('',(-16.18151706476,-5.187887952448,2.));
#820 = CARTESIAN_POINT('',(-16.24881641641,-5.27563544999,2.));
#821 = CARTESIAN_POINT('',(-16.33838418409,-5.400246053818,2.));
#822 = CARTESIAN_POINT('',(-16.36299024617,-5.435393941738,2.));
#823 = CARTESIAN_POINT('',(-16.38717367734,-5.470745749616,2.));
#824 = CARTESIAN_POINT('',(-16.41094390629,-5.506464803972,2.));
#825 = CARTESIAN_POINT('',(-16.43428988841,-5.542374499443,2.));
#826 = CARTESIAN_POINT('',(-16.45721889085,-5.578597456028,2.));
#827 = CARTESIAN_POINT('',(-16.47972589362,-5.615053828964,2.));
#828 = CARTESIAN_POINT('',(-16.52572388642,-5.69151254284,2.));
#829 = CARTESIAN_POINT('',(-16.54914195874,-5.731551162488,2.));
#830 = CARTESIAN_POINT('',(-16.57206588178,-5.771874190954,2.));
#831 = CARTESIAN_POINT('',(-16.59449515524,-5.812473432535,2.));
#832 = CARTESIAN_POINT('',(-16.61642935621,-5.85334078656,2.));
#833 = CARTESIAN_POINT('',(-16.63786813912,-5.894468247391,2.));
#834 = CARTESIAN_POINT('',(-16.65881123578,-5.93584790442,2.));
#835 = CARTESIAN_POINT('',(-16.78167317166,-6.185955740773,2.));
#836 = CARTESIAN_POINT('',(-16.87163718581,-6.400550321064,2.));
#837 = CARTESIAN_POINT('',(-16.94914217822,-6.620299944742,2.));
#838 = CARTESIAN_POINT('',(-17.01419266442,-6.844288634678,2.));
#839 = CARTESIAN_POINT('',(-17.06679441002,-7.07163888735,2.));
#840 = CARTESIAN_POINT('',(-17.10694284561,-7.301510385369,2.));
#841 = CARTESIAN_POINT('',(-17.1346114818,-7.533098710004,2.));
#842 = CARTESIAN_POINT('',(-17.1656313372,-8.009885526367,2.));
#843 = CARTESIAN_POINT('',(-17.1676837694,-8.255129546482,2.));
#844 = CARTESIAN_POINT('',(-17.15583704802,-8.500472806375,2.));
#845 = CARTESIAN_POINT('',(-17.12998524211,-8.74498522697,2.));
#846 = CARTESIAN_POINT('',(-17.08999523365,-8.987694499221,2.));
#847 = CARTESIAN_POINT('',(-17.03572671124,-9.227583763667,2.));
#848 = CARTESIAN_POINT('',(-16.96705398601,-9.46359242812,2.));
#849 = CARTESIAN_POINT('',(-16.86796273352,-9.738862477509,2.));
#850 = CARTESIAN_POINT('',(-16.85150481211,-9.782919788153,2.));
#851 = CARTESIAN_POINT('',(-16.83455404971,-9.826762659719,2.));
#852 = CARTESIAN_POINT('',(-16.81707100283,-9.870417562348,2.));
#853 = CARTESIAN_POINT('',(-16.79910692917,-9.913845855316,2.));
#854 = CARTESIAN_POINT('',(-16.78063130902,-9.957067683982,2.));
#855 = CARTESIAN_POINT('',(-16.76166968182,-10.00006297463,2.));
#856 = CARTESIAN_POINT('',(-16.68248757296,-10.17417360339,2.));
#857 = CARTESIAN_POINT('',(-16.61816166091,-10.30336903382,2.));
#858 = CARTESIAN_POINT('',(-16.54938749151,-10.43026602935,2.));
#859 = CARTESIAN_POINT('',(-16.47630776437,-10.55471422774,2.));
#860 = CARTESIAN_POINT('',(-16.39906094824,-10.67656457762,2.));
#861 = CARTESIAN_POINT('',(-16.31778067303,-10.79566847305,2.));
#862 = CARTESIAN_POINT('',(-16.2325951218,-10.91187688821,2.));
#863 = CARTESIAN_POINT('',(-16.00200120053,-11.20517788649,2.));
#864 = CARTESIAN_POINT('',(-15.85080907302,-11.37757352835,2.));
#865 = CARTESIAN_POINT('',(-15.69053184348,-11.54164241258,2.));
#866 = CARTESIAN_POINT('',(-15.52164287171,-11.69674333801,2.));
#867 = CARTESIAN_POINT('',(-15.34461848421,-11.8421841541,2.));
#868 = CARTESIAN_POINT('',(-15.1599493846,-11.97722798792,2.));
#869 = CARTESIAN_POINT('',(-14.96815206386,-12.10109947099,2.));
#870 = CARTESIAN_POINT('',(-14.68034475473,-12.26343700113,2.));
#871 = CARTESIAN_POINT('',(-14.58957760128,-12.31144533964,2.));
#872 = CARTESIAN_POINT('',(-14.49753206761,-12.35694120203,2.));
#873 = CARTESIAN_POINT('',(-14.40426479668,-12.39984793145,2.));
#874 = CARTESIAN_POINT('',(-14.30983609808,-12.44008766134,2.));
#875 = CARTESIAN_POINT('',(-14.21431028906,-12.4775819827,2.));
#876 = CARTESIAN_POINT('',(-14.11775603547,-12.51225261148,2.));
#877 = CARTESIAN_POINT('',(-13.99001739532,-12.55386977166,2.));
#878 = CARTESIAN_POINT('',(-13.95970196121,-12.56343950885,2.));
#879 = CARTESIAN_POINT('',(-13.92930705396,-12.57273246666,2.));
#880 = CARTESIAN_POINT('',(-13.89883638953,-12.58174907998,2.));
#881 = CARTESIAN_POINT('',(-13.86829200368,-12.59048936591,2.));
#882 = CARTESIAN_POINT('',(-13.83767551945,-12.59895327033,2.));
#883 = CARTESIAN_POINT('',(-13.80698941448,-12.60714101448,2.));
#884 = CARTESIAN_POINT('',(-13.68071731648,-12.63963089834,2.));
#885 = CARTESIAN_POINT('',(-13.58455821044,-12.66154891105,2.));
#886 = CARTESIAN_POINT('',(-13.48784063663,-12.68081669441,2.));
#887 = CARTESIAN_POINT('',(-13.39064255981,-12.69744647686,2.));
#888 = CARTESIAN_POINT('',(-13.2930401787,-12.71145307381,2.));
#889 = CARTESIAN_POINT('',(-13.19510786152,-12.72285346096,2.));
#890 = CARTESIAN_POINT('',(-13.09691808146,-12.73166634755,2.));
#891 = CARTESIAN_POINT('',(-12.66850265468,-12.75886427555,2.));
#892 = CARTESIAN_POINT('',(-12.3364318239,-12.75091460049,2.));
#893 = CARTESIAN_POINT('',(-12.00489607152,-12.71485008318,2.));
#894 = CARTESIAN_POINT('',(-11.6763091019,-12.65156836241,2.));
#895 = CARTESIAN_POINT('',(-11.3529473346,-12.56200442527,2.));
#896 = CARTESIAN_POINT('',(-11.03696200645,-12.44708860976,2.));
#897 = CARTESIAN_POINT('',(-10.73038715315,-12.30773554184,2.));
#898 = CARTESIAN_POINT('',(-10.4060990004,-12.12884223384,2.));
#899 = CARTESIAN_POINT('',(-10.37716381648,-12.11259057233,2.));
#900 = CARTESIAN_POINT('',(-10.34834148369,-12.09611446102,2.));
#901 = CARTESIAN_POINT('',(-10.31963374164,-12.0794143865,2.));
#902 = CARTESIAN_POINT('',(-10.29104157951,-12.06248882353,2.));
#903 = CARTESIAN_POINT('',(-10.26256631083,-12.04533717514,2.));
#904 = CARTESIAN_POINT('',(-10.23421064833,-12.02796271286,2.));
#905 = CARTESIAN_POINT('',(-10.11478471201,-11.95356574694,2.));
#906 = CARTESIAN_POINT('',(-10.02488909095,-11.89454260792,2.));
#907 = CARTESIAN_POINT('',(-9.936340974342,-11.83340261404,2.));
#908 = CARTESIAN_POINT('',(-9.849191368815,-11.77023441597,2.));
#909 = CARTESIAN_POINT('',(-9.763494452889,-11.70511937926,2.));
#910 = CARTESIAN_POINT('',(-9.679307800939,-11.63813216292,2.));
#911 = CARTESIAN_POINT('',(-9.596692607198,-11.56934129784,2.));
#912 = CARTESIAN_POINT('',(-9.278170518184,-11.29191224506,2.));
#913 = CARTESIAN_POINT('',(-9.05521676262,-11.07047295126,2.));
#914 = CARTESIAN_POINT('',(-8.847768266045,-10.83564665291,2.));
#915 = CARTESIAN_POINT('',(-8.657933815734,-10.58843339751,2.));
#916 = CARTESIAN_POINT('',(-8.488670937956,-10.33004451961,2.));
#917 = CARTESIAN_POINT('',(-8.344294704343,-10.06181441005,2.));
#918 = CARTESIAN_POINT('',(-8.229948797959,-9.785175373868,2.));
#919 = CARTESIAN_POINT('',(-8.142445530679,-9.45909576999,2.));
#920 = CARTESIAN_POINT('',(-8.131882174462,-9.416371454385,2.));
#921 = CARTESIAN_POINT('',(-8.122183245132,-9.373589212202,2.));
#922 = CARTESIAN_POINT('',(-8.113370513897,-9.33068678651,2.));
#923 = CARTESIAN_POINT('',(-8.105428526735,-9.287745714775,2.));
#924 = CARTESIAN_POINT('',(-8.098369418306,-9.244718888001,2.));
#925 = CARTESIAN_POINT('',(-8.092180610394,-9.201648442193,2.));
#926 = CARTESIAN_POINT('',(-8.067044001157,-8.99806222231,2.));
#927 = CARTESIAN_POINT('',(-8.05920559925,-8.83697984033,2.));
#928 = CARTESIAN_POINT('',(-8.062926879977,-8.675805938475,2.));
#929 = CARTESIAN_POINT('',(-8.077124526319,-8.514867887865,2.));
#930 = CARTESIAN_POINT('',(-8.100267534657,-8.354060822726,2.));
#931 = CARTESIAN_POINT('',(-8.130955524475,-8.192933390922,2.));
#932 = CARTESIAN_POINT('',(-8.167966716022,-8.030969686178,2.));
#933 = CARTESIAN_POINT('',(-8.259101411361,-7.679157425444,2.));
#934 = CARTESIAN_POINT('',(-8.3149579721,-7.488941376918,2.));
#935 = CARTESIAN_POINT('',(-8.376244388263,-7.296200216203,2.));
#936 = CARTESIAN_POINT('',(-8.441664957083,-7.100373961054,2.));
#937 = CARTESIAN_POINT('',(-8.510105793246,-6.901199093689,2.));
#938 = CARTESIAN_POINT('',(-8.580645294119,-6.698594403602,2.));
#939 = CARTESIAN_POINT('',(-8.65257414788,-6.492536135323,2.));
#940 = CARTESIAN_POINT('',(-8.725291032063,-6.283124498997,2.));
#941 = PCURVE('',#222,#942);
#942 = DEFINITIONAL_REPRESENTATION('',(#943),#1128);
#943 = B_SPLINE_CURVE_WITH_KNOTS('',8,(#944,#945,#946,#947,#948,#949,
    #950,#951,#952,#953,#954,#955,#956,#957,#958,#959,#960,#961,#962,
    #963,#964,#965,#966,#967,#968,#969,#970,#971,#972,#973,#974,#975,
    #976,#977,#978,#979,#980,#981,#982,#983,#984,#985,#986,#987,#988,
    #989,#990,#991,#992,#993,#994,#995,#996,#997,#998,#999,#1000,#1001,
    #1002,#1003,#1004,#1005,#1006,#1007,#1008,#1009,#1010,#1011,#1012,
    #1013,#1014,#1015,#1016,#1017,#1018,#1019,#1020,#1021,#1022,#1023,
    #1024,#1025,#1026,#1027,#1028,#1029,#1030,#1031,#1032,#1033,#1034,
    #1035,#1036,#1037,#1038,#1039,#1040,#1041,#1042,#1043,#1044,#1045,
    #1046,#1047,#1048,#1049,#1050,#1051,#1052,#1053,#1054,#1055,#1056,
    #1057,#1058,#1059,#1060,#1061,#1062,#1063,#1064,#1065,#1066,#1067,
    #1068,#1069,#1070,#1071,#1072,#1073,#1074,#1075,#1076,#1077,#1078,
    #1079,#1080,#1081,#1082,#1083,#1084,#1085,#1086,#1087,#1088,#1089,
    #1090,#1091,#1092,#1093,#1094,#1095,#1096,#1097,#1098,#1099,#1100,
    #1101,#1102,#1103,#1104,#1105,#1106,#1107,#1108,#1109,#1110,#1111,
    #1112,#1113,#1114,#1115,#1116,#1117,#1118,#1119,#1120,#1121,#1122,
    #1123,#1124,#1125,#1126,#1127),.UNSPECIFIED.,.T.,.F.,(9,7,7,7,7,7,7,
    7,7,7,7,7,7,7,7,7,7,7,7,7,7,7,7,7,7,7,9),(0.,3.147635225919E-02,
    8.774275515988E-02,0.129607689098,0.150198685543,0.193262321573,
    0.211942576642,0.23069347439,0.295108031525,0.32589557048,
    0.337830575695,0.350752277784,0.415473712298,0.483456144762,
    0.496474253673,0.536452368071,0.600091629862,0.62878320843,
    0.637676655918,0.665301352347,0.75797793192,0.767095295521,
    0.796548562037,0.882946776287,0.895931074009,0.944255372039,1.),
  .UNSPECIFIED.);
#944 = CARTESIAN_POINT('',(-9.725291032063,-6.283124498997));
#945 = CARTESIAN_POINT('',(-9.769120246298,-6.163731143352));
#946 = CARTESIAN_POINT('',(-9.815434086158,-6.045945260859));
#947 = CARTESIAN_POINT('',(-9.864280622581,-5.929878582569));
#948 = CARTESIAN_POINT('',(-9.915703241212,-5.815649359472));
#949 = CARTESIAN_POINT('',(-9.969738988366,-5.703381555986));
#950 = CARTESIAN_POINT('',(-10.026416917,-5.593204043448));
#951 = CARTESIAN_POINT('',(-10.08575643268,-5.485249793602));
#952 = CARTESIAN_POINT('',(-10.25861169765,-5.190896284403));
#953 = CARTESIAN_POINT('',(-10.37800872718,-5.009642564263));
#954 = CARTESIAN_POINT('',(-10.50597980035,-4.83671771437));
#955 = CARTESIAN_POINT('',(-10.64244122427,-4.672930585272));
#956 = CARTESIAN_POINT('',(-10.78717138426,-4.519052840376));
#957 = CARTESIAN_POINT('',(-10.93978662163,-4.375789817856));
#958 = CARTESIAN_POINT('',(-11.09972414586,-4.243744489437));
#959 = CARTESIAN_POINT('',(-11.3901218238,-4.033813527758));
#960 = CARTESIAN_POINT('',(-11.51767941456,-3.950694407431));
#961 = CARTESIAN_POINT('',(-11.64860840469,-3.874204279941));
#962 = CARTESIAN_POINT('',(-11.78258931831,-3.804465502132));
#963 = CARTESIAN_POINT('',(-11.91928640207,-3.741541403297));
#964 = CARTESIAN_POINT('',(-12.05835447482,-3.685442025639));
#965 = CARTESIAN_POINT('',(-12.19944577726,-3.636129864739));
#966 = CARTESIAN_POINT('',(-12.41243766431,-3.572570839098));
#967 = CARTESIAN_POINT('',(-12.48306719547,-3.553238620022));
#968 = CARTESIAN_POINT('',(-12.55406560565,-3.535518646209));
#969 = CARTESIAN_POINT('',(-12.62539424466,-3.519398806599));
#970 = CARTESIAN_POINT('',(-12.69701562149,-3.50486518565));
#971 = CARTESIAN_POINT('',(-12.76889340438,-3.491902063335));
#972 = CARTESIAN_POINT('',(-12.84099242076,-3.480491915146));
#973 = CARTESIAN_POINT('',(-13.06445678907,-3.449960310392));
#974 = CARTESIAN_POINT('',(-13.21645258799,-3.436015303651));
#975 = CARTESIAN_POINT('',(-13.36895902535,-3.428609694132));
#976 = CARTESIAN_POINT('',(-13.52169502246,-3.427549637602));
#977 = CARTESIAN_POINT('',(-13.67440272974,-3.432632369259));
#978 = CARTESIAN_POINT('',(-13.82684611184,-3.443655197469));
#979 = CARTESIAN_POINT('',(-13.97881083901,-3.460419265328));
#980 = CARTESIAN_POINT('',(-14.19573304531,-3.49240471021));
#981 = CARTESIAN_POINT('',(-14.26123561783,-3.503124128632));
#982 = CARTESIAN_POINT('',(-14.32661557091,-3.514894389053));
#983 = CARTESIAN_POINT('',(-14.39182298244,-3.527679115236));
#984 = CARTESIAN_POINT('',(-14.45687291013,-3.5414975134));
#985 = CARTESIAN_POINT('',(-14.52172019382,-3.55631763824));
#986 = CARTESIAN_POINT('',(-14.58636211266,-3.572143981034));
#987 = CARTESIAN_POINT('',(-14.7154308211,-3.605845774405));
#988 = CARTESIAN_POINT('',(-14.77985711646,-3.623729900449));
#989 = CARTESIAN_POINT('',(-14.84403513635,-3.642606947662));
#990 = CARTESIAN_POINT('',(-14.90794666424,-3.662468892085));
#991 = CARTESIAN_POINT('',(-14.97157346566,-3.683308078015));
#992 = CARTESIAN_POINT('',(-15.03489728819,-3.705117218013));
#993 = CARTESIAN_POINT('',(-15.0978998615,-3.727889392894));
#994 = CARTESIAN_POINT('',(-15.37582822604,-3.833132827432));
#995 = CARTESIAN_POINT('',(-15.58705962391,-3.925924704331));
#996 = CARTESIAN_POINT('',(-15.79355204156,-4.029737770255));
#997 = CARTESIAN_POINT('',(-15.99454214763,-4.14435691558));
#998 = CARTESIAN_POINT('',(-16.18921217845,-4.26959100327));
#999 = CARTESIAN_POINT('',(-16.3766937877,-4.405256038919));
#1000 = CARTESIAN_POINT('',(-16.55607189612,-4.551158340777));
#1001 = CARTESIAN_POINT('',(-16.80779314099,-4.781600939604));
#1002 = CARTESIAN_POINT('',(-16.88712304633,-4.858408248927));
#1003 = CARTESIAN_POINT('',(-16.96427178045,-4.937472856001));
#1004 = CARTESIAN_POINT('',(-17.03912927358,-5.018764650423));
#1005 = CARTESIAN_POINT('',(-17.11158265827,-5.102249399141));
#1006 = CARTESIAN_POINT('',(-17.18151706476,-5.187887952448));
#1007 = CARTESIAN_POINT('',(-17.24881641641,-5.27563544999));
#1008 = CARTESIAN_POINT('',(-17.33838418409,-5.400246053818));
#1009 = CARTESIAN_POINT('',(-17.36299024617,-5.435393941738));
#1010 = CARTESIAN_POINT('',(-17.38717367734,-5.470745749616));
#1011 = CARTESIAN_POINT('',(-17.41094390629,-5.506464803972));
#1012 = CARTESIAN_POINT('',(-17.43428988841,-5.542374499443));
#1013 = CARTESIAN_POINT('',(-17.45721889085,-5.578597456028));
#1014 = CARTESIAN_POINT('',(-17.47972589362,-5.615053828964));
#1015 = CARTESIAN_POINT('',(-17.52572388642,-5.69151254284));
#1016 = CARTESIAN_POINT('',(-17.54914195874,-5.731551162488));
#1017 = CARTESIAN_POINT('',(-17.57206588178,-5.771874190954));
#1018 = CARTESIAN_POINT('',(-17.59449515524,-5.812473432535));
#1019 = CARTESIAN_POINT('',(-17.61642935621,-5.85334078656));
#1020 = CARTESIAN_POINT('',(-17.63786813912,-5.894468247391));
#1021 = CARTESIAN_POINT('',(-17.65881123578,-5.93584790442));
#1022 = CARTESIAN_POINT('',(-17.78167317166,-6.185955740773));
#1023 = CARTESIAN_POINT('',(-17.87163718581,-6.400550321064));
#1024 = CARTESIAN_POINT('',(-17.94914217822,-6.620299944742));
#1025 = CARTESIAN_POINT('',(-18.01419266442,-6.844288634678));
#1026 = CARTESIAN_POINT('',(-18.06679441002,-7.07163888735));
#1027 = CARTESIAN_POINT('',(-18.10694284561,-7.301510385369));
#1028 = CARTESIAN_POINT('',(-18.1346114818,-7.533098710004));
#1029 = CARTESIAN_POINT('',(-18.1656313372,-8.009885526367));
#1030 = CARTESIAN_POINT('',(-18.1676837694,-8.255129546482));
#1031 = CARTESIAN_POINT('',(-18.15583704802,-8.500472806375));
#1032 = CARTESIAN_POINT('',(-18.12998524211,-8.74498522697));
#1033 = CARTESIAN_POINT('',(-18.08999523365,-8.987694499221));
#1034 = CARTESIAN_POINT('',(-18.03572671124,-9.227583763667));
#1035 = CARTESIAN_POINT('',(-17.96705398601,-9.46359242812));
#1036 = CARTESIAN_POINT('',(-17.86796273352,-9.738862477509));
#1037 = CARTESIAN_POINT('',(-17.85150481211,-9.782919788153));
#1038 = CARTESIAN_POINT('',(-17.83455404971,-9.826762659719));
#1039 = CARTESIAN_POINT('',(-17.81707100283,-9.870417562348));
#1040 = CARTESIAN_POINT('',(-17.79910692917,-9.913845855316));
#1041 = CARTESIAN_POINT('',(-17.78063130902,-9.957067683982));
#1042 = CARTESIAN_POINT('',(-17.76166968182,-10.00006297463));
#1043 = CARTESIAN_POINT('',(-17.68248757296,-10.17417360339));
#1044 = CARTESIAN_POINT('',(-17.61816166091,-10.30336903382));
#1045 = CARTESIAN_POINT('',(-17.54938749151,-10.43026602935));
#1046 = CARTESIAN_POINT('',(-17.47630776437,-10.55471422774));
#1047 = CARTESIAN_POINT('',(-17.39906094824,-10.67656457762));
#1048 = CARTESIAN_POINT('',(-17.31778067303,-10.79566847305));
#1049 = CARTESIAN_POINT('',(-17.2325951218,-10.91187688821));
#1050 = CARTESIAN_POINT('',(-17.00200120053,-11.20517788649));
#1051 = CARTESIAN_POINT('',(-16.85080907302,-11.37757352835));
#1052 = CARTESIAN_POINT('',(-16.69053184348,-11.54164241258));
#1053 = CARTESIAN_POINT('',(-16.52164287171,-11.69674333801));
#1054 = CARTESIAN_POINT('',(-16.34461848421,-11.8421841541));
#1055 = CARTESIAN_POINT('',(-16.1599493846,-11.97722798792));
#1056 = CARTESIAN_POINT('',(-15.96815206386,-12.10109947099));
#1057 = CARTESIAN_POINT('',(-15.68034475473,-12.26343700113));
#1058 = CARTESIAN_POINT('',(-15.58957760128,-12.31144533964));
#1059 = CARTESIAN_POINT('',(-15.49753206761,-12.35694120203));
#1060 = CARTESIAN_POINT('',(-15.40426479668,-12.39984793145));
#1061 = CARTESIAN_POINT('',(-15.30983609808,-12.44008766134));
#1062 = CARTESIAN_POINT('',(-15.21431028906,-12.4775819827));
#1063 = CARTESIAN_POINT('',(-15.11775603547,-12.51225261148));
#1064 = CARTESIAN_POINT('',(-14.99001739532,-12.55386977166));
#1065 = CARTESIAN_POINT('',(-14.95970196121,-12.56343950885));
#1066 = CARTESIAN_POINT('',(-14.92930705396,-12.57273246666));
#1067 = CARTESIAN_POINT('',(-14.89883638953,-12.58174907998));
#1068 = CARTESIAN_POINT('',(-14.86829200368,-12.59048936591));
#1069 = CARTESIAN_POINT('',(-14.83767551945,-12.59895327033));
#1070 = CARTESIAN_POINT('',(-14.80698941448,-12.60714101448));
#1071 = CARTESIAN_POINT('',(-14.68071731648,-12.63963089834));
#1072 = CARTESIAN_POINT('',(-14.58455821044,-12.66154891105));
#1073 = CARTESIAN_POINT('',(-14.48784063663,-12.68081669441));
#1074 = CARTESIAN_POINT('',(-14.39064255981,-12.69744647686));
#1075 = CARTESIAN_POINT('',(-14.2930401787,-12.71145307381));
#1076 = CARTESIAN_POINT('',(-14.19510786152,-12.72285346096));
#1077 = CARTESIAN_POINT('',(-14.09691808146,-12.73166634755));
#1078 = CARTESIAN_POINT('',(-13.66850265468,-12.75886427555));
#1079 = CARTESIAN_POINT('',(-13.3364318239,-12.75091460049));
#1080 = CARTESIAN_POINT('',(-13.00489607152,-12.71485008318));
#1081 = CARTESIAN_POINT('',(-12.6763091019,-12.65156836241));
#1082 = CARTESIAN_POINT('',(-12.3529473346,-12.56200442527));
#1083 = CARTESIAN_POINT('',(-12.03696200645,-12.44708860976));
#1084 = CARTESIAN_POINT('',(-11.73038715315,-12.30773554184));
#1085 = CARTESIAN_POINT('',(-11.4060990004,-12.12884223384));
#1086 = CARTESIAN_POINT('',(-11.37716381648,-12.11259057233));
#1087 = CARTESIAN_POINT('',(-11.34834148369,-12.09611446102));
#1088 = CARTESIAN_POINT('',(-11.31963374164,-12.0794143865));
#1089 = CARTESIAN_POINT('',(-11.29104157951,-12.06248882353));
#1090 = CARTESIAN_POINT('',(-11.26256631083,-12.04533717514));
#1091 = CARTESIAN_POINT('',(-11.23421064833,-12.02796271286));
#1092 = CARTESIAN_POINT('',(-11.11478471201,-11.95356574694));
#1093 = CARTESIAN_POINT('',(-11.02488909095,-11.89454260792));
#1094 = CARTESIAN_POINT('',(-10.93634097434,-11.83340261404));
#1095 = CARTESIAN_POINT('',(-10.84919136881,-11.77023441597));
#1096 = CARTESIAN_POINT('',(-10.76349445288,-11.70511937926));
#1097 = CARTESIAN_POINT('',(-10.67930780093,-11.63813216292));
#1098 = CARTESIAN_POINT('',(-10.59669260719,-11.56934129784));
#1099 = CARTESIAN_POINT('',(-10.27817051818,-11.29191224506));
#1100 = CARTESIAN_POINT('',(-10.05521676262,-11.07047295126));
#1101 = CARTESIAN_POINT('',(-9.847768266045,-10.83564665291));
#1102 = CARTESIAN_POINT('',(-9.657933815734,-10.58843339751));
#1103 = CARTESIAN_POINT('',(-9.488670937956,-10.33004451961));
#1104 = CARTESIAN_POINT('',(-9.344294704343,-10.06181441005));
#1105 = CARTESIAN_POINT('',(-9.229948797959,-9.785175373868));
#1106 = CARTESIAN_POINT('',(-9.142445530679,-9.45909576999));
#1107 = CARTESIAN_POINT('',(-9.131882174462,-9.416371454385));
#1108 = CARTESIAN_POINT('',(-9.122183245132,-9.373589212202));
#1109 = CARTESIAN_POINT('',(-9.113370513897,-9.33068678651));
#1110 = CARTESIAN_POINT('',(-9.105428526735,-9.287745714775));
#1111 = CARTESIAN_POINT('',(-9.098369418306,-9.244718888001));
#1112 = CARTESIAN_POINT('',(-9.092180610394,-9.201648442193));
#1113 = CARTESIAN_POINT('',(-9.067044001157,-8.99806222231));
#1114 = CARTESIAN_POINT('',(-9.05920559925,-8.83697984033));
#1115 = CARTESIAN_POINT('',(-9.062926879977,-8.675805938475));
#1116 = CARTESIAN_POINT('',(-9.077124526319,-8.514867887865));
#1117 = CARTESIAN_POINT('',(-9.100267534657,-8.354060822726));
#1118 = CARTESIAN_POINT('',(-9.130955524475,-8.192933390922));
#1119 = CARTESIAN_POINT('',(-9.167966716022,-8.030969686178));
#1120 = CARTESIAN_POINT('',(-9.259101411361,-7.679157425444));
#1121 = CARTESIAN_POINT('',(-9.3149579721,-7.488941376918));
#1122 = CARTESIAN_POINT('',(-9.376244388263,-7.296200216203));
#1123 = CARTESIAN_POINT('',(-9.441664957083,-7.100373961054));
#1124 = CARTESIAN_POINT('',(-9.510105793246,-6.901199093689));
#1125 = CARTESIAN_POINT('',(-9.580645294119,-6.698594403602));
#1126 = CARTESIAN_POINT('',(-9.65257414788,-6.492536135323));
#1127 = CARTESIAN_POINT('',(-9.725291032063,-6.283124498997));
#1128 = ( GEOMETRIC_REPRESENTATION_CONTEXT(2) 
PARAMETRIC_REPRESENTATION_CONTEXT() REPRESENTATION_CONTEXT('2D SPACE',''
  ) );
#1129 = PCURVE('',#1130,#1537);
#1130 = ( BOUNDED_SURFACE() B_SPLINE_SURFACE(6,9,(
    (#1131,#1132,#1133,#1134,#1135,#1136,#1137,#1138,#1139,#1140,#1141
      ,#1142,#1143,#1144,#1145,#1146,#1147,#1148,#1149,#1150,#1151,#1152
      ,#1153,#1154,#1155,#1156,#1157,#1158,#1159,#1160,#1161,#1162,#1163
      ,#1164,#1165,#1166,#1167,#1168,#1169,#1170,#1171,#1172,#1173,#1174
      ,#1175,#1176,#1177,#1178,#1179,#1180,#1181,#1182,#1183,#1184,#1185
      ,#1186,#1187,#1188)
    ,(#1189,#1190,#1191,#1192,#1193,#1194,#1195,#1196,#1197,#1198,#1199
      ,#1200,#1201,#1202,#1203,#1204,#1205,#1206,#1207,#1208,#1209,#1210
      ,#1211,#1212,#1213,#1214,#1215,#1216,#1217,#1218,#1219,#1220,#1221
      ,#1222,#1223,#1224,#1225,#1226,#1227,#1228,#1229,#1230,#1231,#1232
      ,#1233,#1234,#1235,#1236,#1237,#1238,#1239,#1240,#1241,#1242,#1243
      ,#1244,#1245,#1246)
    ,(#1247,#1248,#1249,#1250,#1251,#1252,#1253,#1254,#1255,#1256,#1257
      ,#1258,#1259,#1260,#1261,#1262,#1263,#1264,#1265,#1266,#1267,#1268
      ,#1269,#1270,#1271,#1272,#1273,#1274,#1275,#1276,#1277,#1278,#1279
      ,#1280,#1281,#1282,#1283,#1284,#1285,#1286,#1287,#1288,#1289,#1290
      ,#1291,#1292,#1293,#1294,#1295,#1296,#1297,#1298,#1299,#1300,#1301
      ,#1302,#1303,#1304)
    ,(#1305,#1306,#1307,#1308,#1309,#1310,#1311,#1312,#1313,#1314,#1315
      ,#1316,#1317,#1318,#1319,#1320,#1321,#1322,#1323,#1324,#1325,#1326
      ,#1327,#1328,#1329,#1330,#1331,#1332,#1333,#1334,#1335,#1336,#1337
      ,#1338,#1339,#1340,#1341,#1342,#1343,#1344,#1345,#1346,#1347,#1348
      ,#1349,#1350,#1351,#1352,#1353,#1354,#1355,#1356,#1357,#1358,#1359
      ,#1360,#1361,#1362)
    ,(#1363,#1364,#1365,#1366,#1367,#1368,#1369,#1370,#1371,#1372,#1373
      ,#1374,#1375,#1376,#1377,#1378,#1379,#1380,#1381,#1382,#1383,#1384
      ,#1385,#1386,#1387,#1388,#1389,#1390,#1391,#1392,#1393,#1394,#1395
      ,#1396,#1397,#1398,#1399,#1400,#1401,#1402,#1403,#1404,#1405,#1406
      ,#1407,#1408,#1409,#1410,#1411,#1412,#1413,#1414,#1415,#1416,#1417
      ,#1418,#1419,#1420)
    ,(#1421,#1422,#1423,#1424,#1425,#1426,#1427,#1428,#1429,#1430,#1431
      ,#1432,#1433,#1434,#1435,#1436,#1437,#1438,#1439,#1440,#1441,#1442
      ,#1443,#1444,#1445,#1446,#1447,#1448,#1449,#1450,#1451,#1452,#1453
      ,#1454,#1455,#1456,#1457,#1458,#1459,#1460,#1461,#1462,#1463,#1464
      ,#1465,#1466,#1467,#1468,#1469,#1470,#1471,#1472,#1473,#1474,#1475
      ,#1476,#1477,#1478)
    ,(#1479,#1480,#1481,#1482,#1483,#1484,#1485,#1486,#1487,#1488,#1489
      ,#1490,#1491,#1492,#1493,#1494,#1495,#1496,#1497,#1498,#1499,#1500
      ,#1501,#1502,#1503,#1504,#1505,#1506,#1507,#1508,#1509,#1510,#1511
      ,#1512,#1513,#1514,#1515,#1516,#1517,#1518,#1519,#1520,#1521,#1522
      ,#1523,#1524,#1525,#1526,#1527,#1528,#1529,#1530,#1531,#1532,#1533
      ,#1534,#1535,#1536
)),.UNSPECIFIED.,.T.,.T.,.F.) B_SPLINE_SURFACE_WITH_KNOTS((1,6,6,1),(10,
    8,8,8,8,8,8,10),(-6.28318530718,0.,6.28318530718,12.566370614359),(
    0.,4.825971404805,8.274159334719,12.31890901795,16.067241980748,
    19.59002497151,22.637975102336,25.679356367485),.UNSPECIFIED.) 
GEOMETRIC_REPRESENTATION_ITEM() RATIONAL_B_SPLINE_SURFACE((
    (1.669078461068,1.669078461068,1.669078461068,1.669078461068
      ,1.669078461068,1.669078461068,1.669078461068,1.669078461068
      ,1.669078461068,1.669078461068,1.669078461068,1.669078461068
      ,1.669078461068,1.669078461068,1.669078461068,1.669078461068
      ,1.669078461068,1.669078461068,1.669078461068,1.669078461069
      ,1.669078461068,1.669078461069,1.669078461068,1.669078461068
      ,1.669078461068,1.669078461068,1.669078461068,1.669078461069
      ,1.669078461068,1.669078461069,1.669078461068,1.669078461068
      ,1.669078461068,1.669078461068,1.669078461068,1.669078461068
      ,1.669078461068,1.669078461068,1.669078461068,1.669078461068
      ,1.669078461068,1.669078461068,1.669078461068,1.669078461068
      ,1.669078461068,1.669078461068,1.669078461068,1.669078461068
      ,1.669078461068,1.669078461068,1.669078461068,1.669078461068
      ,1.669078461068,1.669078461068,1.669078461068,1.669078461068
      ,1.669078461068,1.669078461068)
    ,(1.03672962321,1.03672962321,1.03672962321,1.03672962321
      ,1.03672962321,1.03672962321,1.03672962321,1.03672962321
      ,1.03672962321,1.03672962321,1.03672962321,1.03672962321
      ,1.03672962321,1.03672962321,1.03672962321,1.03672962321
      ,1.03672962321,1.03672962321,1.036729623209,1.03672962321
      ,1.036729623209,1.03672962321,1.036729623209,1.03672962321
      ,1.03672962321,1.03672962321,1.03672962321,1.03672962321
      ,1.036729623209,1.03672962321,1.03672962321,1.03672962321
      ,1.03672962321,1.03672962321,1.03672962321,1.03672962321
      ,1.03672962321,1.03672962321,1.03672962321,1.03672962321
      ,1.03672962321,1.03672962321,1.03672962321,1.03672962321
      ,1.036729623209,1.03672962321,1.036729623209,1.03672962321
      ,1.03672962321,1.03672962321,1.03672962321,1.03672962321
      ,1.036729623209,1.03672962321,1.03672962321,1.03672962321
      ,1.03672962321,1.03672962321)
    ,(1.038346699848,1.038346699848,1.038346699848,1.038346699847
      ,1.038346699848,1.038346699847,1.038346699848,1.038346699848
      ,1.038346699848,1.038346699848,1.038346699847,1.038346699848
      ,1.038346699848,1.038346699847,1.038346699848,1.038346699848
      ,1.038346699848,1.038346699848,1.038346699847,1.038346699848
      ,1.038346699847,1.038346699848,1.038346699847,1.038346699848
      ,1.038346699847,1.038346699848,1.038346699847,1.038346699848
      ,1.038346699847,1.038346699848,1.038346699847,1.038346699848
      ,1.038346699848,1.038346699848,1.038346699848,1.038346699847
      ,1.038346699848,1.038346699848,1.038346699847,1.038346699848
      ,1.038346699847,1.038346699848,1.038346699847,1.038346699848
      ,1.038346699847,1.038346699848,1.038346699847,1.038346699848
      ,1.038346699847,1.038346699848,1.038346699847,1.038346699848
      ,1.038346699847,1.038346699848,1.038346699847,1.038346699848
      ,1.038346699847,1.038346699848)
    ,(0.853534330196,0.853534330196,0.853534330196,0.853534330196
      ,0.853534330196,0.853534330196,0.853534330196,0.853534330196
      ,0.853534330196,0.853534330196,0.853534330196,0.853534330196
      ,0.853534330196,0.853534330196,0.853534330196,0.853534330196
      ,0.853534330196,0.853534330196,0.853534330196,0.853534330196
      ,0.853534330196,0.853534330196,0.853534330196,0.853534330196
      ,0.853534330196,0.853534330196,0.853534330196,0.853534330196
      ,0.853534330196,0.853534330196,0.853534330196,0.853534330196
      ,0.853534330196,0.853534330196,0.853534330196,0.853534330196
      ,0.853534330196,0.853534330196,0.853534330196,0.853534330196
      ,0.853534330196,0.853534330196,0.853534330196,0.853534330196
      ,0.853534330196,0.853534330196,0.853534330196,0.853534330196
      ,0.853534330196,0.853534330196,0.853534330196,0.853534330196
      ,0.853534330196,0.853534330196,0.853534330196,0.853534330196
      ,0.853534330196,0.853534330196)
    ,(1.038346699848,1.038346699847,1.038346699848,1.038346699847
      ,1.038346699848,1.038346699847,1.038346699848,1.038346699847
      ,1.038346699848,1.038346699848,1.038346699848,1.038346699847
      ,1.038346699848,1.038346699847,1.038346699848,1.038346699847
      ,1.038346699848,1.038346699848,1.038346699847,1.038346699848
      ,1.038346699847,1.038346699848,1.038346699847,1.038346699848
      ,1.038346699847,1.038346699848,1.038346699847,1.038346699848
      ,1.038346699847,1.038346699848,1.038346699847,1.038346699848
      ,1.038346699848,1.038346699848,1.038346699848,1.038346699847
      ,1.038346699848,1.038346699847,1.038346699848,1.038346699848
      ,1.038346699848,1.038346699848,1.038346699847,1.038346699848
      ,1.038346699847,1.038346699848,1.038346699847,1.038346699848
      ,1.038346699847,1.038346699848,1.038346699847,1.038346699848
      ,1.038346699847,1.038346699848,1.038346699847,1.038346699848
      ,1.038346699847,1.038346699848)
    ,(1.03672962321,1.03672962321,1.03672962321,1.03672962321
      ,1.03672962321,1.03672962321,1.03672962321,1.03672962321
      ,1.03672962321,1.03672962321,1.03672962321,1.03672962321
      ,1.03672962321,1.03672962321,1.03672962321,1.03672962321
      ,1.03672962321,1.03672962321,1.036729623209,1.03672962321
      ,1.036729623209,1.03672962321,1.036729623209,1.03672962321
      ,1.03672962321,1.03672962321,1.03672962321,1.03672962321
      ,1.036729623209,1.03672962321,1.03672962321,1.03672962321
      ,1.03672962321,1.03672962321,1.03672962321,1.036729623209
      ,1.03672962321,1.036729623209,1.03672962321,1.03672962321
      ,1.03672962321,1.03672962321,1.03672962321,1.03672962321
      ,1.03672962321,1.03672962321,1.03672962321,1.03672962321
      ,1.03672962321,1.03672962321,1.03672962321,1.03672962321
      ,1.036729623209,1.03672962321,1.03672962321,1.03672962321
      ,1.03672962321,1.03672962321)
    ,(1.669078461068,1.669078461068,1.669078461068,1.669078461068
      ,1.669078461068,1.669078461068,1.669078461068,1.669078461068
      ,1.669078461068,1.669078461068,1.669078461068,1.669078461068
      ,1.669078461068,1.669078461068,1.669078461068,1.669078461068
      ,1.669078461068,1.669078461068,1.669078461068,1.669078461069
      ,1.669078461068,1.669078461069,1.669078461068,1.669078461068
      ,1.669078461068,1.669078461068,1.669078461068,1.669078461069
      ,1.669078461068,1.669078461069,1.669078461068,1.669078461068
      ,1.669078461068,1.669078461068,1.669078461068,1.669078461068
      ,1.669078461068,1.669078461068,1.669078461068,1.669078461068
      ,1.669078461068,1.669078461068,1.669078461068,1.669078461068
      ,1.669078461068,1.669078461068,1.669078461068,1.669078461068
      ,1.669078461068,1.669078461068,1.669078461068,1.669078461068
      ,1.669078461068,1.669078461068,1.669078461068,1.669078461068
,1.669078461068,1.669078461068))) REPRESENTATION_ITEM('') SURFACE() );
#1131 = CARTESIAN_POINT('',(-9.,-6.5,2.35));
#1132 = CARTESIAN_POINT('',(-9.255511665088,-5.764777952224,2.35));
#1133 = CARTESIAN_POINT('',(-9.582395574271,-5.154961615124,2.35));
#1134 = CARTESIAN_POINT('',(-9.970306420725,-4.663436617815,2.35));
#1135 = CARTESIAN_POINT('',(-10.40889889762,-4.283088589412,2.35));
#1136 = CARTESIAN_POINT('',(-10.88782769815,-4.006803159029,2.35));
#1137 = CARTESIAN_POINT('',(-11.39674751547,-3.827465955781,2.35));
#1138 = CARTESIAN_POINT('',(-11.92531304277,-3.737962608784,2.35));
#1139 = CARTESIAN_POINT('',(-12.46317897322,-3.731178747152,2.35));
#1140 = CARTESIAN_POINT('',(-13.38356211211,-3.849173232389,2.35));
#1141 = CARTESIAN_POINT('',(-13.76659078049,-3.936944352763,2.35));
#1142 = CARTESIAN_POINT('',(-14.14393296901,-4.061740943753,2.35));
#1143 = CARTESIAN_POINT('',(-14.51043564154,-4.221990587992,2.35));
#1144 = CARTESIAN_POINT('',(-14.86094576195,-4.416120868109,2.35));
#1145 = CARTESIAN_POINT('',(-15.19031029413,-4.642559366737,2.35));
#1146 = CARTESIAN_POINT('',(-15.49337620195,-4.899733666507,2.35));
#1147 = CARTESIAN_POINT('',(-15.76499044928,-5.186071350051,2.35));
#1148 = CARTESIAN_POINT('',(-16.27566792331,-5.868240604412,2.35));
#1149 = CARTESIAN_POINT('',(-16.50096975439,-6.274444893466,2.35));
#1150 = CARTESIAN_POINT('',(-16.67509796956,-6.710507413747,2.35));
#1151 = CARTESIAN_POINT('',(-16.79724504514,-7.168322711841,2.35));
#1152 = CARTESIAN_POINT('',(-16.86660345742,-7.639785334332,2.35));
#1153 = CARTESIAN_POINT('',(-16.88236568274,-8.116789827809,2.35));
#1154 = CARTESIAN_POINT('',(-16.8437241974,-8.591230738855,2.35));
#1155 = CARTESIAN_POINT('',(-16.74987147771,-9.055002614057,2.35));
#1156 = CARTESIAN_POINT('',(-16.46111175125,-9.912386056176,2.35));
#1157 = CARTESIAN_POINT('',(-16.27411448354,-10.30864854425,2.35));
#1158 = CARTESIAN_POINT('',(-16.04355485069,-10.68365620168,2.35));
#1159 = CARTESIAN_POINT('',(-15.77397950652,-11.03227776592,2.35));
#1160 = CARTESIAN_POINT('',(-15.46993510487,-11.34938197441,2.35));
#1161 = CARTESIAN_POINT('',(-15.13596829956,-11.62983756462,2.35));
#1162 = CARTESIAN_POINT('',(-14.77662574443,-11.86851327398,2.35));
#1163 = CARTESIAN_POINT('',(-14.3964540933,-12.06027783996,2.35));
#1164 = CARTESIAN_POINT('',(-13.62740190096,-12.33131460137,2.35));
#1165 = CARTESIAN_POINT('',(-13.24042194374,-12.41666149757,2.35));
#1166 = CARTESIAN_POINT('',(-12.84347834009,-12.45690980733,2.35));
#1167 = CARTESIAN_POINT('',(-12.44098930173,-12.4529286494,2.35));
#1168 = CARTESIAN_POINT('',(-12.0373730404,-12.4055871425,2.35));
#1169 = CARTESIAN_POINT('',(-11.63704776783,-12.31575440537,2.35));
#1170 = CARTESIAN_POINT('',(-11.24443169575,-12.18429955676,2.35));
#1171 = CARTESIAN_POINT('',(-10.86394303589,-12.01209171539,2.35));
#1172 = CARTESIAN_POINT('',(-10.18511252984,-11.61649594273,2.35));
#1173 = CARTESIAN_POINT('',(-9.882610945794,-11.40313522232,2.35));
#1174 = CARTESIAN_POINT('',(-9.597115430369,-11.16499374815,2.35));
#1175 = CARTESIAN_POINT('',(-9.333246166088,-10.90714742962,2.35));
#1176 = CARTESIAN_POINT('',(-9.09562333547,-10.6346721761,2.35));
#1177 = CARTESIAN_POINT('',(-8.888867121033,-10.35264389699,2.35));
#1178 = CARTESIAN_POINT('',(-8.717597705297,-10.06613850168,2.35));
#1179 = CARTESIAN_POINT('',(-8.58643527078,-9.780231899555,2.35));
#1180 = CARTESIAN_POINT('',(-8.413751012348,-9.220372049206,2.35));
#1181 = CARTESIAN_POINT('',(-8.372036606459,-8.94639436739,2.35));
#1182 = CARTESIAN_POINT('',(-8.37096387692,-8.669891262574,2.35));
#1183 = CARTESIAN_POINT('',(-8.406639918322,-8.382687042782,2.35));
#1184 = CARTESIAN_POINT('',(-8.475171825249,-8.076606016038,2.35));
#1185 = CARTESIAN_POINT('',(-8.572666692293,-7.743472490363,2.35));
#1186 = CARTESIAN_POINT('',(-8.69523161404,-7.375110773784,2.35));
#1187 = CARTESIAN_POINT('',(-8.83897368508,-6.963345174321,2.35));
#1188 = CARTESIAN_POINT('',(-9.,-6.5,2.35));
#1189 = CARTESIAN_POINT('',(-8.543559216528,-6.139652013048,2.35));
#1190 = CARTESIAN_POINT('',(-8.843755467095,-5.347829490331,2.35));
#1191 = CARTESIAN_POINT('',(-9.229771096,-4.67934829993,2.35));
#1192 = CARTESIAN_POINT('',(-9.694454476454,-4.131748058413,2.35));
#1193 = CARTESIAN_POINT('',(-10.22831522007,-3.702114874304,2.35));
#1194 = CARTESIAN_POINT('',(-10.82180967189,-3.406003672156,2.35));
#1195 = CARTESIAN_POINT('',(-11.42861835615,-3.231505065435,2.35));
#1196 = CARTESIAN_POINT('',(-12.04490540557,-3.159105668849,2.35));
#1197 = CARTESIAN_POINT('',(-12.65778973435,-3.178490815763,2.35));
#1198 = CARTESIAN_POINT('',(-13.68833319854,-3.351245704291,2.35));
#1199 = CARTESIAN_POINT('',(-14.11301994963,-3.465403167508,2.35));
#1200 = CARTESIAN_POINT('',(-14.52851494183,-3.619728021096,2.35));
#1201 = CARTESIAN_POINT('',(-14.93038802169,-3.812653383333,2.35));
#1202 = CARTESIAN_POINT('',(-15.31394687791,-4.043075015045,2.35));
#1203 = CARTESIAN_POINT('',(-15.67406199117,-4.310236730995,2.35));
#1204 = CARTESIAN_POINT('',(-16.00505652559,-4.61346759061,2.35));
#1205 = CARTESIAN_POINT('',(-16.30066116171,-4.951770868081,2.35));
#1206 = CARTESIAN_POINT('',(-16.85124191377,-5.759029905469,2.35));
#1207 = CARTESIAN_POINT('',(-17.08754757281,-6.23170635235,2.35));
#1208 = CARTESIAN_POINT('',(-17.26371072426,-6.73130469314,2.35));
#1209 = CARTESIAN_POINT('',(-17.38063270418,-7.249513390501,2.35));
#1210 = CARTESIAN_POINT('',(-17.43864736527,-7.778889538196,2.35));
#1211 = CARTESIAN_POINT('',(-17.43718280515,-8.312188281726,2.35));
#1212 = CARTESIAN_POINT('',(-17.37479376625,-8.841830940471,2.35));
#1213 = CARTESIAN_POINT('',(-17.24956470727,-9.359511831339,2.35));
#1214 = CARTESIAN_POINT('',(-16.88410303962,-10.31599507887,2.35));
#1215 = CARTESIAN_POINT('',(-16.65636773309,-10.75340904843,2.35));
#1216 = CARTESIAN_POINT('',(-16.38218671835,-11.16358704305,2.35));
#1217 = CARTESIAN_POINT('',(-16.06640920355,-11.54224447942,2.35));
#1218 = CARTESIAN_POINT('',(-15.71321693388,-11.88485677615,2.35));
#1219 = CARTESIAN_POINT('',(-15.32631625787,-12.18630287351,2.35));
#1220 = CARTESIAN_POINT('',(-14.90932983965,-12.4407063473,2.35));
#1221 = CARTESIAN_POINT('',(-14.46638801695,-12.64147411675,2.35));
#1222 = CARTESIAN_POINT('',(-13.5673400551,-12.91316357105,2.35));
#1223 = CARTESIAN_POINT('',(-13.1194128966,-12.99114255382,2.35));
#1224 = CARTESIAN_POINT('',(-12.66498532874,-13.01723788071,2.35));
#1225 = CARTESIAN_POINT('',(-12.20901155571,-12.99343587449,2.35));
#1226 = CARTESIAN_POINT('',(-11.75594041029,-12.92156636593,2.35));
#1227 = CARTESIAN_POINT('',(-11.31002019099,-12.80310924902,2.35));
#1228 = CARTESIAN_POINT('',(-10.87552091225,-12.63918222036,2.35));
#1229 = CARTESIAN_POINT('',(-10.45687396805,-12.43070970262,2.35));
#1230 = CARTESIAN_POINT('',(-9.714250035671,-11.96079453741,2.35));
#1231 = CARTESIAN_POINT('',(-9.387554709651,-11.71311732062,2.35));
#1232 = CARTESIAN_POINT('',(-9.081534001495,-11.44057588384,2.35));
#1233 = CARTESIAN_POINT('',(-8.799665308672,-11.14690643132,2.35));
#1234 = CARTESIAN_POINT('',(-8.546088792539,-10.83620556681,2.35));
#1235 = CARTESIAN_POINT('',(-8.325260500749,-10.51225347316,2.35));
#1236 = CARTESIAN_POINT('',(-8.141998412533,-10.17736616236,2.35));
#1237 = CARTESIAN_POINT('',(-8.00273734463,-9.83244146444,2.35));
#1238 = CARTESIAN_POINT('',(-7.835060847585,-9.128045249716,2.35));
#1239 = CARTESIAN_POINT('',(-7.806181832672,-8.775110580033,2.35));
#1240 = CARTESIAN_POINT('',(-7.831134627265,-8.42214266457,2.35));
#1241 = CARTESIAN_POINT('',(-7.905256547945,-8.083440544479,2.35));
#1242 = CARTESIAN_POINT('',(-7.991929747344,-7.750472844762,2.35));
#1243 = CARTESIAN_POINT('',(-8.105686443492,-7.396337772456,2.35));
#1244 = CARTESIAN_POINT('',(-8.236035691292,-7.018253901739,2.35));
#1245 = CARTESIAN_POINT('',(-8.382928396245,-6.602496227495,2.35));
#1246 = CARTESIAN_POINT('',(-8.543559216528,-6.139652013048,2.35));
#1247 = CARTESIAN_POINT('',(-8.478022088235,-6.087912174922,
    1.630908133308));
#1248 = CARTESIAN_POINT('',(-8.784634284786,-5.287962787293,
    1.630908133308));
#1249 = CARTESIAN_POINT('',(-9.179140222274,-4.611058322381,
    1.630908133308));
#1250 = CARTESIAN_POINT('',(-9.65484683201,-4.055406630147,
    1.630908133308));
#1251 = CARTESIAN_POINT('',(-10.20238647735,-3.618696936468,
    1.630908133308));
#1252 = CARTESIAN_POINT('',(-10.81233060689,-3.319739090911,
    1.630908133308));
#1253 = CARTESIAN_POINT('',(-11.43319446645,-3.145935224302,
    1.630908133308));
#1254 = CARTESIAN_POINT('',(-12.06207683352,-3.075991663901,
    1.630908133308));
#1255 = CARTESIAN_POINT('',(-12.68573252755,-3.09913423507,
    1.630908133308));
#1256 = CARTESIAN_POINT('',(-13.73209313962,-3.279751785537,
    1.630908133308));
#1257 = CARTESIAN_POINT('',(-14.1627612824,-3.397697878515,
    1.630908133308));
#1258 = CARTESIAN_POINT('',(-14.58373436788,-3.556262488067,
    1.630908133308));
#1259 = CARTESIAN_POINT('',(-14.99068603627,-3.753879527298,
    1.630908133308));
#1260 = CARTESIAN_POINT('',(-15.37899012849,-3.989511979452,
    1.630908133308));
#1261 = CARTESIAN_POINT('',(-15.74352050184,-4.262520856336,
    1.630908133308));
#1262 = CARTESIAN_POINT('',(-16.07852511172,-4.572364654103,
    1.630908133308));
#1263 = CARTESIAN_POINT('',(-16.37757435938,-4.918129306455,
    1.630908133308));
#1264 = CARTESIAN_POINT('',(-16.93388454305,-5.743349107769,
    1.630908133308));
#1265 = CARTESIAN_POINT('',(-17.17177016451,-6.225569825218,
    1.630908133308));
#1266 = CARTESIAN_POINT('',(-17.34822549817,-6.73429082851,
    1.630908133308));
#1267 = CARTESIAN_POINT('',(-17.46439724328,-7.261170990164,
    1.630908133308));
#1268 = CARTESIAN_POINT('',(-17.52078313476,-7.798862534442,
    1.630908133308));
#1269 = CARTESIAN_POINT('',(-17.51684510144,-8.340244174202,
    1.630908133308));
#1270 = CARTESIAN_POINT('',(-17.45104631801,-8.877812864432,
    1.630908133308));
#1271 = CARTESIAN_POINT('',(-17.32131215071,-9.403234172466,
    1.630908133308));
#1272 = CARTESIAN_POINT('',(-16.9448373897,-10.37394646546,
    1.630908133308));
#1273 = CARTESIAN_POINT('',(-16.71125279412,-10.8172690874,
    1.630908133308));
#1274 = CARTESIAN_POINT('',(-16.43080849133,-11.23249694387,
    1.630908133308));
#1275 = CARTESIAN_POINT('',(-16.10839713116,-11.6154670203,
    1.630908133308));
#1276 = CARTESIAN_POINT('',(-15.74814806408,-11.96174184437,
    1.630908133308));
#1277 = CARTESIAN_POINT('',(-15.35364698513,-12.26620182133,
    1.630908133308));
#1278 = CARTESIAN_POINT('',(-14.92838388922,-12.52286353442,
    1.630908133308));
#1279 = CARTESIAN_POINT('',(-14.47642933817,-12.72492401066,
    1.630908133308));
#1280 = CARTESIAN_POINT('',(-13.55871619623,-12.99670718055,
    1.630908133308));
#1281 = CARTESIAN_POINT('',(-13.10203805689,-13.07362825634,
    1.630908133308));
#1282 = CARTESIAN_POINT('',(-12.63935677011,-13.09769145576,
    1.630908133308));
#1283 = CARTESIAN_POINT('',(-12.17570349943,-13.07104351307,
    1.630908133308));
#1284 = CARTESIAN_POINT('',(-11.71553147434,-12.9956522009,
    1.630908133308));
#1285 = CARTESIAN_POINT('',(-11.26306459667,-12.87308511022,
    1.630908133308));
#1286 = CARTESIAN_POINT('',(-10.82255160227,-12.70449562916,
    1.630908133308));
#1287 = CARTESIAN_POINT('',(-10.39842577786,-12.49081612109,
    1.630908133308));
#1288 = CARTESIAN_POINT('',(-9.646642195166,-12.01022995595,
    1.630908133308));
#1289 = CARTESIAN_POINT('',(-9.316473059555,-11.75762547432,
    1.630908133308));
#1290 = CARTESIAN_POINT('',(-9.007505283043,-11.48014478837,
    1.630908133308));
#1291 = CARTESIAN_POINT('',(-8.723052178616,-11.18133174348,
    1.630908133308));
#1292 = CARTESIAN_POINT('',(-8.467184984761,-10.8651423318,
    1.630908133308));
#1293 = CARTESIAN_POINT('',(-8.244336182157,-10.53517069189,
    1.630908133308));
#1294 = CARTESIAN_POINT('',(-8.059352150277,-10.19333656144,
    1.630908133308));
#1295 = CARTESIAN_POINT('',(-7.918928256452,-9.839937869397,
    1.630908133308));
#1296 = CARTESIAN_POINT('',(-7.751970788714,-9.114788692629,
    1.630908133308));
#1297 = CARTESIAN_POINT('',(-7.724934717498,-8.750517143266,
    1.630908133308));
#1298 = CARTESIAN_POINT('',(-7.753624334426,-8.386570182356,
    1.630908133308));
#1299 = CARTESIAN_POINT('',(-7.833266429056,-8.040473840231,
    1.630908133308));
#1300 = CARTESIAN_POINT('',(-7.922544409305,-7.703645671862,
    1.630908133308));
#1301 = CARTESIAN_POINT('',(-8.038636027351,-7.346495134887,
    1.630908133308));
#1302 = CARTESIAN_POINT('',(-8.170102971889,-6.967015328298,
    1.630908133308));
#1303 = CARTESIAN_POINT('',(-8.317448054251,-6.550684460057,
    1.630908133308));
#1304 = CARTESIAN_POINT('',(-8.478022088235,-6.087912174922,
    1.630908133308));
#1305 = CARTESIAN_POINT('',(-9.,-6.5,1.037809077647));
#1306 = CARTESIAN_POINT('',(-9.255511665088,-5.764777952224,
    1.037809077647));
#1307 = CARTESIAN_POINT('',(-9.582395574271,-5.154961615124,
    1.037809077647));
#1308 = CARTESIAN_POINT('',(-9.970306420725,-4.663436617816,
    1.037809077647));
#1309 = CARTESIAN_POINT('',(-10.40889889762,-4.283088589412,
    1.037809077647));
#1310 = CARTESIAN_POINT('',(-10.88782769815,-4.006803159029,
    1.037809077647));
#1311 = CARTESIAN_POINT('',(-11.39674751547,-3.827465955781,
    1.037809077647));
#1312 = CARTESIAN_POINT('',(-11.92531304277,-3.737962608784,
    1.037809077647));
#1313 = CARTESIAN_POINT('',(-12.46317897322,-3.731178747152,
    1.037809077647));
#1314 = CARTESIAN_POINT('',(-13.38356211211,-3.849173232389,
    1.037809077647));
#1315 = CARTESIAN_POINT('',(-13.76659078049,-3.936944352763,
    1.037809077647));
#1316 = CARTESIAN_POINT('',(-14.14393296901,-4.061740943754,
    1.037809077647));
#1317 = CARTESIAN_POINT('',(-14.51043564154,-4.221990587991,
    1.037809077647));
#1318 = CARTESIAN_POINT('',(-14.86094576195,-4.416120868109,
    1.037809077647));
#1319 = CARTESIAN_POINT('',(-15.19031029413,-4.642559366737,
    1.037809077647));
#1320 = CARTESIAN_POINT('',(-15.49337620195,-4.899733666507,
    1.037809077647));
#1321 = CARTESIAN_POINT('',(-15.76499044928,-5.186071350051,
    1.037809077647));
#1322 = CARTESIAN_POINT('',(-16.27566792331,-5.868240604412,
    1.037809077647));
#1323 = CARTESIAN_POINT('',(-16.50096975439,-6.274444893466,
    1.037809077647));
#1324 = CARTESIAN_POINT('',(-16.67509796956,-6.710507413747,
    1.037809077647));
#1325 = CARTESIAN_POINT('',(-16.79724504514,-7.168322711841,
    1.037809077647));
#1326 = CARTESIAN_POINT('',(-16.86660345742,-7.639785334332,
    1.037809077647));
#1327 = CARTESIAN_POINT('',(-16.88236568274,-8.116789827809,
    1.037809077647));
#1328 = CARTESIAN_POINT('',(-16.8437241974,-8.591230738855,
    1.037809077647));
#1329 = CARTESIAN_POINT('',(-16.74987147771,-9.055002614057,
    1.037809077647));
#1330 = CARTESIAN_POINT('',(-16.46111175125,-9.912386056177,
    1.037809077647));
#1331 = CARTESIAN_POINT('',(-16.27411448354,-10.30864854425,
    1.037809077647));
#1332 = CARTESIAN_POINT('',(-16.04355485069,-10.68365620168,
    1.037809077647));
#1333 = CARTESIAN_POINT('',(-15.77397950652,-11.03227776592,
    1.037809077647));
#1334 = CARTESIAN_POINT('',(-15.46993510487,-11.34938197441,
    1.037809077647));
#1335 = CARTESIAN_POINT('',(-15.13596829956,-11.62983756462,
    1.037809077647));
#1336 = CARTESIAN_POINT('',(-14.77662574443,-11.86851327398,
    1.037809077647));
#1337 = CARTESIAN_POINT('',(-14.3964540933,-12.06027783996,
    1.037809077647));
#1338 = CARTESIAN_POINT('',(-13.62740190096,-12.33131460137,
    1.037809077647));
#1339 = CARTESIAN_POINT('',(-13.24042194374,-12.41666149757,
    1.037809077647));
#1340 = CARTESIAN_POINT('',(-12.84347834009,-12.45690980733,
    1.037809077647));
#1341 = CARTESIAN_POINT('',(-12.44098930173,-12.4529286494,
    1.037809077647));
#1342 = CARTESIAN_POINT('',(-12.0373730404,-12.4055871425,1.037809077647
    ));
#1343 = CARTESIAN_POINT('',(-11.63704776783,-12.31575440537,
    1.037809077647));
#1344 = CARTESIAN_POINT('',(-11.24443169575,-12.18429955676,
    1.037809077647));
#1345 = CARTESIAN_POINT('',(-10.86394303589,-12.01209171539,
    1.037809077647));
#1346 = CARTESIAN_POINT('',(-10.18511252984,-11.61649594273,
    1.037809077647));
#1347 = CARTESIAN_POINT('',(-9.882610945794,-11.40313522232,
    1.037809077647));
#1348 = CARTESIAN_POINT('',(-9.597115430369,-11.16499374815,
    1.037809077647));
#1349 = CARTESIAN_POINT('',(-9.333246166088,-10.90714742962,
    1.037809077647));
#1350 = CARTESIAN_POINT('',(-9.09562333547,-10.6346721761,1.037809077647
    ));
#1351 = CARTESIAN_POINT('',(-8.888867121033,-10.35264389699,
    1.037809077647));
#1352 = CARTESIAN_POINT('',(-8.717597705297,-10.06613850168,
    1.037809077647));
#1353 = CARTESIAN_POINT('',(-8.58643527078,-9.780231899555,
    1.037809077647));
#1354 = CARTESIAN_POINT('',(-8.413751012348,-9.220372049206,
    1.037809077647));
#1355 = CARTESIAN_POINT('',(-8.372036606459,-8.94639436739,
    1.037809077647));
#1356 = CARTESIAN_POINT('',(-8.370963876921,-8.669891262574,
    1.037809077647));
#1357 = CARTESIAN_POINT('',(-8.406639918321,-8.382687042782,
    1.037809077647));
#1358 = CARTESIAN_POINT('',(-8.475171825249,-8.076606016037,
    1.037809077647));
#1359 = CARTESIAN_POINT('',(-8.572666692293,-7.743472490363,
    1.037809077647));
#1360 = CARTESIAN_POINT('',(-8.695231614041,-7.375110773784,
    1.037809077647));
#1361 = CARTESIAN_POINT('',(-8.83897368508,-6.963345174321,
    1.037809077647));
#1362 = CARTESIAN_POINT('',(-9.,-6.5,1.037809077647));
#1363 = CARTESIAN_POINT('',(-9.521977911765,-6.912087825078,
    1.630908133308));
#1364 = CARTESIAN_POINT('',(-9.726389045389,-6.241593117156,
    1.630908133308));
#1365 = CARTESIAN_POINT('',(-9.985650926268,-5.698864907868,
    1.630908133308));
#1366 = CARTESIAN_POINT('',(-10.28576600944,-5.271466605484,
    1.630908133308));
#1367 = CARTESIAN_POINT('',(-10.6154113179,-4.947480242356,
    1.630908133308));
#1368 = CARTESIAN_POINT('',(-10.96332478941,-4.693867227147,
    1.630908133308));
#1369 = CARTESIAN_POINT('',(-11.36030056449,-4.50899668726,
    1.630908133308));
#1370 = CARTESIAN_POINT('',(-11.78854925202,-4.399933553667,
    1.630908133308));
#1371 = CARTESIAN_POINT('',(-12.24062541889,-4.363223259234,
    1.630908133308));
#1372 = CARTESIAN_POINT('',(-13.03503108461,-4.418594679241,
    1.630908133308));
#1373 = CARTESIAN_POINT('',(-13.37042027859,-4.476190827012,
    1.630908133308));
#1374 = CARTESIAN_POINT('',(-13.70413157014,-4.567219399439,
    1.630908133308));
#1375 = CARTESIAN_POINT('',(-14.03018524681,-4.690101648686,
    1.630908133308));
#1376 = CARTESIAN_POINT('',(-14.34290139542,-4.842729756765,
    1.630908133308));
#1377 = CARTESIAN_POINT('',(-14.63710008642,-5.022597877138,
    1.630908133308));
#1378 = CARTESIAN_POINT('',(-14.90822729217,-5.227102678911,
    1.630908133308));
#1379 = CARTESIAN_POINT('',(-15.15240653918,-5.454013393647,
    1.630908133308));
#1380 = CARTESIAN_POINT('',(-15.61745130357,-5.993132101056,
    1.630908133308));
#1381 = CARTESIAN_POINT('',(-15.83016934427,-6.323319961714,
    1.630908133308));
#1382 = CARTESIAN_POINT('',(-16.00197044095,-6.686723998984,
    1.630908133308));
#1383 = CARTESIAN_POINT('',(-16.13009284699,-7.075474433517,
    1.630908133308));
#1384 = CARTESIAN_POINT('',(-16.21242378009,-7.480708134223,
    1.630908133308));
#1385 = CARTESIAN_POINT('',(-16.24788626405,-7.893335481417,
    1.630908133308));
#1386 = CARTESIAN_POINT('',(-16.23640207679,-8.304648613278,
    1.630908133308));
#1387 = CARTESIAN_POINT('',(-16.17843080472,-8.706771055648,
    1.630908133308));
#1388 = CARTESIAN_POINT('',(-15.9773861128,-9.450825646884,
    1.630908133308));
#1389 = CARTESIAN_POINT('',(-15.83697617296,-9.800028001106,
    1.630908133308));
#1390 = CARTESIAN_POINT('',(-15.65630121004,-10.13481545949,
    1.630908133308));
#1391 = CARTESIAN_POINT('',(-15.43956188188,-10.44908851154,
    1.630908133308));
#1392 = CARTESIAN_POINT('',(-15.19172214565,-10.73702210445,
    1.630908133308));
#1393 = CARTESIAN_POINT('',(-14.918289614,-10.99347330791,1.630908133308
    ));
#1394 = CARTESIAN_POINT('',(-14.62486759964,-11.21416301354,
    1.630908133308));
#1395 = CARTESIAN_POINT('',(-14.31647884842,-11.39563166925,
    1.630908133308));
#1396 = CARTESIAN_POINT('',(-13.69608760568,-11.66592202219,
    1.630908133308));
#1397 = CARTESIAN_POINT('',(-13.3788058306,-11.7596947388,1.630908133308
    ));
#1398 = CARTESIAN_POINT('',(-13.04759991008,-11.8161281589,
    1.630908133308));
#1399 = CARTESIAN_POINT('',(-12.70627510403,-11.83481378573,
    1.630908133308));
#1400 = CARTESIAN_POINT('',(-12.35921460646,-11.81552208409,
    1.630908133308));
#1401 = CARTESIAN_POINT('',(-12.01103093898,-11.75842370053,
    1.630908133308));
#1402 = CARTESIAN_POINT('',(-11.66631178922,-11.66410348436,
    1.630908133308));
#1403 = CARTESIAN_POINT('',(-11.32946029392,-11.53336730968,
    1.630908133308));
#1404 = CARTESIAN_POINT('',(-10.72358286452,-11.22276192951,
    1.630908133308));
#1405 = CARTESIAN_POINT('',(-10.44874883203,-11.04864497032,
    1.630908133308));
#1406 = CARTESIAN_POINT('',(-10.18672557769,-10.84984270794,
    1.630908133308));
#1407 = CARTESIAN_POINT('',(-9.94344015356,-10.63296311575,
    1.630908133308));
#1408 = CARTESIAN_POINT('',(-9.724061686179,-10.4042020204,
    1.630908133308));
#1409 = CARTESIAN_POINT('',(-9.53339805991,-10.17011710209,
    1.630908133308));
#1410 = CARTESIAN_POINT('',(-9.375843260316,-9.938940441924,
    1.630908133308));
#1411 = CARTESIAN_POINT('',(-9.253942285107,-9.720525929713,
    1.630908133308));
#1412 = CARTESIAN_POINT('',(-9.075531235983,-9.325955405784,
    1.630908133308));
#1413 = CARTESIAN_POINT('',(-9.019138495419,-9.142271591514,
    1.630908133308));
#1414 = CARTESIAN_POINT('',(-8.988303419416,-8.953212342792,
    1.630908133308));
#1415 = CARTESIAN_POINT('',(-8.980013407586,-8.724900245333,
    1.630908133308));
#1416 = CARTESIAN_POINT('',(-9.027799241194,-8.449566360213,
    1.630908133308));
#1417 = CARTESIAN_POINT('',(-9.106697357235,-8.14044984584,
    1.630908133308));
#1418 = CARTESIAN_POINT('',(-9.220360256192,-7.78320621927,
    1.630908133308));
#1419 = CARTESIAN_POINT('',(-9.360499315909,-7.376005888585,
    1.630908133308));
#1420 = CARTESIAN_POINT('',(-9.521977911765,-6.912087825078,
    1.630908133308));
#1421 = CARTESIAN_POINT('',(-9.456440783472,-6.860347986952,2.35));
#1422 = CARTESIAN_POINT('',(-9.66726786308,-6.181726414118,2.35));
#1423 = CARTESIAN_POINT('',(-9.935020052541,-5.630574930319,2.35));
#1424 = CARTESIAN_POINT('',(-10.24615836499,-5.195125177218,2.35));
#1425 = CARTESIAN_POINT('',(-10.58948257517,-4.864062304519,2.35));
#1426 = CARTESIAN_POINT('',(-10.95384572441,-4.607602645902,2.35));
#1427 = CARTESIAN_POINT('',(-11.3648766748,-4.423426846128,2.35));
#1428 = CARTESIAN_POINT('',(-11.80572067997,-4.31681954872,2.35));
#1429 = CARTESIAN_POINT('',(-12.26856821209,-4.283866678541,2.35));
#1430 = CARTESIAN_POINT('',(-13.07879102569,-4.347100760487,2.35));
#1431 = CARTESIAN_POINT('',(-13.42016161136,-4.408485538018,2.35));
#1432 = CARTESIAN_POINT('',(-13.75935099619,-4.503753866411,2.35));
#1433 = CARTESIAN_POINT('',(-14.09048326139,-4.63132779265,2.35));
#1434 = CARTESIAN_POINT('',(-14.407944646,-4.789166721172,2.35));
#1435 = CARTESIAN_POINT('',(-14.7065585971,-4.974882002479,2.35));
#1436 = CARTESIAN_POINT('',(-14.98169587831,-5.185999742405,2.35));
#1437 = CARTESIAN_POINT('',(-15.22931973685,-5.420371832021,2.35));
#1438 = CARTESIAN_POINT('',(-15.70009393284,-5.977451303356,2.35));
#1439 = CARTESIAN_POINT('',(-15.91439193597,-6.317183434582,2.35));
#1440 = CARTESIAN_POINT('',(-16.08648521486,-6.689710134353,2.35));
#1441 = CARTESIAN_POINT('',(-16.21385738609,-7.08713203318,2.35));
#1442 = CARTESIAN_POINT('',(-16.29455954958,-7.500681130469,2.35));
#1443 = CARTESIAN_POINT('',(-16.32754856033,-7.921391373892,2.35));
#1444 = CARTESIAN_POINT('',(-16.31265462855,-8.340630537239,2.35));
#1445 = CARTESIAN_POINT('',(-16.25017824815,-8.750493396775,2.35));
#1446 = CARTESIAN_POINT('',(-16.03812046288,-9.508777033478,2.35));
#1447 = CARTESIAN_POINT('',(-15.89186123398,-9.863888040079,2.35));
#1448 = CARTESIAN_POINT('',(-15.70492298302,-10.20372536032,2.35));
#1449 = CARTESIAN_POINT('',(-15.48154980948,-10.52231105242,2.35));
#1450 = CARTESIAN_POINT('',(-15.22665327586,-10.81390717268,2.35));
#1451 = CARTESIAN_POINT('',(-14.94562034126,-11.07337225572,2.35));
#1452 = CARTESIAN_POINT('',(-14.64392164921,-11.29632020066,2.35));
#1453 = CARTESIAN_POINT('',(-14.32652016965,-11.47908156316,2.35));
#1454 = CARTESIAN_POINT('',(-13.68746374681,-11.74946563169,2.35));
#1455 = CARTESIAN_POINT('',(-13.36143099089,-11.84218044132,2.35));
#1456 = CARTESIAN_POINT('',(-13.02197135144,-11.89658173396,2.35));
#1457 = CARTESIAN_POINT('',(-12.67296704776,-11.9124214243,2.35));
#1458 = CARTESIAN_POINT('',(-12.31880567051,-11.88960791907,2.35));
#1459 = CARTESIAN_POINT('',(-11.96407534467,-11.82839956173,2.35));
#1460 = CARTESIAN_POINT('',(-11.61334247924,-11.72941689315,2.35));
#1461 = CARTESIAN_POINT('',(-11.27101210373,-11.59347372815,2.35));
#1462 = CARTESIAN_POINT('',(-10.65597502401,-11.27219734805,2.35));
#1463 = CARTESIAN_POINT('',(-10.37766718193,-11.09315312401,2.35));
#1464 = CARTESIAN_POINT('',(-10.11269685924,-10.88941161246,2.35));
#1465 = CARTESIAN_POINT('',(-9.866827023504,-10.66738842791,2.35));
#1466 = CARTESIAN_POINT('',(-9.645157878401,-10.43313878539,2.35));
#1467 = CARTESIAN_POINT('',(-9.452473741317,-10.19303432082,2.35));
#1468 = CARTESIAN_POINT('',(-9.293196998061,-9.954910841002,2.35));
#1469 = CARTESIAN_POINT('',(-9.170133196929,-9.72802233467,2.35));
#1470 = CARTESIAN_POINT('',(-8.992441177112,-9.312698848697,2.35));
#1471 = CARTESIAN_POINT('',(-8.937891380246,-9.117678154746,2.35));
#1472 = CARTESIAN_POINT('',(-8.910793126576,-8.917639860578,2.35));
#1473 = CARTESIAN_POINT('',(-8.908023288697,-8.681933541085,2.35));
#1474 = CARTESIAN_POINT('',(-8.958413903155,-8.402739187313,2.35));
#1475 = CARTESIAN_POINT('',(-9.039646941094,-8.090607208271,2.35));
#1476 = CARTESIAN_POINT('',(-9.15442753679,-7.731967645829,2.35));
#1477 = CARTESIAN_POINT('',(-9.295018973915,-7.324194121148,2.35));
#1478 = CARTESIAN_POINT('',(-9.456440783472,-6.860347986952,2.35));
#1479 = CARTESIAN_POINT('',(-9.,-6.5,2.35));
#1480 = CARTESIAN_POINT('',(-9.255511665088,-5.764777952224,2.35));
#1481 = CARTESIAN_POINT('',(-9.582395574271,-5.154961615124,2.35));
#1482 = CARTESIAN_POINT('',(-9.970306420725,-4.663436617815,2.35));
#1483 = CARTESIAN_POINT('',(-10.40889889762,-4.283088589412,2.35));
#1484 = CARTESIAN_POINT('',(-10.88782769815,-4.006803159029,2.35));
#1485 = CARTESIAN_POINT('',(-11.39674751547,-3.827465955781,2.35));
#1486 = CARTESIAN_POINT('',(-11.92531304277,-3.737962608784,2.35));
#1487 = CARTESIAN_POINT('',(-12.46317897322,-3.731178747152,2.35));
#1488 = CARTESIAN_POINT('',(-13.38356211211,-3.849173232389,2.35));
#1489 = CARTESIAN_POINT('',(-13.76659078049,-3.936944352763,2.35));
#1490 = CARTESIAN_POINT('',(-14.14393296901,-4.061740943753,2.35));
#1491 = CARTESIAN_POINT('',(-14.51043564154,-4.221990587992,2.35));
#1492 = CARTESIAN_POINT('',(-14.86094576195,-4.416120868109,2.35));
#1493 = CARTESIAN_POINT('',(-15.19031029413,-4.642559366737,2.35));
#1494 = CARTESIAN_POINT('',(-15.49337620195,-4.899733666507,2.35));
#1495 = CARTESIAN_POINT('',(-15.76499044928,-5.186071350051,2.35));
#1496 = CARTESIAN_POINT('',(-16.27566792331,-5.868240604412,2.35));
#1497 = CARTESIAN_POINT('',(-16.50096975439,-6.274444893466,2.35));
#1498 = CARTESIAN_POINT('',(-16.67509796956,-6.710507413747,2.35));
#1499 = CARTESIAN_POINT('',(-16.79724504514,-7.168322711841,2.35));
#1500 = CARTESIAN_POINT('',(-16.86660345742,-7.639785334332,2.35));
#1501 = CARTESIAN_POINT('',(-16.88236568274,-8.116789827809,2.35));
#1502 = CARTESIAN_POINT('',(-16.8437241974,-8.591230738855,2.35));
#1503 = CARTESIAN_POINT('',(-16.74987147771,-9.055002614057,2.35));
#1504 = CARTESIAN_POINT('',(-16.46111175125,-9.912386056176,2.35));
#1505 = CARTESIAN_POINT('',(-16.27411448354,-10.30864854425,2.35));
#1506 = CARTESIAN_POINT('',(-16.04355485069,-10.68365620168,2.35));
#1507 = CARTESIAN_POINT('',(-15.77397950652,-11.03227776592,2.35));
#1508 = CARTESIAN_POINT('',(-15.46993510487,-11.34938197441,2.35));
#1509 = CARTESIAN_POINT('',(-15.13596829956,-11.62983756462,2.35));
#1510 = CARTESIAN_POINT('',(-14.77662574443,-11.86851327398,2.35));
#1511 = CARTESIAN_POINT('',(-14.3964540933,-12.06027783996,2.35));
#1512 = CARTESIAN_POINT('',(-13.62740190096,-12.33131460137,2.35));
#1513 = CARTESIAN_POINT('',(-13.24042194374,-12.41666149757,2.35));
#1514 = CARTESIAN_POINT('',(-12.84347834009,-12.45690980733,2.35));
#1515 = CARTESIAN_POINT('',(-12.44098930173,-12.4529286494,2.35));
#1516 = CARTESIAN_POINT('',(-12.0373730404,-12.4055871425,2.35));
#1517 = CARTESIAN_POINT('',(-11.63704776783,-12.31575440537,2.35));
#1518 = CARTESIAN_POINT('',(-11.24443169575,-12.18429955676,2.35));
#1519 = CARTESIAN_POINT('',(-10.86394303589,-12.01209171539,2.35));
#1520 = CARTESIAN_POINT('',(-10.18511252984,-11.61649594273,2.35));
#1521 = CARTESIAN_POINT('',(-9.882610945794,-11.40313522232,2.35));
#1522 = CARTESIAN_POINT('',(-9.597115430369,-11.16499374815,2.35));
#1523 = CARTESIAN_POINT('',(-9.333246166088,-10.90714742962,2.35));
#1524 = CARTESIAN_POINT('',(-9.09562333547,-10.6346721761,2.35));
#1525 = CARTESIAN_POINT('',(-8.888867121033,-10.35264389699,2.35));
#1526 = CARTESIAN_POINT('',(-8.717597705297,-10.06613850168,2.35));
#1527 = CARTESIAN_POINT('',(-8.58643527078,-9.780231899555,2.35));
#1528 = CARTESIAN_POINT('',(-8.413751012348,-9.220372049206,2.35));
#1529 = CARTESIAN_POINT('',(-8.372036606459,-8.94639436739,2.35));
#1530 = CARTESIAN_POINT('',(-8.37096387692,-8.669891262574,2.35));
#1531 = CARTESIAN_POINT('',(-8.406639918322,-8.382687042782,2.35));
#1532 = CARTESIAN_POINT('',(-8.475171825249,-8.076606016038,2.35));
#1533 = CARTESIAN_POINT('',(-8.572666692293,-7.743472490363,2.35));
#1534 = CARTESIAN_POINT('',(-8.69523161404,-7.375110773784,2.35));
#1535 = CARTESIAN_POINT('',(-8.83897368508,-6.963345174321,2.35));
#1536 = CARTESIAN_POINT('',(-9.,-6.5,2.35));
#1537 = DEFINITIONAL_REPRESENTATION('',(#1538),#1723);
#1538 = B_SPLINE_CURVE_WITH_KNOTS('',8,(#1539,#1540,#1541,#1542,#1543,
    #1544,#1545,#1546,#1547,#1548,#1549,#1550,#1551,#1552,#1553,#1554,
    #1555,#1556,#1557,#1558,#1559,#1560,#1561,#1562,#1563,#1564,#1565,
    #1566,#1567,#1568,#1569,#1570,#1571,#1572,#1573,#1574,#1575,#1576,
    #1577,#1578,#1579,#1580,#1581,#1582,#1583,#1584,#1585,#1586,#1587,
    #1588,#1589,#1590,#1591,#1592,#1593,#1594,#1595,#1596,#1597,#1598,
    #1599,#1600,#1601,#1602,#1603,#1604,#1605,#1606,#1607,#1608,#1609,
    #1610,#1611,#1612,#1613,#1614,#1615,#1616,#1617,#1618,#1619,#1620,
    #1621,#1622,#1623,#1624,#1625,#1626,#1627,#1628,#1629,#1630,#1631,
    #1632,#1633,#1634,#1635,#1636,#1637,#1638,#1639,#1640,#1641,#1642,
    #1643,#1644,#1645,#1646,#1647,#1648,#1649,#1650,#1651,#1652,#1653,
    #1654,#1655,#1656,#1657,#1658,#1659,#1660,#1661,#1662,#1663,#1664,
    #1665,#1666,#1667,#1668,#1669,#1670,#1671,#1672,#1673,#1674,#1675,
    #1676,#1677,#1678,#1679,#1680,#1681,#1682,#1683,#1684,#1685,#1686,
    #1687,#1688,#1689,#1690,#1691,#1692,#1693,#1694,#1695,#1696,#1697,
    #1698,#1699,#1700,#1701,#1702,#1703,#1704,#1705,#1706,#1707,#1708,
    #1709,#1710,#1711,#1712,#1713,#1714,#1715,#1716,#1717,#1718,#1719,
    #1720,#1721,#1722),.UNSPECIFIED.,.F.,.F.,(9,7,7,7,7,7,7,7,7,7,7,7,7,
    7,7,7,7,7,7,7,7,7,7,7,7,7,9),(0.,3.147635225919E-02,
    8.774275515988E-02,0.129607689098,0.150198685543,0.193262321573,
    0.211942576642,0.23069347439,0.295108031525,0.32589557048,
    0.337830575695,0.350752277784,0.415473712298,0.483456144762,
    0.496474253673,0.536452368071,0.600091629862,0.62878320843,
    0.637676655918,0.665301352347,0.75797793192,0.767095295521,
    0.796548562037,0.882946776287,0.895931074009,0.944255372039,1.),
  .UNSPECIFIED.);
#1539 = CARTESIAN_POINT('',(1.571514235749,0.));
#1540 = CARTESIAN_POINT('',(1.571514235749,8.322115900595E-02));
#1541 = CARTESIAN_POINT('',(1.571514235749,0.167439725612));
#1542 = CARTESIAN_POINT('',(1.571514235749,0.25265449874));
#1543 = CARTESIAN_POINT('',(1.571514235749,0.338860206915));
#1544 = CARTESIAN_POINT('',(1.571514235749,0.426047474786));
#1545 = CARTESIAN_POINT('',(1.571514235749,0.514202789649));
#1546 = CARTESIAN_POINT('',(1.571514235749,0.603308467974));
#1547 = CARTESIAN_POINT('',(1.571514235749,0.85428560347));
#1548 = CARTESIAN_POINT('',(1.571514235749,1.018224351102));
#1549 = CARTESIAN_POINT('',(1.571514235749,1.184998874425));
#1550 = CARTESIAN_POINT('',(1.571514235749,1.354428857273));
#1551 = CARTESIAN_POINT('',(1.571514235749,1.526318993374));
#1552 = CARTESIAN_POINT('',(1.571514235749,1.70045232393));
#1553 = CARTESIAN_POINT('',(1.571514235749,1.876571577102));
#1554 = CARTESIAN_POINT('',(1.571514235749,2.186623173187));
#1555 = CARTESIAN_POINT('',(1.571514235749,2.319847174279));
#1556 = CARTESIAN_POINT('',(1.571514235749,2.453897490106));
#1557 = CARTESIAN_POINT('',(1.571514235749,2.588663461928));
#1558 = CARTESIAN_POINT('',(1.571514235749,2.724042830694));
#1559 = CARTESIAN_POINT('',(1.571514235749,2.859937772921));
#1560 = CARTESIAN_POINT('',(1.571514235749,2.996250936552));
#1561 = CARTESIAN_POINT('',(1.571514235749,3.200082322615));
#1562 = CARTESIAN_POINT('',(1.571514235749,3.267362191346));
#1563 = CARTESIAN_POINT('',(1.571514235749,3.334710554754));
#1564 = CARTESIAN_POINT('',(1.571514235749,3.402117408256));
#1565 = CARTESIAN_POINT('',(1.571514235749,3.469573270954));
#1566 = CARTESIAN_POINT('',(1.571514235749,3.537069185637));
#1567 = CARTESIAN_POINT('',(1.571514235749,3.604596718781));
#1568 = CARTESIAN_POINT('',(1.571514235749,3.81342340085));
#1569 = CARTESIAN_POINT('',(1.571514235749,3.954800375177));
#1570 = CARTESIAN_POINT('',(1.571514235749,4.096210384624));
#1571 = CARTESIAN_POINT('',(1.571514235749,4.23759293733));
#1572 = CARTESIAN_POINT('',(1.571514235749,4.378898361636));
#1573 = CARTESIAN_POINT('',(1.571514235749,4.520089301881));
#1574 = CARTESIAN_POINT('',(1.571514235749,4.661140896826));
#1575 = CARTESIAN_POINT('',(1.571514235749,4.863159061126));
#1576 = CARTESIAN_POINT('',(1.571514235749,4.924247605042));
#1577 = CARTESIAN_POINT('',(1.571514235749,4.985279975421));
#1578 = CARTESIAN_POINT('',(1.571514235749,5.046295367376));
#1579 = CARTESIAN_POINT('',(1.571514235749,5.10725366783));
#1580 = CARTESIAN_POINT('',(1.571514235749,5.168189025578));
#1581 = CARTESIAN_POINT('',(1.571514235749,5.229083876331));
#1582 = CARTESIAN_POINT('',(1.571514235749,5.351041113267));
#1583 = CARTESIAN_POINT('',(1.571514235749,5.412101478467));
#1584 = CARTESIAN_POINT('',(1.571514235749,5.473130086787));
#1585 = CARTESIAN_POINT('',(1.571514235749,5.534128562366));
#1586 = CARTESIAN_POINT('',(1.571514235749,5.595098573986));
#1587 = CARTESIAN_POINT('',(1.571514235749,5.656041835083));
#1588 = CARTESIAN_POINT('',(1.571514235749,5.716960103739));
#1589 = CARTESIAN_POINT('',(1.571514235749,5.987046742182));
#1590 = CARTESIAN_POINT('',(1.571514235749,6.195940337709));
#1591 = CARTESIAN_POINT('',(1.571514235749,6.404641854405));
#1592 = CARTESIAN_POINT('',(1.571514235749,6.613224468714));
#1593 = CARTESIAN_POINT('',(1.571514235749,6.821734518389));
#1594 = CARTESIAN_POINT('',(1.571514235749,7.03019737248));
#1595 = CARTESIAN_POINT('',(1.571514235749,7.238623301329));
#1596 = CARTESIAN_POINT('',(1.571514235749,7.546615314215));
#1597 = CARTESIAN_POINT('',(1.571514235749,7.646203145933));
#1598 = CARTESIAN_POINT('',(1.571514235749,7.745773651678));
#1599 = CARTESIAN_POINT('',(1.571514235749,7.845320995409));
#1600 = CARTESIAN_POINT('',(1.571514235749,7.944836766059));
#1601 = CARTESIAN_POINT('',(1.571514235749,8.044310048513));
#1602 = CARTESIAN_POINT('',(1.571514235749,8.143727494579));
#1603 = CARTESIAN_POINT('',(1.571514235749,8.281585528012));
#1604 = CARTESIAN_POINT('',(1.571514235749,8.320056359995));
#1605 = CARTESIAN_POINT('',(1.571514235749,8.358610861627));
#1606 = CARTESIAN_POINT('',(1.571514235749,8.397084636418));
#1607 = CARTESIAN_POINT('',(1.571514235749,8.435640261651));
#1608 = CARTESIAN_POINT('',(1.571514235749,8.47415221891));
#1609 = CARTESIAN_POINT('',(1.571514235749,8.512690443442));
#1610 = CARTESIAN_POINT('',(1.571514235749,8.592946701353));
#1611 = CARTESIAN_POINT('',(1.571514235749,8.634671757662));
#1612 = CARTESIAN_POINT('',(1.571514235749,8.676399877901));
#1613 = CARTESIAN_POINT('',(1.571514235749,8.718130165157));
#1614 = CARTESIAN_POINT('',(1.571514235749,8.759861787006));
#1615 = CARTESIAN_POINT('',(1.571514235749,8.801593975508));
#1616 = CARTESIAN_POINT('',(1.571514235749,8.843326027211));
#1617 = CARTESIAN_POINT('',(1.571514235749,9.094078376705));
#1618 = CARTESIAN_POINT('',(1.571514235749,9.303059184792));
#1619 = CARTESIAN_POINT('',(1.571514235749,9.511948429447));
#1620 = CARTESIAN_POINT('',(1.571514235749,9.720705346624));
#1621 = CARTESIAN_POINT('',(1.571514235749,9.929304211915));
#1622 = CARTESIAN_POINT('',(1.571514235749,10.13773884627));
#1623 = CARTESIAN_POINT('',(1.571514235749,10.346027121707));
#1624 = CARTESIAN_POINT('',(1.571514235749,10.772893409395));
#1625 = CARTESIAN_POINT('',(1.571514235749,10.991415129266));
#1626 = CARTESIAN_POINT('',(1.571514235749,11.209835748682));
#1627 = CARTESIAN_POINT('',(1.571514235749,11.428177139284));
#1628 = CARTESIAN_POINT('',(1.571514235749,11.646436352346));
#1629 = CARTESIAN_POINT('',(1.571514235749,11.864591032228));
#1630 = CARTESIAN_POINT('',(1.571514235749,12.082601813255));
#1631 = CARTESIAN_POINT('',(1.571514235749,12.34212060518));
#1632 = CARTESIAN_POINT('',(1.571514235749,12.383822798077));
#1633 = CARTESIAN_POINT('',(1.571514235749,12.425556000255));
#1634 = CARTESIAN_POINT('',(1.571514235749,12.46726788356));
#1635 = CARTESIAN_POINT('',(1.571514235749,12.509011574451));
#1636 = CARTESIAN_POINT('',(1.571514235749,12.55074527146));
#1637 = CARTESIAN_POINT('',(1.571514235749,12.592492442158));
#1638 = CARTESIAN_POINT('',(1.571514235749,12.762458720604));
#1639 = CARTESIAN_POINT('',(1.571514235749,12.890727344947));
#1640 = CARTESIAN_POINT('',(1.571514235749,13.019046040844));
#1641 = CARTESIAN_POINT('',(1.571514235749,13.14741323722));
#1642 = CARTESIAN_POINT('',(1.571514235749,13.275829424671));
#1643 = CARTESIAN_POINT('',(1.571514235749,13.404297623226));
#1644 = CARTESIAN_POINT('',(1.571514235749,13.532823850109));
#1645 = CARTESIAN_POINT('',(1.571514235749,13.866119851269));
#1646 = CARTESIAN_POINT('',(1.571514235749,14.070966123952));
#1647 = CARTESIAN_POINT('',(1.571514235749,14.276014605489));
#1648 = CARTESIAN_POINT('',(1.571514235749,14.481299144092));
#1649 = CARTESIAN_POINT('',(1.571514235749,14.686834126821));
#1650 = CARTESIAN_POINT('',(1.571514235749,14.892619370154));
#1651 = CARTESIAN_POINT('',(1.571514235749,15.098645010549));
#1652 = CARTESIAN_POINT('',(1.571514235749,15.39788423988));
#1653 = CARTESIAN_POINT('',(1.571514235749,15.490913026538));
#1654 = CARTESIAN_POINT('',(1.571514235749,15.583978836908));
#1655 = CARTESIAN_POINT('',(1.571514235749,15.677075881351));
#1656 = CARTESIAN_POINT('',(1.571514235749,15.770196545585));
#1657 = CARTESIAN_POINT('',(1.571514235749,15.863331437593));
#1658 = CARTESIAN_POINT('',(1.571514235749,15.95646943454));
#1659 = CARTESIAN_POINT('',(1.571514235749,16.078464444017));
#1660 = CARTESIAN_POINT('',(1.571514235749,16.107335747149));
#1661 = CARTESIAN_POINT('',(1.571514235749,16.136214867));
#1662 = CARTESIAN_POINT('',(1.571514235749,16.165102210844));
#1663 = CARTESIAN_POINT('',(1.571514235749,16.193996591877));
#1664 = CARTESIAN_POINT('',(1.571514235749,16.222896455793));
#1665 = CARTESIAN_POINT('',(1.571514235749,16.251801107358));
#1666 = CARTESIAN_POINT('',(1.571514235749,16.370514332855));
#1667 = CARTESIAN_POINT('',(1.571514235749,16.460365766246));
#1668 = CARTESIAN_POINT('',(1.571514235749,16.550251261659));
#1669 = CARTESIAN_POINT('',(1.571514235749,16.640156817716));
#1670 = CARTESIAN_POINT('',(1.571514235749,16.730069410737));
#1671 = CARTESIAN_POINT('',(1.571514235749,16.819976998311));
#1672 = CARTESIAN_POINT('',(1.571514235749,16.909868522872));
#1673 = CARTESIAN_POINT('',(1.571514235749,17.301218393532));
#1674 = CARTESIAN_POINT('',(1.571514235749,17.602343189613));
#1675 = CARTESIAN_POINT('',(1.571514235749,17.902817800679));
#1676 = CARTESIAN_POINT('',(1.571514235749,18.202388004346));
#1677 = CARTESIAN_POINT('',(1.571514235749,18.500836441824));
#1678 = CARTESIAN_POINT('',(1.571514235749,18.797985747075));
#1679 = CARTESIAN_POINT('',(1.571514235749,19.093704221968));
#1680 = CARTESIAN_POINT('',(1.571514235749,19.416857918538));
#1681 = CARTESIAN_POINT('',(1.571514235749,19.445784155387));
#1682 = CARTESIAN_POINT('',(1.571514235749,19.474696863223));
#1683 = CARTESIAN_POINT('',(1.571514235749,19.503595438887));
#1684 = CARTESIAN_POINT('',(1.571514235749,19.532477372825));
#1685 = CARTESIAN_POINT('',(1.571514235749,19.561341041088));
#1686 = CARTESIAN_POINT('',(1.571514235749,19.590188497321));
#1687 = CARTESIAN_POINT('',(1.571514235749,19.712193942221));
#1688 = CARTESIAN_POINT('',(1.571514235749,19.805278775546));
#1689 = CARTESIAN_POINT('',(1.571514235749,19.898310711375));
#1690 = CARTESIAN_POINT('',(1.571514235749,19.991318284518));
#1691 = CARTESIAN_POINT('',(1.571514235749,20.084331213798));
#1692 = CARTESIAN_POINT('',(1.571514235749,20.177380997881));
#1693 = CARTESIAN_POINT('',(1.571514235749,20.270501511126));
#1694 = CARTESIAN_POINT('',(1.571514235749,20.637204880731));
#1695 = CARTESIAN_POINT('',(1.571514235749,20.911027325496));
#1696 = CARTESIAN_POINT('',(1.571514235749,21.186817425039));
#1697 = CARTESIAN_POINT('',(1.571514235749,21.465699171019));
#1698 = CARTESIAN_POINT('',(1.571514235749,21.748407618264));
#1699 = CARTESIAN_POINT('',(1.571514235749,22.0354763474));
#1700 = CARTESIAN_POINT('',(1.571514235749,22.3269249396));
#1701 = CARTESIAN_POINT('',(1.571514235749,22.668085491582));
#1702 = CARTESIAN_POINT('',(1.571514235749,22.712771597107));
#1703 = CARTESIAN_POINT('',(1.571514235749,22.75760378467));
#1704 = CARTESIAN_POINT('',(1.571514235749,22.802506776705));
#1705 = CARTESIAN_POINT('',(1.571514235749,22.847534786403));
#1706 = CARTESIAN_POINT('',(1.571514235749,22.892625393818));
#1707 = CARTESIAN_POINT('',(1.571514235749,22.937796342964));
#1708 = CARTESIAN_POINT('',(1.571514235749,23.151349749425));
#1709 = CARTESIAN_POINT('',(1.571514235749,23.320502657906));
#1710 = CARTESIAN_POINT('',(1.571514235749,23.489841609515));
#1711 = CARTESIAN_POINT('',(1.571514235749,23.658845534372));
#1712 = CARTESIAN_POINT('',(1.571514235749,23.826859106146));
#1713 = CARTESIAN_POINT('',(1.571514235749,23.993131116604));
#1714 = CARTESIAN_POINT('',(1.571514235749,24.157088349526));
#1715 = CARTESIAN_POINT('',(1.571514235749,24.504374857685));
#1716 = CARTESIAN_POINT('',(1.571514235749,24.686723543702));
#1717 = CARTESIAN_POINT('',(1.571514235749,24.864712616752));
#1718 = CARTESIAN_POINT('',(1.571514235749,25.037818184045));
#1719 = CARTESIAN_POINT('',(1.571514235749,25.205834624084));
#1720 = CARTESIAN_POINT('',(1.571514235749,25.368736258656));
#1721 = CARTESIAN_POINT('',(1.571514235749,25.526526231053));
#1722 = CARTESIAN_POINT('',(1.571514235749,25.679356367485));
#1723 = ( GEOMETRIC_REPRESENTATION_CONTEXT(2) 
PARAMETRIC_REPRESENTATION_CONTEXT() REPRESENTATION_CONTEXT('2D SPACE',''
  ) );
#1724 = FACE_BOUND('',#1725,.T.);
#1725 = EDGE_LOOP('',(#1726));
#1726 = ORIENTED_EDGE('',*,*,#1727,.F.);
#1727 = EDGE_CURVE('',#1728,#1728,#1730,.T.);
#1728 = VERTEX_POINT('',#1729);
#1729 = CARTESIAN_POINT('',(-11.81905249806,-2.3,2.));
#1730 = SURFACE_CURVE('',#1731,(#1736,#1743),.PCURVE_S1.);
#1731 = CIRCLE('',#1732,0.580947501931);
#1732 = AXIS2_PLACEMENT_3D('',#1733,#1734,#1735);
#1733 = CARTESIAN_POINT('',(-12.4,-2.3,2.));
#1734 = DIRECTION('',(0.,0.,1.));
#1735 = DIRECTION('',(1.,0.,-0.));
#1736 = PCURVE('',#222,#1737);
#1737 = DEFINITIONAL_REPRESENTATION('',(#1738),#1742);
#1738 = CIRCLE('',#1739,0.580947501931);
#1739 = AXIS2_PLACEMENT_2D('',#1740,#1741);
#1740 = CARTESIAN_POINT('',(-13.4,-2.3));
#1741 = DIRECTION('',(1.,0.));
#1742 = ( GEOMETRIC_REPRESENTATION_CONTEXT(2) 
PARAMETRIC_REPRESENTATION_CONTEXT() REPRESENTATION_CONTEXT('2D SPACE',''
  ) );
#1743 = PCURVE('',#1744,#1749);
#1744 = SPHERICAL_SURFACE('',#1745,0.6);
#1745 = AXIS2_PLACEMENT_3D('',#1746,#1747,#1748);
#1746 = CARTESIAN_POINT('',(-12.4,-2.3,1.85));
#1747 = DIRECTION('',(0.,0.,1.));
#1748 = DIRECTION('',(1.,0.,-0.));
#1749 = DEFINITIONAL_REPRESENTATION('',(#1750),#1754);
#1750 = LINE('',#1751,#1752);
#1751 = CARTESIAN_POINT('',(0.,0.252680255142));
#1752 = VECTOR('',#1753,1.);
#1753 = DIRECTION('',(1.,0.));
#1754 = ( GEOMETRIC_REPRESENTATION_CONTEXT(2) 
PARAMETRIC_REPRESENTATION_CONTEXT() REPRESENTATION_CONTEXT('2D SPACE',''
  ) );
#1755 = FACE_BOUND('',#1756,.T.);
#1756 = EDGE_LOOP('',(#1757));
#1757 = ORIENTED_EDGE('',*,*,#1758,.F.);
#1758 = EDGE_CURVE('',#1759,#1759,#1761,.T.);
#1759 = VERTEX_POINT('',#1760);
#1760 = CARTESIAN_POINT('',(-6.819052498069,-9.,2.));
#1761 = SURFACE_CURVE('',#1762,(#1767,#1774),.PCURVE_S1.);
#1762 = CIRCLE('',#1763,0.580947501931);
#1763 = AXIS2_PLACEMENT_3D('',#1764,#1765,#1766);
#1764 = CARTESIAN_POINT('',(-7.4,-9.,2.));
#1765 = DIRECTION('',(0.,0.,1.));
#1766 = DIRECTION('',(1.,0.,-0.));
#1767 = PCURVE('',#222,#1768);
#1768 = DEFINITIONAL_REPRESENTATION('',(#1769),#1773);
#1769 = CIRCLE('',#1770,0.580947501931);
#1770 = AXIS2_PLACEMENT_2D('',#1771,#1772);
#1771 = CARTESIAN_POINT('',(-8.4,-9.));
#1772 = DIRECTION('',(1.,0.));
#1773 = ( GEOMETRIC_REPRESENTATION_CONTEXT(2) 
PARAMETRIC_REPRESENTATION_CONTEXT() REPRESENTATION_CONTEXT('2D SPACE',''
  ) );
#1774 = PCURVE('',#1775,#1780);
#1775 = SPHERICAL_SURFACE('',#1776,0.6);
#1776 = AXIS2_PLACEMENT_3D('',#1777,#1778,#1779);
#1777 = CARTESIAN_POINT('',(-7.4,-9.,1.85));
#1778 = DIRECTION('',(0.,0.,1.));
#1779 = DIRECTION('',(1.,0.,-0.));
#1780 = DEFINITIONAL_REPRESENTATION('',(#1781),#1785);
#1781 = LINE('',#1782,#1783);
#1782 = CARTESIAN_POINT('',(0.,0.252680255142));
#1783 = VECTOR('',#1784,1.);
#1784 = DIRECTION('',(1.,0.));
#1785 = ( GEOMETRIC_REPRESENTATION_CONTEXT(2) 
PARAMETRIC_REPRESENTATION_CONTEXT() REPRESENTATION_CONTEXT('2D SPACE',''
  ) );
#1786 = FACE_BOUND('',#1787,.T.);
#1787 = EDGE_LOOP('',(#1788,#1816,#1849,#1875));
#1788 = ORIENTED_EDGE('',*,*,#1789,.T.);
#1789 = EDGE_CURVE('',#1790,#1792,#1794,.T.);
#1790 = VERTEX_POINT('',#1791);
#1791 = CARTESIAN_POINT('',(-2.84691612505,-2.637669582611,2.));
#1792 = VERTEX_POINT('',#1793);
#1793 = CARTESIAN_POINT('',(-3.340191860312,-3.342140340699,2.));
#1794 = SURFACE_CURVE('',#1795,(#1799,#1805),.PCURVE_S1.);
#1795 = LINE('',#1796,#1797);
#1796 = CARTESIAN_POINT('',(-1.841106001819,-1.201223859957,2.));
#1797 = VECTOR('',#1798,1.);
#1798 = DIRECTION('',(-0.573576436351,-0.819152044289,0.));
#1799 = PCURVE('',#222,#1800);
#1800 = DEFINITIONAL_REPRESENTATION('',(#1801),#1804);
#1801 = B_SPLINE_CURVE_WITH_KNOTS('',1,(#1802,#1803),.UNSPECIFIED.,.F.,
  .F.,(2,2),(1.753576436351,2.613576436351),.PIECEWISE_BEZIER_KNOTS.);
#1802 = CARTESIAN_POINT('',(-3.84691612505,-2.637669582611));
#1803 = CARTESIAN_POINT('',(-4.340191860312,-3.342140340699));
#1804 = ( GEOMETRIC_REPRESENTATION_CONTEXT(2) 
PARAMETRIC_REPRESENTATION_CONTEXT() REPRESENTATION_CONTEXT('2D SPACE',''
  ) );
#1805 = PCURVE('',#1806,#1811);
#1806 = PLANE('',#1807);
#1807 = AXIS2_PLACEMENT_3D('',#1808,#1809,#1810);
#1808 = CARTESIAN_POINT('',(-3.340191860312,-3.342140340699,-1.));
#1809 = DIRECTION('',(-0.819152044289,0.573576436351,0.));
#1810 = DIRECTION('',(0.573576436351,0.819152044289,0.));
#1811 = DEFINITIONAL_REPRESENTATION('',(#1812),#1815);
#1812 = B_SPLINE_CURVE_WITH_KNOTS('',1,(#1813,#1814),.UNSPECIFIED.,.F.,
  .F.,(2,2),(1.753576436351,2.613576436351),.PIECEWISE_BEZIER_KNOTS.);
#1813 = CARTESIAN_POINT('',(0.86,-3.));
#1814 = CARTESIAN_POINT('',(0.,-3.));
#1815 = ( GEOMETRIC_REPRESENTATION_CONTEXT(2) 
PARAMETRIC_REPRESENTATION_CONTEXT() REPRESENTATION_CONTEXT('2D SPACE',''
  ) );
#1816 = ORIENTED_EDGE('',*,*,#1817,.T.);
#1817 = EDGE_CURVE('',#1792,#1818,#1820,.T.);
#1818 = VERTEX_POINT('',#1819);
#1819 = CARTESIAN_POINT('',(-3.340191860312,3.342140340699,2.));
#1820 = SURFACE_CURVE('',#1821,(#1826,#1837),.PCURVE_S1.);
#1821 = CIRCLE('',#1822,4.08);
#1822 = AXIS2_PLACEMENT_3D('',#1823,#1824,#1825);
#1823 = CARTESIAN_POINT('',(-1.,-4.440892098501E-16,2.));
#1824 = DIRECTION('',(-0.,0.,-1.));
#1825 = DIRECTION('',(-0.573576436351,0.819152044289,0.));
#1826 = PCURVE('',#222,#1827);
#1827 = DEFINITIONAL_REPRESENTATION('',(#1828),#1836);
#1828 = ( BOUNDED_CURVE() B_SPLINE_CURVE(2,(#1829,#1830,#1831,#1832,
#1833,#1834,#1835),.UNSPECIFIED.,.T.,.F.) B_SPLINE_CURVE_WITH_KNOTS((1,2
    ,2,2,2,1),(-2.094395102393,0.,2.094395102393,4.188790204786,
6.28318530718,8.377580409573),.UNSPECIFIED.) CURVE() 
GEOMETRIC_REPRESENTATION_ITEM() RATIONAL_B_SPLINE_CURVE((1.,0.5,1.,0.5,
1.,0.5,1.)) REPRESENTATION_ITEM('') );
#1829 = CARTESIAN_POINT('',(-4.340191860312,3.342140340699));
#1830 = CARTESIAN_POINT('',(1.448565015804,7.395471542219));
#1831 = CARTESIAN_POINT('',(2.064474368214,0.35559543041));
#1832 = CARTESIAN_POINT('',(2.680383720625,-6.684280681398));
#1833 = CARTESIAN_POINT('',(-3.724282507902,-3.69773577111));
#1834 = CARTESIAN_POINT('',(-10.12894873642,-0.711190860821));
#1835 = CARTESIAN_POINT('',(-4.340191860312,3.342140340699));
#1836 = ( GEOMETRIC_REPRESENTATION_CONTEXT(2) 
PARAMETRIC_REPRESENTATION_CONTEXT() REPRESENTATION_CONTEXT('2D SPACE',''
  ) );
#1837 = PCURVE('',#1838,#1843);
#1838 = CYLINDRICAL_SURFACE('',#1839,4.08);
#1839 = AXIS2_PLACEMENT_3D('',#1840,#1841,#1842);
#1840 = CARTESIAN_POINT('',(-1.,-4.440892098501E-16,-1.));
#1841 = DIRECTION('',(-0.,-0.,-1.));
#1842 = DIRECTION('',(-0.573576436351,0.819152044289,0.));
#1843 = DEFINITIONAL_REPRESENTATION('',(#1844),#1848);
#1844 = LINE('',#1845,#1846);
#1845 = CARTESIAN_POINT('',(-6.28318530718,-3.));
#1846 = VECTOR('',#1847,1.);
#1847 = DIRECTION('',(1.,-0.));
#1848 = ( GEOMETRIC_REPRESENTATION_CONTEXT(2) 
PARAMETRIC_REPRESENTATION_CONTEXT() REPRESENTATION_CONTEXT('2D SPACE',''
  ) );
#1849 = ORIENTED_EDGE('',*,*,#1850,.T.);
#1850 = EDGE_CURVE('',#1818,#1851,#1853,.T.);
#1851 = VERTEX_POINT('',#1852);
#1852 = CARTESIAN_POINT('',(-2.84691612505,2.637669582611,2.));
#1853 = SURFACE_CURVE('',#1854,(#1858,#1864),.PCURVE_S1.);
#1854 = LINE('',#1855,#1856);
#1855 = CARTESIAN_POINT('',(-1.594468134188,0.848988480912,2.));
#1856 = VECTOR('',#1857,1.);
#1857 = DIRECTION('',(0.573576436351,-0.819152044289,0.));
#1858 = PCURVE('',#222,#1859);
#1859 = DEFINITIONAL_REPRESENTATION('',(#1860),#1863);
#1860 = B_SPLINE_CURVE_WITH_KNOTS('',1,(#1861,#1862),.UNSPECIFIED.,.F.,
  .F.,(2,2),(-3.043576436351,-2.183576436351),.PIECEWISE_BEZIER_KNOTS.);
#1861 = CARTESIAN_POINT('',(-4.340191860312,3.342140340699));
#1862 = CARTESIAN_POINT('',(-3.84691612505,2.637669582611));
#1863 = ( GEOMETRIC_REPRESENTATION_CONTEXT(2) 
PARAMETRIC_REPRESENTATION_CONTEXT() REPRESENTATION_CONTEXT('2D SPACE',''
  ) );
#1864 = PCURVE('',#1865,#1870);
#1865 = PLANE('',#1866);
#1866 = AXIS2_PLACEMENT_3D('',#1867,#1868,#1869);
#1867 = CARTESIAN_POINT('',(-2.84691612505,2.637669582611,-1.));
#1868 = DIRECTION('',(-0.819152044289,-0.573576436351,0.));
#1869 = DIRECTION('',(-0.573576436351,0.819152044289,0.));
#1870 = DEFINITIONAL_REPRESENTATION('',(#1871),#1874);
#1871 = B_SPLINE_CURVE_WITH_KNOTS('',1,(#1872,#1873),.UNSPECIFIED.,.F.,
  .F.,(2,2),(-3.043576436351,-2.183576436351),.PIECEWISE_BEZIER_KNOTS.);
#1872 = CARTESIAN_POINT('',(0.86,-3.));
#1873 = CARTESIAN_POINT('',(0.,-3.));
#1874 = ( GEOMETRIC_REPRESENTATION_CONTEXT(2) 
PARAMETRIC_REPRESENTATION_CONTEXT() REPRESENTATION_CONTEXT('2D SPACE',''
  ) );
#1875 = ORIENTED_EDGE('',*,*,#1876,.F.);
#1876 = EDGE_CURVE('',#1790,#1851,#1877,.T.);
#1877 = SURFACE_CURVE('',#1878,(#1883,#1894),.PCURVE_S1.);
#1878 = CIRCLE('',#1879,3.22);
#1879 = AXIS2_PLACEMENT_3D('',#1880,#1881,#1882);
#1880 = CARTESIAN_POINT('',(-1.,-1.110223024625E-16,2.));
#1881 = DIRECTION('',(0.,0.,-1.));
#1882 = DIRECTION('',(-0.573576436351,-0.819152044289,-0.));
#1883 = PCURVE('',#222,#1884);
#1884 = DEFINITIONAL_REPRESENTATION('',(#1885),#1893);
#1885 = ( BOUNDED_CURVE() B_SPLINE_CURVE(2,(#1886,#1887,#1888,#1889,
#1890,#1891,#1892),.UNSPECIFIED.,.T.,.F.) B_SPLINE_CURVE_WITH_KNOTS((1,2
    ,2,2,2,1),(-2.094395102393,0.,2.094395102393,4.188790204786,
6.28318530718,8.377580409573),.UNSPECIFIED.) CURVE() 
GEOMETRIC_REPRESENTATION_ITEM() RATIONAL_B_SPLINE_CURVE((1.,0.5,1.,0.5,
1.,0.5,1.)) REPRESENTATION_ITEM('') );
#1886 = CARTESIAN_POINT('',(-3.84691612505,-2.637669582611));
#1887 = CARTESIAN_POINT('',(-8.415493855711,0.561282983295));
#1888 = CARTESIAN_POINT('',(-3.360830802805,2.918311074258));
#1889 = CARTESIAN_POINT('',(1.693832250101,5.275339165221));
#1890 = CARTESIAN_POINT('',(1.207746927855,-0.280641491647));
#1891 = CARTESIAN_POINT('',(0.72166160561,-5.836622148516));
#1892 = CARTESIAN_POINT('',(-3.84691612505,-2.637669582611));
#1893 = ( GEOMETRIC_REPRESENTATION_CONTEXT(2) 
PARAMETRIC_REPRESENTATION_CONTEXT() REPRESENTATION_CONTEXT('2D SPACE',''
  ) );
#1894 = PCURVE('',#1895,#1900);
#1895 = CYLINDRICAL_SURFACE('',#1896,3.22);
#1896 = AXIS2_PLACEMENT_3D('',#1897,#1898,#1899);
#1897 = CARTESIAN_POINT('',(-1.,-1.110223024625E-16,-1.));
#1898 = DIRECTION('',(0.,0.,-1.));
#1899 = DIRECTION('',(-0.573576436351,-0.819152044289,-0.));
#1900 = DEFINITIONAL_REPRESENTATION('',(#1901),#1905);
#1901 = LINE('',#1902,#1903);
#1902 = CARTESIAN_POINT('',(0.,-3.));
#1903 = VECTOR('',#1904,1.);
#1904 = DIRECTION('',(1.,0.));
#1905 = ( GEOMETRIC_REPRESENTATION_CONTEXT(2) 
PARAMETRIC_REPRESENTATION_CONTEXT() REPRESENTATION_CONTEXT('2D SPACE',''
  ) );
#1906 = FACE_BOUND('',#1907,.T.);
#1907 = EDGE_LOOP('',(#1908));
#1908 = ORIENTED_EDGE('',*,*,#1909,.F.);
#1909 = EDGE_CURVE('',#1910,#1910,#1912,.T.);
#1910 = VERTEX_POINT('',#1911);
#1911 = CARTESIAN_POINT('',(-12.01905249806,2.4,2.));
#1912 = SURFACE_CURVE('',#1913,(#1918,#1925),.PCURVE_S1.);
#1913 = CIRCLE('',#1914,0.580947501931);
#1914 = AXIS2_PLACEMENT_3D('',#1915,#1916,#1917);
#1915 = CARTESIAN_POINT('',(-12.6,2.4,2.));
#1916 = DIRECTION('',(0.,0.,1.));
#1917 = DIRECTION('',(1.,0.,-0.));
#1918 = PCURVE('',#222,#1919);
#1919 = DEFINITIONAL_REPRESENTATION('',(#1920),#1924);
#1920 = CIRCLE('',#1921,0.580947501931);
#1921 = AXIS2_PLACEMENT_2D('',#1922,#1923);
#1922 = CARTESIAN_POINT('',(-13.6,2.4));
#1923 = DIRECTION('',(1.,0.));
#1924 = ( GEOMETRIC_REPRESENTATION_CONTEXT(2) 
PARAMETRIC_REPRESENTATION_CONTEXT() REPRESENTATION_CONTEXT('2D SPACE',''
  ) );
#1925 = PCURVE('',#1926,#1931);
#1926 = SPHERICAL_SURFACE('',#1927,0.6);
#1927 = AXIS2_PLACEMENT_3D('',#1928,#1929,#1930);
#1928 = CARTESIAN_POINT('',(-12.6,2.4,1.85));
#1929 = DIRECTION('',(0.,0.,1.));
#1930 = DIRECTION('',(1.,0.,-0.));
#1931 = DEFINITIONAL_REPRESENTATION('',(#1932),#1936);
#1932 = LINE('',#1933,#1934);
#1933 = CARTESIAN_POINT('',(0.,0.252680255142));
#1934 = VECTOR('',#1935,1.);
#1935 = DIRECTION('',(1.,0.));
#1936 = ( GEOMETRIC_REPRESENTATION_CONTEXT(2) 
PARAMETRIC_REPRESENTATION_CONTEXT() REPRESENTATION_CONTEXT('2D SPACE',''
  ) );
#1937 = FACE_BOUND('',#1938,.T.);
#1938 = EDGE_LOOP('',(#1939));
#1939 = ORIENTED_EDGE('',*,*,#1940,.F.);
#1940 = EDGE_CURVE('',#1941,#1941,#1943,.T.);
#1941 = VERTEX_POINT('',#1942);
#1942 = CARTESIAN_POINT('',(-8.154976399388,10.558810841013,2.));
#1943 = SURFACE_CURVE('',#1944,(#2192,#2443),.PCURVE_S1.);
#1944 = B_SPLINE_CURVE_WITH_KNOTS('',8,(#1945,#1946,#1947,#1948,#1949,
    #1950,#1951,#1952,#1953,#1954,#1955,#1956,#1957,#1958,#1959,#1960,
    #1961,#1962,#1963,#1964,#1965,#1966,#1967,#1968,#1969,#1970,#1971,
    #1972,#1973,#1974,#1975,#1976,#1977,#1978,#1979,#1980,#1981,#1982,
    #1983,#1984,#1985,#1986,#1987,#1988,#1989,#1990,#1991,#1992,#1993,
    #1994,#1995,#1996,#1997,#1998,#1999,#2000,#2001,#2002,#2003,#2004,
    #2005,#2006,#2007,#2008,#2009,#2010,#2011,#2012,#2013,#2014,#2015,
    #2016,#2017,#2018,#2019,#2020,#2021,#2022,#2023,#2024,#2025,#2026,
    #2027,#2028,#2029,#2030,#2031,#2032,#2033,#2034,#2035,#2036,#2037,
    #2038,#2039,#2040,#2041,#2042,#2043,#2044,#2045,#2046,#2047,#2048,
    #2049,#2050,#2051,#2052,#2053,#2054,#2055,#2056,#2057,#2058,#2059,
    #2060,#2061,#2062,#2063,#2064,#2065,#2066,#2067,#2068,#2069,#2070,
    #2071,#2072,#2073,#2074,#2075,#2076,#2077,#2078,#2079,#2080,#2081,
    #2082,#2083,#2084,#2085,#2086,#2087,#2088,#2089,#2090,#2091,#2092,
    #2093,#2094,#2095,#2096,#2097,#2098,#2099,#2100,#2101,#2102,#2103,
    #2104,#2105,#2106,#2107,#2108,#2109,#2110,#2111,#2112,#2113,#2114,
    #2115,#2116,#2117,#2118,#2119,#2120,#2121,#2122,#2123,#2124,#2125,
    #2126,#2127,#2128,#2129,#2130,#2131,#2132,#2133,#2134,#2135,#2136,
    #2137,#2138,#2139,#2140,#2141,#2142,#2143,#2144,#2145,#2146,#2147,
    #2148,#2149,#2150,#2151,#2152,#2153,#2154,#2155,#2156,#2157,#2158,
    #2159,#2160,#2161,#2162,#2163,#2164,#2165,#2166,#2167,#2168,#2169,
    #2170,#2171,#2172,#2173,#2174,#2175,#2176,#2177,#2178,#2179,#2180,
    #2181,#2182,#2183,#2184,#2185,#2186,#2187,#2188,#2189,#2190,#2191),
  .UNSPECIFIED.,.T.,.F.,(9,7,7,7,7,7,7,7,7,7,7,7,7,7,7,7,7,7,7,7,7,7,7,7
    ,7,7,7,7,7,7,7,7,7,7,7,9),(0.,5.330132207662E-02,0.10419500623,
    0.129335502988,0.142428571273,0.155518564098,0.235604109865,
    0.266380827807,0.28228068368,0.290243317377,0.298219327434,
    0.324276560681,0.37859409699,0.39065335513,0.396682983736,
    0.4037200573,0.433814670773,0.4949045231,0.502882127248,
    0.559343017975,0.587080400245,0.600996647731,0.607963938079,
    0.614935835046,0.696783042035,0.718549851239,0.729411949734,
    0.740275855511,0.790729938726,0.828870560132,0.848210649772,
    0.85741687732,0.86764591389,0.929028383898,0.954186543705,1.),
  .UNSPECIFIED.);
#1945 = CARTESIAN_POINT('',(-8.154976399388,10.558810841013,2.));
#1946 = CARTESIAN_POINT('',(-8.212522876797,10.806116649563,2.));
#1947 = CARTESIAN_POINT('',(-8.283473842812,11.050033287202,2.));
#1948 = CARTESIAN_POINT('',(-8.367216591836,11.29001176082,2.));
#1949 = CARTESIAN_POINT('',(-8.463074445604,11.525598656581,2.));
#1950 = CARTESIAN_POINT('',(-8.570343494726,11.756422727818,2.));
#1951 = CARTESIAN_POINT('',(-8.68832182762,11.982182774739,2.));
#1952 = CARTESIAN_POINT('',(-8.816331246826,12.202636815942,2.));
#1953 = CARTESIAN_POINT('',(-9.084925286026,12.62283866757,2.));
#1954 = CARTESIAN_POINT('',(-9.224676711724,12.823065085847,2.));
#1955 = CARTESIAN_POINT('',(-9.372431979424,13.018113552878,2.));
#1956 = CARTESIAN_POINT('',(-9.527663175967,13.207849030719,2.));
#1957 = CARTESIAN_POINT('',(-9.689871332157,13.392155098433,2.));
#1958 = CARTESIAN_POINT('',(-9.858589509525,13.570929353343,2.));
#1959 = CARTESIAN_POINT('',(-10.03338588707,13.744078812283,2.));
#1960 = CARTESIAN_POINT('',(-10.30302095604,13.994225709436,2.));
#1961 = CARTESIAN_POINT('',(-10.39356065944,14.075540646759,2.));
#1962 = CARTESIAN_POINT('',(-10.48543761984,14.155448997053,2.));
#1963 = CARTESIAN_POINT('',(-10.57860493498,14.233939273322,2.));
#1964 = CARTESIAN_POINT('',(-10.67301713868,14.310999629343,2.));
#1965 = CARTESIAN_POINT('',(-10.76863020088,14.386617859664,2.));
#1966 = CARTESIAN_POINT('',(-10.86540152762,14.46078139961,2.));
#1967 = CARTESIAN_POINT('',(-11.01426985836,14.571337067189,2.));
#1968 = CARTESIAN_POINT('',(-11.06555269469,14.608798697307,2.));
#1969 = CARTESIAN_POINT('',(-11.11713263002,14.64586035951,2.));
#1970 = CARTESIAN_POINT('',(-11.1690039032,14.682520143124,2.));
#1971 = CARTESIAN_POINT('',(-11.22116083198,14.718776082929,2.));
#1972 = CARTESIAN_POINT('',(-11.27359781297,14.754626159152,2.));
#1973 = CARTESIAN_POINT('',(-11.32630932167,14.790068297472,2.));
#1974 = CARTESIAN_POINT('',(-11.43225805852,14.860124211801,2.));
#1975 = CARTESIAN_POINT('',(-11.48549538717,14.894738349919,2.));
#1976 = CARTESIAN_POINT('',(-11.53899479744,14.928939411739,2.));
#1977 = CARTESIAN_POINT('',(-11.59275623244,14.962729187685,2.));
#1978 = CARTESIAN_POINT('',(-11.64676404007,14.996097666946,2.));
#1979 = CARTESIAN_POINT('',(-11.70102625147,15.029052474333,2.));
#1980 = CARTESIAN_POINT('',(-11.7555260084,15.061582458544,2.));
#1981 = CARTESIAN_POINT('',(-12.14516257423,15.290128429014,2.));
#1982 = CARTESIAN_POINT('',(-12.48906790235,15.470805956408,2.));
#1983 = CARTESIAN_POINT('',(-12.84128816721,15.634615480043,2.));
#1984 = CARTESIAN_POINT('',(-13.20105248892,15.780262409623,2.));
#1985 = CARTESIAN_POINT('',(-13.56749624603,15.906276918584,2.));
#1986 = CARTESIAN_POINT('',(-13.93963754757,16.011043281128,2.));
#1987 = CARTESIAN_POINT('',(-14.31634590736,16.0928465911,2.));
#1988 = CARTESIAN_POINT('',(-14.84231993165,16.171876541976,2.));
#1989 = CARTESIAN_POINT('',(-14.98880455427,16.190164672041,2.));
#1990 = CARTESIAN_POINT('',(-15.13567628528,16.204702385203,2.));
#1991 = CARTESIAN_POINT('',(-15.28284786246,16.215390397914,2.));
#1992 = CARTESIAN_POINT('',(-15.43022538411,16.222130608434,2.));
#1993 = CARTESIAN_POINT('',(-15.57770822835,16.224827694482,2.));
#1994 = CARTESIAN_POINT('',(-15.72518897241,16.223390710872,2.));
#1995 = CARTESIAN_POINT('',(-15.94868461886,16.214812674427,2.));
#1996 = CARTESIAN_POINT('',(-16.02478481384,16.210764715303,2.));
#1997 = CARTESIAN_POINT('',(-16.10083804576,16.205578970166,2.));
#1998 = CARTESIAN_POINT('',(-16.1768280255,16.19924421002,2.));
#1999 = CARTESIAN_POINT('',(-16.25273802585,16.191749816495,2.));
#2000 = CARTESIAN_POINT('',(-16.32855088157,16.183085781852,2.));
#2001 = CARTESIAN_POINT('',(-16.40424898939,16.173242708978,2.));
#2002 = CARTESIAN_POINT('',(-16.5176573524,16.156687547674,2.));
#2003 = CARTESIAN_POINT('',(-16.55547862168,16.150863717011,2.));
#2004 = CARTESIAN_POINT('',(-16.59327659276,16.144738803808,2.));
#2005 = CARTESIAN_POINT('',(-16.6310497288,16.138311303355,2.));
#2006 = CARTESIAN_POINT('',(-16.66879647911,16.131579721824,2.));
#2007 = CARTESIAN_POINT('',(-16.70651527922,16.124542576274,2.));
#2008 = CARTESIAN_POINT('',(-16.74420455084,16.117198394642,2.));
#2009 = CARTESIAN_POINT('',(-16.81958411446,16.101880181196,2.));
#2010 = CARTESIAN_POINT('',(-16.85725723273,16.093908567417,2.));
#2011 = CARTESIAN_POINT('',(-16.89488064761,16.085629868354,2.));
#2012 = CARTESIAN_POINT('',(-16.93245241633,16.077043235034,2.));
#2013 = CARTESIAN_POINT('',(-16.96997006242,16.06814797558,2.));
#2014 = CARTESIAN_POINT('',(-17.00743057571,16.058943555206,2.));
#2015 = CARTESIAN_POINT('',(-17.04483041236,16.049429596219,2.));
#2016 = CARTESIAN_POINT('',(-17.20413737599,16.007512272981,2.));
#2017 = CARTESIAN_POINT('',(-17.32537168269,15.972124473658,2.));
#2018 = CARTESIAN_POINT('',(-17.44576813111,15.933508060356,2.));
#2019 = CARTESIAN_POINT('',(-17.56522743786,15.891724668149,2.));
#2020 = CARTESIAN_POINT('',(-17.68365103415,15.846831835591,2.));
#2021 = CARTESIAN_POINT('',(-17.80094077981,15.798882853436,2.));
#2022 = CARTESIAN_POINT('',(-17.91699867745,15.747926613352,2.));
#2023 = CARTESIAN_POINT('',(-18.27088234458,15.58161042183,2.));
#2024 = CARTESIAN_POINT('',(-18.50422177268,15.456356013093,2.));
#2025 = CARTESIAN_POINT('',(-18.73089780086,15.318633886944,2.));
#2026 = CARTESIAN_POINT('',(-18.94997852596,15.168772857045,2.));
#2027 = CARTESIAN_POINT('',(-19.16045059865,15.007065836384,2.));
#2028 = CARTESIAN_POINT('',(-19.36122296841,14.833792483806,2.));
#2029 = CARTESIAN_POINT('',(-19.55113098661,14.649239554896,2.));
#2030 = CARTESIAN_POINT('',(-19.76841716556,14.410310630564,2.));
#2031 = CARTESIAN_POINT('',(-19.80729260125,14.366366707422,2.));
#2032 = CARTESIAN_POINT('',(-19.84555389984,14.321890820321,2.));
#2033 = CARTESIAN_POINT('',(-19.88318764596,14.276886660443,2.));
#2034 = CARTESIAN_POINT('',(-19.92018028362,14.231357977619,2.));
#2035 = CARTESIAN_POINT('',(-19.95651811621,14.185308580331,2.));
#2036 = CARTESIAN_POINT('',(-19.99218730649,14.138742335714,2.));
#2037 = CARTESIAN_POINT('',(-20.04466716034,14.06812358828,2.));
#2038 = CARTESIAN_POINT('',(-20.06198978676,14.044455781393,2.));
#2039 = CARTESIAN_POINT('',(-20.07914000755,14.020660242195,2.));
#2040 = CARTESIAN_POINT('',(-20.09611606452,13.996737470268,2.));
#2041 = CARTESIAN_POINT('',(-20.1129161897,13.972687971469,2.));
#2042 = CARTESIAN_POINT('',(-20.12953860527,13.948512257929,2.));
#2043 = CARTESIAN_POINT('',(-20.14598152361,13.924210848055,2.));
#2044 = CARTESIAN_POINT('',(-20.1812218024,13.87127643257,2.));
#2045 = CARTESIAN_POINT('',(-20.19995075429,13.84260248501,2.));
#2046 = CARTESIAN_POINT('',(-20.21842879283,13.813760618751,2.));
#2047 = CARTESIAN_POINT('',(-20.23665369404,13.784750745221,2.));
#2048 = CARTESIAN_POINT('',(-20.25462222012,13.755574492376,2.));
#2049 = CARTESIAN_POINT('',(-20.27233011942,13.726235204698,2.));
#2050 = CARTESIAN_POINT('',(-20.28977212644,13.6967379432,2.));
#2051 = CARTESIAN_POINT('',(-20.38037014966,13.54029546105,2.));
#2052 = CARTESIAN_POINT('',(-20.44881753514,13.410784925502,2.));
#2053 = CARTESIAN_POINT('',(-20.5123061006,13.278817850427,2.));
#2054 = CARTESIAN_POINT('',(-20.57087576682,13.144645656113,2.));
#2055 = CARTESIAN_POINT('',(-20.62458062898,13.008509970667,2.));
#2056 = CARTESIAN_POINT('',(-20.67348519253,12.870641389196,2.));
#2057 = CARTESIAN_POINT('',(-20.71766060909,12.731258232996,2.));
#2058 = CARTESIAN_POINT('',(-20.8374042218,12.304969018389,2.));
#2059 = CARTESIAN_POINT('',(-20.89842361903,12.014055248504,2.));
#2060 = CARTESIAN_POINT('',(-20.94090572414,11.719448814447,2.));
#2061 = CARTESIAN_POINT('',(-20.96550056884,11.422660241539,2.));
#2062 = CARTESIAN_POINT('',(-20.97280014935,11.125093126568,2.));
#2063 = CARTESIAN_POINT('',(-20.96330248729,10.82805636801,2.));
#2064 = CARTESIAN_POINT('',(-20.9373811989,10.532781264921,2.));
#2065 = CARTESIAN_POINT('',(-20.88976012214,10.20226766644,2.));
#2066 = CARTESIAN_POINT('',(-20.88398550791,10.16415648525,2.));
#2067 = CARTESIAN_POINT('',(-20.87793760061,10.126112564858,2.));
#2068 = CARTESIAN_POINT('',(-20.8716173071,10.088138881982,2.));
#2069 = CARTESIAN_POINT('',(-20.86502557009,10.050238766162,2.));
#2070 = CARTESIAN_POINT('',(-20.85816336808,10.012415899758,2.));
#2071 = CARTESIAN_POINT('',(-20.85103171542,9.97467431795,2.));
#2072 = CARTESIAN_POINT('',(-20.79125834513,9.670511555822,2.));
#2073 = CARTESIAN_POINT('',(-20.725293436,9.407538281814,2.));
#2074 = CARTESIAN_POINT('',(-20.64615117897,9.14866323219,2.));
#2075 = CARTESIAN_POINT('',(-20.55434951771,8.894365215422,2.));
#2076 = CARTESIAN_POINT('',(-20.45047519156,8.64504471463,2.));
#2077 = CARTESIAN_POINT('',(-20.33515461461,8.401031503238,2.));
#2078 = CARTESIAN_POINT('',(-20.20903053792,8.162592364652,2.));
#2079 = CARTESIAN_POINT('',(-20.00579163536,7.815643913526,2.));
#2080 = CARTESIAN_POINT('',(-19.9363847878,7.702742787831,2.));
#2081 = CARTESIAN_POINT('',(-19.86459903588,7.591259311845,2.));
#2082 = CARTESIAN_POINT('',(-19.7905090827,7.481214082044,2.));
#2083 = CARTESIAN_POINT('',(-19.71418887195,7.372624791939,2.));
#2084 = CARTESIAN_POINT('',(-19.63571120923,7.265506505615,2.));
#2085 = CARTESIAN_POINT('',(-19.55514738338,7.159871931273,2.));
#2086 = CARTESIAN_POINT('',(-19.43113490376,7.003483025785,2.));
#2087 = CARTESIAN_POINT('',(-19.38919538445,6.951610544669,2.));
#2088 = CARTESIAN_POINT('',(-19.34675702354,6.900115589677,2.));
#2089 = CARTESIAN_POINT('',(-19.30382850217,6.848999400368,2.));
#2090 = CARTESIAN_POINT('',(-19.26041838887,6.798263117598,2.));
#2091 = CARTESIAN_POINT('',(-19.21653513958,6.747907783518,2.));
#2092 = CARTESIAN_POINT('',(-19.17218709768,6.697934341576,2.));
#2093 = CARTESIAN_POINT('',(-19.10495067939,6.623515618682,2.));
#2094 = CARTESIAN_POINT('',(-19.08240013774,6.598778797489,2.));
#2095 = CARTESIAN_POINT('',(-19.05973181692,6.574133337107,2.));
#2096 = CARTESIAN_POINT('',(-19.03694666284,6.549579401792,2.));
#2097 = CARTESIAN_POINT('',(-19.0140456195,6.52511715588,2.));
#2098 = CARTESIAN_POINT('',(-18.99102962889,6.500746763789,2.));
#2099 = CARTESIAN_POINT('',(-18.96789963107,6.476468390019,2.));
#2100 = CARTESIAN_POINT('',(-18.92139812937,6.428080016901,2.));
#2101 = CARTESIAN_POINT('',(-18.89803079335,6.403974610915,2.));
#2102 = CARTESIAN_POINT('',(-18.87455571352,6.379966262285,2.));
#2103 = CARTESIAN_POINT('',(-18.85097395859,6.356055148879,2.));
#2104 = CARTESIAN_POINT('',(-18.82728650847,6.332241345344,2.));
#2105 = CARTESIAN_POINT('',(-18.80349425432,6.308524823098,2.));
#2106 = CARTESIAN_POINT('',(-18.77959799853,6.284905450337,2.));
#2107 = CARTESIAN_POINT('',(-18.47385366713,5.985238992338,2.));
#2108 = CARTESIAN_POINT('',(-18.1777358037,5.722269793927,2.));
#2109 = CARTESIAN_POINT('',(-17.86805582632,5.473893687128,2.));
#2110 = CARTESIAN_POINT('',(-17.54553415397,5.241878768856,2.));
#2111 = CARTESIAN_POINT('',(-17.21090025302,5.028283131381,2.));
#2112 = CARTESIAN_POINT('',(-16.86493123461,4.835463500002,2.));
#2113 = CARTESIAN_POINT('',(-16.50848147056,4.666098235368,2.));
#2114 = CARTESIAN_POINT('',(-16.04523919394,4.485159811276,2.));
#2115 = CARTESIAN_POINT('',(-15.94726408612,4.449023230933,2.));
#2116 = CARTESIAN_POINT('',(-15.84865306341,4.414817752783,2.));
#2117 = CARTESIAN_POINT('',(-15.74943154458,4.382601929835,2.));
#2118 = CARTESIAN_POINT('',(-15.64962739531,4.352435596612,2.));
#2119 = CARTESIAN_POINT('',(-15.54927110446,4.324379475274,2.));
#2120 = CARTESIAN_POINT('',(-15.44839596025,4.298494781753,2.));
#2121 = CARTESIAN_POINT('',(-15.29645857221,4.263040008286,2.));
#2122 = CARTESIAN_POINT('',(-15.24576911929,4.251795599307,2.));
#2123 = CARTESIAN_POINT('',(-15.19497326428,4.241116550992,2.));
#2124 = CARTESIAN_POINT('',(-15.1440744913,4.23100984222,2.));
#2125 = CARTESIAN_POINT('',(-15.09307637214,4.221482484698,2.));
#2126 = CARTESIAN_POINT('',(-15.04198256627,4.212541522963,2.));
#2127 = CARTESIAN_POINT('',(-14.99079682082,4.204194034378,2.));
#2128 = CARTESIAN_POINT('',(-14.88824058919,4.18869893493,2.));
#2129 = CARTESIAN_POINT('',(-14.83686638555,4.181551015244,2.));
#2130 = CARTESIAN_POINT('',(-14.78541850422,4.17501240761,2.));
#2131 = CARTESIAN_POINT('',(-14.73387628635,4.169087049005,2.));
#2132 = CARTESIAN_POINT('',(-14.68226858347,4.163785159369,2.));
#2133 = CARTESIAN_POINT('',(-14.63061157119,4.159115118651,2.));
#2134 = CARTESIAN_POINT('',(-14.57886696446,4.155078068415,2.));
#2135 = CARTESIAN_POINT('',(-14.28663641611,4.135940868969,2.));
#2136 = CARTESIAN_POINT('',(-14.04554324086,4.134115818446,2.));
#2137 = CARTESIAN_POINT('',(-13.80456894361,4.145918164625,2.));
#2138 = CARTESIAN_POINT('',(-13.56440511696,4.170951601282,2.));
#2139 = CARTESIAN_POINT('',(-13.32567837647,4.208752187959,2.));
#2140 = CARTESIAN_POINT('',(-13.08895195638,4.258817322278,2.));
#2141 = CARTESIAN_POINT('',(-12.85472853753,4.32062916548,2.));
#2142 = CARTESIAN_POINT('',(-12.44862320804,4.448889439194,2.));
#2143 = CARTESIAN_POINT('',(-12.27547575968,4.510525364151,2.));
#2144 = CARTESIAN_POINT('',(-12.10419980624,4.578359108282,2.));
#2145 = CARTESIAN_POINT('',(-11.93496827413,4.652171291435,2.));
#2146 = CARTESIAN_POINT('',(-11.76794034829,4.731746581625,2.));
#2147 = CARTESIAN_POINT('',(-11.60326264806,4.816875935574,2.));
#2148 = CARTESIAN_POINT('',(-11.44107040298,4.90735883926,2.));
#2149 = CARTESIAN_POINT('',(-11.20056897649,5.051505438113,2.));
#2150 = CARTESIAN_POINT('',(-11.12032100043,5.101332776233,2.));
#2151 = CARTESIAN_POINT('',(-11.04076116515,5.152462587517,2.));
#2152 = CARTESIAN_POINT('',(-10.96190553714,5.204870423363,2.));
#2153 = CARTESIAN_POINT('',(-10.88376978485,5.258532361863,2.));
#2154 = CARTESIAN_POINT('',(-10.80636917863,5.313425007811,2.));
#2155 = CARTESIAN_POINT('',(-10.72971859075,5.369525492695,2.));
#2156 = CARTESIAN_POINT('',(-10.61770936075,5.454080623684,2.));
#2157 = CARTESIAN_POINT('',(-10.58173541914,5.481636548027,2.));
#2158 = CARTESIAN_POINT('',(-10.54591265152,5.509477458328,2.));
#2159 = CARTESIAN_POINT('',(-10.51024304314,5.537601568526,2.));
#2160 = CARTESIAN_POINT('',(-10.4747285835,5.566007095914,2.));
#2161 = CARTESIAN_POINT('',(-10.43937126642,5.594692261131,2.));
#2162 = CARTESIAN_POINT('',(-10.40417308994,5.623655288164,2.));
#2163 = CARTESIAN_POINT('',(-10.33020641936,5.685381977265,2.));
#2164 = CARTESIAN_POINT('',(-10.29147589126,5.718210429284,2.));
#2165 = CARTESIAN_POINT('',(-10.25294518595,5.751378461309,2.));
#2166 = CARTESIAN_POINT('',(-10.21461735572,5.784883583727,2.));
#2167 = CARTESIAN_POINT('',(-10.17649780853,5.818721938757,2.));
#2168 = CARTESIAN_POINT('',(-10.13859375679,5.852888497518,2.));
#2169 = CARTESIAN_POINT('',(-10.10091309806,5.88737763181,2.));
#2170 = CARTESIAN_POINT('',(-9.838730296625,6.131050707845,2.));
#2171 = CARTESIAN_POINT('',(-9.623053747417,6.350636518077,2.));
#2172 = CARTESIAN_POINT('',(-9.417245393925,6.580279336851,2.));
#2173 = CARTESIAN_POINT('',(-9.222332120307,6.819432859238,2.));
#2174 = CARTESIAN_POINT('',(-9.039528129735,7.067557036868,2.));
#2175 = CARTESIAN_POINT('',(-8.870244347671,7.324124350532,2.));
#2176 = CARTESIAN_POINT('',(-8.716125216042,7.588650076833,2.));
#2177 = CARTESIAN_POINT('',(-8.522944073936,7.972138219913,2.));
#2178 = CARTESIAN_POINT('',(-8.469665066869,8.084861677581,2.));
#2179 = CARTESIAN_POINT('',(-8.419401605205,8.198784305587,2.));
#2180 = CARTESIAN_POINT('',(-8.372299336667,8.313859133791,2.));
#2181 = CARTESIAN_POINT('',(-8.328513301008,8.430031896814,2.));
#2182 = CARTESIAN_POINT('',(-8.288206685809,8.547239964183,2.));
#2183 = CARTESIAN_POINT('',(-8.251549582287,8.66541127047,2.));
#2184 = CARTESIAN_POINT('',(-8.158930374591,9.001259008476,2.));
#2185 = CARTESIAN_POINT('',(-8.111817339825,9.2210128918,2.));
#2186 = CARTESIAN_POINT('',(-8.078457043736,9.443186138632,2.));
#2187 = CARTESIAN_POINT('',(-8.059986939026,9.667071931751,2.));
#2188 = CARTESIAN_POINT('',(-8.05753033608,9.891777531189,2.));
#2189 = CARTESIAN_POINT('',(-8.07211006539,10.116202962058,2.));
#2190 = CARTESIAN_POINT('',(-8.104501368993,10.339039454907,2.));
#2191 = CARTESIAN_POINT('',(-8.154976399388,10.558810841013,2.));
#2192 = PCURVE('',#222,#2193);
#2193 = DEFINITIONAL_REPRESENTATION('',(#2194),#2442);
#2194 = B_SPLINE_CURVE_WITH_KNOTS('',8,(#2195,#2196,#2197,#2198,#2199,
    #2200,#2201,#2202,#2203,#2204,#2205,#2206,#2207,#2208,#2209,#2210,
    #2211,#2212,#2213,#2214,#2215,#2216,#2217,#2218,#2219,#2220,#2221,
    #2222,#2223,#2224,#2225,#2226,#2227,#2228,#2229,#2230,#2231,#2232,
    #2233,#2234,#2235,#2236,#2237,#2238,#2239,#2240,#2241,#2242,#2243,
    #2244,#2245,#2246,#2247,#2248,#2249,#2250,#2251,#2252,#2253,#2254,
    #2255,#2256,#2257,#2258,#2259,#2260,#2261,#2262,#2263,#2264,#2265,
    #2266,#2267,#2268,#2269,#2270,#2271,#2272,#2273,#2274,#2275,#2276,
    #2277,#2278,#2279,#2280,#2281,#2282,#2283,#2284,#2285,#2286,#2287,
    #2288,#2289,#2290,#2291,#2292,#2293,#2294,#2295,#2296,#2297,#2298,
    #2299,#2300,#2301,#2302,#2303,#2304,#2305,#2306,#2307,#2308,#2309,
    #2310,#2311,#2312,#2313,#2314,#2315,#2316,#2317,#2318,#2319,#2320,
    #2321,#2322,#2323,#2324,#2325,#2326,#2327,#2328,#2329,#2330,#2331,
    #2332,#2333,#2334,#2335,#2336,#2337,#2338,#2339,#2340,#2341,#2342,
    #2343,#2344,#2345,#2346,#2347,#2348,#2349,#2350,#2351,#2352,#2353,
    #2354,#2355,#2356,#2357,#2358,#2359,#2360,#2361,#2362,#2363,#2364,
    #2365,#2366,#2367,#2368,#2369,#2370,#2371,#2372,#2373,#2374,#2375,
    #2376,#2377,#2378,#2379,#2380,#2381,#2382,#2383,#2384,#2385,#2386,
    #2387,#2388,#2389,#2390,#2391,#2392,#2393,#2394,#2395,#2396,#2397,
    #2398,#2399,#2400,#2401,#2402,#2403,#2404,#2405,#2406,#2407,#2408,
    #2409,#2410,#2411,#2412,#2413,#2414,#2415,#2416,#2417,#2418,#2419,
    #2420,#2421,#2422,#2423,#2424,#2425,#2426,#2427,#2428,#2429,#2430,
    #2431,#2432,#2433,#2434,#2435,#2436,#2437,#2438,#2439,#2440,#2441),
  .UNSPECIFIED.,.T.,.F.,(9,7,7,7,7,7,7,7,7,7,7,7,7,7,7,7,7,7,7,7,7,7,7,7
    ,7,7,7,7,7,7,7,7,7,7,7,9),(0.,5.330132207662E-02,0.10419500623,
    0.129335502988,0.142428571273,0.155518564098,0.235604109865,
    0.266380827807,0.28228068368,0.290243317377,0.298219327434,
    0.324276560681,0.37859409699,0.39065335513,0.396682983736,
    0.4037200573,0.433814670773,0.4949045231,0.502882127248,
    0.559343017975,0.587080400245,0.600996647731,0.607963938079,
    0.614935835046,0.696783042035,0.718549851239,0.729411949734,
    0.740275855511,0.790729938726,0.828870560132,0.848210649772,
    0.85741687732,0.86764591389,0.929028383898,0.954186543705,1.),
  .UNSPECIFIED.);
#2195 = CARTESIAN_POINT('',(-9.154976399388,10.558810841013));
#2196 = CARTESIAN_POINT('',(-9.212522876797,10.806116649563));
#2197 = CARTESIAN_POINT('',(-9.283473842812,11.050033287202));
#2198 = CARTESIAN_POINT('',(-9.367216591836,11.29001176082));
#2199 = CARTESIAN_POINT('',(-9.463074445604,11.525598656581));
#2200 = CARTESIAN_POINT('',(-9.570343494726,11.756422727818));
#2201 = CARTESIAN_POINT('',(-9.68832182762,11.982182774739));
#2202 = CARTESIAN_POINT('',(-9.816331246826,12.202636815942));
#2203 = CARTESIAN_POINT('',(-10.08492528602,12.62283866757));
#2204 = CARTESIAN_POINT('',(-10.22467671172,12.823065085847));
#2205 = CARTESIAN_POINT('',(-10.37243197942,13.018113552878));
#2206 = CARTESIAN_POINT('',(-10.52766317596,13.207849030719));
#2207 = CARTESIAN_POINT('',(-10.68987133215,13.392155098433));
#2208 = CARTESIAN_POINT('',(-10.85858950952,13.570929353343));
#2209 = CARTESIAN_POINT('',(-11.03338588707,13.744078812283));
#2210 = CARTESIAN_POINT('',(-11.30302095604,13.994225709436));
#2211 = CARTESIAN_POINT('',(-11.39356065944,14.075540646759));
#2212 = CARTESIAN_POINT('',(-11.48543761984,14.155448997053));
#2213 = CARTESIAN_POINT('',(-11.57860493498,14.233939273322));
#2214 = CARTESIAN_POINT('',(-11.67301713868,14.310999629343));
#2215 = CARTESIAN_POINT('',(-11.76863020088,14.386617859664));
#2216 = CARTESIAN_POINT('',(-11.86540152762,14.46078139961));
#2217 = CARTESIAN_POINT('',(-12.01426985836,14.571337067189));
#2218 = CARTESIAN_POINT('',(-12.06555269469,14.608798697307));
#2219 = CARTESIAN_POINT('',(-12.11713263002,14.64586035951));
#2220 = CARTESIAN_POINT('',(-12.1690039032,14.682520143124));
#2221 = CARTESIAN_POINT('',(-12.22116083198,14.718776082929));
#2222 = CARTESIAN_POINT('',(-12.27359781297,14.754626159152));
#2223 = CARTESIAN_POINT('',(-12.32630932167,14.790068297472));
#2224 = CARTESIAN_POINT('',(-12.43225805852,14.860124211801));
#2225 = CARTESIAN_POINT('',(-12.48549538717,14.894738349919));
#2226 = CARTESIAN_POINT('',(-12.53899479744,14.928939411739));
#2227 = CARTESIAN_POINT('',(-12.59275623244,14.962729187685));
#2228 = CARTESIAN_POINT('',(-12.64676404007,14.996097666946));
#2229 = CARTESIAN_POINT('',(-12.70102625147,15.029052474333));
#2230 = CARTESIAN_POINT('',(-12.7555260084,15.061582458544));
#2231 = CARTESIAN_POINT('',(-13.14516257423,15.290128429014));
#2232 = CARTESIAN_POINT('',(-13.48906790235,15.470805956408));
#2233 = CARTESIAN_POINT('',(-13.84128816721,15.634615480043));
#2234 = CARTESIAN_POINT('',(-14.20105248892,15.780262409623));
#2235 = CARTESIAN_POINT('',(-14.56749624603,15.906276918584));
#2236 = CARTESIAN_POINT('',(-14.93963754757,16.011043281128));
#2237 = CARTESIAN_POINT('',(-15.31634590736,16.0928465911));
#2238 = CARTESIAN_POINT('',(-15.84231993165,16.171876541976));
#2239 = CARTESIAN_POINT('',(-15.98880455427,16.190164672041));
#2240 = CARTESIAN_POINT('',(-16.13567628528,16.204702385203));
#2241 = CARTESIAN_POINT('',(-16.28284786246,16.215390397914));
#2242 = CARTESIAN_POINT('',(-16.43022538411,16.222130608434));
#2243 = CARTESIAN_POINT('',(-16.57770822835,16.224827694482));
#2244 = CARTESIAN_POINT('',(-16.72518897241,16.223390710872));
#2245 = CARTESIAN_POINT('',(-16.94868461886,16.214812674427));
#2246 = CARTESIAN_POINT('',(-17.02478481384,16.210764715303));
#2247 = CARTESIAN_POINT('',(-17.10083804576,16.205578970166));
#2248 = CARTESIAN_POINT('',(-17.1768280255,16.19924421002));
#2249 = CARTESIAN_POINT('',(-17.25273802585,16.191749816495));
#2250 = CARTESIAN_POINT('',(-17.32855088157,16.183085781852));
#2251 = CARTESIAN_POINT('',(-17.40424898939,16.173242708978));
#2252 = CARTESIAN_POINT('',(-17.5176573524,16.156687547674));
#2253 = CARTESIAN_POINT('',(-17.55547862168,16.150863717011));
#2254 = CARTESIAN_POINT('',(-17.59327659276,16.144738803808));
#2255 = CARTESIAN_POINT('',(-17.6310497288,16.138311303355));
#2256 = CARTESIAN_POINT('',(-17.66879647911,16.131579721824));
#2257 = CARTESIAN_POINT('',(-17.70651527922,16.124542576274));
#2258 = CARTESIAN_POINT('',(-17.74420455084,16.117198394642));
#2259 = CARTESIAN_POINT('',(-17.81958411446,16.101880181196));
#2260 = CARTESIAN_POINT('',(-17.85725723273,16.093908567417));
#2261 = CARTESIAN_POINT('',(-17.89488064761,16.085629868354));
#2262 = CARTESIAN_POINT('',(-17.93245241633,16.077043235034));
#2263 = CARTESIAN_POINT('',(-17.96997006242,16.06814797558));
#2264 = CARTESIAN_POINT('',(-18.00743057571,16.058943555206));
#2265 = CARTESIAN_POINT('',(-18.04483041236,16.049429596219));
#2266 = CARTESIAN_POINT('',(-18.20413737599,16.007512272981));
#2267 = CARTESIAN_POINT('',(-18.32537168269,15.972124473658));
#2268 = CARTESIAN_POINT('',(-18.44576813111,15.933508060356));
#2269 = CARTESIAN_POINT('',(-18.56522743786,15.891724668149));
#2270 = CARTESIAN_POINT('',(-18.68365103415,15.846831835591));
#2271 = CARTESIAN_POINT('',(-18.80094077981,15.798882853436));
#2272 = CARTESIAN_POINT('',(-18.91699867745,15.747926613352));
#2273 = CARTESIAN_POINT('',(-19.27088234458,15.58161042183));
#2274 = CARTESIAN_POINT('',(-19.50422177268,15.456356013093));
#2275 = CARTESIAN_POINT('',(-19.73089780086,15.318633886944));
#2276 = CARTESIAN_POINT('',(-19.94997852596,15.168772857045));
#2277 = CARTESIAN_POINT('',(-20.16045059865,15.007065836384));
#2278 = CARTESIAN_POINT('',(-20.36122296841,14.833792483806));
#2279 = CARTESIAN_POINT('',(-20.55113098661,14.649239554896));
#2280 = CARTESIAN_POINT('',(-20.76841716556,14.410310630564));
#2281 = CARTESIAN_POINT('',(-20.80729260125,14.366366707422));
#2282 = CARTESIAN_POINT('',(-20.84555389984,14.321890820321));
#2283 = CARTESIAN_POINT('',(-20.88318764596,14.276886660443));
#2284 = CARTESIAN_POINT('',(-20.92018028362,14.231357977619));
#2285 = CARTESIAN_POINT('',(-20.95651811621,14.185308580331));
#2286 = CARTESIAN_POINT('',(-20.99218730649,14.138742335714));
#2287 = CARTESIAN_POINT('',(-21.04466716034,14.06812358828));
#2288 = CARTESIAN_POINT('',(-21.06198978676,14.044455781393));
#2289 = CARTESIAN_POINT('',(-21.07914000755,14.020660242195));
#2290 = CARTESIAN_POINT('',(-21.09611606452,13.996737470268));
#2291 = CARTESIAN_POINT('',(-21.1129161897,13.972687971469));
#2292 = CARTESIAN_POINT('',(-21.12953860527,13.948512257929));
#2293 = CARTESIAN_POINT('',(-21.14598152361,13.924210848055));
#2294 = CARTESIAN_POINT('',(-21.1812218024,13.87127643257));
#2295 = CARTESIAN_POINT('',(-21.19995075429,13.84260248501));
#2296 = CARTESIAN_POINT('',(-21.21842879283,13.813760618751));
#2297 = CARTESIAN_POINT('',(-21.23665369404,13.784750745221));
#2298 = CARTESIAN_POINT('',(-21.25462222012,13.755574492376));
#2299 = CARTESIAN_POINT('',(-21.27233011942,13.726235204698));
#2300 = CARTESIAN_POINT('',(-21.28977212644,13.6967379432));
#2301 = CARTESIAN_POINT('',(-21.38037014966,13.54029546105));
#2302 = CARTESIAN_POINT('',(-21.44881753514,13.410784925502));
#2303 = CARTESIAN_POINT('',(-21.5123061006,13.278817850427));
#2304 = CARTESIAN_POINT('',(-21.57087576682,13.144645656113));
#2305 = CARTESIAN_POINT('',(-21.62458062898,13.008509970667));
#2306 = CARTESIAN_POINT('',(-21.67348519253,12.870641389196));
#2307 = CARTESIAN_POINT('',(-21.71766060909,12.731258232996));
#2308 = CARTESIAN_POINT('',(-21.8374042218,12.304969018389));
#2309 = CARTESIAN_POINT('',(-21.89842361903,12.014055248504));
#2310 = CARTESIAN_POINT('',(-21.94090572414,11.719448814447));
#2311 = CARTESIAN_POINT('',(-21.96550056884,11.422660241539));
#2312 = CARTESIAN_POINT('',(-21.97280014935,11.125093126568));
#2313 = CARTESIAN_POINT('',(-21.96330248729,10.82805636801));
#2314 = CARTESIAN_POINT('',(-21.9373811989,10.532781264921));
#2315 = CARTESIAN_POINT('',(-21.88976012214,10.20226766644));
#2316 = CARTESIAN_POINT('',(-21.88398550791,10.16415648525));
#2317 = CARTESIAN_POINT('',(-21.87793760061,10.126112564858));
#2318 = CARTESIAN_POINT('',(-21.8716173071,10.088138881982));
#2319 = CARTESIAN_POINT('',(-21.86502557009,10.050238766162));
#2320 = CARTESIAN_POINT('',(-21.85816336808,10.012415899758));
#2321 = CARTESIAN_POINT('',(-21.85103171542,9.97467431795));
#2322 = CARTESIAN_POINT('',(-21.79125834513,9.670511555822));
#2323 = CARTESIAN_POINT('',(-21.725293436,9.407538281814));
#2324 = CARTESIAN_POINT('',(-21.64615117897,9.14866323219));
#2325 = CARTESIAN_POINT('',(-21.55434951771,8.894365215422));
#2326 = CARTESIAN_POINT('',(-21.45047519156,8.64504471463));
#2327 = CARTESIAN_POINT('',(-21.33515461461,8.401031503238));
#2328 = CARTESIAN_POINT('',(-21.20903053792,8.162592364652));
#2329 = CARTESIAN_POINT('',(-21.00579163536,7.815643913526));
#2330 = CARTESIAN_POINT('',(-20.9363847878,7.702742787831));
#2331 = CARTESIAN_POINT('',(-20.86459903588,7.591259311845));
#2332 = CARTESIAN_POINT('',(-20.7905090827,7.481214082044));
#2333 = CARTESIAN_POINT('',(-20.71418887195,7.372624791939));
#2334 = CARTESIAN_POINT('',(-20.63571120923,7.265506505615));
#2335 = CARTESIAN_POINT('',(-20.55514738338,7.159871931273));
#2336 = CARTESIAN_POINT('',(-20.43113490376,7.003483025785));
#2337 = CARTESIAN_POINT('',(-20.38919538445,6.951610544669));
#2338 = CARTESIAN_POINT('',(-20.34675702354,6.900115589677));
#2339 = CARTESIAN_POINT('',(-20.30382850217,6.848999400368));
#2340 = CARTESIAN_POINT('',(-20.26041838887,6.798263117598));
#2341 = CARTESIAN_POINT('',(-20.21653513958,6.747907783518));
#2342 = CARTESIAN_POINT('',(-20.17218709768,6.697934341576));
#2343 = CARTESIAN_POINT('',(-20.10495067939,6.623515618682));
#2344 = CARTESIAN_POINT('',(-20.08240013774,6.598778797489));
#2345 = CARTESIAN_POINT('',(-20.05973181692,6.574133337107));
#2346 = CARTESIAN_POINT('',(-20.03694666284,6.549579401792));
#2347 = CARTESIAN_POINT('',(-20.0140456195,6.52511715588));
#2348 = CARTESIAN_POINT('',(-19.99102962889,6.500746763789));
#2349 = CARTESIAN_POINT('',(-19.96789963107,6.476468390019));
#2350 = CARTESIAN_POINT('',(-19.92139812937,6.428080016901));
#2351 = CARTESIAN_POINT('',(-19.89803079335,6.403974610915));
#2352 = CARTESIAN_POINT('',(-19.87455571352,6.379966262285));
#2353 = CARTESIAN_POINT('',(-19.85097395859,6.356055148879));
#2354 = CARTESIAN_POINT('',(-19.82728650847,6.332241345344));
#2355 = CARTESIAN_POINT('',(-19.80349425432,6.308524823098));
#2356 = CARTESIAN_POINT('',(-19.77959799853,6.284905450337));
#2357 = CARTESIAN_POINT('',(-19.47385366713,5.985238992338));
#2358 = CARTESIAN_POINT('',(-19.1777358037,5.722269793927));
#2359 = CARTESIAN_POINT('',(-18.86805582632,5.473893687128));
#2360 = CARTESIAN_POINT('',(-18.54553415397,5.241878768856));
#2361 = CARTESIAN_POINT('',(-18.21090025302,5.028283131381));
#2362 = CARTESIAN_POINT('',(-17.86493123461,4.835463500002));
#2363 = CARTESIAN_POINT('',(-17.50848147056,4.666098235368));
#2364 = CARTESIAN_POINT('',(-17.04523919394,4.485159811276));
#2365 = CARTESIAN_POINT('',(-16.94726408612,4.449023230933));
#2366 = CARTESIAN_POINT('',(-16.84865306341,4.414817752783));
#2367 = CARTESIAN_POINT('',(-16.74943154458,4.382601929835));
#2368 = CARTESIAN_POINT('',(-16.64962739531,4.352435596612));
#2369 = CARTESIAN_POINT('',(-16.54927110446,4.324379475274));
#2370 = CARTESIAN_POINT('',(-16.44839596025,4.298494781753));
#2371 = CARTESIAN_POINT('',(-16.29645857221,4.263040008286));
#2372 = CARTESIAN_POINT('',(-16.24576911929,4.251795599307));
#2373 = CARTESIAN_POINT('',(-16.19497326428,4.241116550992));
#2374 = CARTESIAN_POINT('',(-16.1440744913,4.23100984222));
#2375 = CARTESIAN_POINT('',(-16.09307637214,4.221482484698));
#2376 = CARTESIAN_POINT('',(-16.04198256627,4.212541522963));
#2377 = CARTESIAN_POINT('',(-15.99079682082,4.204194034378));
#2378 = CARTESIAN_POINT('',(-15.88824058919,4.18869893493));
#2379 = CARTESIAN_POINT('',(-15.83686638555,4.181551015244));
#2380 = CARTESIAN_POINT('',(-15.78541850422,4.17501240761));
#2381 = CARTESIAN_POINT('',(-15.73387628635,4.169087049005));
#2382 = CARTESIAN_POINT('',(-15.68226858347,4.163785159369));
#2383 = CARTESIAN_POINT('',(-15.63061157119,4.159115118651));
#2384 = CARTESIAN_POINT('',(-15.57886696446,4.155078068415));
#2385 = CARTESIAN_POINT('',(-15.28663641611,4.135940868969));
#2386 = CARTESIAN_POINT('',(-15.04554324086,4.134115818446));
#2387 = CARTESIAN_POINT('',(-14.80456894361,4.145918164625));
#2388 = CARTESIAN_POINT('',(-14.56440511696,4.170951601282));
#2389 = CARTESIAN_POINT('',(-14.32567837647,4.208752187959));
#2390 = CARTESIAN_POINT('',(-14.08895195638,4.258817322278));
#2391 = CARTESIAN_POINT('',(-13.85472853753,4.32062916548));
#2392 = CARTESIAN_POINT('',(-13.44862320804,4.448889439194));
#2393 = CARTESIAN_POINT('',(-13.27547575968,4.510525364151));
#2394 = CARTESIAN_POINT('',(-13.10419980624,4.578359108282));
#2395 = CARTESIAN_POINT('',(-12.93496827413,4.652171291435));
#2396 = CARTESIAN_POINT('',(-12.76794034829,4.731746581625));
#2397 = CARTESIAN_POINT('',(-12.60326264806,4.816875935574));
#2398 = CARTESIAN_POINT('',(-12.44107040298,4.90735883926));
#2399 = CARTESIAN_POINT('',(-12.20056897649,5.051505438113));
#2400 = CARTESIAN_POINT('',(-12.12032100043,5.101332776233));
#2401 = CARTESIAN_POINT('',(-12.04076116515,5.152462587517));
#2402 = CARTESIAN_POINT('',(-11.96190553714,5.204870423363));
#2403 = CARTESIAN_POINT('',(-11.88376978485,5.258532361863));
#2404 = CARTESIAN_POINT('',(-11.80636917863,5.313425007811));
#2405 = CARTESIAN_POINT('',(-11.72971859075,5.369525492695));
#2406 = CARTESIAN_POINT('',(-11.61770936075,5.454080623684));
#2407 = CARTESIAN_POINT('',(-11.58173541914,5.481636548027));
#2408 = CARTESIAN_POINT('',(-11.54591265152,5.509477458328));
#2409 = CARTESIAN_POINT('',(-11.51024304314,5.537601568526));
#2410 = CARTESIAN_POINT('',(-11.4747285835,5.566007095914));
#2411 = CARTESIAN_POINT('',(-11.43937126642,5.594692261131));
#2412 = CARTESIAN_POINT('',(-11.40417308994,5.623655288164));
#2413 = CARTESIAN_POINT('',(-11.33020641936,5.685381977265));
#2414 = CARTESIAN_POINT('',(-11.29147589126,5.718210429284));
#2415 = CARTESIAN_POINT('',(-11.25294518595,5.751378461309));
#2416 = CARTESIAN_POINT('',(-11.21461735572,5.784883583727));
#2417 = CARTESIAN_POINT('',(-11.17649780853,5.818721938757));
#2418 = CARTESIAN_POINT('',(-11.13859375679,5.852888497518));
#2419 = CARTESIAN_POINT('',(-11.10091309806,5.88737763181));
#2420 = CARTESIAN_POINT('',(-10.83873029662,6.131050707845));
#2421 = CARTESIAN_POINT('',(-10.62305374741,6.350636518077));
#2422 = CARTESIAN_POINT('',(-10.41724539392,6.580279336851));
#2423 = CARTESIAN_POINT('',(-10.2223321203,6.819432859238));
#2424 = CARTESIAN_POINT('',(-10.03952812973,7.067557036868));
#2425 = CARTESIAN_POINT('',(-9.870244347671,7.324124350532));
#2426 = CARTESIAN_POINT('',(-9.716125216042,7.588650076833));
#2427 = CARTESIAN_POINT('',(-9.522944073936,7.972138219913));
#2428 = CARTESIAN_POINT('',(-9.469665066869,8.084861677581));
#2429 = CARTESIAN_POINT('',(-9.419401605205,8.198784305587));
#2430 = CARTESIAN_POINT('',(-9.372299336667,8.313859133791));
#2431 = CARTESIAN_POINT('',(-9.328513301008,8.430031896814));
#2432 = CARTESIAN_POINT('',(-9.288206685809,8.547239964183));
#2433 = CARTESIAN_POINT('',(-9.251549582287,8.66541127047));
#2434 = CARTESIAN_POINT('',(-9.158930374591,9.001259008476));
#2435 = CARTESIAN_POINT('',(-9.111817339825,9.2210128918));
#2436 = CARTESIAN_POINT('',(-9.078457043736,9.443186138632));
#2437 = CARTESIAN_POINT('',(-9.059986939026,9.667071931751));
#2438 = CARTESIAN_POINT('',(-9.05753033608,9.891777531189));
#2439 = CARTESIAN_POINT('',(-9.07211006539,10.116202962058));
#2440 = CARTESIAN_POINT('',(-9.104501368993,10.339039454907));
#2441 = CARTESIAN_POINT('',(-9.154976399388,10.558810841013));
#2442 = ( GEOMETRIC_REPRESENTATION_CONTEXT(2) 
PARAMETRIC_REPRESENTATION_CONTEXT() REPRESENTATION_CONTEXT('2D SPACE',''
  ) );
#2443 = PCURVE('',#2444,#2851);
#2444 = ( BOUNDED_SURFACE() B_SPLINE_SURFACE(6,8,(
    (#2445,#2446,#2447,#2448,#2449,#2450,#2451,#2452,#2453,#2454,#2455
      ,#2456,#2457,#2458,#2459,#2460,#2461,#2462,#2463,#2464,#2465,#2466
      ,#2467,#2468,#2469,#2470,#2471,#2472,#2473,#2474,#2475,#2476,#2477
      ,#2478,#2479,#2480,#2481,#2482,#2483,#2484,#2485,#2486,#2487,#2488
      ,#2489,#2490,#2491,#2492,#2493,#2494,#2495,#2496,#2497,#2498,#2499
      ,#2500,#2501,#2502)
    ,(#2503,#2504,#2505,#2506,#2507,#2508,#2509,#2510,#2511,#2512,#2513
      ,#2514,#2515,#2516,#2517,#2518,#2519,#2520,#2521,#2522,#2523,#2524
      ,#2525,#2526,#2527,#2528,#2529,#2530,#2531,#2532,#2533,#2534,#2535
      ,#2536,#2537,#2538,#2539,#2540,#2541,#2542,#2543,#2544,#2545,#2546
      ,#2547,#2548,#2549,#2550,#2551,#2552,#2553,#2554,#2555,#2556,#2557
      ,#2558,#2559,#2560)
    ,(#2561,#2562,#2563,#2564,#2565,#2566,#2567,#2568,#2569,#2570,#2571
      ,#2572,#2573,#2574,#2575,#2576,#2577,#2578,#2579,#2580,#2581,#2582
      ,#2583,#2584,#2585,#2586,#2587,#2588,#2589,#2590,#2591,#2592,#2593
      ,#2594,#2595,#2596,#2597,#2598,#2599,#2600,#2601,#2602,#2603,#2604
      ,#2605,#2606,#2607,#2608,#2609,#2610,#2611,#2612,#2613,#2614,#2615
      ,#2616,#2617,#2618)
    ,(#2619,#2620,#2621,#2622,#2623,#2624,#2625,#2626,#2627,#2628,#2629
      ,#2630,#2631,#2632,#2633,#2634,#2635,#2636,#2637,#2638,#2639,#2640
      ,#2641,#2642,#2643,#2644,#2645,#2646,#2647,#2648,#2649,#2650,#2651
      ,#2652,#2653,#2654,#2655,#2656,#2657,#2658,#2659,#2660,#2661,#2662
      ,#2663,#2664,#2665,#2666,#2667,#2668,#2669,#2670,#2671,#2672,#2673
      ,#2674,#2675,#2676)
    ,(#2677,#2678,#2679,#2680,#2681,#2682,#2683,#2684,#2685,#2686,#2687
      ,#2688,#2689,#2690,#2691,#2692,#2693,#2694,#2695,#2696,#2697,#2698
      ,#2699,#2700,#2701,#2702,#2703,#2704,#2705,#2706,#2707,#2708,#2709
      ,#2710,#2711,#2712,#2713,#2714,#2715,#2716,#2717,#2718,#2719,#2720
      ,#2721,#2722,#2723,#2724,#2725,#2726,#2727,#2728,#2729,#2730,#2731
      ,#2732,#2733,#2734)
    ,(#2735,#2736,#2737,#2738,#2739,#2740,#2741,#2742,#2743,#2744,#2745
      ,#2746,#2747,#2748,#2749,#2750,#2751,#2752,#2753,#2754,#2755,#2756
      ,#2757,#2758,#2759,#2760,#2761,#2762,#2763,#2764,#2765,#2766,#2767
      ,#2768,#2769,#2770,#2771,#2772,#2773,#2774,#2775,#2776,#2777,#2778
      ,#2779,#2780,#2781,#2782,#2783,#2784,#2785,#2786,#2787,#2788,#2789
      ,#2790,#2791,#2792)
    ,(#2793,#2794,#2795,#2796,#2797,#2798,#2799,#2800,#2801,#2802,#2803
      ,#2804,#2805,#2806,#2807,#2808,#2809,#2810,#2811,#2812,#2813,#2814
      ,#2815,#2816,#2817,#2818,#2819,#2820,#2821,#2822,#2823,#2824,#2825
      ,#2826,#2827,#2828,#2829,#2830,#2831,#2832,#2833,#2834,#2835,#2836
      ,#2837,#2838,#2839,#2840,#2841,#2842,#2843,#2844,#2845,#2846,#2847
      ,#2848,#2849,#2850
)),.UNSPECIFIED.,.T.,.T.,.F.) B_SPLINE_SURFACE_WITH_KNOTS((1,6,6,1),(9,7
    ,7,7,7,7,7,7,9),(-6.28318530718,0.,6.28318530718,12.566370614359),(
    0.,5.544366510252,10.624720828604,14.344935876152,17.880469782084,
    21.911598656234,26.383734611233,30.655736483892,35.58016538479),
.UNSPECIFIED.) GEOMETRIC_REPRESENTATION_ITEM() RATIONAL_B_SPLINE_SURFACE
((
    (1.669078461068,1.669078461068,1.669078461068,1.669078461068
      ,1.669078461068,1.669078461068,1.669078461068,1.669078461068
      ,1.669078461068,1.669078461068,1.669078461068,1.669078461068
      ,1.669078461068,1.669078461068,1.669078461068,1.669078461068
      ,1.669078461068,1.669078461068,1.669078461068,1.669078461068
      ,1.669078461068,1.669078461068,1.669078461068,1.669078461068
      ,1.669078461068,1.669078461068,1.669078461068,1.669078461068
      ,1.669078461068,1.669078461068,1.669078461068,1.669078461068
      ,1.669078461068,1.669078461068,1.669078461068,1.669078461068
      ,1.669078461068,1.669078461068,1.669078461068,1.669078461068
      ,1.669078461068,1.669078461068,1.669078461068,1.669078461068
      ,1.669078461068,1.669078461068,1.669078461068,1.669078461068
      ,1.669078461068,1.669078461068,1.669078461068,1.669078461068
      ,1.669078461068,1.669078461068,1.669078461068,1.669078461068
      ,1.669078461068,1.669078461068)
    ,(1.03672962321,1.03672962321,1.03672962321,1.03672962321
      ,1.03672962321,1.03672962321,1.03672962321,1.03672962321
      ,1.03672962321,1.03672962321,1.03672962321,1.03672962321
      ,1.03672962321,1.03672962321,1.03672962321,1.03672962321
      ,1.03672962321,1.03672962321,1.03672962321,1.03672962321
      ,1.03672962321,1.03672962321,1.03672962321,1.03672962321
      ,1.03672962321,1.03672962321,1.03672962321,1.03672962321
      ,1.03672962321,1.03672962321,1.03672962321,1.03672962321
      ,1.03672962321,1.03672962321,1.03672962321,1.03672962321
      ,1.03672962321,1.03672962321,1.03672962321,1.03672962321
      ,1.03672962321,1.03672962321,1.03672962321,1.03672962321
      ,1.03672962321,1.03672962321,1.03672962321,1.03672962321
      ,1.03672962321,1.03672962321,1.03672962321,1.03672962321
      ,1.03672962321,1.03672962321,1.03672962321,1.03672962321
      ,1.03672962321,1.03672962321)
    ,(1.038346699848,1.038346699848,1.038346699848,1.038346699848
      ,1.038346699848,1.038346699848,1.038346699848,1.038346699848
      ,1.038346699848,1.038346699848,1.038346699847,1.038346699848
      ,1.038346699847,1.038346699848,1.038346699848,1.038346699848
      ,1.038346699848,1.038346699847,1.038346699848,1.038346699847
      ,1.038346699848,1.038346699847,1.038346699848,1.038346699847
      ,1.038346699848,1.038346699847,1.038346699848,1.038346699847
      ,1.038346699848,1.038346699848,1.038346699848,1.038346699848
      ,1.038346699848,1.038346699848,1.038346699848,1.038346699848
      ,1.038346699848,1.038346699848,1.038346699847,1.038346699848
      ,1.038346699848,1.038346699848,1.038346699848,1.038346699848
      ,1.038346699848,1.038346699848,1.038346699847,1.038346699848
      ,1.038346699848,1.038346699848,1.038346699848,1.038346699847
      ,1.038346699848,1.038346699847,1.038346699848,1.038346699847
      ,1.038346699848,1.038346699848)
    ,(0.853534330196,0.853534330196,0.853534330196,0.853534330196
      ,0.853534330196,0.853534330196,0.853534330196,0.853534330196
      ,0.853534330196,0.853534330196,0.853534330196,0.853534330196
      ,0.853534330196,0.853534330196,0.853534330196,0.853534330196
      ,0.853534330196,0.853534330196,0.853534330196,0.853534330196
      ,0.853534330196,0.853534330196,0.853534330196,0.853534330196
      ,0.853534330196,0.853534330196,0.853534330196,0.853534330196
      ,0.853534330196,0.853534330196,0.853534330196,0.853534330196
      ,0.853534330196,0.853534330196,0.853534330196,0.853534330196
      ,0.853534330196,0.853534330196,0.853534330196,0.853534330196
      ,0.853534330196,0.853534330196,0.853534330196,0.853534330196
      ,0.853534330196,0.853534330196,0.853534330196,0.853534330196
      ,0.853534330196,0.853534330196,0.853534330196,0.853534330196
      ,0.853534330196,0.853534330196,0.853534330196,0.853534330196
      ,0.853534330196,0.853534330196)
    ,(1.038346699848,1.038346699848,1.038346699847,1.038346699848
      ,1.038346699847,1.038346699848,1.038346699847,1.038346699848
      ,1.038346699848,1.038346699848,1.038346699847,1.038346699848
      ,1.038346699847,1.038346699848,1.038346699848,1.038346699848
      ,1.038346699848,1.038346699847,1.038346699848,1.038346699847
      ,1.038346699848,1.038346699848,1.038346699848,1.038346699847
      ,1.038346699848,1.038346699847,1.038346699848,1.038346699847
      ,1.038346699848,1.038346699848,1.038346699848,1.038346699848
      ,1.038346699847,1.038346699848,1.038346699848,1.038346699848
      ,1.038346699848,1.038346699848,1.038346699847,1.038346699848
      ,1.038346699848,1.038346699848,1.038346699848,1.038346699848
      ,1.038346699848,1.038346699848,1.038346699848,1.038346699848
      ,1.038346699848,1.038346699848,1.038346699848,1.038346699847
      ,1.038346699848,1.038346699847,1.038346699848,1.038346699847
      ,1.038346699848,1.038346699848)
    ,(1.03672962321,1.03672962321,1.03672962321,1.03672962321
      ,1.03672962321,1.03672962321,1.03672962321,1.03672962321
      ,1.03672962321,1.03672962321,1.03672962321,1.03672962321
      ,1.03672962321,1.03672962321,1.03672962321,1.03672962321
      ,1.03672962321,1.03672962321,1.03672962321,1.03672962321
      ,1.03672962321,1.03672962321,1.03672962321,1.03672962321
      ,1.03672962321,1.03672962321,1.03672962321,1.03672962321
      ,1.03672962321,1.03672962321,1.03672962321,1.03672962321
      ,1.03672962321,1.03672962321,1.03672962321,1.03672962321
      ,1.03672962321,1.03672962321,1.03672962321,1.03672962321
      ,1.03672962321,1.03672962321,1.03672962321,1.03672962321
      ,1.03672962321,1.03672962321,1.03672962321,1.03672962321
      ,1.03672962321,1.03672962321,1.03672962321,1.03672962321
      ,1.03672962321,1.03672962321,1.03672962321,1.03672962321
      ,1.03672962321,1.03672962321)
    ,(1.669078461068,1.669078461068,1.669078461068,1.669078461068
      ,1.669078461068,1.669078461068,1.669078461068,1.669078461068
      ,1.669078461068,1.669078461068,1.669078461068,1.669078461068
      ,1.669078461068,1.669078461068,1.669078461068,1.669078461068
      ,1.669078461068,1.669078461068,1.669078461068,1.669078461068
      ,1.669078461068,1.669078461068,1.669078461068,1.669078461068
      ,1.669078461068,1.669078461068,1.669078461068,1.669078461068
      ,1.669078461068,1.669078461068,1.669078461068,1.669078461068
      ,1.669078461068,1.669078461068,1.669078461068,1.669078461068
      ,1.669078461068,1.669078461068,1.669078461068,1.669078461068
      ,1.669078461068,1.669078461068,1.669078461068,1.669078461068
      ,1.669078461068,1.669078461068,1.669078461068,1.669078461068
      ,1.669078461068,1.669078461068,1.669078461068,1.669078461068
      ,1.669078461068,1.669078461068,1.669078461068,1.669078461068
,1.669078461068,1.669078461068))) REPRESENTATION_ITEM('') SURFACE() );
#2445 = CARTESIAN_POINT('',(-8.5,10.5,2.35));
#2446 = CARTESIAN_POINT('',(-8.657843357989,11.165683119384,2.35));
#2447 = CARTESIAN_POINT('',(-8.919834594533,11.806124769481,2.35));
#2448 = CARTESIAN_POINT('',(-9.273850719214,12.415633810736,2.35));
#2449 = CARTESIAN_POINT('',(-9.707768741611,12.988519103597,2.35));
#2450 = CARTESIAN_POINT('',(-10.2094656713,13.519089508508,2.35));
#2451 = CARTESIAN_POINT('',(-10.76681851788,14.001653885915,2.35));
#2452 = CARTESIAN_POINT('',(-11.36770429092,14.430521096264,2.35));
#2453 = CARTESIAN_POINT('',(-12.57937840692,15.138556937148,2.35));
#2454 = CARTESIAN_POINT('',(-13.18512930731,15.427250107424,2.35));
#2455 = CARTESIAN_POINT('',(-13.81058382487,15.658717546099,2.35));
#2456 = CARTESIAN_POINT('',(-14.44907308332,15.825597288446,2.35));
#2457 = CARTESIAN_POINT('',(-15.09392820634,15.920527369737,2.35));
#2458 = CARTESIAN_POINT('',(-15.73848031766,15.936145825245,2.35));
#2459 = CARTESIAN_POINT('',(-16.37606054098,15.865090690242,2.35));
#2460 = CARTESIAN_POINT('',(-17.45689509407,15.579108260652,2.35));
#2461 = CARTESIAN_POINT('',(-17.90647565199,15.407792186376,2.35));
#2462 = CARTESIAN_POINT('',(-18.34069964269,15.189248478828,2.35));
#2463 = CARTESIAN_POINT('',(-18.75152503508,14.926673839665,2.35));
#2464 = CARTESIAN_POINT('',(-19.13090979809,14.623264970544,2.35));
#2465 = CARTESIAN_POINT('',(-19.47081190063,14.282218573122,2.35));
#2466 = CARTESIAN_POINT('',(-19.76318931163,13.906731349055,2.35));
#2467 = CARTESIAN_POINT('',(-20.22505479046,13.113459851968,2.35));
#2468 = CARTESIAN_POINT('',(-20.39992287335,12.698700660414,2.35));
#2469 = CARTESIAN_POINT('',(-20.52647548953,12.262551968247,2.35));
#2470 = CARTESIAN_POINT('',(-20.60658387986,11.811843318374,2.35));
#2471 = CARTESIAN_POINT('',(-20.64211928521,11.353404253704,2.35));
#2472 = CARTESIAN_POINT('',(-20.63495294644,10.894064317147,2.35));
#2473 = CARTESIAN_POINT('',(-20.58695610441,10.440653051609,2.35));
#2474 = CARTESIAN_POINT('',(-20.40085478667,9.497578219561,2.35));
#2475 = CARTESIAN_POINT('',(-20.25106253224,9.011742117228,2.35));
#2476 = CARTESIAN_POINT('',(-20.05439607345,8.543473394013,2.35));
#2477 = CARTESIAN_POINT('',(-19.81462824703,8.093753750922,2.35));
#2478 = CARTESIAN_POINT('',(-19.53553188973,7.663564888967,2.35));
#2479 = CARTESIAN_POINT('',(-19.2208798383,7.253888509155,2.35));
#2480 = CARTESIAN_POINT('',(-18.87444492947,6.865706312497,2.35));
#2481 = CARTESIAN_POINT('',(-18.08459064829,6.094285273395,2.35));
#2482 = CARTESIAN_POINT('',(-17.63470742501,5.716233173451,2.35));
#2483 = CARTESIAN_POINT('',(-17.15550288762,5.374257347781,2.35));
#2484 = CARTESIAN_POINT('',(-16.65212959358,5.076771443998,2.35));
#2485 = CARTESIAN_POINT('',(-16.12974010034,4.832189109715,2.35));
#2486 = CARTESIAN_POINT('',(-15.59348696536,4.648923992546,2.35));
#2487 = CARTESIAN_POINT('',(-15.04852274609,4.535389740103,2.35));
#2488 = CARTESIAN_POINT('',(-13.97602438251,4.466193998234,2.35));
#2489 = CARTESIAN_POINT('',(-13.44880160929,4.503694863977,2.35));
#2490 = CARTESIAN_POINT('',(-12.92338034642,4.608464306584,2.35));
#2491 = CARTESIAN_POINT('',(-12.40480925997,4.776464035411,2.35));
#2492 = CARTESIAN_POINT('',(-11.89813701603,5.003655759811,2.35));
#2493 = CARTESIAN_POINT('',(-11.40841228067,5.28600118914,2.35));
#2494 = CARTESIAN_POINT('',(-10.94068371996,5.619462032751,2.35));
#2495 = CARTESIAN_POINT('',(-9.992014350308,6.43865434044,2.35));
#2496 = CARTESIAN_POINT('',(-9.519964995839,6.939863215029,2.35));
#2497 = CARTESIAN_POINT('',(-9.102738881796,7.490041593772,2.35));
#2498 = CARTESIAN_POINT('',(-8.75922295338,8.075604446674,2.35));
#2499 = CARTESIAN_POINT('',(-8.508304155791,8.682966743743,2.35));
#2500 = CARTESIAN_POINT('',(-8.36886943423,9.298543454983,2.35));
#2501 = CARTESIAN_POINT('',(-8.3598057339,9.9087495504,2.35));
#2502 = CARTESIAN_POINT('',(-8.5,10.5,2.35));
#2503 = CARTESIAN_POINT('',(-7.926728425494,10.597716745654,2.35));
#2504 = CARTESIAN_POINT('',(-8.09796457749,11.341970923208,2.35));
#2505 = CARTESIAN_POINT('',(-8.38455359227,12.052419911037,2.35));
#2506 = CARTESIAN_POINT('',(-8.770084528932,12.719963313156,2.35));
#2507 = CARTESIAN_POINT('',(-9.237706772298,13.340584241124,2.35));
#2508 = CARTESIAN_POINT('',(-9.773812726268,13.911211388748,2.35));
#2509 = CARTESIAN_POINT('',(-10.36664707444,14.428110246041,2.35));
#2510 = CARTESIAN_POINT('',(-11.00411928956,14.886777602043,2.35));
#2511 = CARTESIAN_POINT('',(-12.28991830661,15.644746675387,2.35));
#2512 = CARTESIAN_POINT('',(-12.93498321045,15.955595618628,2.35));
#2513 = CARTESIAN_POINT('',(-13.60471973903,16.207377759308,2.35));
#2514 = CARTESIAN_POINT('',(-14.29329017768,16.392095796766,2.35));
#2515 = CARTESIAN_POINT('',(-14.99578515353,16.501087573821,2.35));
#2516 = CARTESIAN_POINT('',(-15.70623378604,16.524147169826,2.35));
#2517 = CARTESIAN_POINT('',(-16.41554577405,16.450042436608,2.35));
#2518 = CARTESIAN_POINT('',(-17.62286580069,16.139119526904,2.35));
#2519 = CARTESIAN_POINT('',(-18.12253172306,15.951978421484,2.35));
#2520 = CARTESIAN_POINT('',(-18.60447975725,15.712913662157,2.35));
#2521 = CARTESIAN_POINT('',(-19.06172192128,15.4251021858,2.35));
#2522 = CARTESIAN_POINT('',(-19.48692103758,15.090738813532,2.35));
#2523 = CARTESIAN_POINT('',(-19.87198021426,14.711248896476,2.35));
#2524 = CARTESIAN_POINT('',(-20.20760324687,14.288089896266,2.35));
#2525 = CARTESIAN_POINT('',(-20.74438586485,13.38322548832,2.35));
#2526 = CARTESIAN_POINT('',(-20.94615491517,12.913272384495,2.35));
#2527 = CARTESIAN_POINT('',(-21.09091541267,12.423735496515,2.35));
#2528 = CARTESIAN_POINT('',(-21.18243419586,11.922288912681,2.35));
#2529 = CARTESIAN_POINT('',(-21.22430448728,11.415550728993,2.35));
#2530 = CARTESIAN_POINT('',(-21.2193426615,10.909627894528,2.35));
#2531 = CARTESIAN_POINT('',(-21.16953991473,10.410483075071,2.35));
#2532 = CARTESIAN_POINT('',(-20.97056549665,9.369588339661,2.35));
#2533 = CARTESIAN_POINT('',(-20.80874892325,8.833996176765,2.35));
#2534 = CARTESIAN_POINT('',(-20.59568954228,8.319800166506,2.35));
#2535 = CARTESIAN_POINT('',(-20.33646044372,7.828677834948,2.35));
#2536 = CARTESIAN_POINT('',(-20.03605363944,7.361672973264,2.35));
#2537 = CARTESIAN_POINT('',(-19.69907793172,6.919391807762,2.35));
#2538 = CARTESIAN_POINT('',(-19.3297383919,6.502253480722,2.35));
#2539 = CARTESIAN_POINT('',(-18.49095443111,5.67651047463,2.35));
#2540 = CARTESIAN_POINT('',(-18.01243547964,5.271008140886,2.35));
#2541 = CARTESIAN_POINT('',(-17.50071866416,4.902027372326,2.35));
#2542 = CARTESIAN_POINT('',(-16.95975887086,4.578085798113,2.35));
#2543 = CARTESIAN_POINT('',(-16.3930391642,4.307521041927,2.35));
#2544 = CARTESIAN_POINT('',(-15.8035217235,4.100064167932,2.35));
#2545 = CARTESIAN_POINT('',(-15.19480225918,3.967909801697,2.35));
#2546 = CARTESIAN_POINT('',(-13.98190198669,3.880584975446,2.35));
#2547 = CARTESIAN_POINT('',(-13.38811598951,3.918969934657,2.35));
#2548 = CARTESIAN_POINT('',(-12.80107288545,4.033094769233,2.35));
#2549 = CARTESIAN_POINT('',(-12.22677738947,4.216631196765,2.35));
#2550 = CARTESIAN_POINT('',(-11.67007048405,4.463544944017,2.35));
#2551 = CARTESIAN_POINT('',(-11.13527026724,4.76870400656,2.35));
#2552 = CARTESIAN_POINT('',(-10.62666303254,5.127781036792,2.35));
#2553 = CARTESIAN_POINT('',(-9.598052922629,6.007531247013,2.35));
#2554 = CARTESIAN_POINT('',(-9.087297318445,6.545171473191,2.35));
#2555 = CARTESIAN_POINT('',(-8.632510438711,7.136972182574,2.35));
#2556 = CARTESIAN_POINT('',(-8.250937215849,7.777071884196,2.35));
#2557 = CARTESIAN_POINT('',(-7.964425626899,8.444684126062,2.35));
#2558 = CARTESIAN_POINT('',(-7.785388334821,9.152799739337,2.35));
#2559 = CARTESIAN_POINT('',(-7.765483179606,9.88296721463,2.35));
#2560 = CARTESIAN_POINT('',(-7.926728425494,10.597716745654,2.35));
#2561 = CARTESIAN_POINT('',(-7.844416383965,10.611747207279,
    1.630908133308));
#2562 = CARTESIAN_POINT('',(-8.017575513246,11.367282851576,
    1.630908133308));
#2563 = CARTESIAN_POINT('',(-8.307696350349,12.087783701641,
    1.630908133308));
#2564 = CARTESIAN_POINT('',(-8.697752277657,12.763659850287,
    1.630908133308));
#2565 = CARTESIAN_POINT('',(-9.17021387354,13.391134803039,
    1.630908133308));
#2566 = CARTESIAN_POINT('',(-9.711260377783,13.967513417187,
    1.630908133308));
#2567 = CARTESIAN_POINT('',(-10.30918926572,14.489342121449,
    1.630908133308));
#2568 = CARTESIAN_POINT('',(-10.95191467126,14.952288271195,
    1.630908133308));
#2569 = CARTESIAN_POINT('',(-12.24835676256,15.717426906901,
    1.630908133308));
#2570 = CARTESIAN_POINT('',(-12.8990664882,16.031457042069,
    1.630908133308));
#2571 = CARTESIAN_POINT('',(-13.57516115992,16.286156028219,
    1.630908133308));
#2572 = CARTESIAN_POINT('',(-14.27092240372,16.473435341263,
    1.630908133308));
#2573 = CARTESIAN_POINT('',(-14.98169348145,16.584446138511,
    1.630908133308));
#2574 = CARTESIAN_POINT('',(-15.7016037329,16.60857415565,1.630908133308
    ));
#2575 = CARTESIAN_POINT('',(-16.42121518152,16.534031552031,
    1.630908133308));
#2576 = CARTESIAN_POINT('',(-17.64669636949,16.219527613847,
    1.630908133308));
#2577 = CARTESIAN_POINT('',(-18.15355369778,16.030114303283,
    1.630908133308));
#2578 = CARTESIAN_POINT('',(-18.6423540924,15.78810307017,1.630908133308
    ));
#2579 = CARTESIAN_POINT('',(-19.10626091486,15.496668013501,
    1.630908133308));
#2580 = CARTESIAN_POINT('',(-19.53803819257,15.157860101398,
    1.630908133308));
#2581 = CARTESIAN_POINT('',(-19.92958115657,14.772850349197,
    1.630908133308));
#2582 = CARTESIAN_POINT('',(-20.27141352444,14.342846493264,
    1.630908133308));
#2583 = CARTESIAN_POINT('',(-20.81895296858,13.42195924253,
    1.630908133308));
#2584 = CARTESIAN_POINT('',(-21.02458453999,12.944081232254,
    1.630908133308));
#2585 = CARTESIAN_POINT('',(-21.17195937937,12.446878707975,
    1.630908133308));
#2586 = CARTESIAN_POINT('',(-21.26511650078,11.938147020338,
    1.630908133308));
#2587 = CARTESIAN_POINT('',(-21.30789637403,11.424473905167,
    1.630908133308));
#2588 = CARTESIAN_POINT('',(-21.30325107879,10.911862559362,
    1.630908133308));
#2589 = CARTESIAN_POINT('',(-21.25318903483,10.406151179906,
    1.630908133308));
#2590 = CARTESIAN_POINT('',(-21.05236625864,9.351211171181,
    1.630908133308));
#2591 = CARTESIAN_POINT('',(-20.88882319768,8.808474884792,
    1.630908133308));
#2592 = CARTESIAN_POINT('',(-20.67341007207,8.287684497754,
    1.630908133308));
#2593 = CARTESIAN_POINT('',(-20.41138666605,7.79061744477,1.630908133308
    ));
#2594 = CARTESIAN_POINT('',(-20.10792004427,7.3183264321,1.630908133308)
  );
#2595 = CARTESIAN_POINT('',(-19.76773903944,6.871363774277,
    1.630908133308));
#2596 = CARTESIAN_POINT('',(-19.39511078442,6.450067839721,
    1.630908133308));
#2597 = CARTESIAN_POINT('',(-18.54930135437,5.616525123681,
    1.630908133308));
#2598 = CARTESIAN_POINT('',(-18.06667079969,5.207081403541,
    1.630908133308));
#2599 = CARTESIAN_POINT('',(-17.5502857744,4.834223184783,1.630908133308
    ));
#2600 = CARTESIAN_POINT('',(-17.0039291995,4.506483026547,1.630908133308
    ));
#2601 = CARTESIAN_POINT('',(-16.43084442866,4.232187636774,
    1.630908133308));
#2602 = CARTESIAN_POINT('',(-15.83367914017,4.021257238221,
    1.630908133308));
#2603 = CARTESIAN_POINT('',(-15.21580550772,3.886429340543,
    1.630908133308));
#2604 = CARTESIAN_POINT('',(-13.98274591062,3.796501486316,
    1.630908133308));
#2605 = CARTESIAN_POINT('',(-13.37940256733,3.835013386302,
    1.630908133308));
#2606 = CARTESIAN_POINT('',(-12.78351161562,3.950481495945,
    1.630908133308));
#2607 = CARTESIAN_POINT('',(-12.20121504281,4.136248728989,
    1.630908133308));
#2608 = CARTESIAN_POINT('',(-11.63732401155,4.385994223073,
    1.630908133308));
#2609 = CARTESIAN_POINT('',(-11.09605172275,4.694428935076,
    1.630908133308));
#2610 = CARTESIAN_POINT('',(-10.58157500618,5.057184013743,
    1.630908133308));
#2611 = CARTESIAN_POINT('',(-9.541486766486,5.945629308126,
    1.630908133308));
#2612 = CARTESIAN_POINT('',(-9.025173603589,6.488500456364,
    1.630908133308));
#2613 = CARTESIAN_POINT('',(-8.564993637152,7.086277424052,
    1.630908133308));
#2614 = CARTESIAN_POINT('',(-8.177956034509,7.734207688981,
    1.630908133308));
#2615 = CARTESIAN_POINT('',(-7.886333926476,8.410470797521,
    1.630908133308));
#2616 = CARTESIAN_POINT('',(-7.701610379273,9.131873422198,
    1.630908133308));
#2617 = CARTESIAN_POINT('',(-7.680148575648,9.879265310006,
    1.630908133308));
#2618 = CARTESIAN_POINT('',(-7.844416383965,10.611747207279,
    1.630908133308));
#2619 = CARTESIAN_POINT('',(-8.5,10.5,1.037809077647));
#2620 = CARTESIAN_POINT('',(-8.657843357989,11.165683119384,
    1.037809077647));
#2621 = CARTESIAN_POINT('',(-8.919834594533,11.806124769481,
    1.037809077647));
#2622 = CARTESIAN_POINT('',(-9.273850719213,12.415633810736,
    1.037809077647));
#2623 = CARTESIAN_POINT('',(-9.707768741612,12.988519103597,
    1.037809077647));
#2624 = CARTESIAN_POINT('',(-10.2094656713,13.519089508508,
    1.037809077647));
#2625 = CARTESIAN_POINT('',(-10.76681851788,14.001653885915,
    1.037809077647));
#2626 = CARTESIAN_POINT('',(-11.36770429092,14.430521096264,
    1.037809077647));
#2627 = CARTESIAN_POINT('',(-12.57937840692,15.138556937148,
    1.037809077647));
#2628 = CARTESIAN_POINT('',(-13.18512930731,15.427250107424,
    1.037809077647));
#2629 = CARTESIAN_POINT('',(-13.81058382487,15.658717546099,
    1.037809077647));
#2630 = CARTESIAN_POINT('',(-14.44907308332,15.825597288446,
    1.037809077647));
#2631 = CARTESIAN_POINT('',(-15.09392820634,15.920527369737,
    1.037809077647));
#2632 = CARTESIAN_POINT('',(-15.73848031766,15.936145825245,
    1.037809077647));
#2633 = CARTESIAN_POINT('',(-16.37606054098,15.865090690242,
    1.037809077647));
#2634 = CARTESIAN_POINT('',(-17.45689509407,15.579108260652,
    1.037809077647));
#2635 = CARTESIAN_POINT('',(-17.90647565199,15.407792186376,
    1.037809077647));
#2636 = CARTESIAN_POINT('',(-18.34069964269,15.189248478828,
    1.037809077647));
#2637 = CARTESIAN_POINT('',(-18.75152503508,14.926673839665,
    1.037809077647));
#2638 = CARTESIAN_POINT('',(-19.13090979809,14.623264970544,
    1.037809077647));
#2639 = CARTESIAN_POINT('',(-19.47081190063,14.282218573122,
    1.037809077647));
#2640 = CARTESIAN_POINT('',(-19.76318931163,13.906731349055,
    1.037809077647));
#2641 = CARTESIAN_POINT('',(-20.22505479046,13.113459851968,
    1.037809077647));
#2642 = CARTESIAN_POINT('',(-20.39992287335,12.698700660414,
    1.037809077647));
#2643 = CARTESIAN_POINT('',(-20.52647548953,12.262551968247,
    1.037809077647));
#2644 = CARTESIAN_POINT('',(-20.60658387986,11.811843318374,
    1.037809077647));
#2645 = CARTESIAN_POINT('',(-20.64211928521,11.353404253704,
    1.037809077647));
#2646 = CARTESIAN_POINT('',(-20.63495294644,10.894064317147,
    1.037809077647));
#2647 = CARTESIAN_POINT('',(-20.58695610441,10.440653051609,
    1.037809077647));
#2648 = CARTESIAN_POINT('',(-20.40085478667,9.497578219561,
    1.037809077647));
#2649 = CARTESIAN_POINT('',(-20.25106253224,9.011742117228,
    1.037809077647));
#2650 = CARTESIAN_POINT('',(-20.05439607345,8.543473394012,
    1.037809077647));
#2651 = CARTESIAN_POINT('',(-19.81462824703,8.093753750922,
    1.037809077647));
#2652 = CARTESIAN_POINT('',(-19.53553188973,7.663564888967,
    1.037809077647));
#2653 = CARTESIAN_POINT('',(-19.2208798383,7.253888509155,1.037809077647
    ));
#2654 = CARTESIAN_POINT('',(-18.87444492947,6.865706312496,
    1.037809077647));
#2655 = CARTESIAN_POINT('',(-18.08459064829,6.094285273395,
    1.037809077647));
#2656 = CARTESIAN_POINT('',(-17.63470742501,5.716233173451,
    1.037809077647));
#2657 = CARTESIAN_POINT('',(-17.15550288762,5.374257347781,
    1.037809077647));
#2658 = CARTESIAN_POINT('',(-16.65212959358,5.076771443998,
    1.037809077647));
#2659 = CARTESIAN_POINT('',(-16.12974010034,4.832189109715,
    1.037809077647));
#2660 = CARTESIAN_POINT('',(-15.59348696535,4.648923992546,
    1.037809077647));
#2661 = CARTESIAN_POINT('',(-15.04852274609,4.535389740103,
    1.037809077647));
#2662 = CARTESIAN_POINT('',(-13.97602438251,4.466193998233,
    1.037809077647));
#2663 = CARTESIAN_POINT('',(-13.44880160929,4.503694863977,
    1.037809077647));
#2664 = CARTESIAN_POINT('',(-12.92338034642,4.608464306584,
    1.037809077647));
#2665 = CARTESIAN_POINT('',(-12.40480925997,4.776464035411,
    1.037809077647));
#2666 = CARTESIAN_POINT('',(-11.89813701603,5.003655759811,
    1.037809077647));
#2667 = CARTESIAN_POINT('',(-11.40841228067,5.28600118914,1.037809077647
    ));
#2668 = CARTESIAN_POINT('',(-10.94068371996,5.619462032751,
    1.037809077647));
#2669 = CARTESIAN_POINT('',(-9.992014350308,6.43865434044,1.037809077647
    ));
#2670 = CARTESIAN_POINT('',(-9.519964995839,6.939863215029,
    1.037809077647));
#2671 = CARTESIAN_POINT('',(-9.102738881796,7.490041593772,
    1.037809077647));
#2672 = CARTESIAN_POINT('',(-8.75922295338,8.075604446675,1.037809077647
    ));
#2673 = CARTESIAN_POINT('',(-8.508304155791,8.682966743743,
    1.037809077647));
#2674 = CARTESIAN_POINT('',(-8.36886943423,9.298543454983,1.037809077647
    ));
#2675 = CARTESIAN_POINT('',(-8.3598057339,9.9087495504,1.037809077647));
#2676 = CARTESIAN_POINT('',(-8.5,10.5,1.037809077647));
#2677 = CARTESIAN_POINT('',(-9.155583616035,10.388252792721,
    1.630908133308));
#2678 = CARTESIAN_POINT('',(-9.298111202732,10.964083387191,
    1.630908133308));
#2679 = CARTESIAN_POINT('',(-9.531972838717,11.52446583732,
    1.630908133308));
#2680 = CARTESIAN_POINT('',(-9.84994916077,12.067607771186,
    1.630908133308));
#2681 = CARTESIAN_POINT('',(-10.24532360968,12.585903404155,
    1.630908133308));
#2682 = CARTESIAN_POINT('',(-10.70767096483,13.070665599828,
    1.630908133308));
#2683 = CARTESIAN_POINT('',(-11.22444777004,13.51396565038,
    1.630908133308));
#2684 = CARTESIAN_POINT('',(-11.78349391057,13.908753921332,
    1.630908133308));
#2685 = CARTESIAN_POINT('',(-12.91040005127,14.559686967395,
    1.630908133308));
#2686 = CARTESIAN_POINT('',(-13.47119212641,14.823043172778,
    1.630908133308));
#2687 = CARTESIAN_POINT('',(-14.04600648982,15.031279063979,
    1.630908133308));
#2688 = CARTESIAN_POINT('',(-14.62722376291,15.177759235629,
    1.630908133308));
#2689 = CARTESIAN_POINT('',(-15.20616293124,15.256608600963,
    1.630908133308));
#2690 = CARTESIAN_POINT('',(-15.77535690243,15.26371749484,
    1.630908133308));
#2691 = CARTESIAN_POINT('',(-16.33090590044,15.196149828453,
    1.630908133308));
#2692 = CARTESIAN_POINT('',(-17.26709381864,14.938688907458,
    1.630908133308));
#2693 = CARTESIAN_POINT('',(-17.6593976062,14.785470069469,
    1.630908133308));
#2694 = CARTESIAN_POINT('',(-18.03904519298,14.590393887487,
    1.630908133308));
#2695 = CARTESIAN_POINT('',(-18.39678915531,14.35667966583,
    1.630908133308));
#2696 = CARTESIAN_POINT('',(-18.72378140361,14.08866983969,
    1.630908133308));
#2697 = CARTESIAN_POINT('',(-19.0120426447,13.791586797046,
    1.630908133308));
#2698 = CARTESIAN_POINT('',(-19.25496509881,13.470616204845,
    1.630908133308));
#2699 = CARTESIAN_POINT('',(-19.63115661234,12.804960461407,
    1.630908133308));
#2700 = CARTESIAN_POINT('',(-19.77526120671,12.453320088575,
    1.630908133308));
#2701 = CARTESIAN_POINT('',(-19.88099159969,12.078225228519,
    1.630908133308));
#2702 = CARTESIAN_POINT('',(-19.94805125894,11.68553961641,
    1.630908133308));
#2703 = CARTESIAN_POINT('',(-19.97634219639,11.282334602242,
    1.630908133308));
#2704 = CARTESIAN_POINT('',(-19.96665481409,10.876266074931,
    1.630908133308));
#2705 = CARTESIAN_POINT('',(-19.920723174,10.475154923312,1.630908133308
    ));
#2706 = CARTESIAN_POINT('',(-19.74934331471,9.64394526794,1.630908133308
    ));
#2707 = CARTESIAN_POINT('',(-19.61330186681,9.215009349665,
    1.630908133308));
#2708 = CARTESIAN_POINT('',(-19.43538207483,8.799262290271,
    1.630908133308));
#2709 = CARTESIAN_POINT('',(-19.21786982801,8.396890057075,
    1.630908133308));
#2710 = CARTESIAN_POINT('',(-18.96314373519,8.008803345834,
    1.630908133308));
#2711 = CARTESIAN_POINT('',(-18.67402063716,7.636413244033,
    1.630908133308));
#2712 = CARTESIAN_POINT('',(-18.35377907452,7.281344785272,
    1.630908133308));
#2713 = CARTESIAN_POINT('',(-17.6198799422,6.572045423109,1.630908133308
    ));
#2714 = CARTESIAN_POINT('',(-17.20274405032,6.22538494336,1.630908133308
    ));
#2715 = CARTESIAN_POINT('',(-16.76072000083,5.914291510779,
    1.630908133308));
#2716 = CARTESIAN_POINT('',(-16.30032998765,5.647059861448,
    1.630908133308));
#2717 = CARTESIAN_POINT('',(-15.82863577202,5.432190582657,
    1.630908133308));
#2718 = CARTESIAN_POINT('',(-15.35329479054,5.276590746871,
    1.630908133308));
#2719 = CARTESIAN_POINT('',(-14.88123998446,5.184350139664,
    1.630908133308));
#2720 = CARTESIAN_POINT('',(-13.9693028544,5.135886510151,1.630908133308
    ));
#2721 = CARTESIAN_POINT('',(-13.51820065125,5.172376341651,
    1.630908133308));
#2722 = CARTESIAN_POINT('',(-13.06324907722,5.266447117224,
    1.630908133308));
#2723 = CARTESIAN_POINT('',(-12.60840347714,5.416679341833,
    1.630908133308));
#2724 = CARTESIAN_POINT('',(-12.15895002051,5.62131729655,1.630908133308
    ));
#2725 = CARTESIAN_POINT('',(-11.72077283859,5.877573443203,
    1.630908133308));
#2726 = CARTESIAN_POINT('',(-11.29979243375,6.181740051759,
    1.630908133308));
#2727 = CARTESIAN_POINT('',(-10.44254193412,6.931679372754,
    1.630908133308));
#2728 = CARTESIAN_POINT('',(-10.01475638809,7.391225973693,
    1.630908133308));
#2729 = CARTESIAN_POINT('',(-9.64048412644,7.893805763491,1.630908133308
    ));
#2730 = CARTESIAN_POINT('',(-9.340489872251,8.417001204368,
    1.630908133308));
#2731 = CARTESIAN_POINT('',(-9.130274385105,8.955462689965,
    1.630908133308));
#2732 = CARTESIAN_POINT('',(-9.036128489188,9.465213487768,
    1.630908133308));
#2733 = CARTESIAN_POINT('',(-9.039462892152,9.938233790795,
    1.630908133308));
#2734 = CARTESIAN_POINT('',(-9.155583616035,10.388252792721,
    1.630908133308));
#2735 = CARTESIAN_POINT('',(-9.073271574506,10.402283254346,2.35));
#2736 = CARTESIAN_POINT('',(-9.217722138488,10.989395315559,2.35));
#2737 = CARTESIAN_POINT('',(-9.455115596796,11.559829627924,2.35));
#2738 = CARTESIAN_POINT('',(-9.777616909496,12.111304308317,2.35));
#2739 = CARTESIAN_POINT('',(-10.17783071092,12.63645396607,2.35));
#2740 = CARTESIAN_POINT('',(-10.64511861634,13.126967628267,2.35));
#2741 = CARTESIAN_POINT('',(-11.16698996132,13.575197525788,2.35));
#2742 = CARTESIAN_POINT('',(-11.73128929227,13.974264590484,2.35));
#2743 = CARTESIAN_POINT('',(-12.86883850722,14.63236719891,2.35));
#2744 = CARTESIAN_POINT('',(-13.43527540417,14.898904596219,2.35));
#2745 = CARTESIAN_POINT('',(-14.01644791072,15.11005733289,2.35));
#2746 = CARTESIAN_POINT('',(-14.60485598895,15.259098780126,2.35));
#2747 = CARTESIAN_POINT('',(-15.19207125916,15.339967165654,2.35));
#2748 = CARTESIAN_POINT('',(-15.77072684929,15.348144480665,2.35));
#2749 = CARTESIAN_POINT('',(-16.33657530791,15.280138943876,2.35));
#2750 = CARTESIAN_POINT('',(-17.29092438744,15.0190969944,2.35));
#2751 = CARTESIAN_POINT('',(-17.69041958092,14.863605951268,2.35));
#2752 = CARTESIAN_POINT('',(-18.07691952813,14.665583295499,2.35));
#2753 = CARTESIAN_POINT('',(-18.44132814889,14.42824549353,2.35));
#2754 = CARTESIAN_POINT('',(-18.77489855861,14.155791127556,2.35));
#2755 = CARTESIAN_POINT('',(-19.06964358701,13.853188249767,2.35));
#2756 = CARTESIAN_POINT('',(-19.31877537639,13.525372801843,2.35));
#2757 = CARTESIAN_POINT('',(-19.70572371607,12.843694215617,2.35));
#2758 = CARTESIAN_POINT('',(-19.85369083153,12.484128936334,2.35));
#2759 = CARTESIAN_POINT('',(-19.96203556639,12.101368439979,2.35));
#2760 = CARTESIAN_POINT('',(-20.03073356386,11.701397724067,2.35));
#2761 = CARTESIAN_POINT('',(-20.05993408314,11.291257778416,2.35));
#2762 = CARTESIAN_POINT('',(-20.05056323138,10.878500739765,2.35));
#2763 = CARTESIAN_POINT('',(-20.0043722941,10.470823028147,2.35));
#2764 = CARTESIAN_POINT('',(-19.8311440767,9.62556809946,2.35));
#2765 = CARTESIAN_POINT('',(-19.69337614124,9.189488057691,2.35));
#2766 = CARTESIAN_POINT('',(-19.51310260462,8.767146621519,2.35));
#2767 = CARTESIAN_POINT('',(-19.29279605034,8.358829666896,2.35));
#2768 = CARTESIAN_POINT('',(-19.03501014002,7.965456804669,2.35));
#2769 = CARTESIAN_POINT('',(-18.74268174487,7.588385210548,2.35));
#2770 = CARTESIAN_POINT('',(-18.41915146704,7.229159144271,2.35));
#2771 = CARTESIAN_POINT('',(-17.67822686546,6.51206007216,2.35));
#2772 = CARTESIAN_POINT('',(-17.25697937037,6.161458206016,2.35));
#2773 = CARTESIAN_POINT('',(-16.81028711108,5.846487323235,2.35));
#2774 = CARTESIAN_POINT('',(-16.34450031629,5.575457089883,2.35));
#2775 = CARTESIAN_POINT('',(-15.86644103647,5.356857177504,2.35));
#2776 = CARTESIAN_POINT('',(-15.38345220721,5.19778381716,2.35));
#2777 = CARTESIAN_POINT('',(-14.902243233,5.10286967851,2.35));
#2778 = CARTESIAN_POINT('',(-13.97014677833,5.051803021021,2.35));
#2779 = CARTESIAN_POINT('',(-13.50948722907,5.088419793296,2.35));
#2780 = CARTESIAN_POINT('',(-13.04568780739,5.183833843935,2.35));
#2781 = CARTESIAN_POINT('',(-12.58284113048,5.336296874058,2.35));
#2782 = CARTESIAN_POINT('',(-12.12620354801,5.543766575605,2.35));
#2783 = CARTESIAN_POINT('',(-11.6815542941,5.80329837172,2.35));
#2784 = CARTESIAN_POINT('',(-11.25470440739,6.11114302871,2.35));
#2785 = CARTESIAN_POINT('',(-10.38597577798,6.869777433867,2.35));
#2786 = CARTESIAN_POINT('',(-9.952632673233,7.334554956866,2.35));
#2787 = CARTESIAN_POINT('',(-9.572967324881,7.843111004969,2.35));
#2788 = CARTESIAN_POINT('',(-9.26750869091,8.374137009153,2.35));
#2789 = CARTESIAN_POINT('',(-9.052182684683,8.921249361424,2.35));
#2790 = CARTESIAN_POINT('',(-8.952350533639,9.444287170629,2.35));
#2791 = CARTESIAN_POINT('',(-8.954128288194,9.93453188617,2.35));
#2792 = CARTESIAN_POINT('',(-9.073271574506,10.402283254346,2.35));
#2793 = CARTESIAN_POINT('',(-8.5,10.5,2.35));
#2794 = CARTESIAN_POINT('',(-8.657843357989,11.165683119384,2.35));
#2795 = CARTESIAN_POINT('',(-8.919834594533,11.806124769481,2.35));
#2796 = CARTESIAN_POINT('',(-9.273850719214,12.415633810736,2.35));
#2797 = CARTESIAN_POINT('',(-9.707768741611,12.988519103597,2.35));
#2798 = CARTESIAN_POINT('',(-10.2094656713,13.519089508508,2.35));
#2799 = CARTESIAN_POINT('',(-10.76681851788,14.001653885915,2.35));
#2800 = CARTESIAN_POINT('',(-11.36770429092,14.430521096264,2.35));
#2801 = CARTESIAN_POINT('',(-12.57937840692,15.138556937148,2.35));
#2802 = CARTESIAN_POINT('',(-13.18512930731,15.427250107424,2.35));
#2803 = CARTESIAN_POINT('',(-13.81058382487,15.658717546099,2.35));
#2804 = CARTESIAN_POINT('',(-14.44907308332,15.825597288446,2.35));
#2805 = CARTESIAN_POINT('',(-15.09392820634,15.920527369737,2.35));
#2806 = CARTESIAN_POINT('',(-15.73848031766,15.936145825245,2.35));
#2807 = CARTESIAN_POINT('',(-16.37606054098,15.865090690242,2.35));
#2808 = CARTESIAN_POINT('',(-17.45689509407,15.579108260652,2.35));
#2809 = CARTESIAN_POINT('',(-17.90647565199,15.407792186376,2.35));
#2810 = CARTESIAN_POINT('',(-18.34069964269,15.189248478828,2.35));
#2811 = CARTESIAN_POINT('',(-18.75152503508,14.926673839665,2.35));
#2812 = CARTESIAN_POINT('',(-19.13090979809,14.623264970544,2.35));
#2813 = CARTESIAN_POINT('',(-19.47081190063,14.282218573122,2.35));
#2814 = CARTESIAN_POINT('',(-19.76318931163,13.906731349055,2.35));
#2815 = CARTESIAN_POINT('',(-20.22505479046,13.113459851968,2.35));
#2816 = CARTESIAN_POINT('',(-20.39992287335,12.698700660414,2.35));
#2817 = CARTESIAN_POINT('',(-20.52647548953,12.262551968247,2.35));
#2818 = CARTESIAN_POINT('',(-20.60658387986,11.811843318374,2.35));
#2819 = CARTESIAN_POINT('',(-20.64211928521,11.353404253704,2.35));
#2820 = CARTESIAN_POINT('',(-20.63495294644,10.894064317147,2.35));
#2821 = CARTESIAN_POINT('',(-20.58695610441,10.440653051609,2.35));
#2822 = CARTESIAN_POINT('',(-20.40085478667,9.497578219561,2.35));
#2823 = CARTESIAN_POINT('',(-20.25106253224,9.011742117228,2.35));
#2824 = CARTESIAN_POINT('',(-20.05439607345,8.543473394013,2.35));
#2825 = CARTESIAN_POINT('',(-19.81462824703,8.093753750922,2.35));
#2826 = CARTESIAN_POINT('',(-19.53553188973,7.663564888967,2.35));
#2827 = CARTESIAN_POINT('',(-19.2208798383,7.253888509155,2.35));
#2828 = CARTESIAN_POINT('',(-18.87444492947,6.865706312497,2.35));
#2829 = CARTESIAN_POINT('',(-18.08459064829,6.094285273395,2.35));
#2830 = CARTESIAN_POINT('',(-17.63470742501,5.716233173451,2.35));
#2831 = CARTESIAN_POINT('',(-17.15550288762,5.374257347781,2.35));
#2832 = CARTESIAN_POINT('',(-16.65212959358,5.076771443998,2.35));
#2833 = CARTESIAN_POINT('',(-16.12974010034,4.832189109715,2.35));
#2834 = CARTESIAN_POINT('',(-15.59348696536,4.648923992546,2.35));
#2835 = CARTESIAN_POINT('',(-15.04852274609,4.535389740103,2.35));
#2836 = CARTESIAN_POINT('',(-13.97602438251,4.466193998234,2.35));
#2837 = CARTESIAN_POINT('',(-13.44880160929,4.503694863977,2.35));
#2838 = CARTESIAN_POINT('',(-12.92338034642,4.608464306584,2.35));
#2839 = CARTESIAN_POINT('',(-12.40480925997,4.776464035411,2.35));
#2840 = CARTESIAN_POINT('',(-11.89813701603,5.003655759811,2.35));
#2841 = CARTESIAN_POINT('',(-11.40841228067,5.28600118914,2.35));
#2842 = CARTESIAN_POINT('',(-10.94068371996,5.619462032751,2.35));
#2843 = CARTESIAN_POINT('',(-9.992014350308,6.43865434044,2.35));
#2844 = CARTESIAN_POINT('',(-9.519964995839,6.939863215029,2.35));
#2845 = CARTESIAN_POINT('',(-9.102738881796,7.490041593772,2.35));
#2846 = CARTESIAN_POINT('',(-8.75922295338,8.075604446674,2.35));
#2847 = CARTESIAN_POINT('',(-8.508304155791,8.682966743743,2.35));
#2848 = CARTESIAN_POINT('',(-8.36886943423,9.298543454983,2.35));
#2849 = CARTESIAN_POINT('',(-8.3598057339,9.9087495504,2.35));
#2850 = CARTESIAN_POINT('',(-8.5,10.5,2.35));
#2851 = DEFINITIONAL_REPRESENTATION('',(#2852),#3100);
#2852 = B_SPLINE_CURVE_WITH_KNOTS('',8,(#2853,#2854,#2855,#2856,#2857,
    #2858,#2859,#2860,#2861,#2862,#2863,#2864,#2865,#2866,#2867,#2868,
    #2869,#2870,#2871,#2872,#2873,#2874,#2875,#2876,#2877,#2878,#2879,
    #2880,#2881,#2882,#2883,#2884,#2885,#2886,#2887,#2888,#2889,#2890,
    #2891,#2892,#2893,#2894,#2895,#2896,#2897,#2898,#2899,#2900,#2901,
    #2902,#2903,#2904,#2905,#2906,#2907,#2908,#2909,#2910,#2911,#2912,
    #2913,#2914,#2915,#2916,#2917,#2918,#2919,#2920,#2921,#2922,#2923,
    #2924,#2925,#2926,#2927,#2928,#2929,#2930,#2931,#2932,#2933,#2934,
    #2935,#2936,#2937,#2938,#2939,#2940,#2941,#2942,#2943,#2944,#2945,
    #2946,#2947,#2948,#2949,#2950,#2951,#2952,#2953,#2954,#2955,#2956,
    #2957,#2958,#2959,#2960,#2961,#2962,#2963,#2964,#2965,#2966,#2967,
    #2968,#2969,#2970,#2971,#2972,#2973,#2974,#2975,#2976,#2977,#2978,
    #2979,#2980,#2981,#2982,#2983,#2984,#2985,#2986,#2987,#2988,#2989,
    #2990,#2991,#2992,#2993,#2994,#2995,#2996,#2997,#2998,#2999,#3000,
    #3001,#3002,#3003,#3004,#3005,#3006,#3007,#3008,#3009,#3010,#3011,
    #3012,#3013,#3014,#3015,#3016,#3017,#3018,#3019,#3020,#3021,#3022,
    #3023,#3024,#3025,#3026,#3027,#3028,#3029,#3030,#3031,#3032,#3033,
    #3034,#3035,#3036,#3037,#3038,#3039,#3040,#3041,#3042,#3043,#3044,
    #3045,#3046,#3047,#3048,#3049,#3050,#3051,#3052,#3053,#3054,#3055,
    #3056,#3057,#3058,#3059,#3060,#3061,#3062,#3063,#3064,#3065,#3066,
    #3067,#3068,#3069,#3070,#3071,#3072,#3073,#3074,#3075,#3076,#3077,
    #3078,#3079,#3080,#3081,#3082,#3083,#3084,#3085,#3086,#3087,#3088,
    #3089,#3090,#3091,#3092,#3093,#3094,#3095,#3096,#3097,#3098,#3099),
  .UNSPECIFIED.,.F.,.F.,(9,7,7,7,7,7,7,7,7,7,7,7,7,7,7,7,7,7,7,7,7,7,7,7
    ,7,7,7,7,7,7,7,7,7,7,7,9),(0.,5.330132207662E-02,0.10419500623,
    0.129335502988,0.142428571273,0.155518564098,0.235604109865,
    0.266380827807,0.28228068368,0.290243317377,0.298219327434,
    0.324276560681,0.37859409699,0.39065335513,0.396682983736,
    0.4037200573,0.433814670773,0.4949045231,0.502882127248,
    0.559343017975,0.587080400245,0.600996647731,0.607963938079,
    0.614935835046,0.696783042035,0.718549851239,0.729411949734,
    0.740275855511,0.790729938726,0.828870560132,0.848210649772,
    0.85741687732,0.86764591389,0.929028383898,0.954186543705,1.),
  .UNSPECIFIED.);
#2853 = CARTESIAN_POINT('',(1.571514235749,0.));
#2854 = CARTESIAN_POINT('',(1.571514235749,0.240394385336));
#2855 = CARTESIAN_POINT('',(1.571514235749,0.481049165202));
#2856 = CARTESIAN_POINT('',(1.571514235749,0.721758425856));
#2857 = CARTESIAN_POINT('',(1.571514235749,0.962351493887));
#2858 = CARTESIAN_POINT('',(1.571514235749,1.202691120162));
#2859 = CARTESIAN_POINT('',(1.571514235749,1.442673408294));
#2860 = CARTESIAN_POINT('',(1.571514235749,1.682229487632));
#2861 = CARTESIAN_POINT('',(1.571514235749,2.1496281749));
#2862 = CARTESIAN_POINT('',(1.571514235749,2.377503466515));
#2863 = CARTESIAN_POINT('',(1.571514235749,2.604937653131));
#2864 = CARTESIAN_POINT('',(1.571514235749,2.831926826162));
#2865 = CARTESIAN_POINT('',(1.571514235749,3.058482081962));
#2866 = CARTESIAN_POINT('',(1.571514235749,3.284631282864));
#2867 = CARTESIAN_POINT('',(1.571514235749,3.510420818212));
#2868 = CARTESIAN_POINT('',(1.571514235749,3.847308303352));
#2869 = CARTESIAN_POINT('',(1.571514235749,3.958625987492));
#2870 = CARTESIAN_POINT('',(1.571514235749,4.069877417082));
#2871 = CARTESIAN_POINT('',(1.571514235749,4.181070102512));
#2872 = CARTESIAN_POINT('',(1.571514235749,4.292212065302));
#2873 = CARTESIAN_POINT('',(1.571514235749,4.403311838106));
#2874 = CARTESIAN_POINT('',(1.571514235749,4.514378464707));
#2875 = CARTESIAN_POINT('',(1.571514235749,4.683252260408));
#2876 = CARTESIAN_POINT('',(1.571514235749,4.74107658392));
#2877 = CARTESIAN_POINT('',(1.571514235749,4.79889580516));
#2878 = CARTESIAN_POINT('',(1.571514235749,4.856711281037));
#2879 = CARTESIAN_POINT('',(1.571514235749,4.914524390775));
#2880 = CARTESIAN_POINT('',(1.571514235749,4.972336535904));
#2881 = CARTESIAN_POINT('',(1.571514235749,5.030149140269));
#2882 = CARTESIAN_POINT('',(1.571514235749,5.1457645796));
#2883 = CARTESIAN_POINT('',(1.571514235749,5.203567091522));
#2884 = CARTESIAN_POINT('',(1.571514235749,5.261374845697));
#2885 = CARTESIAN_POINT('',(1.571514235749,5.319182133627));
#2886 = CARTESIAN_POINT('',(1.571514235749,5.377004370986));
#2887 = CARTESIAN_POINT('',(1.571514235749,5.434825057421));
#2888 = CARTESIAN_POINT('',(1.571514235749,5.492661470208));
#2889 = CARTESIAN_POINT('',(1.571514235749,5.904401694792));
#2890 = CARTESIAN_POINT('',(1.571514235749,6.258410810427));
#2891 = CARTESIAN_POINT('',(1.571514235749,6.61289245035));
#2892 = CARTESIAN_POINT('',(1.571514235749,6.968080783281));
#2893 = CARTESIAN_POINT('',(1.571514235749,7.324096597227));
#2894 = CARTESIAN_POINT('',(1.571514235749,7.680961057136));
#2895 = CARTESIAN_POINT('',(1.571514235749,8.038611466196));
#2896 = CARTESIAN_POINT('',(1.571514235749,8.534615924135));
#2897 = CARTESIAN_POINT('',(1.571514235749,8.672398503183));
#2898 = CARTESIAN_POINT('',(1.571514235749,8.810253715392));
#2899 = CARTESIAN_POINT('',(1.571514235749,8.948164813639));
#2900 = CARTESIAN_POINT('',(1.571514235749,9.08611136236));
#2901 = CARTESIAN_POINT('',(1.571514235749,9.224069243677));
#2902 = CARTESIAN_POINT('',(1.571514235749,9.362010663517));
#2903 = CARTESIAN_POINT('',(1.571514235749,9.571142640286));
#2904 = CARTESIAN_POINT('',(1.571514235749,9.642368263716));
#2905 = CARTESIAN_POINT('',(1.571514235749,9.713576614773));
#2906 = CARTESIAN_POINT('',(1.571514235749,9.784763022819));
#2907 = CARTESIAN_POINT('',(1.571514235749,9.855922559837));
#2908 = CARTESIAN_POINT('',(1.571514235749,9.927050040434));
#2909 = CARTESIAN_POINT('',(1.571514235749,9.998140021838));
#2910 = CARTESIAN_POINT('',(1.571514235749,10.104766969241));
#2911 = CARTESIAN_POINT('',(1.571514235749,10.140347134667));
#2912 = CARTESIAN_POINT('',(1.571514235749,10.175927300097));
#2913 = CARTESIAN_POINT('',(1.571514235749,10.211507465489));
#2914 = CARTESIAN_POINT('',(1.571514235749,10.247087630832));
#2915 = CARTESIAN_POINT('',(1.571514235749,10.282667796151));
#2916 = CARTESIAN_POINT('',(1.571514235749,10.318247961501));
#2917 = CARTESIAN_POINT('',(1.571514235749,10.389468063256));
#2918 = CARTESIAN_POINT('',(1.571514235749,10.425093299345));
#2919 = CARTESIAN_POINT('',(1.571514235749,10.460701942021));
#2920 = CARTESIAN_POINT('',(1.571514235749,10.496292661759));
#2921 = CARTESIAN_POINT('',(1.571514235749,10.531864692724));
#2922 = CARTESIAN_POINT('',(1.571514235749,10.567417832778));
#2923 = CARTESIAN_POINT('',(1.571514235749,10.602952443472));
#2924 = CARTESIAN_POINT('',(1.571514235749,10.754501766726));
#2925 = CARTESIAN_POINT('',(1.571514235749,10.870395983307));
#2926 = CARTESIAN_POINT('',(1.571514235749,10.986164136945));
#2927 = CARTESIAN_POINT('',(1.571514235749,11.101818340484));
#2928 = CARTESIAN_POINT('',(1.571514235749,11.217371017998));
#2929 = CARTESIAN_POINT('',(1.571514235749,11.332835140341));
#2930 = CARTESIAN_POINT('',(1.571514235749,11.448224460683));
#2931 = CARTESIAN_POINT('',(1.571514235749,11.803963113692));
#2932 = CARTESIAN_POINT('',(1.571514235749,12.044074542297));
#2933 = CARTESIAN_POINT('',(1.571514235749,12.284060701889));
#2934 = CARTESIAN_POINT('',(1.571514235749,12.524037926165));
#2935 = CARTESIAN_POINT('',(1.571514235749,12.764079004115));
#2936 = CARTESIAN_POINT('',(1.571514235749,13.004224326978));
#2937 = CARTESIAN_POINT('',(1.571514235749,13.244491394551));
#2938 = CARTESIAN_POINT('',(1.571514235749,13.538252932376));
#2939 = CARTESIAN_POINT('',(1.571514235749,13.591623181283));
#2940 = CARTESIAN_POINT('',(1.571514235749,13.644993428081));
#2941 = CARTESIAN_POINT('',(1.571514235749,13.698363673531));
#2942 = CARTESIAN_POINT('',(1.571514235749,13.751733918635));
#2943 = CARTESIAN_POINT('',(1.571514235749,13.805104164631));
#2944 = CARTESIAN_POINT('',(1.571514235749,13.858474412999));
#2945 = CARTESIAN_POINT('',(1.571514235749,13.938529789626));
#2946 = CARTESIAN_POINT('',(1.571514235749,13.96521491369));
#2947 = CARTESIAN_POINT('',(1.571514235749,13.991900037674));
#2948 = CARTESIAN_POINT('',(1.571514235749,14.018585161614));
#2949 = CARTESIAN_POINT('',(1.571514235749,14.045270285548));
#2950 = CARTESIAN_POINT('',(1.571514235749,14.071955409518));
#2951 = CARTESIAN_POINT('',(1.571514235749,14.098640533572));
#2952 = CARTESIAN_POINT('',(1.571514235749,14.156469397164));
#2953 = CARTESIAN_POINT('',(1.571514235749,14.187613280173));
#2954 = CARTESIAN_POINT('',(1.571514235749,14.218752993462));
#2955 = CARTESIAN_POINT('',(1.571514235749,14.24988634896));
#2956 = CARTESIAN_POINT('',(1.571514235749,14.281013283846));
#2957 = CARTESIAN_POINT('',(1.571514235749,14.312135860557));
#2958 = CARTESIAN_POINT('',(1.571514235749,14.343258266779));
#2959 = CARTESIAN_POINT('',(1.571514235749,14.507510568083));
#2960 = CARTESIAN_POINT('',(1.571514235749,14.640791049793));
#2961 = CARTESIAN_POINT('',(1.571514235749,14.774184639839));
#2962 = CARTESIAN_POINT('',(1.571514235749,14.907654124899));
#2963 = CARTESIAN_POINT('',(1.571514235749,15.041169069938));
#2964 = CARTESIAN_POINT('',(1.571514235749,15.174706189068));
#2965 = CARTESIAN_POINT('',(1.571514235749,15.308249716419));
#2966 = CARTESIAN_POINT('',(1.571514235749,15.712872339888));
#2967 = CARTESIAN_POINT('',(1.571514235749,15.983872193473));
#2968 = CARTESIAN_POINT('',(1.571514235749,16.254815589701));
#2969 = CARTESIAN_POINT('',(1.571514235749,16.525753505748));
#2970 = CARTESIAN_POINT('',(1.571514235749,16.796775214142));
#2971 = CARTESIAN_POINT('',(1.571514235749,17.068024447308));
#2972 = CARTESIAN_POINT('',(1.571514235749,17.339720156551));
#2973 = CARTESIAN_POINT('',(1.571514235749,17.647762106321));
#2974 = CARTESIAN_POINT('',(1.571514235749,17.683342583446));
#2975 = CARTESIAN_POINT('',(1.571514235749,17.718922897168));
#2976 = CARTESIAN_POINT('',(1.571514235749,17.754502864418));
#2977 = CARTESIAN_POINT('',(1.571514235749,17.790082518733));
#2978 = CARTESIAN_POINT('',(1.571514235749,17.825662110257));
#2979 = CARTESIAN_POINT('',(1.571514235749,17.861242105743));
#2980 = CARTESIAN_POINT('',(1.571514235749,18.1486456143));
#2981 = CARTESIAN_POINT('',(1.571514235749,18.401388791631));
#2982 = CARTESIAN_POINT('',(1.571514235749,18.65479287915));
#2983 = CARTESIAN_POINT('',(1.571514235749,18.908633905508));
#2984 = CARTESIAN_POINT('',(1.571514235749,19.162718153813));
#2985 = CARTESIAN_POINT('',(1.571514235749,19.416878819769));
#2986 = CARTESIAN_POINT('',(1.571514235749,19.670974943562));
#2987 = CARTESIAN_POINT('',(1.571514235749,20.049634032779));
#2988 = CARTESIAN_POINT('',(1.571514235749,20.174335060666));
#2989 = CARTESIAN_POINT('',(1.571514235749,20.298983751483));
#2990 = CARTESIAN_POINT('',(1.571514235749,20.423569763538));
#2991 = CARTESIAN_POINT('',(1.571514235749,20.548084376232));
#2992 = CARTESIAN_POINT('',(1.571514235749,20.672520505188));
#2993 = CARTESIAN_POINT('',(1.571514235749,20.79687271738));
#2994 = CARTESIAN_POINT('',(1.571514235749,20.983482564957));
#2995 = CARTESIAN_POINT('',(1.571514235749,21.045805780365));
#2996 = CARTESIAN_POINT('',(1.571514235749,21.108106400371));
#2997 = CARTESIAN_POINT('',(1.571514235749,21.170384021666));
#2998 = CARTESIAN_POINT('',(1.571514235749,21.232638329746));
#2999 = CARTESIAN_POINT('',(1.571514235749,21.294869098904));
#3000 = CARTESIAN_POINT('',(1.571514235749,21.357076192237));
#3001 = CARTESIAN_POINT('',(1.571514235749,21.45039220641));
#3002 = CARTESIAN_POINT('',(1.571514235749,21.481524851129));
#3003 = CARTESIAN_POINT('',(1.571514235749,21.512657495817));
#3004 = CARTESIAN_POINT('',(1.571514235749,21.54379014049));
#3005 = CARTESIAN_POINT('',(1.571514235749,21.574922785163));
#3006 = CARTESIAN_POINT('',(1.571514235749,21.606055429852));
#3007 = CARTESIAN_POINT('',(1.571514235749,21.637188074572));
#3008 = CARTESIAN_POINT('',(1.571514235749,21.699473948323));
#3009 = CARTESIAN_POINT('',(1.571514235749,21.730621056494));
#3010 = CARTESIAN_POINT('',(1.571514235749,21.76176233035));
#3011 = CARTESIAN_POINT('',(1.571514235749,21.792897923029));
#3012 = CARTESIAN_POINT('',(1.571514235749,21.824027854304));
#3013 = CARTESIAN_POINT('',(1.571514235749,21.85515201059));
#3014 = CARTESIAN_POINT('',(1.571514235749,21.886270144936));
#3015 = CARTESIAN_POINT('',(1.571514235749,22.282620834034));
#3016 = CARTESIAN_POINT('',(1.571514235749,22.646468124779));
#3017 = CARTESIAN_POINT('',(1.571514235749,23.009789971897));
#3018 = CARTESIAN_POINT('',(1.571514235749,23.373218361509));
#3019 = CARTESIAN_POINT('',(1.571514235749,23.737199066089));
#3020 = CARTESIAN_POINT('',(1.571514235749,24.102029847428));
#3021 = CARTESIAN_POINT('',(1.571514235749,24.467901630435));
#3022 = CARTESIAN_POINT('',(1.571514235749,24.932571356141));
#3023 = CARTESIAN_POINT('',(1.571514235749,25.030259664619));
#3024 = CARTESIAN_POINT('',(1.571514235749,25.128018985725));
#3025 = CARTESIAN_POINT('',(1.571514235749,25.22584627402));
#3026 = CARTESIAN_POINT('',(1.571514235749,25.323736874719));
#3027 = CARTESIAN_POINT('',(1.571514235749,25.421684581495));
#3028 = CARTESIAN_POINT('',(1.571514235749,25.519681694276));
#3029 = CARTESIAN_POINT('',(1.571514235749,25.666641806046));
#3030 = CARTESIAN_POINT('',(1.571514235749,25.715564534021));
#3031 = CARTESIAN_POINT('',(1.571514235749,25.764487260951));
#3032 = CARTESIAN_POINT('',(1.571514235749,25.813409987061));
#3033 = CARTESIAN_POINT('',(1.571514235749,25.862332712817));
#3034 = CARTESIAN_POINT('',(1.571514235749,25.911255438929));
#3035 = CARTESIAN_POINT('',(1.571514235749,25.960178166351));
#3036 = CARTESIAN_POINT('',(1.571514235749,26.05803176618));
#3037 = CARTESIAN_POINT('',(1.571514235749,26.106961451723));
#3038 = CARTESIAN_POINT('',(1.571514235749,26.155901609872));
#3039 = CARTESIAN_POINT('',(1.571514235749,26.204822095431));
#3040 = CARTESIAN_POINT('',(1.571514235749,26.253745279983));
#3041 = CARTESIAN_POINT('',(1.571514235749,26.302679632471));
#3042 = CARTESIAN_POINT('',(1.571514235749,26.351575086015));
#3043 = CARTESIAN_POINT('',(1.571514235749,26.627619222347));
#3044 = CARTESIAN_POINT('',(1.571514235749,26.855039640021));
#3045 = CARTESIAN_POINT('',(1.571514235749,27.082520478493));
#3046 = CARTESIAN_POINT('',(1.571514235749,27.309870042771));
#3047 = CARTESIAN_POINT('',(1.571514235749,27.536924531522));
#3048 = CARTESIAN_POINT('',(1.571514235749,27.763546105078));
#3049 = CARTESIAN_POINT('',(1.571514235749,27.989622922851));
#3050 = CARTESIAN_POINT('',(1.571514235749,28.385498099468));
#3051 = CARTESIAN_POINT('',(1.571514235749,28.555567415318));
#3052 = CARTESIAN_POINT('',(1.571514235749,28.725247732495));
#3053 = CARTESIAN_POINT('',(1.571514235749,28.894513241159));
#3054 = CARTESIAN_POINT('',(1.571514235749,29.063343901173));
#3055 = CARTESIAN_POINT('',(1.571514235749,29.23172565645));
#3056 = CARTESIAN_POINT('',(1.571514235749,29.399650649295));
#3057 = CARTESIAN_POINT('',(1.571514235749,29.652035365386));
#3058 = CARTESIAN_POINT('',(1.571514235749,29.736835045781));
#3059 = CARTESIAN_POINT('',(1.571514235749,29.821516033533));
#3060 = CARTESIAN_POINT('',(1.571514235749,29.906078107356));
#3061 = CARTESIAN_POINT('',(1.571514235749,29.99052126709));
#3062 = CARTESIAN_POINT('',(1.571514235749,30.074845733703));
#3063 = CARTESIAN_POINT('',(1.571514235749,30.15905194929));
#3064 = CARTESIAN_POINT('',(1.571514235749,30.283168263396));
#3065 = CARTESIAN_POINT('',(1.571514235749,30.323195949512));
#3066 = CARTESIAN_POINT('',(1.571514235749,30.363223635468));
#3067 = CARTESIAN_POINT('',(1.571514235749,30.403251321326));
#3068 = CARTESIAN_POINT('',(1.571514235749,30.443279007164));
#3069 = CARTESIAN_POINT('',(1.571514235749,30.483306693071));
#3070 = CARTESIAN_POINT('',(1.571514235749,30.523334379155));
#3071 = CARTESIAN_POINT('',(1.571514235749,30.607836815443));
#3072 = CARTESIAN_POINT('',(1.571514235749,30.652312713762));
#3073 = CARTESIAN_POINT('',(1.571514235749,30.696788283692));
#3074 = CARTESIAN_POINT('',(1.571514235749,30.741263006586));
#3075 = CARTESIAN_POINT('',(1.571514235749,30.785737481961));
#3076 = CARTESIAN_POINT('',(1.571514235749,30.830212807821));
#3077 = CARTESIAN_POINT('',(1.571514235749,30.874689181262));
#3078 = CARTESIAN_POINT('',(1.571514235749,31.186046820587));
#3079 = CARTESIAN_POINT('',(1.571514235749,31.45198318454));
#3080 = CARTESIAN_POINT('',(1.571514235749,31.717566790844));
#3081 = CARTESIAN_POINT('',(1.571514235749,31.983254920858));
#3082 = CARTESIAN_POINT('',(1.571514235749,32.249439576093));
#3083 = CARTESIAN_POINT('',(1.571514235749,32.51644723329));
#3084 = CARTESIAN_POINT('',(1.571514235749,32.784537801006));
#3085 = CARTESIAN_POINT('',(1.571514235749,33.164404355936));
#3086 = CARTESIAN_POINT('',(1.571514235749,33.275044659975));
#3087 = CARTESIAN_POINT('',(1.571514235749,33.385905463448));
#3088 = CARTESIAN_POINT('',(1.571514235749,33.496991151052));
#3089 = CARTESIAN_POINT('',(1.571514235749,33.608300220573));
#3090 = CARTESIAN_POINT('',(1.571514235749,33.719825920135));
#3091 = CARTESIAN_POINT('',(1.571514235749,33.831556885454));
#3092 = CARTESIAN_POINT('',(1.571514235749,34.1472877106));
#3093 = CARTESIAN_POINT('',(1.571514235749,34.351763136505));
#3094 = CARTESIAN_POINT('',(1.571514235749,34.556772901188));
#3095 = CARTESIAN_POINT('',(1.571514235749,34.762099512852));
#3096 = CARTESIAN_POINT('',(1.571514235749,34.967458456317));
#3097 = CARTESIAN_POINT('',(1.571514235749,35.172520596801));
#3098 = CARTESIAN_POINT('',(1.571514235749,35.376911986128));
#3099 = CARTESIAN_POINT('',(1.571514235749,35.58016538479));
#3100 = ( GEOMETRIC_REPRESENTATION_CONTEXT(2) 
PARAMETRIC_REPRESENTATION_CONTEXT() REPRESENTATION_CONTEXT('2D SPACE',''
  ) );
#3101 = FACE_BOUND('',#3102,.T.);
#3102 = EDGE_LOOP('',(#3103));
#3103 = ORIENTED_EDGE('',*,*,#3104,.F.);
#3104 = EDGE_CURVE('',#3105,#3105,#3107,.T.);
#3105 = VERTEX_POINT('',#3106);
#3106 = CARTESIAN_POINT('',(-9.219052498069,15.,2.));
#3107 = SURFACE_CURVE('',#3108,(#3113,#3120),.PCURVE_S1.);
#3108 = CIRCLE('',#3109,0.580947501931);
#3109 = AXIS2_PLACEMENT_3D('',#3110,#3111,#3112);
#3110 = CARTESIAN_POINT('',(-9.8,15.,2.));
#3111 = DIRECTION('',(0.,0.,1.));
#3112 = DIRECTION('',(1.,0.,-0.));
#3113 = PCURVE('',#222,#3114);
#3114 = DEFINITIONAL_REPRESENTATION('',(#3115),#3119);
#3115 = CIRCLE('',#3116,0.580947501931);
#3116 = AXIS2_PLACEMENT_2D('',#3117,#3118);
#3117 = CARTESIAN_POINT('',(-10.8,15.));
#3118 = DIRECTION('',(1.,0.));
#3119 = ( GEOMETRIC_REPRESENTATION_CONTEXT(2) 
PARAMETRIC_REPRESENTATION_CONTEXT() REPRESENTATION_CONTEXT('2D SPACE',''
  ) );
#3120 = PCURVE('',#3121,#3126);
#3121 = SPHERICAL_SURFACE('',#3122,0.6);
#3122 = AXIS2_PLACEMENT_3D('',#3123,#3124,#3125);
#3123 = CARTESIAN_POINT('',(-9.8,15.,1.85));
#3124 = DIRECTION('',(0.,0.,1.));
#3125 = DIRECTION('',(1.,0.,-0.));
#3126 = DEFINITIONAL_REPRESENTATION('',(#3127),#3131);
#3127 = LINE('',#3128,#3129);
#3128 = CARTESIAN_POINT('',(0.,0.252680255142));
#3129 = VECTOR('',#3130,1.);
#3130 = DIRECTION('',(1.,0.));
#3131 = ( GEOMETRIC_REPRESENTATION_CONTEXT(2) 
PARAMETRIC_REPRESENTATION_CONTEXT() REPRESENTATION_CONTEXT('2D SPACE',''
  ) );
#3132 = FACE_BOUND('',#3133,.T.);
#3133 = EDGE_LOOP('',(#3134));
#3134 = ORIENTED_EDGE('',*,*,#3135,.F.);
#3135 = EDGE_CURVE('',#3136,#3136,#3138,.T.);
#3136 = VERTEX_POINT('',#3137);
#3137 = CARTESIAN_POINT('',(-7.219052498069,12.8,2.));
#3138 = SURFACE_CURVE('',#3139,(#3144,#3151),.PCURVE_S1.);
#3139 = CIRCLE('',#3140,0.580947501931);
#3140 = AXIS2_PLACEMENT_3D('',#3141,#3142,#3143);
#3141 = CARTESIAN_POINT('',(-7.8,12.8,2.));
#3142 = DIRECTION('',(0.,0.,1.));
#3143 = DIRECTION('',(1.,0.,-0.));
#3144 = PCURVE('',#222,#3145);
#3145 = DEFINITIONAL_REPRESENTATION('',(#3146),#3150);
#3146 = CIRCLE('',#3147,0.580947501931);
#3147 = AXIS2_PLACEMENT_2D('',#3148,#3149);
#3148 = CARTESIAN_POINT('',(-8.8,12.8));
#3149 = DIRECTION('',(1.,0.));
#3150 = ( GEOMETRIC_REPRESENTATION_CONTEXT(2) 
PARAMETRIC_REPRESENTATION_CONTEXT() REPRESENTATION_CONTEXT('2D SPACE',''
  ) );
#3151 = PCURVE('',#3152,#3157);
#3152 = SPHERICAL_SURFACE('',#3153,0.6);
#3153 = AXIS2_PLACEMENT_3D('',#3154,#3155,#3156);
#3154 = CARTESIAN_POINT('',(-7.8,12.8,1.85));
#3155 = DIRECTION('',(0.,0.,1.));
#3156 = DIRECTION('',(1.,0.,-0.));
#3157 = DEFINITIONAL_REPRESENTATION('',(#3158),#3162);
#3158 = LINE('',#3159,#3160);
#3159 = CARTESIAN_POINT('',(0.,0.252680255142));
#3160 = VECTOR('',#3161,1.);
#3161 = DIRECTION('',(1.,0.));
#3162 = ( GEOMETRIC_REPRESENTATION_CONTEXT(2) 
PARAMETRIC_REPRESENTATION_CONTEXT() REPRESENTATION_CONTEXT('2D SPACE',''
  ) );
#3163 = ADVANCED_FACE('',(#3164),#258,.F.);
#3164 = FACE_BOUND('',#3165,.F.);
#3165 = EDGE_LOOP('',(#3166,#3232,#3269,#3350,#3351,#3352,#3353,#3463));
#3166 = ORIENTED_EDGE('',*,*,#3167,.F.);
#3167 = EDGE_CURVE('',#3168,#3170,#3172,.T.);
#3168 = VERTEX_POINT('',#3169);
#3169 = CARTESIAN_POINT('',(-1.39174362046,4.783987555986,0.));
#3170 = VERTEX_POINT('',#3171);
#3171 = CARTESIAN_POINT('',(-2.223014782578,-4.641576762437,0.));
#3172 = SURFACE_CURVE('',#3173,(#3195,#3202),.PCURVE_S1.);
#3173 = B_SPLINE_CURVE_WITH_KNOTS('',3,(#3174,#3175,#3176,#3177,#3178,
    #3179,#3180,#3181,#3182,#3183,#3184,#3185,#3186,#3187,#3188,#3189,
    #3190,#3191,#3192,#3193,#3194),.UNSPECIFIED.,.T.,.F.,(1,1,2,1,1,1,1,
    1,1,1,1,1,1,1,1,1,1,1,1,1,2,1,1),(-9.405124837953,-5.5,0.,
    5.590169943749,12.801272494677,18.904550302544,23.929488113105,
    28.646478679133,33.389895169386,38.133311659638,43.448384566006,
    47.479513440155,51.384638278108,56.532453348602,61.06014591767,
    65.669918146317,70.169918146317,75.484991052684,81.315942947529,
    85.221067785483,90.721067785483,96.311237729232,103.52234028016),
  .UNSPECIFIED.);
#3174 = CARTESIAN_POINT('',(0.313449792475,1.411246697963,0.));
#3175 = CARTESIAN_POINT('',(-1.326785923753,4.614800174014,0.));
#3176 = CARTESIAN_POINT('',(-3.164985726709,8.541326224595,0.));
#3177 = CARTESIAN_POINT('',(-6.404419339551,13.998094077675,0.));
#3178 = CARTESIAN_POINT('',(-11.45226329686,17.799104122556,0.));
#3179 = CARTESIAN_POINT('',(-17.00141238269,18.609367950186,0.));
#3180 = CARTESIAN_POINT('',(-21.46370884342,15.856499465331,0.));
#3181 = CARTESIAN_POINT('',(-23.08797775159,10.973803107681,0.));
#3182 = CARTESIAN_POINT('',(-21.11105229875,6.049006017216,0.));
#3183 = CARTESIAN_POINT('',(-18.04887369087,3.003867390766,0.));
#3184 = CARTESIAN_POINT('',(-11.79392289085,1.339500959798,0.));
#3185 = CARTESIAN_POINT('',(-16.89992009581,-2.372159919037,0.));
#3186 = CARTESIAN_POINT('',(-18.8542662923,-6.066379066075,0.));
#3187 = CARTESIAN_POINT('',(-18.59679942774,-11.33410893125,0.));
#3188 = CARTESIAN_POINT('',(-14.71429477854,-14.51601410093,0.));
#3189 = CARTESIAN_POINT('',(-9.475713382922,-14.53228988698,0.));
#3190 = CARTESIAN_POINT('',(-5.52482893446,-10.52027121564,0.));
#3191 = CARTESIAN_POINT('',(-3.772340498469,-5.754856291952,0.));
#3192 = CARTESIAN_POINT('',(0.393027234357,-2.479245755433,0.));
#3193 = CARTESIAN_POINT('',(0.313449792475,1.411246697963,0.));
#3194 = CARTESIAN_POINT('',(-1.326785923753,4.614800174014,0.));
#3195 = PCURVE('',#258,#3196);
#3196 = DEFINITIONAL_REPRESENTATION('',(#3197),#3201);
#3197 = LINE('',#3198,#3199);
#3198 = CARTESIAN_POINT('',(0.,0.));
#3199 = VECTOR('',#3200,1.);
#3200 = DIRECTION('',(1.,0.));
#3201 = ( GEOMETRIC_REPRESENTATION_CONTEXT(2) 
PARAMETRIC_REPRESENTATION_CONTEXT() REPRESENTATION_CONTEXT('2D SPACE',''
  ) );
#3202 = PCURVE('',#3203,#3208);
#3203 = PLANE('',#3204);
#3204 = AXIS2_PLACEMENT_3D('',#3205,#3206,#3207);
#3205 = CARTESIAN_POINT('',(-11.84968230307,2.216882614944,0.));
#3206 = DIRECTION('',(0.,0.,1.));
#3207 = DIRECTION('',(1.,0.,-0.));
#3208 = DEFINITIONAL_REPRESENTATION('',(#3209),#3231);
#3209 = B_SPLINE_CURVE_WITH_KNOTS('',3,(#3210,#3211,#3212,#3213,#3214,
    #3215,#3216,#3217,#3218,#3219,#3220,#3221,#3222,#3223,#3224,#3225,
    #3226,#3227,#3228,#3229,#3230),.UNSPECIFIED.,.F.,.F.,(1,1,2,1,1,1,1,
    1,1,1,1,1,1,1,1,1,1,1,1,1,2,1,1),(-9.405124837953,-5.5,0.,
    5.590169943749,12.801272494677,18.904550302544,23.929488113105,
    28.646478679133,33.389895169386,38.133311659638,43.448384566006,
    47.479513440155,51.384638278108,56.532453348602,61.06014591767,
    65.669918146317,70.169918146317,75.484991052684,81.315942947529,
    85.221067785483,90.721067785483,96.311237729232,103.52234028016),
  .UNSPECIFIED.);
#3210 = CARTESIAN_POINT('',(12.163132095553,-0.80563591698));
#3211 = CARTESIAN_POINT('',(10.522896379325,2.39791755907));
#3212 = CARTESIAN_POINT('',(8.684696576369,6.324443609651));
#3213 = CARTESIAN_POINT('',(5.445262963527,11.781211462732));
#3214 = CARTESIAN_POINT('',(0.397419006218,15.582221507612));
#3215 = CARTESIAN_POINT('',(-5.15173007962,16.392485335243));
#3216 = CARTESIAN_POINT('',(-9.614026540347,13.639616850387));
#3217 = CARTESIAN_POINT('',(-11.23829544852,8.756920492737));
#3218 = CARTESIAN_POINT('',(-9.261369995676,3.832123402272));
#3219 = CARTESIAN_POINT('',(-6.199191387794,0.786984775823));
#3220 = CARTESIAN_POINT('',(5.575941222162E-02,-0.877381655146));
#3221 = CARTESIAN_POINT('',(-5.050237792739,-4.589042533981));
#3222 = CARTESIAN_POINT('',(-7.004583989223,-8.283261681019));
#3223 = CARTESIAN_POINT('',(-6.747117124671,-13.5509915462));
#3224 = CARTESIAN_POINT('',(-2.864612475469,-16.73289671587));
#3225 = CARTESIAN_POINT('',(2.373968920156,-16.74917250192));
#3226 = CARTESIAN_POINT('',(6.324853368619,-12.73715383058));
#3227 = CARTESIAN_POINT('',(8.077341804609,-7.971738906896));
#3228 = CARTESIAN_POINT('',(12.242709537435,-4.696128370377));
#3229 = CARTESIAN_POINT('',(12.163132095553,-0.80563591698));
#3230 = CARTESIAN_POINT('',(10.522896379325,2.39791755907));
#3231 = ( GEOMETRIC_REPRESENTATION_CONTEXT(2) 
PARAMETRIC_REPRESENTATION_CONTEXT() REPRESENTATION_CONTEXT('2D SPACE',''
  ) );
#3232 = ORIENTED_EDGE('',*,*,#3233,.F.);
#3233 = EDGE_CURVE('',#3234,#3168,#3236,.T.);
#3234 = VERTEX_POINT('',#3235);
#3235 = CARTESIAN_POINT('',(-1.39174362046,4.783987555986,1.));
#3236 = SURFACE_CURVE('',#3237,(#3244,#3254),.PCURVE_S1.);
#3237 = B_SPLINE_CURVE_WITH_KNOTS('',5,(#3238,#3239,#3240,#3241,#3242,
    #3243),.UNSPECIFIED.,.F.,.F.,(6,6),(0.,1.),
  .PIECEWISE_BEZIER_KNOTS.);
#3238 = CARTESIAN_POINT('',(-1.39174362046,4.783987555986,1.0000006));
#3239 = CARTESIAN_POINT('',(-1.39174362046,4.783987555986,0.850179427675
    ));
#3240 = CARTESIAN_POINT('',(-1.39174362046,4.783987555986,0.609741495651
    ));
#3241 = CARTESIAN_POINT('',(-1.39174362046,4.783987555986,0.390380444274
    ));
#3242 = CARTESIAN_POINT('',(-1.39174362046,4.783987555986,0.209946819566
    ));
#3243 = CARTESIAN_POINT('',(-1.39174362046,4.783987555986,-6.E-07));
#3244 = PCURVE('',#258,#3245);
#3245 = DEFINITIONAL_REPRESENTATION('',(#3246),#3253);
#3246 = B_SPLINE_CURVE_WITH_KNOTS('',5,(#3247,#3248,#3249,#3250,#3251,
    #3252),.UNSPECIFIED.,.F.,.F.,(6,6),(0.,1.),
  .PIECEWISE_BEZIER_KNOTS.);
#3247 = CARTESIAN_POINT('',(2.021278260391,-1.0000006));
#3248 = CARTESIAN_POINT('',(2.021278260391,-0.850179427675));
#3249 = CARTESIAN_POINT('',(2.021278260391,-0.609741495651));
#3250 = CARTESIAN_POINT('',(2.021278260391,-0.390380444274));
#3251 = CARTESIAN_POINT('',(2.021278260391,-0.209946819566));
#3252 = CARTESIAN_POINT('',(2.021278260391,5.999999999062E-07));
#3253 = ( GEOMETRIC_REPRESENTATION_CONTEXT(2) 
PARAMETRIC_REPRESENTATION_CONTEXT() REPRESENTATION_CONTEXT('2D SPACE',''
  ) );
#3254 = PCURVE('',#3255,#3260);
#3255 = CYLINDRICAL_SURFACE('',#3256,4.8);
#3256 = AXIS2_PLACEMENT_3D('',#3257,#3258,#3259);
#3257 = CARTESIAN_POINT('',(-1.,0.,-1.));
#3258 = DIRECTION('',(-0.,-0.,-1.));
#3259 = DIRECTION('',(1.,0.,0.));
#3260 = DEFINITIONAL_REPRESENTATION('',(#3261),#3268);
#3261 = B_SPLINE_CURVE_WITH_KNOTS('',5,(#3262,#3263,#3264,#3265,#3266,
    #3267),.UNSPECIFIED.,.F.,.F.,(6,6),(0.,1.),
  .PIECEWISE_BEZIER_KNOTS.);
#3262 = CARTESIAN_POINT('',(-1.652500454249,-2.0000006));
#3263 = CARTESIAN_POINT('',(-1.652500454249,-1.850179427675));
#3264 = CARTESIAN_POINT('',(-1.652500454249,-1.609741495651));
#3265 = CARTESIAN_POINT('',(-1.652500454249,-1.390380444274));
#3266 = CARTESIAN_POINT('',(-1.652500454249,-1.209946819566));
#3267 = CARTESIAN_POINT('',(-1.652500454249,-0.9999994));
#3268 = ( GEOMETRIC_REPRESENTATION_CONTEXT(2) 
PARAMETRIC_REPRESENTATION_CONTEXT() REPRESENTATION_CONTEXT('2D SPACE',''
  ) );
#3269 = ORIENTED_EDGE('',*,*,#3270,.T.);
#3270 = EDGE_CURVE('',#3234,#239,#3271,.T.);
#3271 = SURFACE_CURVE('',#3272,(#3296,#3323),.PCURVE_S1.);
#3272 = B_SPLINE_CURVE_WITH_KNOTS('',8,(#3273,#3274,#3275,#3276,#3277,
    #3278,#3279,#3280,#3281,#3282,#3283,#3284,#3285,#3286,#3287,#3288,
    #3289,#3290,#3291,#3292,#3293,#3294,#3295),.UNSPECIFIED.,.F.,.F.,(9,
    7,7,9),(0.,0.558555628954,0.818757381581,1.),.UNSPECIFIED.);
#3273 = CARTESIAN_POINT('',(-5.8,12.568402320351,1.));
#3274 = CARTESIAN_POINT('',(-5.399990114722,12.041201668079,1.));
#3275 = CARTESIAN_POINT('',(-5.019178797558,11.499384481166,1.));
#3276 = CARTESIAN_POINT('',(-4.655693092188,10.944992186128,1.));
#3277 = CARTESIAN_POINT('',(-4.307520992762,10.37999699029,1.));
#3278 = CARTESIAN_POINT('',(-3.972572262441,9.806259103689,1.));
#3279 = CARTESIAN_POINT('',(-3.648715565069,9.225500848311,1.));
#3280 = CARTESIAN_POINT('',(-3.333791910009,8.639297654675,1.));
#3281 = CARTESIAN_POINT('',(-2.882036028646,7.774137286875,1.));
#3282 = CARTESIAN_POINT('',(-2.739930910951,7.498328485907,1.));
#3283 = CARTESIAN_POINT('',(-2.599112270772,7.221822057131,1.));
#3284 = CARTESIAN_POINT('',(-2.459426807379,6.944783657055,1.));
#3285 = CARTESIAN_POINT('',(-2.320692229762,6.667369202085,1.));
#3286 = CARTESIAN_POINT('',(-2.182754300315,6.389740529584,1.));
#3287 = CARTESIAN_POINT('',(-2.045439591613,6.112054030334,1.));
#3288 = CARTESIAN_POINT('',(-1.813253403292,5.641116901868,1.));
#3289 = CARTESIAN_POINT('',(-1.718146999815,5.447814905341,1.));
#3290 = CARTESIAN_POINT('',(-1.623205363837,5.25461591686,1.));
#3291 = CARTESIAN_POINT('',(-1.528371490788,5.061574008756,1.));
#3292 = CARTESIAN_POINT('',(-1.433588119866,4.868743829284,1.));
#3293 = CARTESIAN_POINT('',(-1.33879759959,4.676180730934,1.));
#3294 = CARTESIAN_POINT('',(-1.243941753353,4.483940898734,1.));
#3295 = CARTESIAN_POINT('',(-1.148961744984,4.29208147856,1.));
#3296 = PCURVE('',#258,#3297);
#3297 = DEFINITIONAL_REPRESENTATION('',(#3298),#3322);
#3298 = B_SPLINE_CURVE_WITH_KNOTS('',8,(#3299,#3300,#3301,#3302,#3303,
    #3304,#3305,#3306,#3307,#3308,#3309,#3310,#3311,#3312,#3313,#3314,
    #3315,#3316,#3317,#3318,#3319,#3320,#3321),.UNSPECIFIED.,.F.,.F.,(9,
    7,7,9),(0.,0.558555628954,0.818757381581,1.),.UNSPECIFIED.);
#3299 = CARTESIAN_POINT('',(10.931644306769,-1.));
#3300 = CARTESIAN_POINT('',(10.268866994807,-1.));
#3301 = CARTESIAN_POINT('',(9.606247395197,-1.));
#3302 = CARTESIAN_POINT('',(8.944154944878,-1.));
#3303 = CARTESIAN_POINT('',(8.282819336736,-1.));
#3304 = CARTESIAN_POINT('',(7.622334987601,-1.));
#3305 = CARTESIAN_POINT('',(6.962663317286,-1.));
#3306 = CARTESIAN_POINT('',(6.303632838659,-1.));
#3307 = CARTESIAN_POINT('',(5.338085265489,-1.));
#3308 = CARTESIAN_POINT('',(5.031321308635,-1.));
#3309 = CARTESIAN_POINT('',(4.72459073662,-1.));
#3310 = CARTESIAN_POINT('',(4.417822105397,-1.));
#3311 = CARTESIAN_POINT('',(4.110963729356,-1.));
#3312 = CARTESIAN_POINT('',(3.803942126317,-1.));
#3313 = CARTESIAN_POINT('',(3.49669509443,-1.));
#3314 = CARTESIAN_POINT('',(2.97493410449,-1.));
#3315 = CARTESIAN_POINT('',(2.760573207685,-1.));
#3316 = CARTESIAN_POINT('',(2.546046268098,-1.));
#3317 = CARTESIAN_POINT('',(2.331330070052,-1.));
#3318 = CARTESIAN_POINT('',(2.116401267093,-1.));
#3319 = CARTESIAN_POINT('',(1.901236326045,-1.));
#3320 = CARTESIAN_POINT('',(1.685811471077,-1.));
#3321 = CARTESIAN_POINT('',(1.470102627762,-1.));
#3322 = ( GEOMETRIC_REPRESENTATION_CONTEXT(2) 
PARAMETRIC_REPRESENTATION_CONTEXT() REPRESENTATION_CONTEXT('2D SPACE',''
  ) );
#3323 = PCURVE('',#309,#3324);
#3324 = DEFINITIONAL_REPRESENTATION('',(#3325),#3349);
#3325 = B_SPLINE_CURVE_WITH_KNOTS('',8,(#3326,#3327,#3328,#3329,#3330,
    #3331,#3332,#3333,#3334,#3335,#3336,#3337,#3338,#3339,#3340,#3341,
    #3342,#3343,#3344,#3345,#3346,#3347,#3348),.UNSPECIFIED.,.F.,.F.,(9,
    7,7,9),(0.,0.558555628954,0.818757381581,1.),.UNSPECIFIED.);
#3326 = CARTESIAN_POINT('',(-4.8,12.568402320351));
#3327 = CARTESIAN_POINT('',(-4.399990114722,12.041201668079));
#3328 = CARTESIAN_POINT('',(-4.019178797558,11.499384481166));
#3329 = CARTESIAN_POINT('',(-3.655693092188,10.944992186128));
#3330 = CARTESIAN_POINT('',(-3.307520992762,10.37999699029));
#3331 = CARTESIAN_POINT('',(-2.972572262441,9.806259103689));
#3332 = CARTESIAN_POINT('',(-2.648715565069,9.225500848311));
#3333 = CARTESIAN_POINT('',(-2.333791910009,8.639297654675));
#3334 = CARTESIAN_POINT('',(-1.882036028646,7.774137286875));
#3335 = CARTESIAN_POINT('',(-1.739930910951,7.498328485907));
#3336 = CARTESIAN_POINT('',(-1.599112270772,7.221822057131));
#3337 = CARTESIAN_POINT('',(-1.459426807379,6.944783657055));
#3338 = CARTESIAN_POINT('',(-1.320692229762,6.667369202085));
#3339 = CARTESIAN_POINT('',(-1.182754300315,6.389740529584));
#3340 = CARTESIAN_POINT('',(-1.045439591613,6.112054030334));
#3341 = CARTESIAN_POINT('',(-0.813253403292,5.641116901868));
#3342 = CARTESIAN_POINT('',(-0.718146999815,5.447814905341));
#3343 = CARTESIAN_POINT('',(-0.623205363837,5.25461591686));
#3344 = CARTESIAN_POINT('',(-0.528371490788,5.061574008756));
#3345 = CARTESIAN_POINT('',(-0.433588119866,4.868743829284));
#3346 = CARTESIAN_POINT('',(-0.33879759959,4.676180730934));
#3347 = CARTESIAN_POINT('',(-0.243941753353,4.483940898734));
#3348 = CARTESIAN_POINT('',(-0.148961744984,4.29208147856));
#3349 = ( GEOMETRIC_REPRESENTATION_CONTEXT(2) 
PARAMETRIC_REPRESENTATION_CONTEXT() REPRESENTATION_CONTEXT('2D SPACE',''
  ) );
#3350 = ORIENTED_EDGE('',*,*,#238,.F.);
#3351 = ORIENTED_EDGE('',*,*,#693,.T.);
#3352 = ORIENTED_EDGE('',*,*,#543,.T.);
#3353 = ORIENTED_EDGE('',*,*,#3354,.T.);
#3354 = EDGE_CURVE('',#516,#3355,#3357,.T.);
#3355 = VERTEX_POINT('',#3356);
#3356 = CARTESIAN_POINT('',(-2.223014782578,-4.641576762437,1.));
#3357 = SURFACE_CURVE('',#3358,(#3391,#3427),.PCURVE_S1.);
#3358 = B_SPLINE_CURVE_WITH_KNOTS('',6,(#3359,#3360,#3361,#3362,#3363,
    #3364,#3365,#3366,#3367,#3368,#3369,#3370,#3371,#3372,#3373,#3374,
    #3375,#3376,#3377,#3378,#3379,#3380,#3381,#3382,#3383,#3384,#3385,
    #3386,#3387,#3388,#3389,#3390),.UNSPECIFIED.,.F.,.F.,(7,5,5,5,5,5,7)
  ,(0.,0.130974917846,0.196462376769,0.272864292159,0.57806937342,
    0.797263690581,1.),.UNSPECIFIED.);
#3359 = CARTESIAN_POINT('',(-1.629031609825,-4.015992130786,1.));
#3360 = CARTESIAN_POINT('',(-1.740771385182,-4.137055413598,1.));
#3361 = CARTESIAN_POINT('',(-1.853986459267,-4.256992337166,1.));
#3362 = CARTESIAN_POINT('',(-1.968117489555,-4.376185936205,1.));
#3363 = CARTESIAN_POINT('',(-2.082605133523,-4.495019245431,1.));
#3364 = CARTESIAN_POINT('',(-2.196890048646,-4.613875299558,1.));
#3365 = CARTESIAN_POINT('',(-2.367174314277,-4.792768050175,1.));
#3366 = CARTESIAN_POINT('',(-2.423745218312,-4.852500411952,1.));
#3367 = CARTESIAN_POINT('',(-2.480055686689,-4.912382097972,1.));
#3368 = CARTESIAN_POINT('',(-2.536035801592,-4.972460987575,1.));
#3369 = CARTESIAN_POINT('',(-2.591615645207,-5.032784960101,1.));
#3370 = CARTESIAN_POINT('',(-2.711019795646,-5.164121541046,1.));
#3371 = CARTESIAN_POINT('',(-2.774676706898,-5.235238580443,1.));
#3372 = CARTESIAN_POINT('',(-2.837580114473,-5.306832151695,1.));
#3373 = CARTESIAN_POINT('',(-2.89961830693,-5.378978629337,1.));
#3374 = CARTESIAN_POINT('',(-2.960683780388,-5.451751623828,1.));
#3375 = CARTESIAN_POINT('',(-3.26031497202,-5.818716279205,1.));
#3376 = CARTESIAN_POINT('',(-3.483886915294,-6.123859626102,1.));
#3377 = CARTESIAN_POINT('',(-3.693597290401,-6.43848188904,1.));
#3378 = CARTESIAN_POINT('',(-3.89216255672,-6.760426003788,1.));
#3379 = CARTESIAN_POINT('',(-4.08243694445,-7.087779149343,1.));
#3380 = CARTESIAN_POINT('',(-4.400180019901,-7.656723875742,1.));
#3381 = CARTESIAN_POINT('',(-4.530223632668,-7.896462338815,1.));
#3382 = CARTESIAN_POINT('',(-4.658582339842,-8.137507925027,1.));
#3383 = CARTESIAN_POINT('',(-4.786332761725,-8.379259396808,1.));
#3384 = CARTESIAN_POINT('',(-4.914542857981,-8.621131748109,1.));
#3385 = CARTESIAN_POINT('',(-5.164260407017,-9.085853522996,1.));
#3386 = CARTESIAN_POINT('',(-5.285543059704,-9.30875682565,1.));
#3387 = CARTESIAN_POINT('',(-5.408956076966,-9.530813614067,1.));
#3388 = CARTESIAN_POINT('',(-5.535315949807,-9.751548451751,1.));
#3389 = CARTESIAN_POINT('',(-5.665412181477,-9.970466676678,1.));
#3390 = CARTESIAN_POINT('',(-5.8,-10.18705811395,1.));
#3391 = PCURVE('',#258,#3392);
#3392 = DEFINITIONAL_REPRESENTATION('',(#3393),#3426);
#3393 = B_SPLINE_CURVE_WITH_KNOTS('',6,(#3394,#3395,#3396,#3397,#3398,
    #3399,#3400,#3401,#3402,#3403,#3404,#3405,#3406,#3407,#3408,#3409,
    #3410,#3411,#3412,#3413,#3414,#3415,#3416,#3417,#3418,#3419,#3420,
    #3421,#3422,#3423,#3424,#3425),.UNSPECIFIED.,.F.,.F.,(7,5,5,5,5,5,7)
  ,(0.,0.130974917846,0.196462376769,0.272864292159,0.57806937342,
    0.797263690581,1.),.UNSPECIFIED.);
#3394 = CARTESIAN_POINT('',(83.329601274547,-1.));
#3395 = CARTESIAN_POINT('',(83.165882277254,-1.));
#3396 = CARTESIAN_POINT('',(83.00216327996,-1.));
#3397 = CARTESIAN_POINT('',(82.838444282667,-1.));
#3398 = CARTESIAN_POINT('',(82.674725285373,-1.));
#3399 = CARTESIAN_POINT('',(82.51100628808,-1.));
#3400 = CARTESIAN_POINT('',(82.265427792139,-1.));
#3401 = CARTESIAN_POINT('',(82.183568293492,-1.));
#3402 = CARTESIAN_POINT('',(82.101708794846,-1.));
#3403 = CARTESIAN_POINT('',(82.019849296199,-1.));
#3404 = CARTESIAN_POINT('',(81.937989797552,-1.));
#3405 = CARTESIAN_POINT('',(81.760627700511,-1.));
#3406 = CARTESIAN_POINT('',(81.665124939612,-1.));
#3407 = CARTESIAN_POINT('',(81.569622069431,-1.));
#3408 = CARTESIAN_POINT('',(81.474119174722,-1.));
#3409 = CARTESIAN_POINT('',(81.378616371766,-1.));
#3410 = CARTESIAN_POINT('',(80.901606781088,-1.));
#3411 = CARTESIAN_POINT('',(80.519054389868,-1.));
#3412 = CARTESIAN_POINT('',(80.136305357896,-1.));
#3413 = CARTESIAN_POINT('',(79.753923343441,-1.));
#3414 = CARTESIAN_POINT('',(79.372178017076,-1.));
#3415 = CARTESIAN_POINT('',(78.717325117949,-1.));
#3416 = CARTESIAN_POINT('',(78.44394720553,-1.));
#3417 = CARTESIAN_POINT('',(78.170920153768,-1.));
#3418 = CARTESIAN_POINT('',(77.898240224976,-1.));
#3419 = CARTESIAN_POINT('',(77.625893899023,-1.));
#3420 = CARTESIAN_POINT('',(77.102247427443,-1.));
#3421 = CARTESIAN_POINT('',(76.85091443894,-1.));
#3422 = CARTESIAN_POINT('',(76.59984359889,-1.));
#3423 = CARTESIAN_POINT('',(76.349049239747,-1.));
#3424 = CARTESIAN_POINT('',(76.098574841642,-1.));
#3425 = CARTESIAN_POINT('',(75.84849253866,-1.));
#3426 = ( GEOMETRIC_REPRESENTATION_CONTEXT(2) 
PARAMETRIC_REPRESENTATION_CONTEXT() REPRESENTATION_CONTEXT('2D SPACE',''
  ) );
#3427 = PCURVE('',#309,#3428);
#3428 = DEFINITIONAL_REPRESENTATION('',(#3429),#3462);
#3429 = B_SPLINE_CURVE_WITH_KNOTS('',6,(#3430,#3431,#3432,#3433,#3434,
    #3435,#3436,#3437,#3438,#3439,#3440,#3441,#3442,#3443,#3444,#3445,
    #3446,#3447,#3448,#3449,#3450,#3451,#3452,#3453,#3454,#3455,#3456,
    #3457,#3458,#3459,#3460,#3461),.UNSPECIFIED.,.F.,.F.,(7,5,5,5,5,5,7)
  ,(0.,0.130974917846,0.196462376769,0.272864292159,0.57806937342,
    0.797263690581,1.),.UNSPECIFIED.);
#3430 = CARTESIAN_POINT('',(-0.629031609825,-4.015992130786));
#3431 = CARTESIAN_POINT('',(-0.740771385182,-4.137055413598));
#3432 = CARTESIAN_POINT('',(-0.853986459267,-4.256992337166));
#3433 = CARTESIAN_POINT('',(-0.968117489555,-4.376185936205));
#3434 = CARTESIAN_POINT('',(-1.082605133523,-4.495019245431));
#3435 = CARTESIAN_POINT('',(-1.196890048646,-4.613875299558));
#3436 = CARTESIAN_POINT('',(-1.367174314277,-4.792768050175));
#3437 = CARTESIAN_POINT('',(-1.423745218312,-4.852500411952));
#3438 = CARTESIAN_POINT('',(-1.480055686689,-4.912382097972));
#3439 = CARTESIAN_POINT('',(-1.536035801592,-4.972460987575));
#3440 = CARTESIAN_POINT('',(-1.591615645207,-5.032784960101));
#3441 = CARTESIAN_POINT('',(-1.711019795646,-5.164121541046));
#3442 = CARTESIAN_POINT('',(-1.774676706898,-5.235238580443));
#3443 = CARTESIAN_POINT('',(-1.837580114473,-5.306832151695));
#3444 = CARTESIAN_POINT('',(-1.89961830693,-5.378978629337));
#3445 = CARTESIAN_POINT('',(-1.960683780388,-5.451751623828));
#3446 = CARTESIAN_POINT('',(-2.26031497202,-5.818716279205));
#3447 = CARTESIAN_POINT('',(-2.483886915294,-6.123859626102));
#3448 = CARTESIAN_POINT('',(-2.693597290401,-6.43848188904));
#3449 = CARTESIAN_POINT('',(-2.89216255672,-6.760426003788));
#3450 = CARTESIAN_POINT('',(-3.08243694445,-7.087779149343));
#3451 = CARTESIAN_POINT('',(-3.400180019901,-7.656723875742));
#3452 = CARTESIAN_POINT('',(-3.530223632668,-7.896462338815));
#3453 = CARTESIAN_POINT('',(-3.658582339842,-8.137507925027));
#3454 = CARTESIAN_POINT('',(-3.786332761725,-8.379259396808));
#3455 = CARTESIAN_POINT('',(-3.914542857981,-8.621131748109));
#3456 = CARTESIAN_POINT('',(-4.164260407017,-9.085853522996));
#3457 = CARTESIAN_POINT('',(-4.285543059704,-9.30875682565));
#3458 = CARTESIAN_POINT('',(-4.408956076966,-9.530813614067));
#3459 = CARTESIAN_POINT('',(-4.535315949807,-9.751548451751));
#3460 = CARTESIAN_POINT('',(-4.665412181477,-9.970466676678));
#3461 = CARTESIAN_POINT('',(-4.8,-10.18705811395));
#3462 = ( GEOMETRIC_REPRESENTATION_CONTEXT(2) 
PARAMETRIC_REPRESENTATION_CONTEXT() REPRESENTATION_CONTEXT('2D SPACE',''
  ) );
#3463 = ORIENTED_EDGE('',*,*,#3464,.T.);
#3464 = EDGE_CURVE('',#3355,#3170,#3465,.T.);
#3465 = SURFACE_CURVE('',#3466,(#3473,#3483),.PCURVE_S1.);
#3466 = B_SPLINE_CURVE_WITH_KNOTS('',5,(#3467,#3468,#3469,#3470,#3471,
    #3472),.UNSPECIFIED.,.F.,.F.,(6,6),(0.,1.),
  .PIECEWISE_BEZIER_KNOTS.);
#3467 = CARTESIAN_POINT('',(-2.223014782578,-4.641576762437,1.0000006));
#3468 = CARTESIAN_POINT('',(-2.223014782578,-4.641576762437,
    0.850179427675));
#3469 = CARTESIAN_POINT('',(-2.223014782578,-4.641576762437,
    0.609741495651));
#3470 = CARTESIAN_POINT('',(-2.223014782578,-4.641576762437,
    0.390380444274));
#3471 = CARTESIAN_POINT('',(-2.223014782578,-4.641576762437,
    0.209946819566));
#3472 = CARTESIAN_POINT('',(-2.223014782578,-4.641576762437,-6.E-07));
#3473 = PCURVE('',#258,#3474);
#3474 = DEFINITIONAL_REPRESENTATION('',(#3475),#3482);
#3475 = B_SPLINE_CURVE_WITH_KNOTS('',5,(#3476,#3477,#3478,#3479,#3480,
    #3481),.UNSPECIFIED.,.F.,.F.,(6,6),(0.,1.),
  .PIECEWISE_BEZIER_KNOTS.);
#3476 = CARTESIAN_POINT('',(82.47309352707,-1.0000006));
#3477 = CARTESIAN_POINT('',(82.47309352707,-0.850179427675));
#3478 = CARTESIAN_POINT('',(82.47309352707,-0.609741495651));
#3479 = CARTESIAN_POINT('',(82.47309352707,-0.390380444274));
#3480 = CARTESIAN_POINT('',(82.47309352707,-0.209946819566));
#3481 = CARTESIAN_POINT('',(82.47309352707,5.999999999062E-07));
#3482 = ( GEOMETRIC_REPRESENTATION_CONTEXT(2) 
PARAMETRIC_REPRESENTATION_CONTEXT() REPRESENTATION_CONTEXT('2D SPACE',''
  ) );
#3483 = PCURVE('',#3255,#3484);
#3484 = DEFINITIONAL_REPRESENTATION('',(#3485),#3492);
#3485 = B_SPLINE_CURVE_WITH_KNOTS('',5,(#3486,#3487,#3488,#3489,#3490,
    #3491),.UNSPECIFIED.,.F.,.F.,(6,6),(0.,1.),
  .PIECEWISE_BEZIER_KNOTS.);
#3486 = CARTESIAN_POINT('',(-4.454753542326,-2.0000006));
#3487 = CARTESIAN_POINT('',(-4.454753542326,-1.850179427675));
#3488 = CARTESIAN_POINT('',(-4.454753542326,-1.609741495651));
#3489 = CARTESIAN_POINT('',(-4.454753542326,-1.390380444274));
#3490 = CARTESIAN_POINT('',(-4.454753542326,-1.209946819566));
#3491 = CARTESIAN_POINT('',(-4.454753542326,-0.9999994));
#3492 = ( GEOMETRIC_REPRESENTATION_CONTEXT(2) 
PARAMETRIC_REPRESENTATION_CONTEXT() REPRESENTATION_CONTEXT('2D SPACE',''
  ) );
#3493 = ADVANCED_FACE('',(#3494,#3606,#3706),#309,.F.);
#3494 = FACE_BOUND('',#3495,.F.);
#3495 = EDGE_LOOP('',(#3496,#3497,#3498,#3499,#3500,#3522,#3523,#3524,
    #3548,#3605));
#3496 = ORIENTED_EDGE('',*,*,#603,.F.);
#3497 = ORIENTED_EDGE('',*,*,#666,.T.);
#3498 = ORIENTED_EDGE('',*,*,#292,.F.);
#3499 = ORIENTED_EDGE('',*,*,#3270,.F.);
#3500 = ORIENTED_EDGE('',*,*,#3501,.T.);
#3501 = EDGE_CURVE('',#3234,#3355,#3502,.T.);
#3502 = SURFACE_CURVE('',#3503,(#3508,#3515),.PCURVE_S1.);
#3503 = CIRCLE('',#3504,4.8);
#3504 = AXIS2_PLACEMENT_3D('',#3505,#3506,#3507);
#3505 = CARTESIAN_POINT('',(-1.,0.,1.));
#3506 = DIRECTION('',(0.,0.,1.));
#3507 = DIRECTION('',(1.,0.,0.));
#3508 = PCURVE('',#309,#3509);
#3509 = DEFINITIONAL_REPRESENTATION('',(#3510),#3514);
#3510 = CIRCLE('',#3511,4.8);
#3511 = AXIS2_PLACEMENT_2D('',#3512,#3513);
#3512 = CARTESIAN_POINT('',(4.440892098501E-16,-8.893987308214E-17));
#3513 = DIRECTION('',(1.,0.));
#3514 = ( GEOMETRIC_REPRESENTATION_CONTEXT(2) 
PARAMETRIC_REPRESENTATION_CONTEXT() REPRESENTATION_CONTEXT('2D SPACE',''
  ) );
#3515 = PCURVE('',#3255,#3516);
#3516 = DEFINITIONAL_REPRESENTATION('',(#3517),#3521);
#3517 = LINE('',#3518,#3519);
#3518 = CARTESIAN_POINT('',(-0.,-2.));
#3519 = VECTOR('',#3520,1.);
#3520 = DIRECTION('',(-1.,0.));
#3521 = ( GEOMETRIC_REPRESENTATION_CONTEXT(2) 
PARAMETRIC_REPRESENTATION_CONTEXT() REPRESENTATION_CONTEXT('2D SPACE',''
  ) );
#3522 = ORIENTED_EDGE('',*,*,#3354,.F.);
#3523 = ORIENTED_EDGE('',*,*,#515,.F.);
#3524 = ORIENTED_EDGE('',*,*,#3525,.T.);
#3525 = EDGE_CURVE('',#490,#3526,#3528,.T.);
#3526 = VERTEX_POINT('',#3527);
#3527 = CARTESIAN_POINT('',(1.629031609825,-4.015992130786,1.));
#3528 = SURFACE_CURVE('',#3529,(#3534,#3541),.PCURVE_S1.);
#3529 = CIRCLE('',#3530,4.8);
#3530 = AXIS2_PLACEMENT_3D('',#3531,#3532,#3533);
#3531 = CARTESIAN_POINT('',(-1.,0.,1.));
#3532 = DIRECTION('',(0.,0.,1.));
#3533 = DIRECTION('',(1.,0.,0.));
#3534 = PCURVE('',#309,#3535);
#3535 = DEFINITIONAL_REPRESENTATION('',(#3536),#3540);
#3536 = CIRCLE('',#3537,4.8);
#3537 = AXIS2_PLACEMENT_2D('',#3538,#3539);
#3538 = CARTESIAN_POINT('',(4.440892098501E-16,-8.893987308214E-17));
#3539 = DIRECTION('',(1.,0.));
#3540 = ( GEOMETRIC_REPRESENTATION_CONTEXT(2) 
PARAMETRIC_REPRESENTATION_CONTEXT() REPRESENTATION_CONTEXT('2D SPACE',''
  ) );
#3541 = PCURVE('',#504,#3542);
#3542 = DEFINITIONAL_REPRESENTATION('',(#3543),#3547);
#3543 = LINE('',#3544,#3545);
#3544 = CARTESIAN_POINT('',(-0.,-2.));
#3545 = VECTOR('',#3546,1.);
#3546 = DIRECTION('',(-1.,0.));
#3547 = ( GEOMETRIC_REPRESENTATION_CONTEXT(2) 
PARAMETRIC_REPRESENTATION_CONTEXT() REPRESENTATION_CONTEXT('2D SPACE',''
  ) );
#3548 = ORIENTED_EDGE('',*,*,#3549,.F.);
#3549 = EDGE_CURVE('',#375,#3526,#3550,.T.);
#3550 = SURFACE_CURVE('',#3551,(#3573,#3598),.PCURVE_S1.);
#3551 = B_SPLINE_CURVE_WITH_KNOTS('',3,(#3552,#3553,#3554,#3555,#3556,
    #3557,#3558,#3559,#3560,#3561,#3562,#3563,#3564,#3565,#3566,#3567,
    #3568,#3569,#3570,#3571,#3572),.UNSPECIFIED.,.T.,.F.,(1,1,2,1,1,1,1,
    1,1,1,1,1,1,1,1,1,1,1,1,1,2,1,1),(-9.405124837953,-5.5,0.,
    5.590169943749,12.801272494677,18.904550302544,23.929488113105,
    28.646478679133,33.389895169386,38.133311659638,43.448384566006,
    47.479513440155,51.384638278108,56.532453348602,61.06014591767,
    65.669918146317,70.169918146317,75.484991052684,81.315942947529,
    85.221067785483,90.721067785483,96.311237729232,103.52234028016),
  .UNSPECIFIED.);
#3552 = CARTESIAN_POINT('',(-0.313449792475,1.411246697963,1.));
#3553 = CARTESIAN_POINT('',(1.326785923753,4.614800174014,1.));
#3554 = CARTESIAN_POINT('',(3.164985726709,8.541326224595,1.));
#3555 = CARTESIAN_POINT('',(6.404419339551,13.998094077675,1.));
#3556 = CARTESIAN_POINT('',(11.45226329686,17.799104122556,1.));
#3557 = CARTESIAN_POINT('',(17.001412382698,18.609367950186,1.));
#3558 = CARTESIAN_POINT('',(21.463708843425,15.856499465331,1.));
#3559 = CARTESIAN_POINT('',(23.087977751599,10.973803107681,1.));
#3560 = CARTESIAN_POINT('',(21.111052298754,6.049006017216,1.));
#3561 = CARTESIAN_POINT('',(18.048873690872,3.003867390766,1.));
#3562 = CARTESIAN_POINT('',(11.793922890856,1.339500959798,1.));
#3563 = CARTESIAN_POINT('',(16.899920095817,-2.372159919037,1.));
#3564 = CARTESIAN_POINT('',(18.854266292301,-6.066379066075,1.));
#3565 = CARTESIAN_POINT('',(18.596799427749,-11.33410893125,1.));
#3566 = CARTESIAN_POINT('',(14.714294778547,-14.51601410093,1.));
#3567 = CARTESIAN_POINT('',(9.475713382922,-14.53228988698,1.));
#3568 = CARTESIAN_POINT('',(5.52482893446,-10.52027121564,1.));
#3569 = CARTESIAN_POINT('',(3.772340498469,-5.754856291952,1.));
#3570 = CARTESIAN_POINT('',(-0.393027234357,-2.479245755433,1.));
#3571 = CARTESIAN_POINT('',(-0.313449792475,1.411246697963,1.));
#3572 = CARTESIAN_POINT('',(1.326785923753,4.614800174014,1.));
#3573 = PCURVE('',#309,#3574);
#3574 = DEFINITIONAL_REPRESENTATION('',(#3575),#3597);
#3575 = B_SPLINE_CURVE_WITH_KNOTS('',3,(#3576,#3577,#3578,#3579,#3580,
    #3581,#3582,#3583,#3584,#3585,#3586,#3587,#3588,#3589,#3590,#3591,
    #3592,#3593,#3594,#3595,#3596),.UNSPECIFIED.,.F.,.F.,(1,1,2,1,1,1,1,
    1,1,1,1,1,1,1,1,1,1,1,1,1,2,1,1),(-9.405124837953,-5.5,0.,
    5.590169943749,12.801272494677,18.904550302544,23.929488113105,
    28.646478679133,33.389895169386,38.133311659638,43.448384566006,
    47.479513440155,51.384638278108,56.532453348602,61.06014591767,
    65.669918146317,70.169918146317,75.484991052684,81.315942947529,
    85.221067785483,90.721067785483,96.311237729232,103.52234028016),
  .UNSPECIFIED.);
#3576 = CARTESIAN_POINT('',(0.686550207525,1.411246697963));
#3577 = CARTESIAN_POINT('',(2.326785923753,4.614800174014));
#3578 = CARTESIAN_POINT('',(4.164985726709,8.541326224595));
#3579 = CARTESIAN_POINT('',(7.404419339551,13.998094077675));
#3580 = CARTESIAN_POINT('',(12.45226329686,17.799104122556));
#3581 = CARTESIAN_POINT('',(18.001412382698,18.609367950186));
#3582 = CARTESIAN_POINT('',(22.463708843425,15.856499465331));
#3583 = CARTESIAN_POINT('',(24.087977751599,10.973803107681));
#3584 = CARTESIAN_POINT('',(22.111052298754,6.049006017216));
#3585 = CARTESIAN_POINT('',(19.048873690872,3.003867390766));
#3586 = CARTESIAN_POINT('',(12.793922890856,1.339500959798));
#3587 = CARTESIAN_POINT('',(17.899920095817,-2.372159919037));
#3588 = CARTESIAN_POINT('',(19.854266292301,-6.066379066075));
#3589 = CARTESIAN_POINT('',(19.596799427749,-11.33410893125));
#3590 = CARTESIAN_POINT('',(15.714294778547,-14.51601410093));
#3591 = CARTESIAN_POINT('',(10.475713382922,-14.53228988698));
#3592 = CARTESIAN_POINT('',(6.52482893446,-10.52027121564));
#3593 = CARTESIAN_POINT('',(4.772340498469,-5.754856291952));
#3594 = CARTESIAN_POINT('',(0.606972765643,-2.479245755433));
#3595 = CARTESIAN_POINT('',(0.686550207525,1.411246697963));
#3596 = CARTESIAN_POINT('',(2.326785923753,4.614800174014));
#3597 = ( GEOMETRIC_REPRESENTATION_CONTEXT(2) 
PARAMETRIC_REPRESENTATION_CONTEXT() REPRESENTATION_CONTEXT('2D SPACE',''
  ) );
#3598 = PCURVE('',#422,#3599);
#3599 = DEFINITIONAL_REPRESENTATION('',(#3600),#3604);
#3600 = LINE('',#3601,#3602);
#3601 = CARTESIAN_POINT('',(0.,-2.));
#3602 = VECTOR('',#3603,1.);
#3603 = DIRECTION('',(1.,0.));
#3604 = ( GEOMETRIC_REPRESENTATION_CONTEXT(2) 
PARAMETRIC_REPRESENTATION_CONTEXT() REPRESENTATION_CONTEXT('2D SPACE',''
  ) );
#3605 = ORIENTED_EDGE('',*,*,#374,.F.);
#3606 = FACE_BOUND('',#3607,.F.);
#3607 = EDGE_LOOP('',(#3608,#3631,#3659,#3680));
#3608 = ORIENTED_EDGE('',*,*,#3609,.T.);
#3609 = EDGE_CURVE('',#3610,#3612,#3614,.T.);
#3610 = VERTEX_POINT('',#3611);
#3611 = CARTESIAN_POINT('',(-2.84691612505,-2.637669582611,1.));
#3612 = VERTEX_POINT('',#3613);
#3613 = CARTESIAN_POINT('',(-3.340191860312,-3.342140340699,1.));
#3614 = SURFACE_CURVE('',#3615,(#3619,#3625),.PCURVE_S1.);
#3615 = LINE('',#3616,#3617);
#3616 = CARTESIAN_POINT('',(-2.170095930156,-1.67107017035,1.));
#3617 = VECTOR('',#3618,1.);
#3618 = DIRECTION('',(-0.573576436351,-0.819152044289,0.));
#3619 = PCURVE('',#309,#3620);
#3620 = DEFINITIONAL_REPRESENTATION('',(#3621),#3624);
#3621 = B_SPLINE_CURVE_WITH_KNOTS('',1,(#3622,#3623),.UNSPECIFIED.,.F.,
  .F.,(2,2),(1.18,2.04),.PIECEWISE_BEZIER_KNOTS.);
#3622 = CARTESIAN_POINT('',(-1.84691612505,-2.637669582611));
#3623 = CARTESIAN_POINT('',(-2.340191860312,-3.342140340699));
#3624 = ( GEOMETRIC_REPRESENTATION_CONTEXT(2) 
PARAMETRIC_REPRESENTATION_CONTEXT() REPRESENTATION_CONTEXT('2D SPACE',''
  ) );
#3625 = PCURVE('',#1806,#3626);
#3626 = DEFINITIONAL_REPRESENTATION('',(#3627),#3630);
#3627 = B_SPLINE_CURVE_WITH_KNOTS('',1,(#3628,#3629),.UNSPECIFIED.,.F.,
  .F.,(2,2),(1.18,2.04),.PIECEWISE_BEZIER_KNOTS.);
#3628 = CARTESIAN_POINT('',(0.86,-2.));
#3629 = CARTESIAN_POINT('',(0.,-2.));
#3630 = ( GEOMETRIC_REPRESENTATION_CONTEXT(2) 
PARAMETRIC_REPRESENTATION_CONTEXT() REPRESENTATION_CONTEXT('2D SPACE',''
  ) );
#3631 = ORIENTED_EDGE('',*,*,#3632,.T.);
#3632 = EDGE_CURVE('',#3612,#3633,#3635,.T.);
#3633 = VERTEX_POINT('',#3634);
#3634 = CARTESIAN_POINT('',(-3.340191860312,3.342140340699,1.));
#3635 = SURFACE_CURVE('',#3636,(#3641,#3652),.PCURVE_S1.);
#3636 = CIRCLE('',#3637,4.08);
#3637 = AXIS2_PLACEMENT_3D('',#3638,#3639,#3640);
#3638 = CARTESIAN_POINT('',(-1.,-4.440892098501E-16,1.));
#3639 = DIRECTION('',(-0.,0.,-1.));
#3640 = DIRECTION('',(-0.573576436351,0.819152044289,0.));
#3641 = PCURVE('',#309,#3642);
#3642 = DEFINITIONAL_REPRESENTATION('',(#3643),#3651);
#3643 = ( BOUNDED_CURVE() B_SPLINE_CURVE(2,(#3644,#3645,#3646,#3647,
#3648,#3649,#3650),.UNSPECIFIED.,.T.,.F.) B_SPLINE_CURVE_WITH_KNOTS((1,2
    ,2,2,2,1),(-2.094395102393,0.,2.094395102393,4.188790204786,
6.28318530718,8.377580409573),.UNSPECIFIED.) CURVE() 
GEOMETRIC_REPRESENTATION_ITEM() RATIONAL_B_SPLINE_CURVE((1.,0.5,1.,0.5,
1.,0.5,1.)) REPRESENTATION_ITEM('') );
#3644 = CARTESIAN_POINT('',(-2.340191860312,3.342140340699));
#3645 = CARTESIAN_POINT('',(3.448565015804,7.395471542219));
#3646 = CARTESIAN_POINT('',(4.064474368214,0.35559543041));
#3647 = CARTESIAN_POINT('',(4.680383720625,-6.684280681398));
#3648 = CARTESIAN_POINT('',(-1.724282507902,-3.69773577111));
#3649 = CARTESIAN_POINT('',(-8.128948736429,-0.711190860821));
#3650 = CARTESIAN_POINT('',(-2.340191860312,3.342140340699));
#3651 = ( GEOMETRIC_REPRESENTATION_CONTEXT(2) 
PARAMETRIC_REPRESENTATION_CONTEXT() REPRESENTATION_CONTEXT('2D SPACE',''
  ) );
#3652 = PCURVE('',#1838,#3653);
#3653 = DEFINITIONAL_REPRESENTATION('',(#3654),#3658);
#3654 = LINE('',#3655,#3656);
#3655 = CARTESIAN_POINT('',(-6.28318530718,-2.));
#3656 = VECTOR('',#3657,1.);
#3657 = DIRECTION('',(1.,-0.));
#3658 = ( GEOMETRIC_REPRESENTATION_CONTEXT(2) 
PARAMETRIC_REPRESENTATION_CONTEXT() REPRESENTATION_CONTEXT('2D SPACE',''
  ) );
#3659 = ORIENTED_EDGE('',*,*,#3660,.T.);
#3660 = EDGE_CURVE('',#3633,#3661,#3663,.T.);
#3661 = VERTEX_POINT('',#3662);
#3662 = CARTESIAN_POINT('',(-2.84691612505,2.637669582611,1.));
#3663 = SURFACE_CURVE('',#3664,(#3668,#3674),.PCURVE_S1.);
#3664 = LINE('',#3665,#3666);
#3665 = CARTESIAN_POINT('',(-1.923458062525,1.318834791305,1.));
#3666 = VECTOR('',#3667,1.);
#3667 = DIRECTION('',(0.573576436351,-0.819152044289,0.));
#3668 = PCURVE('',#309,#3669);
#3669 = DEFINITIONAL_REPRESENTATION('',(#3670),#3673);
#3670 = B_SPLINE_CURVE_WITH_KNOTS('',1,(#3671,#3672),.UNSPECIFIED.,.F.,
  .F.,(2,2),(-2.47,-1.61),.PIECEWISE_BEZIER_KNOTS.);
#3671 = CARTESIAN_POINT('',(-2.340191860312,3.342140340699));
#3672 = CARTESIAN_POINT('',(-1.84691612505,2.637669582611));
#3673 = ( GEOMETRIC_REPRESENTATION_CONTEXT(2) 
PARAMETRIC_REPRESENTATION_CONTEXT() REPRESENTATION_CONTEXT('2D SPACE',''
  ) );
#3674 = PCURVE('',#1865,#3675);
#3675 = DEFINITIONAL_REPRESENTATION('',(#3676),#3679);
#3676 = B_SPLINE_CURVE_WITH_KNOTS('',1,(#3677,#3678),.UNSPECIFIED.,.F.,
  .F.,(2,2),(-2.47,-1.61),.PIECEWISE_BEZIER_KNOTS.);
#3677 = CARTESIAN_POINT('',(0.86,-2.));
#3678 = CARTESIAN_POINT('',(0.,-2.));
#3679 = ( GEOMETRIC_REPRESENTATION_CONTEXT(2) 
PARAMETRIC_REPRESENTATION_CONTEXT() REPRESENTATION_CONTEXT('2D SPACE',''
  ) );
#3680 = ORIENTED_EDGE('',*,*,#3681,.F.);
#3681 = EDGE_CURVE('',#3610,#3661,#3682,.T.);
#3682 = SURFACE_CURVE('',#3683,(#3688,#3699),.PCURVE_S1.);
#3683 = CIRCLE('',#3684,3.22);
#3684 = AXIS2_PLACEMENT_3D('',#3685,#3686,#3687);
#3685 = CARTESIAN_POINT('',(-1.,-1.110223024625E-16,1.));
#3686 = DIRECTION('',(0.,0.,-1.));
#3687 = DIRECTION('',(-0.573576436351,-0.819152044289,-0.));
#3688 = PCURVE('',#309,#3689);
#3689 = DEFINITIONAL_REPRESENTATION('',(#3690),#3698);
#3690 = ( BOUNDED_CURVE() B_SPLINE_CURVE(2,(#3691,#3692,#3693,#3694,
#3695,#3696,#3697),.UNSPECIFIED.,.T.,.F.) B_SPLINE_CURVE_WITH_KNOTS((1,2
    ,2,2,2,1),(-2.094395102393,0.,2.094395102393,4.188790204786,
6.28318530718,8.377580409573),.UNSPECIFIED.) CURVE() 
GEOMETRIC_REPRESENTATION_ITEM() RATIONAL_B_SPLINE_CURVE((1.,0.5,1.,0.5,
1.,0.5,1.)) REPRESENTATION_ITEM('') );
#3691 = CARTESIAN_POINT('',(-1.84691612505,-2.637669582611));
#3692 = CARTESIAN_POINT('',(-6.415493855711,0.561282983295));
#3693 = CARTESIAN_POINT('',(-1.360830802805,2.918311074258));
#3694 = CARTESIAN_POINT('',(3.693832250101,5.275339165221));
#3695 = CARTESIAN_POINT('',(3.207746927855,-0.280641491647));
#3696 = CARTESIAN_POINT('',(2.72166160561,-5.836622148516));
#3697 = CARTESIAN_POINT('',(-1.84691612505,-2.637669582611));
#3698 = ( GEOMETRIC_REPRESENTATION_CONTEXT(2) 
PARAMETRIC_REPRESENTATION_CONTEXT() REPRESENTATION_CONTEXT('2D SPACE',''
  ) );
#3699 = PCURVE('',#1895,#3700);
#3700 = DEFINITIONAL_REPRESENTATION('',(#3701),#3705);
#3701 = LINE('',#3702,#3703);
#3702 = CARTESIAN_POINT('',(0.,-2.));
#3703 = VECTOR('',#3704,1.);
#3704 = DIRECTION('',(1.,0.));
#3705 = ( GEOMETRIC_REPRESENTATION_CONTEXT(2) 
PARAMETRIC_REPRESENTATION_CONTEXT() REPRESENTATION_CONTEXT('2D SPACE',''
  ) );
#3706 = FACE_BOUND('',#3707,.F.);
#3707 = EDGE_LOOP('',(#3708,#3736,#3769,#3795));
#3708 = ORIENTED_EDGE('',*,*,#3709,.T.);
#3709 = EDGE_CURVE('',#3710,#3712,#3714,.T.);
#3710 = VERTEX_POINT('',#3711);
#3711 = CARTESIAN_POINT('',(2.835444596323,2.621286541725,1.));
#3712 = VERTEX_POINT('',#3713);
#3713 = CARTESIAN_POINT('',(3.351663389039,3.358523381585,1.));
#3714 = SURFACE_CURVE('',#3715,(#3719,#3725),.PCURVE_S1.);
#3715 = LINE('',#3716,#3717);
#3716 = CARTESIAN_POINT('',(1.846841766182,1.209415380399,1.));
#3717 = VECTOR('',#3718,1.);
#3718 = DIRECTION('',(0.573576436351,0.819152044289,-0.));
#3719 = PCURVE('',#309,#3720);
#3720 = DEFINITIONAL_REPRESENTATION('',(#3721),#3724);
#3721 = B_SPLINE_CURVE_WITH_KNOTS('',1,(#3722,#3723),.UNSPECIFIED.,.F.,
  .F.,(2,2),(1.723576436351,2.623576436351),.PIECEWISE_BEZIER_KNOTS.);
#3722 = CARTESIAN_POINT('',(3.835444596323,2.621286541725));
#3723 = CARTESIAN_POINT('',(4.351663389039,3.358523381585));
#3724 = ( GEOMETRIC_REPRESENTATION_CONTEXT(2) 
PARAMETRIC_REPRESENTATION_CONTEXT() REPRESENTATION_CONTEXT('2D SPACE',''
  ) );
#3725 = PCURVE('',#3726,#3731);
#3726 = PLANE('',#3727);
#3727 = AXIS2_PLACEMENT_3D('',#3728,#3729,#3730);
#3728 = CARTESIAN_POINT('',(3.351663389039,3.358523381585,0.));
#3729 = DIRECTION('',(0.819152044289,-0.573576436351,0.));
#3730 = DIRECTION('',(-0.573576436351,-0.819152044289,0.));
#3731 = DEFINITIONAL_REPRESENTATION('',(#3732),#3735);
#3732 = B_SPLINE_CURVE_WITH_KNOTS('',1,(#3733,#3734),.UNSPECIFIED.,.F.,
  .F.,(2,2),(1.723576436351,2.623576436351),.PIECEWISE_BEZIER_KNOTS.);
#3733 = CARTESIAN_POINT('',(0.9,-1.));
#3734 = CARTESIAN_POINT('',(0.,-1.));
#3735 = ( GEOMETRIC_REPRESENTATION_CONTEXT(2) 
PARAMETRIC_REPRESENTATION_CONTEXT() REPRESENTATION_CONTEXT('2D SPACE',''
  ) );
#3736 = ORIENTED_EDGE('',*,*,#3737,.T.);
#3737 = EDGE_CURVE('',#3712,#3738,#3740,.T.);
#3738 = VERTEX_POINT('',#3739);
#3739 = CARTESIAN_POINT('',(3.351663389039,-3.358523381585,1.));
#3740 = SURFACE_CURVE('',#3741,(#3746,#3757),.PCURVE_S1.);
#3741 = CIRCLE('',#3742,4.1);
#3742 = AXIS2_PLACEMENT_3D('',#3743,#3744,#3745);
#3743 = CARTESIAN_POINT('',(1.,1.110223024625E-16,1.));
#3744 = DIRECTION('',(-0.,0.,-1.));
#3745 = DIRECTION('',(0.573576436351,-0.819152044289,-0.));
#3746 = PCURVE('',#309,#3747);
#3747 = DEFINITIONAL_REPRESENTATION('',(#3748),#3756);
#3748 = ( BOUNDED_CURVE() B_SPLINE_CURVE(2,(#3749,#3750,#3751,#3752,
#3753,#3754,#3755),.UNSPECIFIED.,.T.,.F.) B_SPLINE_CURVE_WITH_KNOTS((1,2
    ,2,2,2,1),(-2.094395102393,0.,2.094395102393,4.188790204786,
6.28318530718,8.377580409573),.UNSPECIFIED.) CURVE() 
GEOMETRIC_REPRESENTATION_ITEM() RATIONAL_B_SPLINE_CURVE((1.,0.5,1.,0.5,
1.,0.5,1.)) REPRESENTATION_ITEM('') );
#3749 = CARTESIAN_POINT('',(4.351663389039,-3.358523381585));
#3750 = CARTESIAN_POINT('',(-1.465469746274,-7.431723853701));
#3751 = CARTESIAN_POINT('',(-2.084398262176,-0.357338545265));
#3752 = CARTESIAN_POINT('',(-2.703326778079,6.71704676317));
#3753 = CARTESIAN_POINT('',(3.732734873137,3.71586192685));
#3754 = CARTESIAN_POINT('',(10.168796524352,0.714677090531));
#3755 = CARTESIAN_POINT('',(4.351663389039,-3.358523381585));
#3756 = ( GEOMETRIC_REPRESENTATION_CONTEXT(2) 
PARAMETRIC_REPRESENTATION_CONTEXT() REPRESENTATION_CONTEXT('2D SPACE',''
  ) );
#3757 = PCURVE('',#3758,#3763);
#3758 = CYLINDRICAL_SURFACE('',#3759,4.1);
#3759 = AXIS2_PLACEMENT_3D('',#3760,#3761,#3762);
#3760 = CARTESIAN_POINT('',(1.,1.110223024625E-16,0.));
#3761 = DIRECTION('',(-0.,0.,-1.));
#3762 = DIRECTION('',(0.573576436351,-0.819152044289,-0.));
#3763 = DEFINITIONAL_REPRESENTATION('',(#3764),#3768);
#3764 = LINE('',#3765,#3766);
#3765 = CARTESIAN_POINT('',(-6.28318530718,-1.));
#3766 = VECTOR('',#3767,1.);
#3767 = DIRECTION('',(1.,-0.));
#3768 = ( GEOMETRIC_REPRESENTATION_CONTEXT(2) 
PARAMETRIC_REPRESENTATION_CONTEXT() REPRESENTATION_CONTEXT('2D SPACE',''
  ) );
#3769 = ORIENTED_EDGE('',*,*,#3770,.T.);
#3770 = EDGE_CURVE('',#3738,#3771,#3773,.T.);
#3771 = VERTEX_POINT('',#3772);
#3772 = CARTESIAN_POINT('',(2.835444596323,-2.621286541725,1.));
#3773 = SURFACE_CURVE('',#3774,(#3778,#3784),.PCURVE_S1.);
#3774 = LINE('',#3775,#3776);
#3775 = CARTESIAN_POINT('',(1.588732369825,-0.840796960469,1.));
#3776 = VECTOR('',#3777,1.);
#3777 = DIRECTION('',(-0.573576436351,0.819152044289,0.));
#3778 = PCURVE('',#309,#3779);
#3779 = DEFINITIONAL_REPRESENTATION('',(#3780),#3783);
#3780 = B_SPLINE_CURVE_WITH_KNOTS('',1,(#3781,#3782),.UNSPECIFIED.,.F.,
  .F.,(2,2),(-3.073576436351,-2.173576436351),.PIECEWISE_BEZIER_KNOTS.);
#3781 = CARTESIAN_POINT('',(4.351663389039,-3.358523381585));
#3782 = CARTESIAN_POINT('',(3.835444596323,-2.621286541725));
#3783 = ( GEOMETRIC_REPRESENTATION_CONTEXT(2) 
PARAMETRIC_REPRESENTATION_CONTEXT() REPRESENTATION_CONTEXT('2D SPACE',''
  ) );
#3784 = PCURVE('',#3785,#3790);
#3785 = PLANE('',#3786);
#3786 = AXIS2_PLACEMENT_3D('',#3787,#3788,#3789);
#3787 = CARTESIAN_POINT('',(2.835444596323,-2.621286541725,0.));
#3788 = DIRECTION('',(0.819152044289,0.573576436351,-0.));
#3789 = DIRECTION('',(0.573576436351,-0.819152044289,0.));
#3790 = DEFINITIONAL_REPRESENTATION('',(#3791),#3794);
#3791 = B_SPLINE_CURVE_WITH_KNOTS('',1,(#3792,#3793),.UNSPECIFIED.,.F.,
  .F.,(2,2),(-3.073576436351,-2.173576436351),.PIECEWISE_BEZIER_KNOTS.);
#3792 = CARTESIAN_POINT('',(0.9,-1.));
#3793 = CARTESIAN_POINT('',(0.,-1.));
#3794 = ( GEOMETRIC_REPRESENTATION_CONTEXT(2) 
PARAMETRIC_REPRESENTATION_CONTEXT() REPRESENTATION_CONTEXT('2D SPACE',''
  ) );
#3795 = ORIENTED_EDGE('',*,*,#3796,.F.);
#3796 = EDGE_CURVE('',#3710,#3771,#3797,.T.);
#3797 = SURFACE_CURVE('',#3798,(#3803,#3814),.PCURVE_S1.);
#3798 = CIRCLE('',#3799,3.2);
#3799 = AXIS2_PLACEMENT_3D('',#3800,#3801,#3802);
#3800 = CARTESIAN_POINT('',(1.,0.,1.));
#3801 = DIRECTION('',(0.,0.,-1.));
#3802 = DIRECTION('',(0.573576436351,0.819152044289,0.));
#3803 = PCURVE('',#309,#3804);
#3804 = DEFINITIONAL_REPRESENTATION('',(#3805),#3813);
#3805 = ( BOUNDED_CURVE() B_SPLINE_CURVE(2,(#3806,#3807,#3808,#3809,
#3810,#3811,#3812),.UNSPECIFIED.,.T.,.F.) B_SPLINE_CURVE_WITH_KNOTS((1,2
    ,2,2,2,1),(-2.094395102393,0.,2.094395102393,4.188790204786,
6.28318530718,8.377580409573),.UNSPECIFIED.) CURVE() 
GEOMETRIC_REPRESENTATION_ITEM() RATIONAL_B_SPLINE_CURVE((1.,0.5,1.,0.5,
1.,0.5,1.)) REPRESENTATION_ITEM('') );
#3806 = CARTESIAN_POINT('',(3.835444596323,2.621286541725));
#3807 = CARTESIAN_POINT('',(8.375646067787,-0.557796753585));
#3808 = CARTESIAN_POINT('',(3.35237843757,-2.900184918517));
#3809 = CARTESIAN_POINT('',(-1.670889192647,-5.24257308345));
#3810 = CARTESIAN_POINT('',(-1.187823033894,0.278898376793));
#3811 = CARTESIAN_POINT('',(-0.70475687514,5.800369837035));
#3812 = CARTESIAN_POINT('',(3.835444596323,2.621286541725));
#3813 = ( GEOMETRIC_REPRESENTATION_CONTEXT(2) 
PARAMETRIC_REPRESENTATION_CONTEXT() REPRESENTATION_CONTEXT('2D SPACE',''
  ) );
#3814 = PCURVE('',#3815,#3820);
#3815 = CYLINDRICAL_SURFACE('',#3816,3.2);
#3816 = AXIS2_PLACEMENT_3D('',#3817,#3818,#3819);
#3817 = CARTESIAN_POINT('',(1.,0.,0.));
#3818 = DIRECTION('',(0.,0.,-1.));
#3819 = DIRECTION('',(0.573576436351,0.819152044289,0.));
#3820 = DEFINITIONAL_REPRESENTATION('',(#3821),#3825);
#3821 = LINE('',#3822,#3823);
#3822 = CARTESIAN_POINT('',(0.,-1.));
#3823 = VECTOR('',#3824,1.);
#3824 = DIRECTION('',(1.,0.));
#3825 = ( GEOMETRIC_REPRESENTATION_CONTEXT(2) 
PARAMETRIC_REPRESENTATION_CONTEXT() REPRESENTATION_CONTEXT('2D SPACE',''
  ) );
#3826 = ADVANCED_FACE('',(#3827),#504,.F.);
#3827 = FACE_BOUND('',#3828,.T.);
#3828 = EDGE_LOOP('',(#3829,#3858,#3884,#3885));
#3829 = ORIENTED_EDGE('',*,*,#3830,.T.);
#3830 = EDGE_CURVE('',#3526,#3831,#3833,.T.);
#3831 = VERTEX_POINT('',#3832);
#3832 = CARTESIAN_POINT('',(1.629031609825,-4.015992130786,
    -2.775557561563E-17));
#3833 = SURFACE_CURVE('',#3834,(#3840,#3849),.PCURVE_S1.);
#3834 = B_SPLINE_CURVE_WITH_KNOTS('',4,(#3835,#3836,#3837,#3838,#3839),
  .UNSPECIFIED.,.F.,.F.,(5,5),(0.,1.),.PIECEWISE_BEZIER_KNOTS.);
#3835 = CARTESIAN_POINT('',(1.629031609825,-4.015992130786,1.0000006));
#3836 = CARTESIAN_POINT('',(1.629031609825,-4.015992130786,0.5000003));
#3837 = CARTESIAN_POINT('',(1.629031609825,-4.015992130786,
    -5.551115123126E-15));
#3838 = CARTESIAN_POINT('',(1.629031609825,-4.015992130786,-0.5000003));
#3839 = CARTESIAN_POINT('',(1.629031609825,-4.015992130786,-1.0000006));
#3840 = PCURVE('',#504,#3841);
#3841 = DEFINITIONAL_REPRESENTATION('',(#3842),#3848);
#3842 = B_SPLINE_CURVE_WITH_KNOTS('',4,(#3843,#3844,#3845,#3846,#3847),
  .UNSPECIFIED.,.F.,.F.,(5,5),(0.,1.),.PIECEWISE_BEZIER_KNOTS.);
#3843 = CARTESIAN_POINT('',(-5.292019590673,-2.0000006));
#3844 = CARTESIAN_POINT('',(-5.292019590673,-1.5000003));
#3845 = CARTESIAN_POINT('',(-5.292019590673,-1.));
#3846 = CARTESIAN_POINT('',(-5.292019590673,-0.4999997));
#3847 = CARTESIAN_POINT('',(-5.292019590673,5.999999999062E-07));
#3848 = ( GEOMETRIC_REPRESENTATION_CONTEXT(2) 
PARAMETRIC_REPRESENTATION_CONTEXT() REPRESENTATION_CONTEXT('2D SPACE',''
  ) );
#3849 = PCURVE('',#422,#3850);
#3850 = DEFINITIONAL_REPRESENTATION('',(#3851),#3857);
#3851 = B_SPLINE_CURVE_WITH_KNOTS('',4,(#3852,#3853,#3854,#3855,#3856),
  .UNSPECIFIED.,.F.,.F.,(5,5),(0.,1.),.PIECEWISE_BEZIER_KNOTS.);
#3852 = CARTESIAN_POINT('',(83.329601274547,-2.0000006));
#3853 = CARTESIAN_POINT('',(83.329601274547,-1.5000003));
#3854 = CARTESIAN_POINT('',(83.329601274547,-1.));
#3855 = CARTESIAN_POINT('',(83.329601274547,-0.4999997));
#3856 = CARTESIAN_POINT('',(83.329601274547,5.999999999062E-07));
#3857 = ( GEOMETRIC_REPRESENTATION_CONTEXT(2) 
PARAMETRIC_REPRESENTATION_CONTEXT() REPRESENTATION_CONTEXT('2D SPACE',''
  ) );
#3858 = ORIENTED_EDGE('',*,*,#3859,.T.);
#3859 = EDGE_CURVE('',#3831,#457,#3860,.T.);
#3860 = SURFACE_CURVE('',#3861,(#3866,#3873),.PCURVE_S1.);
#3861 = CIRCLE('',#3862,4.8);
#3862 = AXIS2_PLACEMENT_3D('',#3863,#3864,#3865);
#3863 = CARTESIAN_POINT('',(-1.,0.,0.));
#3864 = DIRECTION('',(0.,0.,-1.));
#3865 = DIRECTION('',(1.,0.,0.));
#3866 = PCURVE('',#504,#3867);
#3867 = DEFINITIONAL_REPRESENTATION('',(#3868),#3872);
#3868 = LINE('',#3869,#3870);
#3869 = CARTESIAN_POINT('',(-6.28318530718,-1.));
#3870 = VECTOR('',#3871,1.);
#3871 = DIRECTION('',(1.,-0.));
#3872 = ( GEOMETRIC_REPRESENTATION_CONTEXT(2) 
PARAMETRIC_REPRESENTATION_CONTEXT() REPRESENTATION_CONTEXT('2D SPACE',''
  ) );
#3873 = PCURVE('',#473,#3874);
#3874 = DEFINITIONAL_REPRESENTATION('',(#3875),#3883);
#3875 = ( BOUNDED_CURVE() B_SPLINE_CURVE(2,(#3876,#3877,#3878,#3879,
#3880,#3881,#3882),.UNSPECIFIED.,.T.,.F.) B_SPLINE_CURVE_WITH_KNOTS((1,2
    ,2,2,2,1),(-2.094395102393,0.,2.094395102393,4.188790204786,
6.28318530718,8.377580409573),.UNSPECIFIED.) CURVE() 
GEOMETRIC_REPRESENTATION_ITEM() RATIONAL_B_SPLINE_CURVE((1.,0.5,1.,0.5,
1.,0.5,1.)) REPRESENTATION_ITEM('') );
#3876 = CARTESIAN_POINT('',(15.649682303078,-2.216882614944));
#3877 = CARTESIAN_POINT('',(15.649682303078,-10.53072649127));
#3878 = CARTESIAN_POINT('',(8.449682303078,-6.373804553109));
#3879 = CARTESIAN_POINT('',(1.249682303078,-2.216882614944));
#3880 = CARTESIAN_POINT('',(8.449682303078,1.940039323222));
#3881 = CARTESIAN_POINT('',(15.649682303078,6.096961261387));
#3882 = CARTESIAN_POINT('',(15.649682303078,-2.216882614944));
#3883 = ( GEOMETRIC_REPRESENTATION_CONTEXT(2) 
PARAMETRIC_REPRESENTATION_CONTEXT() REPRESENTATION_CONTEXT('2D SPACE',''
  ) );
#3884 = ORIENTED_EDGE('',*,*,#489,.F.);
#3885 = ORIENTED_EDGE('',*,*,#3525,.T.);
#3886 = ADVANCED_FACE('',(#3887),#473,.F.);
#3887 = FACE_BOUND('',#3888,.F.);
#3888 = EDGE_LOOP('',(#3889,#3890,#3998));
#3889 = ORIENTED_EDGE('',*,*,#456,.F.);
#3890 = ORIENTED_EDGE('',*,*,#3891,.F.);
#3891 = EDGE_CURVE('',#3831,#403,#3892,.T.);
#3892 = SURFACE_CURVE('',#3893,(#3926,#3962),.PCURVE_S1.);
#3893 = B_SPLINE_CURVE_WITH_KNOTS('',6,(#3894,#3895,#3896,#3897,#3898,
    #3899,#3900,#3901,#3902,#3903,#3904,#3905,#3906,#3907,#3908,#3909,
    #3910,#3911,#3912,#3913,#3914,#3915,#3916,#3917,#3918,#3919,#3920,
    #3921,#3922,#3923,#3924,#3925),.UNSPECIFIED.,.F.,.F.,(7,5,5,5,5,5,7)
  ,(0.,0.130974917846,0.196462376769,0.272864292158,0.578069373419,
    0.797263690581,1.),.UNSPECIFIED.);
#3894 = CARTESIAN_POINT('',(1.629031609825,-4.015992130786,0.));
#3895 = CARTESIAN_POINT('',(1.740771385182,-4.137055413598,0.));
#3896 = CARTESIAN_POINT('',(1.853986459267,-4.256992337166,0.));
#3897 = CARTESIAN_POINT('',(1.968117489555,-4.376185936205,0.));
#3898 = CARTESIAN_POINT('',(2.082605133523,-4.495019245431,0.));
#3899 = CARTESIAN_POINT('',(2.196890048646,-4.613875299558,0.));
#3900 = CARTESIAN_POINT('',(2.367174314277,-4.792768050175,0.));
#3901 = CARTESIAN_POINT('',(2.423745218312,-4.852500411952,0.));
#3902 = CARTESIAN_POINT('',(2.480055686689,-4.912382097972,0.));
#3903 = CARTESIAN_POINT('',(2.536035801592,-4.972460987575,0.));
#3904 = CARTESIAN_POINT('',(2.591615645207,-5.032784960101,0.));
#3905 = CARTESIAN_POINT('',(2.711019795646,-5.164121541046,0.));
#3906 = CARTESIAN_POINT('',(2.774676706898,-5.235238580443,0.));
#3907 = CARTESIAN_POINT('',(2.837580114473,-5.306832151695,0.));
#3908 = CARTESIAN_POINT('',(2.89961830693,-5.378978629337,0.));
#3909 = CARTESIAN_POINT('',(2.960683780388,-5.451751623828,0.));
#3910 = CARTESIAN_POINT('',(3.26031497202,-5.818716279206,0.));
#3911 = CARTESIAN_POINT('',(3.483886915292,-6.123859626099,0.));
#3912 = CARTESIAN_POINT('',(3.693597290404,-6.438481889044,0.));
#3913 = CARTESIAN_POINT('',(3.892162556718,-6.760426003785,0.));
#3914 = CARTESIAN_POINT('',(4.082436944451,-7.087779149345,0.));
#3915 = CARTESIAN_POINT('',(4.400180019901,-7.656723875742,0.));
#3916 = CARTESIAN_POINT('',(4.530223632668,-7.896462338815,0.));
#3917 = CARTESIAN_POINT('',(4.658582339842,-8.137507925027,0.));
#3918 = CARTESIAN_POINT('',(4.786332761725,-8.379259396808,0.));
#3919 = CARTESIAN_POINT('',(4.914542857981,-8.621131748109,0.));
#3920 = CARTESIAN_POINT('',(5.164260407017,-9.085853522996,0.));
#3921 = CARTESIAN_POINT('',(5.285543059704,-9.308756825651,0.));
#3922 = CARTESIAN_POINT('',(5.408956076966,-9.530813614067,0.));
#3923 = CARTESIAN_POINT('',(5.535315949806,-9.751548451751,0.));
#3924 = CARTESIAN_POINT('',(5.665412181477,-9.970466676678,0.));
#3925 = CARTESIAN_POINT('',(5.8,-10.18705811395,0.));
#3926 = PCURVE('',#473,#3927);
#3927 = DEFINITIONAL_REPRESENTATION('',(#3928),#3961);
#3928 = B_SPLINE_CURVE_WITH_KNOTS('',6,(#3929,#3930,#3931,#3932,#3933,
    #3934,#3935,#3936,#3937,#3938,#3939,#3940,#3941,#3942,#3943,#3944,
    #3945,#3946,#3947,#3948,#3949,#3950,#3951,#3952,#3953,#3954,#3955,
    #3956,#3957,#3958,#3959,#3960),.UNSPECIFIED.,.F.,.F.,(7,5,5,5,5,5,7)
  ,(0.,0.130974917846,0.196462376769,0.272864292158,0.578069373419,
    0.797263690581,1.),.UNSPECIFIED.);
#3929 = CARTESIAN_POINT('',(13.478713912903,-6.23287474573));
#3930 = CARTESIAN_POINT('',(13.59045368826,-6.353938028542));
#3931 = CARTESIAN_POINT('',(13.703668762345,-6.473874952109));
#3932 = CARTESIAN_POINT('',(13.817799792633,-6.593068551149));
#3933 = CARTESIAN_POINT('',(13.932287436601,-6.711901860374));
#3934 = CARTESIAN_POINT('',(14.046572351724,-6.830757914502));
#3935 = CARTESIAN_POINT('',(14.216856617355,-7.009650665119));
#3936 = CARTESIAN_POINT('',(14.27342752139,-7.069383026895));
#3937 = CARTESIAN_POINT('',(14.329737989767,-7.129264712915));
#3938 = CARTESIAN_POINT('',(14.38571810467,-7.189343602519));
#3939 = CARTESIAN_POINT('',(14.441297948285,-7.249667575044));
#3940 = CARTESIAN_POINT('',(14.560702098724,-7.38100415599));
#3941 = CARTESIAN_POINT('',(14.624359009976,-7.452121195387));
#3942 = CARTESIAN_POINT('',(14.687262417551,-7.523714766638));
#3943 = CARTESIAN_POINT('',(14.749300610008,-7.595861244281));
#3944 = CARTESIAN_POINT('',(14.810366083466,-7.668634238771));
#3945 = CARTESIAN_POINT('',(15.109997275098,-8.03559889415));
#3946 = CARTESIAN_POINT('',(15.33356921837,-8.340742241043));
#3947 = CARTESIAN_POINT('',(15.543279593482,-8.655364503988));
#3948 = CARTESIAN_POINT('',(15.741844859796,-8.977308618729));
#3949 = CARTESIAN_POINT('',(15.932119247529,-9.304661764288));
#3950 = CARTESIAN_POINT('',(16.249862322979,-9.873606490686));
#3951 = CARTESIAN_POINT('',(16.379905935746,-10.11334495375));
#3952 = CARTESIAN_POINT('',(16.50826464292,-10.35439053997));
#3953 = CARTESIAN_POINT('',(16.636015064803,-10.59614201175));
#3954 = CARTESIAN_POINT('',(16.764225161059,-10.83801436305));
#3955 = CARTESIAN_POINT('',(17.013942710095,-11.30273613794));
#3956 = CARTESIAN_POINT('',(17.135225362782,-11.52563944059));
#3957 = CARTESIAN_POINT('',(17.258638380044,-11.74769622901));
#3958 = CARTESIAN_POINT('',(17.384998252884,-11.96843106669));
#3959 = CARTESIAN_POINT('',(17.515094484555,-12.18734929162));
#3960 = CARTESIAN_POINT('',(17.649682303078,-12.4039407289));
#3961 = ( GEOMETRIC_REPRESENTATION_CONTEXT(2) 
PARAMETRIC_REPRESENTATION_CONTEXT() REPRESENTATION_CONTEXT('2D SPACE',''
  ) );
#3962 = PCURVE('',#422,#3963);
#3963 = DEFINITIONAL_REPRESENTATION('',(#3964),#3997);
#3964 = B_SPLINE_CURVE_WITH_KNOTS('',6,(#3965,#3966,#3967,#3968,#3969,
    #3970,#3971,#3972,#3973,#3974,#3975,#3976,#3977,#3978,#3979,#3980,
    #3981,#3982,#3983,#3984,#3985,#3986,#3987,#3988,#3989,#3990,#3991,
    #3992,#3993,#3994,#3995,#3996),.UNSPECIFIED.,.F.,.F.,(7,5,5,5,5,5,7)
  ,(0.,0.130974917846,0.196462376769,0.272864292158,0.578069373419,
    0.797263690581,1.),.UNSPECIFIED.);
#3965 = CARTESIAN_POINT('',(83.329601274547,-1.));
#3966 = CARTESIAN_POINT('',(83.165882277254,-1.));
#3967 = CARTESIAN_POINT('',(83.00216327996,-1.));
#3968 = CARTESIAN_POINT('',(82.838444282667,-1.));
#3969 = CARTESIAN_POINT('',(82.674725285373,-1.));
#3970 = CARTESIAN_POINT('',(82.51100628808,-1.));
#3971 = CARTESIAN_POINT('',(82.265427792139,-1.));
#3972 = CARTESIAN_POINT('',(82.183568293492,-1.));
#3973 = CARTESIAN_POINT('',(82.101708794846,-1.));
#3974 = CARTESIAN_POINT('',(82.019849296199,-1.));
#3975 = CARTESIAN_POINT('',(81.937989797552,-1.));
#3976 = CARTESIAN_POINT('',(81.760627700511,-1.));
#3977 = CARTESIAN_POINT('',(81.665124939612,-1.));
#3978 = CARTESIAN_POINT('',(81.569622069431,-1.));
#3979 = CARTESIAN_POINT('',(81.474119174722,-1.));
#3980 = CARTESIAN_POINT('',(81.378616371766,-1.));
#3981 = CARTESIAN_POINT('',(80.901606781087,-1.));
#3982 = CARTESIAN_POINT('',(80.519054389872,-1.));
#3983 = CARTESIAN_POINT('',(80.13630535789,-1.));
#3984 = CARTESIAN_POINT('',(79.753923343445,-1.));
#3985 = CARTESIAN_POINT('',(79.372178017075,-1.));
#3986 = CARTESIAN_POINT('',(78.717325117949,-1.));
#3987 = CARTESIAN_POINT('',(78.44394720553,-1.));
#3988 = CARTESIAN_POINT('',(78.170920153768,-1.));
#3989 = CARTESIAN_POINT('',(77.898240224976,-1.));
#3990 = CARTESIAN_POINT('',(77.625893899023,-1.));
#3991 = CARTESIAN_POINT('',(77.102247427443,-1.));
#3992 = CARTESIAN_POINT('',(76.85091443894,-1.));
#3993 = CARTESIAN_POINT('',(76.59984359889,-1.));
#3994 = CARTESIAN_POINT('',(76.349049239748,-1.));
#3995 = CARTESIAN_POINT('',(76.098574841641,-1.));
#3996 = CARTESIAN_POINT('',(75.84849253866,-1.));
#3997 = ( GEOMETRIC_REPRESENTATION_CONTEXT(2) 
PARAMETRIC_REPRESENTATION_CONTEXT() REPRESENTATION_CONTEXT('2D SPACE',''
  ) );
#3998 = ORIENTED_EDGE('',*,*,#3859,.T.);
#3999 = ADVANCED_FACE('',(#4000),#422,.F.);
#4000 = FACE_BOUND('',#4001,.F.);
#4001 = EDGE_LOOP('',(#4002,#4003,#4004,#4005));
#4002 = ORIENTED_EDGE('',*,*,#3830,.T.);
#4003 = ORIENTED_EDGE('',*,*,#3891,.T.);
#4004 = ORIENTED_EDGE('',*,*,#402,.F.);
#4005 = ORIENTED_EDGE('',*,*,#3549,.T.);
#4006 = ADVANCED_FACE('',(#4007),#1130,.T.);
#4007 = FACE_BOUND('',#4008,.T.);
#4008 = EDGE_LOOP('',(#4009,#4010,#4036,#4518));
#4009 = ORIENTED_EDGE('',*,*,#752,.T.);
#4010 = ORIENTED_EDGE('',*,*,#4011,.F.);
#4011 = EDGE_CURVE('',#4012,#753,#4014,.T.);
#4012 = VERTEX_POINT('',#4013);
#4013 = CARTESIAN_POINT('',(-9.,-6.5,2.35));
#4014 = SEAM_CURVE('',#4015,(#4023,#4029),.PCURVE_S1.);
#4015 = ( BOUNDED_CURVE() B_SPLINE_CURVE(6,(#4016,#4017,#4018,#4019,
#4020,#4021,#4022),.UNSPECIFIED.,.T.,.F.) B_SPLINE_CURVE_WITH_KNOTS((1,6
    ,6,1),(-6.28318530718,0.,6.28318530718,12.566370614359),
.UNSPECIFIED.) CURVE() GEOMETRIC_REPRESENTATION_ITEM() 
RATIONAL_B_SPLINE_CURVE((1.669078461068,1.03672962321,1.038346699848,
    0.853534330196,1.038346699848,1.03672962321,1.669078461068)) 
REPRESENTATION_ITEM('') );
#4016 = CARTESIAN_POINT('',(-9.,-6.5,2.35));
#4017 = CARTESIAN_POINT('',(-8.543559216528,-6.139652013048,2.35));
#4018 = CARTESIAN_POINT('',(-8.478022088235,-6.087912174922,
    1.630908133308));
#4019 = CARTESIAN_POINT('',(-9.,-6.5,1.037809077647));
#4020 = CARTESIAN_POINT('',(-9.521977911765,-6.912087825078,
    1.630908133308));
#4021 = CARTESIAN_POINT('',(-9.456440783472,-6.860347986952,2.35));
#4022 = CARTESIAN_POINT('',(-9.,-6.5,2.35));
#4023 = PCURVE('',#1130,#4024);
#4024 = DEFINITIONAL_REPRESENTATION('',(#4025),#4028);
#4025 = B_SPLINE_CURVE_WITH_KNOTS('',1,(#4026,#4027),.UNSPECIFIED.,.F.,
  .F.,(2,2),(0.,6.28318530718),.PIECEWISE_BEZIER_KNOTS.);
#4026 = CARTESIAN_POINT('',(0.,25.679356367485));
#4027 = CARTESIAN_POINT('',(6.28318530718,25.679356367485));
#4028 = ( GEOMETRIC_REPRESENTATION_CONTEXT(2) 
PARAMETRIC_REPRESENTATION_CONTEXT() REPRESENTATION_CONTEXT('2D SPACE',''
  ) );
#4029 = PCURVE('',#1130,#4030);
#4030 = DEFINITIONAL_REPRESENTATION('',(#4031),#4035);
#4031 = LINE('',#4032,#4033);
#4032 = CARTESIAN_POINT('',(0.,0.));
#4033 = VECTOR('',#4034,1.);
#4034 = DIRECTION('',(1.,0.));
#4035 = ( GEOMETRIC_REPRESENTATION_CONTEXT(2) 
PARAMETRIC_REPRESENTATION_CONTEXT() REPRESENTATION_CONTEXT('2D SPACE',''
  ) );
#4036 = ORIENTED_EDGE('',*,*,#4037,.F.);
#4037 = EDGE_CURVE('',#4012,#4012,#4038,.T.);
#4038 = SURFACE_CURVE('',#4039,(#4098,#4105),.PCURVE_S1.);
#4039 = ( BOUNDED_CURVE() B_SPLINE_CURVE(9,(#4040,#4041,#4042,#4043,
    #4044,#4045,#4046,#4047,#4048,#4049,#4050,#4051,#4052,#4053,#4054,
    #4055,#4056,#4057,#4058,#4059,#4060,#4061,#4062,#4063,#4064,#4065,
    #4066,#4067,#4068,#4069,#4070,#4071,#4072,#4073,#4074,#4075,#4076,
    #4077,#4078,#4079,#4080,#4081,#4082,#4083,#4084,#4085,#4086,#4087,
    #4088,#4089,#4090,#4091,#4092,#4093,#4094,#4095,#4096,#4097),
.UNSPECIFIED.,.T.,.F.) B_SPLINE_CURVE_WITH_KNOTS((10,8,8,8,8,8,8,10),(0.
    ,4.825971404805,8.274159334719,12.31890901795,16.067241980748,
19.59002497151,22.637975102336,25.679356367485),.UNSPECIFIED.) CURVE() 
GEOMETRIC_REPRESENTATION_ITEM() RATIONAL_B_SPLINE_CURVE((1.669078461068,
    1.669078461068,1.669078461068,1.669078461068,1.669078461068,
    1.669078461068,1.669078461068,1.669078461068,1.669078461068,
    1.669078461068,1.669078461068,1.669078461068,1.669078461068,
    1.669078461068,1.669078461068,1.669078461068,1.669078461068,
    1.669078461068,1.669078461068,1.669078461069,1.669078461068,
    1.669078461069,1.669078461068,1.669078461068,1.669078461068,
    1.669078461068,1.669078461068,1.669078461069,1.669078461068,
    1.669078461069,1.669078461068,1.669078461068,1.669078461068,
    1.669078461068,1.669078461068,1.669078461068,1.669078461068,
    1.669078461068,1.669078461068,1.669078461068,1.669078461068,
    1.669078461068,1.669078461068,1.669078461068,1.669078461068,
    1.669078461068,1.669078461068,1.669078461068,1.669078461068,
    1.669078461068,1.669078461068,1.669078461068,1.669078461068,
    1.669078461068,1.669078461068,1.669078461068,1.669078461068,
1.669078461068)) REPRESENTATION_ITEM('') );
#4040 = CARTESIAN_POINT('',(-9.,-6.5,2.35));
#4041 = CARTESIAN_POINT('',(-9.255511665088,-5.764777952224,2.35));
#4042 = CARTESIAN_POINT('',(-9.582395574271,-5.154961615124,2.35));
#4043 = CARTESIAN_POINT('',(-9.970306420725,-4.663436617815,2.35));
#4044 = CARTESIAN_POINT('',(-10.40889889762,-4.283088589412,2.35));
#4045 = CARTESIAN_POINT('',(-10.88782769815,-4.006803159029,2.35));
#4046 = CARTESIAN_POINT('',(-11.39674751547,-3.827465955781,2.35));
#4047 = CARTESIAN_POINT('',(-11.92531304277,-3.737962608784,2.35));
#4048 = CARTESIAN_POINT('',(-12.46317897322,-3.731178747152,2.35));
#4049 = CARTESIAN_POINT('',(-13.38356211211,-3.849173232389,2.35));
#4050 = CARTESIAN_POINT('',(-13.76659078049,-3.936944352763,2.35));
#4051 = CARTESIAN_POINT('',(-14.14393296901,-4.061740943753,2.35));
#4052 = CARTESIAN_POINT('',(-14.51043564154,-4.221990587992,2.35));
#4053 = CARTESIAN_POINT('',(-14.86094576195,-4.416120868109,2.35));
#4054 = CARTESIAN_POINT('',(-15.19031029413,-4.642559366737,2.35));
#4055 = CARTESIAN_POINT('',(-15.49337620195,-4.899733666507,2.35));
#4056 = CARTESIAN_POINT('',(-15.76499044928,-5.186071350051,2.35));
#4057 = CARTESIAN_POINT('',(-16.27566792331,-5.868240604412,2.35));
#4058 = CARTESIAN_POINT('',(-16.50096975439,-6.274444893466,2.35));
#4059 = CARTESIAN_POINT('',(-16.67509796956,-6.710507413747,2.35));
#4060 = CARTESIAN_POINT('',(-16.79724504514,-7.168322711841,2.35));
#4061 = CARTESIAN_POINT('',(-16.86660345742,-7.639785334332,2.35));
#4062 = CARTESIAN_POINT('',(-16.88236568274,-8.116789827809,2.35));
#4063 = CARTESIAN_POINT('',(-16.8437241974,-8.591230738855,2.35));
#4064 = CARTESIAN_POINT('',(-16.74987147771,-9.055002614057,2.35));
#4065 = CARTESIAN_POINT('',(-16.46111175125,-9.912386056176,2.35));
#4066 = CARTESIAN_POINT('',(-16.27411448354,-10.30864854425,2.35));
#4067 = CARTESIAN_POINT('',(-16.04355485069,-10.68365620168,2.35));
#4068 = CARTESIAN_POINT('',(-15.77397950652,-11.03227776592,2.35));
#4069 = CARTESIAN_POINT('',(-15.46993510487,-11.34938197441,2.35));
#4070 = CARTESIAN_POINT('',(-15.13596829956,-11.62983756462,2.35));
#4071 = CARTESIAN_POINT('',(-14.77662574443,-11.86851327398,2.35));
#4072 = CARTESIAN_POINT('',(-14.3964540933,-12.06027783996,2.35));
#4073 = CARTESIAN_POINT('',(-13.62740190096,-12.33131460137,2.35));
#4074 = CARTESIAN_POINT('',(-13.24042194374,-12.41666149757,2.35));
#4075 = CARTESIAN_POINT('',(-12.84347834009,-12.45690980733,2.35));
#4076 = CARTESIAN_POINT('',(-12.44098930173,-12.4529286494,2.35));
#4077 = CARTESIAN_POINT('',(-12.0373730404,-12.4055871425,2.35));
#4078 = CARTESIAN_POINT('',(-11.63704776783,-12.31575440537,2.35));
#4079 = CARTESIAN_POINT('',(-11.24443169575,-12.18429955676,2.35));
#4080 = CARTESIAN_POINT('',(-10.86394303589,-12.01209171539,2.35));
#4081 = CARTESIAN_POINT('',(-10.18511252984,-11.61649594273,2.35));
#4082 = CARTESIAN_POINT('',(-9.882610945794,-11.40313522232,2.35));
#4083 = CARTESIAN_POINT('',(-9.597115430369,-11.16499374815,2.35));
#4084 = CARTESIAN_POINT('',(-9.333246166088,-10.90714742962,2.35));
#4085 = CARTESIAN_POINT('',(-9.09562333547,-10.6346721761,2.35));
#4086 = CARTESIAN_POINT('',(-8.888867121033,-10.35264389699,2.35));
#4087 = CARTESIAN_POINT('',(-8.717597705297,-10.06613850168,2.35));
#4088 = CARTESIAN_POINT('',(-8.58643527078,-9.780231899555,2.35));
#4089 = CARTESIAN_POINT('',(-8.413751012348,-9.220372049206,2.35));
#4090 = CARTESIAN_POINT('',(-8.372036606459,-8.94639436739,2.35));
#4091 = CARTESIAN_POINT('',(-8.37096387692,-8.669891262574,2.35));
#4092 = CARTESIAN_POINT('',(-8.406639918322,-8.382687042782,2.35));
#4093 = CARTESIAN_POINT('',(-8.475171825249,-8.076606016038,2.35));
#4094 = CARTESIAN_POINT('',(-8.572666692293,-7.743472490363,2.35));
#4095 = CARTESIAN_POINT('',(-8.69523161404,-7.375110773784,2.35));
#4096 = CARTESIAN_POINT('',(-8.83897368508,-6.963345174321,2.35));
#4097 = CARTESIAN_POINT('',(-9.,-6.5,2.35));
#4098 = PCURVE('',#1130,#4099);
#4099 = DEFINITIONAL_REPRESENTATION('',(#4100),#4104);
#4100 = LINE('',#4101,#4102);
#4101 = CARTESIAN_POINT('',(0.,0.));
#4102 = VECTOR('',#4103,1.);
#4103 = DIRECTION('',(0.,1.));
#4104 = ( GEOMETRIC_REPRESENTATION_CONTEXT(2) 
PARAMETRIC_REPRESENTATION_CONTEXT() REPRESENTATION_CONTEXT('2D SPACE',''
  ) );
#4105 = PCURVE('',#4106,#4513);
#4106 = ( BOUNDED_SURFACE() B_SPLINE_SURFACE(6,9,(
    (#4107,#4108,#4109,#4110,#4111,#4112,#4113,#4114,#4115,#4116,#4117
      ,#4118,#4119,#4120,#4121,#4122,#4123,#4124,#4125,#4126,#4127,#4128
      ,#4129,#4130,#4131,#4132,#4133,#4134,#4135,#4136,#4137,#4138,#4139
      ,#4140,#4141,#4142,#4143,#4144,#4145,#4146,#4147,#4148,#4149,#4150
      ,#4151,#4152,#4153,#4154,#4155,#4156,#4157,#4158,#4159,#4160,#4161
      ,#4162,#4163,#4164)
    ,(#4165,#4166,#4167,#4168,#4169,#4170,#4171,#4172,#4173,#4174,#4175
      ,#4176,#4177,#4178,#4179,#4180,#4181,#4182,#4183,#4184,#4185,#4186
      ,#4187,#4188,#4189,#4190,#4191,#4192,#4193,#4194,#4195,#4196,#4197
      ,#4198,#4199,#4200,#4201,#4202,#4203,#4204,#4205,#4206,#4207,#4208
      ,#4209,#4210,#4211,#4212,#4213,#4214,#4215,#4216,#4217,#4218,#4219
      ,#4220,#4221,#4222)
    ,(#4223,#4224,#4225,#4226,#4227,#4228,#4229,#4230,#4231,#4232,#4233
      ,#4234,#4235,#4236,#4237,#4238,#4239,#4240,#4241,#4242,#4243,#4244
      ,#4245,#4246,#4247,#4248,#4249,#4250,#4251,#4252,#4253,#4254,#4255
      ,#4256,#4257,#4258,#4259,#4260,#4261,#4262,#4263,#4264,#4265,#4266
      ,#4267,#4268,#4269,#4270,#4271,#4272,#4273,#4274,#4275,#4276,#4277
      ,#4278,#4279,#4280)
    ,(#4281,#4282,#4283,#4284,#4285,#4286,#4287,#4288,#4289,#4290,#4291
      ,#4292,#4293,#4294,#4295,#4296,#4297,#4298,#4299,#4300,#4301,#4302
      ,#4303,#4304,#4305,#4306,#4307,#4308,#4309,#4310,#4311,#4312,#4313
      ,#4314,#4315,#4316,#4317,#4318,#4319,#4320,#4321,#4322,#4323,#4324
      ,#4325,#4326,#4327,#4328,#4329,#4330,#4331,#4332,#4333,#4334,#4335
      ,#4336,#4337,#4338)
    ,(#4339,#4340,#4341,#4342,#4343,#4344,#4345,#4346,#4347,#4348,#4349
      ,#4350,#4351,#4352,#4353,#4354,#4355,#4356,#4357,#4358,#4359,#4360
      ,#4361,#4362,#4363,#4364,#4365,#4366,#4367,#4368,#4369,#4370,#4371
      ,#4372,#4373,#4374,#4375,#4376,#4377,#4378,#4379,#4380,#4381,#4382
      ,#4383,#4384,#4385,#4386,#4387,#4388,#4389,#4390,#4391,#4392,#4393
      ,#4394,#4395,#4396)
    ,(#4397,#4398,#4399,#4400,#4401,#4402,#4403,#4404,#4405,#4406,#4407
      ,#4408,#4409,#4410,#4411,#4412,#4413,#4414,#4415,#4416,#4417,#4418
      ,#4419,#4420,#4421,#4422,#4423,#4424,#4425,#4426,#4427,#4428,#4429
      ,#4430,#4431,#4432,#4433,#4434,#4435,#4436,#4437,#4438,#4439,#4440
      ,#4441,#4442,#4443,#4444,#4445,#4446,#4447,#4448,#4449,#4450,#4451
      ,#4452,#4453,#4454)
    ,(#4455,#4456,#4457,#4458,#4459,#4460,#4461,#4462,#4463,#4464,#4465
      ,#4466,#4467,#4468,#4469,#4470,#4471,#4472,#4473,#4474,#4475,#4476
      ,#4477,#4478,#4479,#4480,#4481,#4482,#4483,#4484,#4485,#4486,#4487
      ,#4488,#4489,#4490,#4491,#4492,#4493,#4494,#4495,#4496,#4497,#4498
      ,#4499,#4500,#4501,#4502,#4503,#4504,#4505,#4506,#4507,#4508,#4509
      ,#4510,#4511,#4512
)),.UNSPECIFIED.,.T.,.T.,.F.) B_SPLINE_SURFACE_WITH_KNOTS((1,6,6,1),(10,
    8,8,8,8,8,8,10),(-6.28318530718,0.,6.28318530718,12.566370614359),(
    0.,4.825971404805,8.274159334719,12.31890901795,16.067241980748,
    19.59002497151,22.637975102336,25.679356367485),.UNSPECIFIED.) 
GEOMETRIC_REPRESENTATION_ITEM() RATIONAL_B_SPLINE_SURFACE((
    (1.669078461068,1.669078461068,1.669078461068,1.669078461068
      ,1.669078461068,1.669078461068,1.669078461068,1.669078461068
      ,1.669078461068,1.669078461068,1.669078461068,1.669078461068
      ,1.669078461068,1.669078461068,1.669078461068,1.669078461068
      ,1.669078461068,1.669078461068,1.669078461068,1.669078461069
      ,1.669078461068,1.669078461069,1.669078461068,1.669078461068
      ,1.669078461068,1.669078461068,1.669078461068,1.669078461069
      ,1.669078461068,1.669078461069,1.669078461068,1.669078461068
      ,1.669078461068,1.669078461068,1.669078461068,1.669078461068
      ,1.669078461068,1.669078461068,1.669078461068,1.669078461068
      ,1.669078461068,1.669078461068,1.669078461068,1.669078461068
      ,1.669078461068,1.669078461068,1.669078461068,1.669078461068
      ,1.669078461068,1.669078461068,1.669078461068,1.669078461068
      ,1.669078461068,1.669078461068,1.669078461068,1.669078461068
      ,1.669078461068,1.669078461068)
    ,(1.03672962321,1.03672962321,1.03672962321,1.03672962321
      ,1.03672962321,1.03672962321,1.03672962321,1.03672962321
      ,1.03672962321,1.03672962321,1.03672962321,1.03672962321
      ,1.03672962321,1.03672962321,1.03672962321,1.03672962321
      ,1.03672962321,1.03672962321,1.036729623209,1.03672962321
      ,1.036729623209,1.03672962321,1.036729623209,1.03672962321
      ,1.03672962321,1.03672962321,1.03672962321,1.03672962321
      ,1.036729623209,1.03672962321,1.03672962321,1.03672962321
      ,1.03672962321,1.03672962321,1.03672962321,1.03672962321
      ,1.03672962321,1.03672962321,1.03672962321,1.03672962321
      ,1.03672962321,1.03672962321,1.03672962321,1.03672962321
      ,1.036729623209,1.03672962321,1.036729623209,1.03672962321
      ,1.03672962321,1.03672962321,1.03672962321,1.03672962321
      ,1.036729623209,1.03672962321,1.03672962321,1.03672962321
      ,1.03672962321,1.03672962321)
    ,(1.038346699848,1.038346699848,1.038346699848,1.038346699847
      ,1.038346699848,1.038346699847,1.038346699848,1.038346699848
      ,1.038346699848,1.038346699848,1.038346699847,1.038346699848
      ,1.038346699848,1.038346699847,1.038346699848,1.038346699848
      ,1.038346699848,1.038346699848,1.038346699847,1.038346699848
      ,1.038346699847,1.038346699848,1.038346699847,1.038346699848
      ,1.038346699847,1.038346699848,1.038346699847,1.038346699848
      ,1.038346699847,1.038346699848,1.038346699847,1.038346699848
      ,1.038346699848,1.038346699848,1.038346699848,1.038346699847
      ,1.038346699848,1.038346699848,1.038346699847,1.038346699848
      ,1.038346699847,1.038346699848,1.038346699847,1.038346699848
      ,1.038346699847,1.038346699848,1.038346699847,1.038346699848
      ,1.038346699847,1.038346699848,1.038346699847,1.038346699848
      ,1.038346699847,1.038346699848,1.038346699847,1.038346699848
      ,1.038346699847,1.038346699848)
    ,(0.853534330196,0.853534330196,0.853534330196,0.853534330196
      ,0.853534330196,0.853534330196,0.853534330196,0.853534330196
      ,0.853534330196,0.853534330196,0.853534330196,0.853534330196
      ,0.853534330196,0.853534330196,0.853534330196,0.853534330196
      ,0.853534330196,0.853534330196,0.853534330196,0.853534330196
      ,0.853534330196,0.853534330196,0.853534330196,0.853534330196
      ,0.853534330196,0.853534330196,0.853534330196,0.853534330196
      ,0.853534330196,0.853534330196,0.853534330196,0.853534330196
      ,0.853534330196,0.853534330196,0.853534330196,0.853534330196
      ,0.853534330196,0.853534330196,0.853534330196,0.853534330196
      ,0.853534330196,0.853534330196,0.853534330196,0.853534330196
      ,0.853534330196,0.853534330196,0.853534330196,0.853534330196
      ,0.853534330196,0.853534330196,0.853534330196,0.853534330196
      ,0.853534330196,0.853534330196,0.853534330196,0.853534330196
      ,0.853534330196,0.853534330196)
    ,(1.038346699848,1.038346699847,1.038346699848,1.038346699847
      ,1.038346699848,1.038346699847,1.038346699848,1.038346699847
      ,1.038346699848,1.038346699848,1.038346699848,1.038346699847
      ,1.038346699848,1.038346699847,1.038346699848,1.038346699847
      ,1.038346699848,1.038346699848,1.038346699847,1.038346699848
      ,1.038346699847,1.038346699848,1.038346699847,1.038346699848
      ,1.038346699847,1.038346699848,1.038346699847,1.038346699848
      ,1.038346699847,1.038346699848,1.038346699847,1.038346699848
      ,1.038346699848,1.038346699848,1.038346699848,1.038346699847
      ,1.038346699848,1.038346699847,1.038346699848,1.038346699848
      ,1.038346699848,1.038346699848,1.038346699847,1.038346699848
      ,1.038346699847,1.038346699848,1.038346699847,1.038346699848
      ,1.038346699847,1.038346699848,1.038346699847,1.038346699848
      ,1.038346699847,1.038346699848,1.038346699847,1.038346699848
      ,1.038346699847,1.038346699848)
    ,(1.03672962321,1.03672962321,1.03672962321,1.03672962321
      ,1.03672962321,1.03672962321,1.03672962321,1.03672962321
      ,1.03672962321,1.03672962321,1.03672962321,1.03672962321
      ,1.03672962321,1.03672962321,1.03672962321,1.03672962321
      ,1.03672962321,1.03672962321,1.036729623209,1.03672962321
      ,1.036729623209,1.03672962321,1.036729623209,1.03672962321
      ,1.03672962321,1.03672962321,1.03672962321,1.03672962321
      ,1.036729623209,1.03672962321,1.03672962321,1.03672962321
      ,1.03672962321,1.03672962321,1.03672962321,1.036729623209
      ,1.03672962321,1.036729623209,1.03672962321,1.03672962321
      ,1.03672962321,1.03672962321,1.03672962321,1.03672962321
      ,1.03672962321,1.03672962321,1.03672962321,1.03672962321
      ,1.03672962321,1.03672962321,1.03672962321,1.03672962321
      ,1.036729623209,1.03672962321,1.03672962321,1.03672962321
      ,1.03672962321,1.03672962321)
    ,(1.669078461068,1.669078461068,1.669078461068,1.669078461068
      ,1.669078461068,1.669078461068,1.669078461068,1.669078461068
      ,1.669078461068,1.669078461068,1.669078461068,1.669078461068
      ,1.669078461068,1.669078461068,1.669078461068,1.669078461068
      ,1.669078461068,1.669078461068,1.669078461068,1.669078461069
      ,1.669078461068,1.669078461069,1.669078461068,1.669078461068
      ,1.669078461068,1.669078461068,1.669078461068,1.669078461069
      ,1.669078461068,1.669078461069,1.669078461068,1.669078461068
      ,1.669078461068,1.669078461068,1.669078461068,1.669078461068
      ,1.669078461068,1.669078461068,1.669078461068,1.669078461068
      ,1.669078461068,1.669078461068,1.669078461068,1.669078461068
      ,1.669078461068,1.669078461068,1.669078461068,1.669078461068
      ,1.669078461068,1.669078461068,1.669078461068,1.669078461068
      ,1.669078461068,1.669078461068,1.669078461068,1.669078461068
,1.669078461068,1.669078461068))) REPRESENTATION_ITEM('') SURFACE() );
#4107 = CARTESIAN_POINT('',(-9.,-6.5,2.35));
#4108 = CARTESIAN_POINT('',(-9.255511665088,-5.764777952224,2.35));
#4109 = CARTESIAN_POINT('',(-9.582395574271,-5.154961615124,2.35));
#4110 = CARTESIAN_POINT('',(-9.970306420725,-4.663436617815,2.35));
#4111 = CARTESIAN_POINT('',(-10.40889889762,-4.283088589412,2.35));
#4112 = CARTESIAN_POINT('',(-10.88782769815,-4.006803159029,2.35));
#4113 = CARTESIAN_POINT('',(-11.39674751547,-3.827465955781,2.35));
#4114 = CARTESIAN_POINT('',(-11.92531304277,-3.737962608784,2.35));
#4115 = CARTESIAN_POINT('',(-12.46317897322,-3.731178747152,2.35));
#4116 = CARTESIAN_POINT('',(-13.38356211211,-3.849173232389,2.35));
#4117 = CARTESIAN_POINT('',(-13.76659078049,-3.936944352763,2.35));
#4118 = CARTESIAN_POINT('',(-14.14393296901,-4.061740943753,2.35));
#4119 = CARTESIAN_POINT('',(-14.51043564154,-4.221990587992,2.35));
#4120 = CARTESIAN_POINT('',(-14.86094576195,-4.416120868109,2.35));
#4121 = CARTESIAN_POINT('',(-15.19031029413,-4.642559366737,2.35));
#4122 = CARTESIAN_POINT('',(-15.49337620195,-4.899733666507,2.35));
#4123 = CARTESIAN_POINT('',(-15.76499044928,-5.186071350051,2.35));
#4124 = CARTESIAN_POINT('',(-16.27566792331,-5.868240604412,2.35));
#4125 = CARTESIAN_POINT('',(-16.50096975439,-6.274444893466,2.35));
#4126 = CARTESIAN_POINT('',(-16.67509796956,-6.710507413747,2.35));
#4127 = CARTESIAN_POINT('',(-16.79724504514,-7.168322711841,2.35));
#4128 = CARTESIAN_POINT('',(-16.86660345742,-7.639785334332,2.35));
#4129 = CARTESIAN_POINT('',(-16.88236568274,-8.116789827809,2.35));
#4130 = CARTESIAN_POINT('',(-16.8437241974,-8.591230738855,2.35));
#4131 = CARTESIAN_POINT('',(-16.74987147771,-9.055002614057,2.35));
#4132 = CARTESIAN_POINT('',(-16.46111175125,-9.912386056176,2.35));
#4133 = CARTESIAN_POINT('',(-16.27411448354,-10.30864854425,2.35));
#4134 = CARTESIAN_POINT('',(-16.04355485069,-10.68365620168,2.35));
#4135 = CARTESIAN_POINT('',(-15.77397950652,-11.03227776592,2.35));
#4136 = CARTESIAN_POINT('',(-15.46993510487,-11.34938197441,2.35));
#4137 = CARTESIAN_POINT('',(-15.13596829956,-11.62983756462,2.35));
#4138 = CARTESIAN_POINT('',(-14.77662574443,-11.86851327398,2.35));
#4139 = CARTESIAN_POINT('',(-14.3964540933,-12.06027783996,2.35));
#4140 = CARTESIAN_POINT('',(-13.62740190096,-12.33131460137,2.35));
#4141 = CARTESIAN_POINT('',(-13.24042194374,-12.41666149757,2.35));
#4142 = CARTESIAN_POINT('',(-12.84347834009,-12.45690980733,2.35));
#4143 = CARTESIAN_POINT('',(-12.44098930173,-12.4529286494,2.35));
#4144 = CARTESIAN_POINT('',(-12.0373730404,-12.4055871425,2.35));
#4145 = CARTESIAN_POINT('',(-11.63704776783,-12.31575440537,2.35));
#4146 = CARTESIAN_POINT('',(-11.24443169575,-12.18429955676,2.35));
#4147 = CARTESIAN_POINT('',(-10.86394303589,-12.01209171539,2.35));
#4148 = CARTESIAN_POINT('',(-10.18511252984,-11.61649594273,2.35));
#4149 = CARTESIAN_POINT('',(-9.882610945794,-11.40313522232,2.35));
#4150 = CARTESIAN_POINT('',(-9.597115430369,-11.16499374815,2.35));
#4151 = CARTESIAN_POINT('',(-9.333246166088,-10.90714742962,2.35));
#4152 = CARTESIAN_POINT('',(-9.09562333547,-10.6346721761,2.35));
#4153 = CARTESIAN_POINT('',(-8.888867121033,-10.35264389699,2.35));
#4154 = CARTESIAN_POINT('',(-8.717597705297,-10.06613850168,2.35));
#4155 = CARTESIAN_POINT('',(-8.58643527078,-9.780231899555,2.35));
#4156 = CARTESIAN_POINT('',(-8.413751012348,-9.220372049206,2.35));
#4157 = CARTESIAN_POINT('',(-8.372036606459,-8.94639436739,2.35));
#4158 = CARTESIAN_POINT('',(-8.37096387692,-8.669891262574,2.35));
#4159 = CARTESIAN_POINT('',(-8.406639918322,-8.382687042782,2.35));
#4160 = CARTESIAN_POINT('',(-8.475171825249,-8.076606016038,2.35));
#4161 = CARTESIAN_POINT('',(-8.572666692293,-7.743472490363,2.35));
#4162 = CARTESIAN_POINT('',(-8.69523161404,-7.375110773784,2.35));
#4163 = CARTESIAN_POINT('',(-8.83897368508,-6.963345174321,2.35));
#4164 = CARTESIAN_POINT('',(-9.,-6.5,2.35));
#4165 = CARTESIAN_POINT('',(-8.543559216528,-6.139652013048,2.35));
#4166 = CARTESIAN_POINT('',(-8.843755467095,-5.347829490331,2.35));
#4167 = CARTESIAN_POINT('',(-9.229771096,-4.67934829993,2.35));
#4168 = CARTESIAN_POINT('',(-9.694454476454,-4.131748058413,2.35));
#4169 = CARTESIAN_POINT('',(-10.22831522007,-3.702114874304,2.35));
#4170 = CARTESIAN_POINT('',(-10.82180967189,-3.406003672156,2.35));
#4171 = CARTESIAN_POINT('',(-11.42861835615,-3.231505065435,2.35));
#4172 = CARTESIAN_POINT('',(-12.04490540557,-3.159105668849,2.35));
#4173 = CARTESIAN_POINT('',(-12.65778973435,-3.178490815763,2.35));
#4174 = CARTESIAN_POINT('',(-13.68833319854,-3.351245704291,2.35));
#4175 = CARTESIAN_POINT('',(-14.11301994963,-3.465403167508,2.35));
#4176 = CARTESIAN_POINT('',(-14.52851494183,-3.619728021096,2.35));
#4177 = CARTESIAN_POINT('',(-14.93038802169,-3.812653383333,2.35));
#4178 = CARTESIAN_POINT('',(-15.31394687791,-4.043075015045,2.35));
#4179 = CARTESIAN_POINT('',(-15.67406199117,-4.310236730995,2.35));
#4180 = CARTESIAN_POINT('',(-16.00505652559,-4.61346759061,2.35));
#4181 = CARTESIAN_POINT('',(-16.30066116171,-4.951770868081,2.35));
#4182 = CARTESIAN_POINT('',(-16.85124191377,-5.759029905469,2.35));
#4183 = CARTESIAN_POINT('',(-17.08754757281,-6.23170635235,2.35));
#4184 = CARTESIAN_POINT('',(-17.26371072426,-6.73130469314,2.35));
#4185 = CARTESIAN_POINT('',(-17.38063270418,-7.249513390501,2.35));
#4186 = CARTESIAN_POINT('',(-17.43864736527,-7.778889538196,2.35));
#4187 = CARTESIAN_POINT('',(-17.43718280515,-8.312188281726,2.35));
#4188 = CARTESIAN_POINT('',(-17.37479376625,-8.841830940471,2.35));
#4189 = CARTESIAN_POINT('',(-17.24956470727,-9.359511831339,2.35));
#4190 = CARTESIAN_POINT('',(-16.88410303962,-10.31599507887,2.35));
#4191 = CARTESIAN_POINT('',(-16.65636773309,-10.75340904843,2.35));
#4192 = CARTESIAN_POINT('',(-16.38218671835,-11.16358704305,2.35));
#4193 = CARTESIAN_POINT('',(-16.06640920355,-11.54224447942,2.35));
#4194 = CARTESIAN_POINT('',(-15.71321693388,-11.88485677615,2.35));
#4195 = CARTESIAN_POINT('',(-15.32631625787,-12.18630287351,2.35));
#4196 = CARTESIAN_POINT('',(-14.90932983965,-12.4407063473,2.35));
#4197 = CARTESIAN_POINT('',(-14.46638801695,-12.64147411675,2.35));
#4198 = CARTESIAN_POINT('',(-13.5673400551,-12.91316357105,2.35));
#4199 = CARTESIAN_POINT('',(-13.1194128966,-12.99114255382,2.35));
#4200 = CARTESIAN_POINT('',(-12.66498532874,-13.01723788071,2.35));
#4201 = CARTESIAN_POINT('',(-12.20901155571,-12.99343587449,2.35));
#4202 = CARTESIAN_POINT('',(-11.75594041029,-12.92156636593,2.35));
#4203 = CARTESIAN_POINT('',(-11.31002019099,-12.80310924902,2.35));
#4204 = CARTESIAN_POINT('',(-10.87552091225,-12.63918222036,2.35));
#4205 = CARTESIAN_POINT('',(-10.45687396805,-12.43070970262,2.35));
#4206 = CARTESIAN_POINT('',(-9.714250035671,-11.96079453741,2.35));
#4207 = CARTESIAN_POINT('',(-9.387554709651,-11.71311732062,2.35));
#4208 = CARTESIAN_POINT('',(-9.081534001495,-11.44057588384,2.35));
#4209 = CARTESIAN_POINT('',(-8.799665308672,-11.14690643132,2.35));
#4210 = CARTESIAN_POINT('',(-8.546088792539,-10.83620556681,2.35));
#4211 = CARTESIAN_POINT('',(-8.325260500749,-10.51225347316,2.35));
#4212 = CARTESIAN_POINT('',(-8.141998412533,-10.17736616236,2.35));
#4213 = CARTESIAN_POINT('',(-8.00273734463,-9.83244146444,2.35));
#4214 = CARTESIAN_POINT('',(-7.835060847585,-9.128045249716,2.35));
#4215 = CARTESIAN_POINT('',(-7.806181832672,-8.775110580033,2.35));
#4216 = CARTESIAN_POINT('',(-7.831134627265,-8.42214266457,2.35));
#4217 = CARTESIAN_POINT('',(-7.905256547945,-8.083440544479,2.35));
#4218 = CARTESIAN_POINT('',(-7.991929747344,-7.750472844762,2.35));
#4219 = CARTESIAN_POINT('',(-8.105686443492,-7.396337772456,2.35));
#4220 = CARTESIAN_POINT('',(-8.236035691292,-7.018253901739,2.35));
#4221 = CARTESIAN_POINT('',(-8.382928396245,-6.602496227495,2.35));
#4222 = CARTESIAN_POINT('',(-8.543559216528,-6.139652013048,2.35));
#4223 = CARTESIAN_POINT('',(-8.478022088235,-6.087912174922,
    1.630908133308));
#4224 = CARTESIAN_POINT('',(-8.784634284786,-5.287962787293,
    1.630908133308));
#4225 = CARTESIAN_POINT('',(-9.179140222274,-4.611058322381,
    1.630908133308));
#4226 = CARTESIAN_POINT('',(-9.65484683201,-4.055406630147,
    1.630908133308));
#4227 = CARTESIAN_POINT('',(-10.20238647735,-3.618696936468,
    1.630908133308));
#4228 = CARTESIAN_POINT('',(-10.81233060689,-3.319739090911,
    1.630908133308));
#4229 = CARTESIAN_POINT('',(-11.43319446645,-3.145935224302,
    1.630908133308));
#4230 = CARTESIAN_POINT('',(-12.06207683352,-3.075991663901,
    1.630908133308));
#4231 = CARTESIAN_POINT('',(-12.68573252755,-3.09913423507,
    1.630908133308));
#4232 = CARTESIAN_POINT('',(-13.73209313962,-3.279751785537,
    1.630908133308));
#4233 = CARTESIAN_POINT('',(-14.1627612824,-3.397697878515,
    1.630908133308));
#4234 = CARTESIAN_POINT('',(-14.58373436788,-3.556262488067,
    1.630908133308));
#4235 = CARTESIAN_POINT('',(-14.99068603627,-3.753879527298,
    1.630908133308));
#4236 = CARTESIAN_POINT('',(-15.37899012849,-3.989511979452,
    1.630908133308));
#4237 = CARTESIAN_POINT('',(-15.74352050184,-4.262520856336,
    1.630908133308));
#4238 = CARTESIAN_POINT('',(-16.07852511172,-4.572364654103,
    1.630908133308));
#4239 = CARTESIAN_POINT('',(-16.37757435938,-4.918129306455,
    1.630908133308));
#4240 = CARTESIAN_POINT('',(-16.93388454305,-5.743349107769,
    1.630908133308));
#4241 = CARTESIAN_POINT('',(-17.17177016451,-6.225569825218,
    1.630908133308));
#4242 = CARTESIAN_POINT('',(-17.34822549817,-6.73429082851,
    1.630908133308));
#4243 = CARTESIAN_POINT('',(-17.46439724328,-7.261170990164,
    1.630908133308));
#4244 = CARTESIAN_POINT('',(-17.52078313476,-7.798862534442,
    1.630908133308));
#4245 = CARTESIAN_POINT('',(-17.51684510144,-8.340244174202,
    1.630908133308));
#4246 = CARTESIAN_POINT('',(-17.45104631801,-8.877812864432,
    1.630908133308));
#4247 = CARTESIAN_POINT('',(-17.32131215071,-9.403234172466,
    1.630908133308));
#4248 = CARTESIAN_POINT('',(-16.9448373897,-10.37394646546,
    1.630908133308));
#4249 = CARTESIAN_POINT('',(-16.71125279412,-10.8172690874,
    1.630908133308));
#4250 = CARTESIAN_POINT('',(-16.43080849133,-11.23249694387,
    1.630908133308));
#4251 = CARTESIAN_POINT('',(-16.10839713116,-11.6154670203,
    1.630908133308));
#4252 = CARTESIAN_POINT('',(-15.74814806408,-11.96174184437,
    1.630908133308));
#4253 = CARTESIAN_POINT('',(-15.35364698513,-12.26620182133,
    1.630908133308));
#4254 = CARTESIAN_POINT('',(-14.92838388922,-12.52286353442,
    1.630908133308));
#4255 = CARTESIAN_POINT('',(-14.47642933817,-12.72492401066,
    1.630908133308));
#4256 = CARTESIAN_POINT('',(-13.55871619623,-12.99670718055,
    1.630908133308));
#4257 = CARTESIAN_POINT('',(-13.10203805689,-13.07362825634,
    1.630908133308));
#4258 = CARTESIAN_POINT('',(-12.63935677011,-13.09769145576,
    1.630908133308));
#4259 = CARTESIAN_POINT('',(-12.17570349943,-13.07104351307,
    1.630908133308));
#4260 = CARTESIAN_POINT('',(-11.71553147434,-12.9956522009,
    1.630908133308));
#4261 = CARTESIAN_POINT('',(-11.26306459667,-12.87308511022,
    1.630908133308));
#4262 = CARTESIAN_POINT('',(-10.82255160227,-12.70449562916,
    1.630908133308));
#4263 = CARTESIAN_POINT('',(-10.39842577786,-12.49081612109,
    1.630908133308));
#4264 = CARTESIAN_POINT('',(-9.646642195166,-12.01022995595,
    1.630908133308));
#4265 = CARTESIAN_POINT('',(-9.316473059555,-11.75762547432,
    1.630908133308));
#4266 = CARTESIAN_POINT('',(-9.007505283043,-11.48014478837,
    1.630908133308));
#4267 = CARTESIAN_POINT('',(-8.723052178616,-11.18133174348,
    1.630908133308));
#4268 = CARTESIAN_POINT('',(-8.467184984761,-10.8651423318,
    1.630908133308));
#4269 = CARTESIAN_POINT('',(-8.244336182157,-10.53517069189,
    1.630908133308));
#4270 = CARTESIAN_POINT('',(-8.059352150277,-10.19333656144,
    1.630908133308));
#4271 = CARTESIAN_POINT('',(-7.918928256452,-9.839937869397,
    1.630908133308));
#4272 = CARTESIAN_POINT('',(-7.751970788714,-9.114788692629,
    1.630908133308));
#4273 = CARTESIAN_POINT('',(-7.724934717498,-8.750517143266,
    1.630908133308));
#4274 = CARTESIAN_POINT('',(-7.753624334426,-8.386570182356,
    1.630908133308));
#4275 = CARTESIAN_POINT('',(-7.833266429056,-8.040473840231,
    1.630908133308));
#4276 = CARTESIAN_POINT('',(-7.922544409305,-7.703645671862,
    1.630908133308));
#4277 = CARTESIAN_POINT('',(-8.038636027351,-7.346495134887,
    1.630908133308));
#4278 = CARTESIAN_POINT('',(-8.170102971889,-6.967015328298,
    1.630908133308));
#4279 = CARTESIAN_POINT('',(-8.317448054251,-6.550684460057,
    1.630908133308));
#4280 = CARTESIAN_POINT('',(-8.478022088235,-6.087912174922,
    1.630908133308));
#4281 = CARTESIAN_POINT('',(-9.,-6.5,1.037809077647));
#4282 = CARTESIAN_POINT('',(-9.255511665088,-5.764777952224,
    1.037809077647));
#4283 = CARTESIAN_POINT('',(-9.582395574271,-5.154961615124,
    1.037809077647));
#4284 = CARTESIAN_POINT('',(-9.970306420725,-4.663436617816,
    1.037809077647));
#4285 = CARTESIAN_POINT('',(-10.40889889762,-4.283088589412,
    1.037809077647));
#4286 = CARTESIAN_POINT('',(-10.88782769815,-4.006803159029,
    1.037809077647));
#4287 = CARTESIAN_POINT('',(-11.39674751547,-3.827465955781,
    1.037809077647));
#4288 = CARTESIAN_POINT('',(-11.92531304277,-3.737962608784,
    1.037809077647));
#4289 = CARTESIAN_POINT('',(-12.46317897322,-3.731178747152,
    1.037809077647));
#4290 = CARTESIAN_POINT('',(-13.38356211211,-3.849173232389,
    1.037809077647));
#4291 = CARTESIAN_POINT('',(-13.76659078049,-3.936944352763,
    1.037809077647));
#4292 = CARTESIAN_POINT('',(-14.14393296901,-4.061740943754,
    1.037809077647));
#4293 = CARTESIAN_POINT('',(-14.51043564154,-4.221990587991,
    1.037809077647));
#4294 = CARTESIAN_POINT('',(-14.86094576195,-4.416120868109,
    1.037809077647));
#4295 = CARTESIAN_POINT('',(-15.19031029413,-4.642559366737,
    1.037809077647));
#4296 = CARTESIAN_POINT('',(-15.49337620195,-4.899733666507,
    1.037809077647));
#4297 = CARTESIAN_POINT('',(-15.76499044928,-5.186071350051,
    1.037809077647));
#4298 = CARTESIAN_POINT('',(-16.27566792331,-5.868240604412,
    1.037809077647));
#4299 = CARTESIAN_POINT('',(-16.50096975439,-6.274444893466,
    1.037809077647));
#4300 = CARTESIAN_POINT('',(-16.67509796956,-6.710507413747,
    1.037809077647));
#4301 = CARTESIAN_POINT('',(-16.79724504514,-7.168322711841,
    1.037809077647));
#4302 = CARTESIAN_POINT('',(-16.86660345742,-7.639785334332,
    1.037809077647));
#4303 = CARTESIAN_POINT('',(-16.88236568274,-8.116789827809,
    1.037809077647));
#4304 = CARTESIAN_POINT('',(-16.8437241974,-8.591230738855,
    1.037809077647));
#4305 = CARTESIAN_POINT('',(-16.74987147771,-9.055002614057,
    1.037809077647));
#4306 = CARTESIAN_POINT('',(-16.46111175125,-9.912386056177,
    1.037809077647));
#4307 = CARTESIAN_POINT('',(-16.27411448354,-10.30864854425,
    1.037809077647));
#4308 = CARTESIAN_POINT('',(-16.04355485069,-10.68365620168,
    1.037809077647));
#4309 = CARTESIAN_POINT('',(-15.77397950652,-11.03227776592,
    1.037809077647));
#4310 = CARTESIAN_POINT('',(-15.46993510487,-11.34938197441,
    1.037809077647));
#4311 = CARTESIAN_POINT('',(-15.13596829956,-11.62983756462,
    1.037809077647));
#4312 = CARTESIAN_POINT('',(-14.77662574443,-11.86851327398,
    1.037809077647));
#4313 = CARTESIAN_POINT('',(-14.3964540933,-12.06027783996,
    1.037809077647));
#4314 = CARTESIAN_POINT('',(-13.62740190096,-12.33131460137,
    1.037809077647));
#4315 = CARTESIAN_POINT('',(-13.24042194374,-12.41666149757,
    1.037809077647));
#4316 = CARTESIAN_POINT('',(-12.84347834009,-12.45690980733,
    1.037809077647));
#4317 = CARTESIAN_POINT('',(-12.44098930173,-12.4529286494,
    1.037809077647));
#4318 = CARTESIAN_POINT('',(-12.0373730404,-12.4055871425,1.037809077647
    ));
#4319 = CARTESIAN_POINT('',(-11.63704776783,-12.31575440537,
    1.037809077647));
#4320 = CARTESIAN_POINT('',(-11.24443169575,-12.18429955676,
    1.037809077647));
#4321 = CARTESIAN_POINT('',(-10.86394303589,-12.01209171539,
    1.037809077647));
#4322 = CARTESIAN_POINT('',(-10.18511252984,-11.61649594273,
    1.037809077647));
#4323 = CARTESIAN_POINT('',(-9.882610945794,-11.40313522232,
    1.037809077647));
#4324 = CARTESIAN_POINT('',(-9.597115430369,-11.16499374815,
    1.037809077647));
#4325 = CARTESIAN_POINT('',(-9.333246166088,-10.90714742962,
    1.037809077647));
#4326 = CARTESIAN_POINT('',(-9.09562333547,-10.6346721761,1.037809077647
    ));
#4327 = CARTESIAN_POINT('',(-8.888867121033,-10.35264389699,
    1.037809077647));
#4328 = CARTESIAN_POINT('',(-8.717597705297,-10.06613850168,
    1.037809077647));
#4329 = CARTESIAN_POINT('',(-8.58643527078,-9.780231899555,
    1.037809077647));
#4330 = CARTESIAN_POINT('',(-8.413751012348,-9.220372049206,
    1.037809077647));
#4331 = CARTESIAN_POINT('',(-8.372036606459,-8.94639436739,
    1.037809077647));
#4332 = CARTESIAN_POINT('',(-8.370963876921,-8.669891262574,
    1.037809077647));
#4333 = CARTESIAN_POINT('',(-8.406639918321,-8.382687042782,
    1.037809077647));
#4334 = CARTESIAN_POINT('',(-8.475171825249,-8.076606016037,
    1.037809077647));
#4335 = CARTESIAN_POINT('',(-8.572666692293,-7.743472490363,
    1.037809077647));
#4336 = CARTESIAN_POINT('',(-8.695231614041,-7.375110773784,
    1.037809077647));
#4337 = CARTESIAN_POINT('',(-8.83897368508,-6.963345174321,
    1.037809077647));
#4338 = CARTESIAN_POINT('',(-9.,-6.5,1.037809077647));
#4339 = CARTESIAN_POINT('',(-9.521977911765,-6.912087825078,
    1.630908133308));
#4340 = CARTESIAN_POINT('',(-9.726389045389,-6.241593117156,
    1.630908133308));
#4341 = CARTESIAN_POINT('',(-9.985650926268,-5.698864907868,
    1.630908133308));
#4342 = CARTESIAN_POINT('',(-10.28576600944,-5.271466605484,
    1.630908133308));
#4343 = CARTESIAN_POINT('',(-10.6154113179,-4.947480242356,
    1.630908133308));
#4344 = CARTESIAN_POINT('',(-10.96332478941,-4.693867227147,
    1.630908133308));
#4345 = CARTESIAN_POINT('',(-11.36030056449,-4.50899668726,
    1.630908133308));
#4346 = CARTESIAN_POINT('',(-11.78854925202,-4.399933553667,
    1.630908133308));
#4347 = CARTESIAN_POINT('',(-12.24062541889,-4.363223259234,
    1.630908133308));
#4348 = CARTESIAN_POINT('',(-13.03503108461,-4.418594679241,
    1.630908133308));
#4349 = CARTESIAN_POINT('',(-13.37042027859,-4.476190827012,
    1.630908133308));
#4350 = CARTESIAN_POINT('',(-13.70413157014,-4.567219399439,
    1.630908133308));
#4351 = CARTESIAN_POINT('',(-14.03018524681,-4.690101648686,
    1.630908133308));
#4352 = CARTESIAN_POINT('',(-14.34290139542,-4.842729756765,
    1.630908133308));
#4353 = CARTESIAN_POINT('',(-14.63710008642,-5.022597877138,
    1.630908133308));
#4354 = CARTESIAN_POINT('',(-14.90822729217,-5.227102678911,
    1.630908133308));
#4355 = CARTESIAN_POINT('',(-15.15240653918,-5.454013393647,
    1.630908133308));
#4356 = CARTESIAN_POINT('',(-15.61745130357,-5.993132101056,
    1.630908133308));
#4357 = CARTESIAN_POINT('',(-15.83016934427,-6.323319961714,
    1.630908133308));
#4358 = CARTESIAN_POINT('',(-16.00197044095,-6.686723998984,
    1.630908133308));
#4359 = CARTESIAN_POINT('',(-16.13009284699,-7.075474433517,
    1.630908133308));
#4360 = CARTESIAN_POINT('',(-16.21242378009,-7.480708134223,
    1.630908133308));
#4361 = CARTESIAN_POINT('',(-16.24788626405,-7.893335481417,
    1.630908133308));
#4362 = CARTESIAN_POINT('',(-16.23640207679,-8.304648613278,
    1.630908133308));
#4363 = CARTESIAN_POINT('',(-16.17843080472,-8.706771055648,
    1.630908133308));
#4364 = CARTESIAN_POINT('',(-15.9773861128,-9.450825646884,
    1.630908133308));
#4365 = CARTESIAN_POINT('',(-15.83697617296,-9.800028001106,
    1.630908133308));
#4366 = CARTESIAN_POINT('',(-15.65630121004,-10.13481545949,
    1.630908133308));
#4367 = CARTESIAN_POINT('',(-15.43956188188,-10.44908851154,
    1.630908133308));
#4368 = CARTESIAN_POINT('',(-15.19172214565,-10.73702210445,
    1.630908133308));
#4369 = CARTESIAN_POINT('',(-14.918289614,-10.99347330791,1.630908133308
    ));
#4370 = CARTESIAN_POINT('',(-14.62486759964,-11.21416301354,
    1.630908133308));
#4371 = CARTESIAN_POINT('',(-14.31647884842,-11.39563166925,
    1.630908133308));
#4372 = CARTESIAN_POINT('',(-13.69608760568,-11.66592202219,
    1.630908133308));
#4373 = CARTESIAN_POINT('',(-13.3788058306,-11.7596947388,1.630908133308
    ));
#4374 = CARTESIAN_POINT('',(-13.04759991008,-11.8161281589,
    1.630908133308));
#4375 = CARTESIAN_POINT('',(-12.70627510403,-11.83481378573,
    1.630908133308));
#4376 = CARTESIAN_POINT('',(-12.35921460646,-11.81552208409,
    1.630908133308));
#4377 = CARTESIAN_POINT('',(-12.01103093898,-11.75842370053,
    1.630908133308));
#4378 = CARTESIAN_POINT('',(-11.66631178922,-11.66410348436,
    1.630908133308));
#4379 = CARTESIAN_POINT('',(-11.32946029392,-11.53336730968,
    1.630908133308));
#4380 = CARTESIAN_POINT('',(-10.72358286452,-11.22276192951,
    1.630908133308));
#4381 = CARTESIAN_POINT('',(-10.44874883203,-11.04864497032,
    1.630908133308));
#4382 = CARTESIAN_POINT('',(-10.18672557769,-10.84984270794,
    1.630908133308));
#4383 = CARTESIAN_POINT('',(-9.94344015356,-10.63296311575,
    1.630908133308));
#4384 = CARTESIAN_POINT('',(-9.724061686179,-10.4042020204,
    1.630908133308));
#4385 = CARTESIAN_POINT('',(-9.53339805991,-10.17011710209,
    1.630908133308));
#4386 = CARTESIAN_POINT('',(-9.375843260316,-9.938940441924,
    1.630908133308));
#4387 = CARTESIAN_POINT('',(-9.253942285107,-9.720525929713,
    1.630908133308));
#4388 = CARTESIAN_POINT('',(-9.075531235983,-9.325955405784,
    1.630908133308));
#4389 = CARTESIAN_POINT('',(-9.019138495419,-9.142271591514,
    1.630908133308));
#4390 = CARTESIAN_POINT('',(-8.988303419416,-8.953212342792,
    1.630908133308));
#4391 = CARTESIAN_POINT('',(-8.980013407586,-8.724900245333,
    1.630908133308));
#4392 = CARTESIAN_POINT('',(-9.027799241194,-8.449566360213,
    1.630908133308));
#4393 = CARTESIAN_POINT('',(-9.106697357235,-8.14044984584,
    1.630908133308));
#4394 = CARTESIAN_POINT('',(-9.220360256192,-7.78320621927,
    1.630908133308));
#4395 = CARTESIAN_POINT('',(-9.360499315909,-7.376005888585,
    1.630908133308));
#4396 = CARTESIAN_POINT('',(-9.521977911765,-6.912087825078,
    1.630908133308));
#4397 = CARTESIAN_POINT('',(-9.456440783472,-6.860347986952,2.35));
#4398 = CARTESIAN_POINT('',(-9.66726786308,-6.181726414118,2.35));
#4399 = CARTESIAN_POINT('',(-9.935020052541,-5.630574930319,2.35));
#4400 = CARTESIAN_POINT('',(-10.24615836499,-5.195125177218,2.35));
#4401 = CARTESIAN_POINT('',(-10.58948257517,-4.864062304519,2.35));
#4402 = CARTESIAN_POINT('',(-10.95384572441,-4.607602645902,2.35));
#4403 = CARTESIAN_POINT('',(-11.3648766748,-4.423426846128,2.35));
#4404 = CARTESIAN_POINT('',(-11.80572067997,-4.31681954872,2.35));
#4405 = CARTESIAN_POINT('',(-12.26856821209,-4.283866678541,2.35));
#4406 = CARTESIAN_POINT('',(-13.07879102569,-4.347100760487,2.35));
#4407 = CARTESIAN_POINT('',(-13.42016161136,-4.408485538018,2.35));
#4408 = CARTESIAN_POINT('',(-13.75935099619,-4.503753866411,2.35));
#4409 = CARTESIAN_POINT('',(-14.09048326139,-4.63132779265,2.35));
#4410 = CARTESIAN_POINT('',(-14.407944646,-4.789166721172,2.35));
#4411 = CARTESIAN_POINT('',(-14.7065585971,-4.974882002479,2.35));
#4412 = CARTESIAN_POINT('',(-14.98169587831,-5.185999742405,2.35));
#4413 = CARTESIAN_POINT('',(-15.22931973685,-5.420371832021,2.35));
#4414 = CARTESIAN_POINT('',(-15.70009393284,-5.977451303356,2.35));
#4415 = CARTESIAN_POINT('',(-15.91439193597,-6.317183434582,2.35));
#4416 = CARTESIAN_POINT('',(-16.08648521486,-6.689710134353,2.35));
#4417 = CARTESIAN_POINT('',(-16.21385738609,-7.08713203318,2.35));
#4418 = CARTESIAN_POINT('',(-16.29455954958,-7.500681130469,2.35));
#4419 = CARTESIAN_POINT('',(-16.32754856033,-7.921391373892,2.35));
#4420 = CARTESIAN_POINT('',(-16.31265462855,-8.340630537239,2.35));
#4421 = CARTESIAN_POINT('',(-16.25017824815,-8.750493396775,2.35));
#4422 = CARTESIAN_POINT('',(-16.03812046288,-9.508777033478,2.35));
#4423 = CARTESIAN_POINT('',(-15.89186123398,-9.863888040079,2.35));
#4424 = CARTESIAN_POINT('',(-15.70492298302,-10.20372536032,2.35));
#4425 = CARTESIAN_POINT('',(-15.48154980948,-10.52231105242,2.35));
#4426 = CARTESIAN_POINT('',(-15.22665327586,-10.81390717268,2.35));
#4427 = CARTESIAN_POINT('',(-14.94562034126,-11.07337225572,2.35));
#4428 = CARTESIAN_POINT('',(-14.64392164921,-11.29632020066,2.35));
#4429 = CARTESIAN_POINT('',(-14.32652016965,-11.47908156316,2.35));
#4430 = CARTESIAN_POINT('',(-13.68746374681,-11.74946563169,2.35));
#4431 = CARTESIAN_POINT('',(-13.36143099089,-11.84218044132,2.35));
#4432 = CARTESIAN_POINT('',(-13.02197135144,-11.89658173396,2.35));
#4433 = CARTESIAN_POINT('',(-12.67296704776,-11.9124214243,2.35));
#4434 = CARTESIAN_POINT('',(-12.31880567051,-11.88960791907,2.35));
#4435 = CARTESIAN_POINT('',(-11.96407534467,-11.82839956173,2.35));
#4436 = CARTESIAN_POINT('',(-11.61334247924,-11.72941689315,2.35));
#4437 = CARTESIAN_POINT('',(-11.27101210373,-11.59347372815,2.35));
#4438 = CARTESIAN_POINT('',(-10.65597502401,-11.27219734805,2.35));
#4439 = CARTESIAN_POINT('',(-10.37766718193,-11.09315312401,2.35));
#4440 = CARTESIAN_POINT('',(-10.11269685924,-10.88941161246,2.35));
#4441 = CARTESIAN_POINT('',(-9.866827023504,-10.66738842791,2.35));
#4442 = CARTESIAN_POINT('',(-9.645157878401,-10.43313878539,2.35));
#4443 = CARTESIAN_POINT('',(-9.452473741317,-10.19303432082,2.35));
#4444 = CARTESIAN_POINT('',(-9.293196998061,-9.954910841002,2.35));
#4445 = CARTESIAN_POINT('',(-9.170133196929,-9.72802233467,2.35));
#4446 = CARTESIAN_POINT('',(-8.992441177112,-9.312698848697,2.35));
#4447 = CARTESIAN_POINT('',(-8.937891380246,-9.117678154746,2.35));
#4448 = CARTESIAN_POINT('',(-8.910793126576,-8.917639860578,2.35));
#4449 = CARTESIAN_POINT('',(-8.908023288697,-8.681933541085,2.35));
#4450 = CARTESIAN_POINT('',(-8.958413903155,-8.402739187313,2.35));
#4451 = CARTESIAN_POINT('',(-9.039646941094,-8.090607208271,2.35));
#4452 = CARTESIAN_POINT('',(-9.15442753679,-7.731967645829,2.35));
#4453 = CARTESIAN_POINT('',(-9.295018973915,-7.324194121148,2.35));
#4454 = CARTESIAN_POINT('',(-9.456440783472,-6.860347986952,2.35));
#4455 = CARTESIAN_POINT('',(-9.,-6.5,2.35));
#4456 = CARTESIAN_POINT('',(-9.255511665088,-5.764777952224,2.35));
#4457 = CARTESIAN_POINT('',(-9.582395574271,-5.154961615124,2.35));
#4458 = CARTESIAN_POINT('',(-9.970306420725,-4.663436617815,2.35));
#4459 = CARTESIAN_POINT('',(-10.40889889762,-4.283088589412,2.35));
#4460 = CARTESIAN_POINT('',(-10.88782769815,-4.006803159029,2.35));
#4461 = CARTESIAN_POINT('',(-11.39674751547,-3.827465955781,2.35));
#4462 = CARTESIAN_POINT('',(-11.92531304277,-3.737962608784,2.35));
#4463 = CARTESIAN_POINT('',(-12.46317897322,-3.731178747152,2.35));
#4464 = CARTESIAN_POINT('',(-13.38356211211,-3.849173232389,2.35));
#4465 = CARTESIAN_POINT('',(-13.76659078049,-3.936944352763,2.35));
#4466 = CARTESIAN_POINT('',(-14.14393296901,-4.061740943753,2.35));
#4467 = CARTESIAN_POINT('',(-14.51043564154,-4.221990587992,2.35));
#4468 = CARTESIAN_POINT('',(-14.86094576195,-4.416120868109,2.35));
#4469 = CARTESIAN_POINT('',(-15.19031029413,-4.642559366737,2.35));
#4470 = CARTESIAN_POINT('',(-15.49337620195,-4.899733666507,2.35));
#4471 = CARTESIAN_POINT('',(-15.76499044928,-5.186071350051,2.35));
#4472 = CARTESIAN_POINT('',(-16.27566792331,-5.868240604412,2.35));
#4473 = CARTESIAN_POINT('',(-16.50096975439,-6.274444893466,2.35));
#4474 = CARTESIAN_POINT('',(-16.67509796956,-6.710507413747,2.35));
#4475 = CARTESIAN_POINT('',(-16.79724504514,-7.168322711841,2.35));
#4476 = CARTESIAN_POINT('',(-16.86660345742,-7.639785334332,2.35));
#4477 = CARTESIAN_POINT('',(-16.88236568274,-8.116789827809,2.35));
#4478 = CARTESIAN_POINT('',(-16.8437241974,-8.591230738855,2.35));
#4479 = CARTESIAN_POINT('',(-16.74987147771,-9.055002614057,2.35));
#4480 = CARTESIAN_POINT('',(-16.46111175125,-9.912386056176,2.35));
#4481 = CARTESIAN_POINT('',(-16.27411448354,-10.30864854425,2.35));
#4482 = CARTESIAN_POINT('',(-16.04355485069,-10.68365620168,2.35));
#4483 = CARTESIAN_POINT('',(-15.77397950652,-11.03227776592,2.35));
#4484 = CARTESIAN_POINT('',(-15.46993510487,-11.34938197441,2.35));
#4485 = CARTESIAN_POINT('',(-15.13596829956,-11.62983756462,2.35));
#4486 = CARTESIAN_POINT('',(-14.77662574443,-11.86851327398,2.35));
#4487 = CARTESIAN_POINT('',(-14.3964540933,-12.06027783996,2.35));
#4488 = CARTESIAN_POINT('',(-13.62740190096,-12.33131460137,2.35));
#4489 = CARTESIAN_POINT('',(-13.24042194374,-12.41666149757,2.35));
#4490 = CARTESIAN_POINT('',(-12.84347834009,-12.45690980733,2.35));
#4491 = CARTESIAN_POINT('',(-12.44098930173,-12.4529286494,2.35));
#4492 = CARTESIAN_POINT('',(-12.0373730404,-12.4055871425,2.35));
#4493 = CARTESIAN_POINT('',(-11.63704776783,-12.31575440537,2.35));
#4494 = CARTESIAN_POINT('',(-11.24443169575,-12.18429955676,2.35));
#4495 = CARTESIAN_POINT('',(-10.86394303589,-12.01209171539,2.35));
#4496 = CARTESIAN_POINT('',(-10.18511252984,-11.61649594273,2.35));
#4497 = CARTESIAN_POINT('',(-9.882610945794,-11.40313522232,2.35));
#4498 = CARTESIAN_POINT('',(-9.597115430369,-11.16499374815,2.35));
#4499 = CARTESIAN_POINT('',(-9.333246166088,-10.90714742962,2.35));
#4500 = CARTESIAN_POINT('',(-9.09562333547,-10.6346721761,2.35));
#4501 = CARTESIAN_POINT('',(-8.888867121033,-10.35264389699,2.35));
#4502 = CARTESIAN_POINT('',(-8.717597705297,-10.06613850168,2.35));
#4503 = CARTESIAN_POINT('',(-8.58643527078,-9.780231899555,2.35));
#4504 = CARTESIAN_POINT('',(-8.413751012348,-9.220372049206,2.35));
#4505 = CARTESIAN_POINT('',(-8.372036606459,-8.94639436739,2.35));
#4506 = CARTESIAN_POINT('',(-8.37096387692,-8.669891262574,2.35));
#4507 = CARTESIAN_POINT('',(-8.406639918322,-8.382687042782,2.35));
#4508 = CARTESIAN_POINT('',(-8.475171825249,-8.076606016038,2.35));
#4509 = CARTESIAN_POINT('',(-8.572666692293,-7.743472490363,2.35));
#4510 = CARTESIAN_POINT('',(-8.69523161404,-7.375110773784,2.35));
#4511 = CARTESIAN_POINT('',(-8.83897368508,-6.963345174321,2.35));
#4512 = CARTESIAN_POINT('',(-9.,-6.5,2.35));
#4513 = DEFINITIONAL_REPRESENTATION('',(#4514),#4517);
#4514 = B_SPLINE_CURVE_WITH_KNOTS('',1,(#4515,#4516),.UNSPECIFIED.,.F.,
  .F.,(2,2),(0.,25.679356367485),.PIECEWISE_BEZIER_KNOTS.);
#4515 = CARTESIAN_POINT('',(6.28318530718,0.));
#4516 = CARTESIAN_POINT('',(6.28318530718,25.679356367485));
#4517 = ( GEOMETRIC_REPRESENTATION_CONTEXT(2) 
PARAMETRIC_REPRESENTATION_CONTEXT() REPRESENTATION_CONTEXT('2D SPACE',''
  ) );
#4518 = ORIENTED_EDGE('',*,*,#4011,.T.);
#4519 = ADVANCED_FACE('',(#4520),#1744,.T.);
#4520 = FACE_BOUND('',#4521,.T.);
#4521 = EDGE_LOOP('',(#4522,#4546,#4547));
#4522 = ORIENTED_EDGE('',*,*,#4523,.T.);
#4523 = EDGE_CURVE('',#1728,#4524,#4526,.T.);
#4524 = VERTEX_POINT('',#4525);
#4525 = CARTESIAN_POINT('',(-12.4,-2.3,2.45));
#4526 = SEAM_CURVE('',#4527,(#4532,#4539),.PCURVE_S1.);
#4527 = CIRCLE('',#4528,0.6);
#4528 = AXIS2_PLACEMENT_3D('',#4529,#4530,#4531);
#4529 = CARTESIAN_POINT('',(-12.4,-2.3,1.85));
#4530 = DIRECTION('',(-2.449293598295E-16,-1.,0.));
#4531 = DIRECTION('',(1.,-2.449293598295E-16,0.));
#4532 = PCURVE('',#1744,#4533);
#4533 = DEFINITIONAL_REPRESENTATION('',(#4534),#4538);
#4534 = LINE('',#4535,#4536);
#4535 = CARTESIAN_POINT('',(6.28318530718,-6.28318530718));
#4536 = VECTOR('',#4537,1.);
#4537 = DIRECTION('',(0.,1.));
#4538 = ( GEOMETRIC_REPRESENTATION_CONTEXT(2) 
PARAMETRIC_REPRESENTATION_CONTEXT() REPRESENTATION_CONTEXT('2D SPACE',''
  ) );
#4539 = PCURVE('',#1744,#4540);
#4540 = DEFINITIONAL_REPRESENTATION('',(#4541),#4545);
#4541 = LINE('',#4542,#4543);
#4542 = CARTESIAN_POINT('',(0.,-6.28318530718));
#4543 = VECTOR('',#4544,1.);
#4544 = DIRECTION('',(0.,1.));
#4545 = ( GEOMETRIC_REPRESENTATION_CONTEXT(2) 
PARAMETRIC_REPRESENTATION_CONTEXT() REPRESENTATION_CONTEXT('2D SPACE',''
  ) );
#4546 = ORIENTED_EDGE('',*,*,#4523,.F.);
#4547 = ORIENTED_EDGE('',*,*,#1727,.T.);
#4548 = ADVANCED_FACE('',(#4549),#1775,.T.);
#4549 = FACE_BOUND('',#4550,.T.);
#4550 = EDGE_LOOP('',(#4551,#4575,#4576));
#4551 = ORIENTED_EDGE('',*,*,#4552,.T.);
#4552 = EDGE_CURVE('',#1759,#4553,#4555,.T.);
#4553 = VERTEX_POINT('',#4554);
#4554 = CARTESIAN_POINT('',(-7.4,-9.,2.45));
#4555 = SEAM_CURVE('',#4556,(#4561,#4568),.PCURVE_S1.);
#4556 = CIRCLE('',#4557,0.6);
#4557 = AXIS2_PLACEMENT_3D('',#4558,#4559,#4560);
#4558 = CARTESIAN_POINT('',(-7.4,-9.,1.85));
#4559 = DIRECTION('',(-2.449293598295E-16,-1.,0.));
#4560 = DIRECTION('',(1.,-2.449293598295E-16,0.));
#4561 = PCURVE('',#1775,#4562);
#4562 = DEFINITIONAL_REPRESENTATION('',(#4563),#4567);
#4563 = LINE('',#4564,#4565);
#4564 = CARTESIAN_POINT('',(6.28318530718,-6.28318530718));
#4565 = VECTOR('',#4566,1.);
#4566 = DIRECTION('',(0.,1.));
#4567 = ( GEOMETRIC_REPRESENTATION_CONTEXT(2) 
PARAMETRIC_REPRESENTATION_CONTEXT() REPRESENTATION_CONTEXT('2D SPACE',''
  ) );
#4568 = PCURVE('',#1775,#4569);
#4569 = DEFINITIONAL_REPRESENTATION('',(#4570),#4574);
#4570 = LINE('',#4571,#4572);
#4571 = CARTESIAN_POINT('',(0.,-6.28318530718));
#4572 = VECTOR('',#4573,1.);
#4573 = DIRECTION('',(0.,1.));
#4574 = ( GEOMETRIC_REPRESENTATION_CONTEXT(2) 
PARAMETRIC_REPRESENTATION_CONTEXT() REPRESENTATION_CONTEXT('2D SPACE',''
  ) );
#4575 = ORIENTED_EDGE('',*,*,#4552,.F.);
#4576 = ORIENTED_EDGE('',*,*,#1758,.T.);
#4577 = ADVANCED_FACE('',(#4578),#1806,.T.);
#4578 = FACE_BOUND('',#4579,.T.);
#4579 = EDGE_LOOP('',(#4580,#4581,#4602,#4603));
#4580 = ORIENTED_EDGE('',*,*,#3609,.T.);
#4581 = ORIENTED_EDGE('',*,*,#4582,.T.);
#4582 = EDGE_CURVE('',#3612,#1792,#4583,.T.);
#4583 = SURFACE_CURVE('',#4584,(#4588,#4595),.PCURVE_S1.);
#4584 = LINE('',#4585,#4586);
#4585 = CARTESIAN_POINT('',(-3.340191860312,-3.342140340699,-1.));
#4586 = VECTOR('',#4587,1.);
#4587 = DIRECTION('',(0.,0.,1.));
#4588 = PCURVE('',#1806,#4589);
#4589 = DEFINITIONAL_REPRESENTATION('',(#4590),#4594);
#4590 = LINE('',#4591,#4592);
#4591 = CARTESIAN_POINT('',(0.,0.));
#4592 = VECTOR('',#4593,1.);
#4593 = DIRECTION('',(0.,-1.));
#4594 = ( GEOMETRIC_REPRESENTATION_CONTEXT(2) 
PARAMETRIC_REPRESENTATION_CONTEXT() REPRESENTATION_CONTEXT('2D SPACE',''
  ) );
#4595 = PCURVE('',#1838,#4596);
#4596 = DEFINITIONAL_REPRESENTATION('',(#4597),#4601);
#4597 = LINE('',#4598,#4599);
#4598 = CARTESIAN_POINT('',(-1.919862177194,0.));
#4599 = VECTOR('',#4600,1.);
#4600 = DIRECTION('',(-0.,-1.));
#4601 = ( GEOMETRIC_REPRESENTATION_CONTEXT(2) 
PARAMETRIC_REPRESENTATION_CONTEXT() REPRESENTATION_CONTEXT('2D SPACE',''
  ) );
#4602 = ORIENTED_EDGE('',*,*,#1789,.F.);
#4603 = ORIENTED_EDGE('',*,*,#4604,.F.);
#4604 = EDGE_CURVE('',#3610,#1790,#4605,.T.);
#4605 = SURFACE_CURVE('',#4606,(#4610,#4617),.PCURVE_S1.);
#4606 = LINE('',#4607,#4608);
#4607 = CARTESIAN_POINT('',(-2.84691612505,-2.637669582611,-1.));
#4608 = VECTOR('',#4609,1.);
#4609 = DIRECTION('',(0.,0.,1.));
#4610 = PCURVE('',#1806,#4611);
#4611 = DEFINITIONAL_REPRESENTATION('',(#4612),#4616);
#4612 = LINE('',#4613,#4614);
#4613 = CARTESIAN_POINT('',(0.86,0.));
#4614 = VECTOR('',#4615,1.);
#4615 = DIRECTION('',(0.,-1.));
#4616 = ( GEOMETRIC_REPRESENTATION_CONTEXT(2) 
PARAMETRIC_REPRESENTATION_CONTEXT() REPRESENTATION_CONTEXT('2D SPACE',''
  ) );
#4617 = PCURVE('',#1895,#4618);
#4618 = DEFINITIONAL_REPRESENTATION('',(#4619),#4623);
#4619 = LINE('',#4620,#4621);
#4620 = CARTESIAN_POINT('',(0.,0.));
#4621 = VECTOR('',#4622,1.);
#4622 = DIRECTION('',(0.,-1.));
#4623 = ( GEOMETRIC_REPRESENTATION_CONTEXT(2) 
PARAMETRIC_REPRESENTATION_CONTEXT() REPRESENTATION_CONTEXT('2D SPACE',''
  ) );
#4624 = ADVANCED_FACE('',(#4625),#1895,.T.);
#4625 = FACE_BOUND('',#4626,.T.);
#4626 = EDGE_LOOP('',(#4627,#4628,#4629,#4630));
#4627 = ORIENTED_EDGE('',*,*,#3681,.F.);
#4628 = ORIENTED_EDGE('',*,*,#4604,.T.);
#4629 = ORIENTED_EDGE('',*,*,#1876,.T.);
#4630 = ORIENTED_EDGE('',*,*,#4631,.F.);
#4631 = EDGE_CURVE('',#3661,#1851,#4632,.T.);
#4632 = SURFACE_CURVE('',#4633,(#4637,#4644),.PCURVE_S1.);
#4633 = LINE('',#4634,#4635);
#4634 = CARTESIAN_POINT('',(-2.84691612505,2.637669582611,-1.));
#4635 = VECTOR('',#4636,1.);
#4636 = DIRECTION('',(0.,0.,1.));
#4637 = PCURVE('',#1895,#4638);
#4638 = DEFINITIONAL_REPRESENTATION('',(#4639),#4643);
#4639 = LINE('',#4640,#4641);
#4640 = CARTESIAN_POINT('',(1.919862177194,0.));
#4641 = VECTOR('',#4642,1.);
#4642 = DIRECTION('',(0.,-1.));
#4643 = ( GEOMETRIC_REPRESENTATION_CONTEXT(2) 
PARAMETRIC_REPRESENTATION_CONTEXT() REPRESENTATION_CONTEXT('2D SPACE',''
  ) );
#4644 = PCURVE('',#1865,#4645);
#4645 = DEFINITIONAL_REPRESENTATION('',(#4646),#4650);
#4646 = LINE('',#4647,#4648);
#4647 = CARTESIAN_POINT('',(0.,0.));
#4648 = VECTOR('',#4649,1.);
#4649 = DIRECTION('',(0.,-1.));
#4650 = ( GEOMETRIC_REPRESENTATION_CONTEXT(2) 
PARAMETRIC_REPRESENTATION_CONTEXT() REPRESENTATION_CONTEXT('2D SPACE',''
  ) );
#4651 = ADVANCED_FACE('',(#4652),#1838,.F.);
#4652 = FACE_BOUND('',#4653,.T.);
#4653 = EDGE_LOOP('',(#4654,#4655,#4676,#4677));
#4654 = ORIENTED_EDGE('',*,*,#3632,.T.);
#4655 = ORIENTED_EDGE('',*,*,#4656,.T.);
#4656 = EDGE_CURVE('',#3633,#1818,#4657,.T.);
#4657 = SURFACE_CURVE('',#4658,(#4662,#4669),.PCURVE_S1.);
#4658 = LINE('',#4659,#4660);
#4659 = CARTESIAN_POINT('',(-3.340191860312,3.342140340699,-1.));
#4660 = VECTOR('',#4661,1.);
#4661 = DIRECTION('',(0.,0.,1.));
#4662 = PCURVE('',#1838,#4663);
#4663 = DEFINITIONAL_REPRESENTATION('',(#4664),#4668);
#4664 = LINE('',#4665,#4666);
#4665 = CARTESIAN_POINT('',(-0.,0.));
#4666 = VECTOR('',#4667,1.);
#4667 = DIRECTION('',(-0.,-1.));
#4668 = ( GEOMETRIC_REPRESENTATION_CONTEXT(2) 
PARAMETRIC_REPRESENTATION_CONTEXT() REPRESENTATION_CONTEXT('2D SPACE',''
  ) );
#4669 = PCURVE('',#1865,#4670);
#4670 = DEFINITIONAL_REPRESENTATION('',(#4671),#4675);
#4671 = LINE('',#4672,#4673);
#4672 = CARTESIAN_POINT('',(0.86,0.));
#4673 = VECTOR('',#4674,1.);
#4674 = DIRECTION('',(0.,-1.));
#4675 = ( GEOMETRIC_REPRESENTATION_CONTEXT(2) 
PARAMETRIC_REPRESENTATION_CONTEXT() REPRESENTATION_CONTEXT('2D SPACE',''
  ) );
#4676 = ORIENTED_EDGE('',*,*,#1817,.F.);
#4677 = ORIENTED_EDGE('',*,*,#4582,.F.);
#4678 = ADVANCED_FACE('',(#4679),#1865,.T.);
#4679 = FACE_BOUND('',#4680,.T.);
#4680 = EDGE_LOOP('',(#4681,#4682,#4683,#4684));
#4681 = ORIENTED_EDGE('',*,*,#3660,.T.);
#4682 = ORIENTED_EDGE('',*,*,#4631,.T.);
#4683 = ORIENTED_EDGE('',*,*,#1850,.F.);
#4684 = ORIENTED_EDGE('',*,*,#4656,.F.);
#4685 = ADVANCED_FACE('',(#4686),#1926,.T.);
#4686 = FACE_BOUND('',#4687,.T.);
#4687 = EDGE_LOOP('',(#4688,#4712,#4713));
#4688 = ORIENTED_EDGE('',*,*,#4689,.T.);
#4689 = EDGE_CURVE('',#1910,#4690,#4692,.T.);
#4690 = VERTEX_POINT('',#4691);
#4691 = CARTESIAN_POINT('',(-12.6,2.4,2.45));
#4692 = SEAM_CURVE('',#4693,(#4698,#4705),.PCURVE_S1.);
#4693 = CIRCLE('',#4694,0.6);
#4694 = AXIS2_PLACEMENT_3D('',#4695,#4696,#4697);
#4695 = CARTESIAN_POINT('',(-12.6,2.4,1.85));
#4696 = DIRECTION('',(-2.449293598295E-16,-1.,0.));
#4697 = DIRECTION('',(1.,-2.449293598295E-16,0.));
#4698 = PCURVE('',#1926,#4699);
#4699 = DEFINITIONAL_REPRESENTATION('',(#4700),#4704);
#4700 = LINE('',#4701,#4702);
#4701 = CARTESIAN_POINT('',(6.28318530718,-6.28318530718));
#4702 = VECTOR('',#4703,1.);
#4703 = DIRECTION('',(0.,1.));
#4704 = ( GEOMETRIC_REPRESENTATION_CONTEXT(2) 
PARAMETRIC_REPRESENTATION_CONTEXT() REPRESENTATION_CONTEXT('2D SPACE',''
  ) );
#4705 = PCURVE('',#1926,#4706);
#4706 = DEFINITIONAL_REPRESENTATION('',(#4707),#4711);
#4707 = LINE('',#4708,#4709);
#4708 = CARTESIAN_POINT('',(0.,-6.28318530718));
#4709 = VECTOR('',#4710,1.);
#4710 = DIRECTION('',(0.,1.));
#4711 = ( GEOMETRIC_REPRESENTATION_CONTEXT(2) 
PARAMETRIC_REPRESENTATION_CONTEXT() REPRESENTATION_CONTEXT('2D SPACE',''
  ) );
#4712 = ORIENTED_EDGE('',*,*,#4689,.F.);
#4713 = ORIENTED_EDGE('',*,*,#1909,.T.);
#4714 = ADVANCED_FACE('',(#4715),#2444,.T.);
#4715 = FACE_BOUND('',#4716,.T.);
#4716 = EDGE_LOOP('',(#4717,#4718,#4744,#5226));
#4717 = ORIENTED_EDGE('',*,*,#1940,.T.);
#4718 = ORIENTED_EDGE('',*,*,#4719,.F.);
#4719 = EDGE_CURVE('',#4720,#1941,#4722,.T.);
#4720 = VERTEX_POINT('',#4721);
#4721 = CARTESIAN_POINT('',(-8.5,10.5,2.35));
#4722 = SEAM_CURVE('',#4723,(#4731,#4737),.PCURVE_S1.);
#4723 = ( BOUNDED_CURVE() B_SPLINE_CURVE(6,(#4724,#4725,#4726,#4727,
#4728,#4729,#4730),.UNSPECIFIED.,.T.,.F.) B_SPLINE_CURVE_WITH_KNOTS((1,6
    ,6,1),(-6.28318530718,0.,6.28318530718,12.566370614359),
.UNSPECIFIED.) CURVE() GEOMETRIC_REPRESENTATION_ITEM() 
RATIONAL_B_SPLINE_CURVE((1.669078461068,1.03672962321,1.038346699848,
    0.853534330196,1.038346699848,1.03672962321,1.669078461068)) 
REPRESENTATION_ITEM('') );
#4724 = CARTESIAN_POINT('',(-8.5,10.5,2.35));
#4725 = CARTESIAN_POINT('',(-7.926728425494,10.597716745654,2.35));
#4726 = CARTESIAN_POINT('',(-7.844416383965,10.611747207279,
    1.630908133308));
#4727 = CARTESIAN_POINT('',(-8.5,10.5,1.037809077647));
#4728 = CARTESIAN_POINT('',(-9.155583616035,10.388252792721,
    1.630908133308));
#4729 = CARTESIAN_POINT('',(-9.073271574506,10.402283254346,2.35));
#4730 = CARTESIAN_POINT('',(-8.5,10.5,2.35));
#4731 = PCURVE('',#2444,#4732);
#4732 = DEFINITIONAL_REPRESENTATION('',(#4733),#4736);
#4733 = B_SPLINE_CURVE_WITH_KNOTS('',1,(#4734,#4735),.UNSPECIFIED.,.F.,
  .F.,(2,2),(0.,6.28318530718),.PIECEWISE_BEZIER_KNOTS.);
#4734 = CARTESIAN_POINT('',(0.,35.58016538479));
#4735 = CARTESIAN_POINT('',(6.28318530718,35.58016538479));
#4736 = ( GEOMETRIC_REPRESENTATION_CONTEXT(2) 
PARAMETRIC_REPRESENTATION_CONTEXT() REPRESENTATION_CONTEXT('2D SPACE',''
  ) );
#4737 = PCURVE('',#2444,#4738);
#4738 = DEFINITIONAL_REPRESENTATION('',(#4739),#4743);
#4739 = LINE('',#4740,#4741);
#4740 = CARTESIAN_POINT('',(0.,0.));
#4741 = VECTOR('',#4742,1.);
#4742 = DIRECTION('',(1.,0.));
#4743 = ( GEOMETRIC_REPRESENTATION_CONTEXT(2) 
PARAMETRIC_REPRESENTATION_CONTEXT() REPRESENTATION_CONTEXT('2D SPACE',''
  ) );
#4744 = ORIENTED_EDGE('',*,*,#4745,.F.);
#4745 = EDGE_CURVE('',#4720,#4720,#4746,.T.);
#4746 = SURFACE_CURVE('',#4747,(#4806,#4813),.PCURVE_S1.);
#4747 = ( BOUNDED_CURVE() B_SPLINE_CURVE(8,(#4748,#4749,#4750,#4751,
    #4752,#4753,#4754,#4755,#4756,#4757,#4758,#4759,#4760,#4761,#4762,
    #4763,#4764,#4765,#4766,#4767,#4768,#4769,#4770,#4771,#4772,#4773,
    #4774,#4775,#4776,#4777,#4778,#4779,#4780,#4781,#4782,#4783,#4784,
    #4785,#4786,#4787,#4788,#4789,#4790,#4791,#4792,#4793,#4794,#4795,
    #4796,#4797,#4798,#4799,#4800,#4801,#4802,#4803,#4804,#4805),
.UNSPECIFIED.,.T.,.F.) B_SPLINE_CURVE_WITH_KNOTS((9,7,7,7,7,7,7,7,9),(0.
    ,5.544366510252,10.624720828604,14.344935876152,17.880469782084,
    21.911598656234,26.383734611233,30.655736483892,35.58016538479),
.UNSPECIFIED.) CURVE() GEOMETRIC_REPRESENTATION_ITEM() 
RATIONAL_B_SPLINE_CURVE((1.669078461068,1.669078461068,1.669078461068,
    1.669078461068,1.669078461068,1.669078461068,1.669078461068,
    1.669078461068,1.669078461068,1.669078461068,1.669078461068,
    1.669078461068,1.669078461068,1.669078461068,1.669078461068,
    1.669078461068,1.669078461068,1.669078461068,1.669078461068,
    1.669078461068,1.669078461068,1.669078461068,1.669078461068,
    1.669078461068,1.669078461068,1.669078461068,1.669078461068,
    1.669078461068,1.669078461068,1.669078461068,1.669078461068,
    1.669078461068,1.669078461068,1.669078461068,1.669078461068,
    1.669078461068,1.669078461068,1.669078461068,1.669078461068,
    1.669078461068,1.669078461068,1.669078461068,1.669078461068,
    1.669078461068,1.669078461068,1.669078461068,1.669078461068,
    1.669078461068,1.669078461068,1.669078461068,1.669078461068,
    1.669078461068,1.669078461068,1.669078461068,1.669078461068,
1.669078461068,1.669078461068,1.669078461068)) REPRESENTATION_ITEM('') 
  );
#4748 = CARTESIAN_POINT('',(-8.5,10.5,2.35));
#4749 = CARTESIAN_POINT('',(-8.657843357989,11.165683119384,2.35));
#4750 = CARTESIAN_POINT('',(-8.919834594533,11.806124769481,2.35));
#4751 = CARTESIAN_POINT('',(-9.273850719214,12.415633810736,2.35));
#4752 = CARTESIAN_POINT('',(-9.707768741611,12.988519103597,2.35));
#4753 = CARTESIAN_POINT('',(-10.2094656713,13.519089508508,2.35));
#4754 = CARTESIAN_POINT('',(-10.76681851788,14.001653885915,2.35));
#4755 = CARTESIAN_POINT('',(-11.36770429092,14.430521096264,2.35));
#4756 = CARTESIAN_POINT('',(-12.57937840692,15.138556937148,2.35));
#4757 = CARTESIAN_POINT('',(-13.18512930731,15.427250107424,2.35));
#4758 = CARTESIAN_POINT('',(-13.81058382487,15.658717546099,2.35));
#4759 = CARTESIAN_POINT('',(-14.44907308332,15.825597288446,2.35));
#4760 = CARTESIAN_POINT('',(-15.09392820634,15.920527369737,2.35));
#4761 = CARTESIAN_POINT('',(-15.73848031766,15.936145825245,2.35));
#4762 = CARTESIAN_POINT('',(-16.37606054098,15.865090690242,2.35));
#4763 = CARTESIAN_POINT('',(-17.45689509407,15.579108260652,2.35));
#4764 = CARTESIAN_POINT('',(-17.90647565199,15.407792186376,2.35));
#4765 = CARTESIAN_POINT('',(-18.34069964269,15.189248478828,2.35));
#4766 = CARTESIAN_POINT('',(-18.75152503508,14.926673839665,2.35));
#4767 = CARTESIAN_POINT('',(-19.13090979809,14.623264970544,2.35));
#4768 = CARTESIAN_POINT('',(-19.47081190063,14.282218573122,2.35));
#4769 = CARTESIAN_POINT('',(-19.76318931163,13.906731349055,2.35));
#4770 = CARTESIAN_POINT('',(-20.22505479046,13.113459851968,2.35));
#4771 = CARTESIAN_POINT('',(-20.39992287335,12.698700660414,2.35));
#4772 = CARTESIAN_POINT('',(-20.52647548953,12.262551968247,2.35));
#4773 = CARTESIAN_POINT('',(-20.60658387986,11.811843318374,2.35));
#4774 = CARTESIAN_POINT('',(-20.64211928521,11.353404253704,2.35));
#4775 = CARTESIAN_POINT('',(-20.63495294644,10.894064317147,2.35));
#4776 = CARTESIAN_POINT('',(-20.58695610441,10.440653051609,2.35));
#4777 = CARTESIAN_POINT('',(-20.40085478667,9.497578219561,2.35));
#4778 = CARTESIAN_POINT('',(-20.25106253224,9.011742117228,2.35));
#4779 = CARTESIAN_POINT('',(-20.05439607345,8.543473394013,2.35));
#4780 = CARTESIAN_POINT('',(-19.81462824703,8.093753750922,2.35));
#4781 = CARTESIAN_POINT('',(-19.53553188973,7.663564888967,2.35));
#4782 = CARTESIAN_POINT('',(-19.2208798383,7.253888509155,2.35));
#4783 = CARTESIAN_POINT('',(-18.87444492947,6.865706312497,2.35));
#4784 = CARTESIAN_POINT('',(-18.08459064829,6.094285273395,2.35));
#4785 = CARTESIAN_POINT('',(-17.63470742501,5.716233173451,2.35));
#4786 = CARTESIAN_POINT('',(-17.15550288762,5.374257347781,2.35));
#4787 = CARTESIAN_POINT('',(-16.65212959358,5.076771443998,2.35));
#4788 = CARTESIAN_POINT('',(-16.12974010034,4.832189109715,2.35));
#4789 = CARTESIAN_POINT('',(-15.59348696536,4.648923992546,2.35));
#4790 = CARTESIAN_POINT('',(-15.04852274609,4.535389740103,2.35));
#4791 = CARTESIAN_POINT('',(-13.97602438251,4.466193998234,2.35));
#4792 = CARTESIAN_POINT('',(-13.44880160929,4.503694863977,2.35));
#4793 = CARTESIAN_POINT('',(-12.92338034642,4.608464306584,2.35));
#4794 = CARTESIAN_POINT('',(-12.40480925997,4.776464035411,2.35));
#4795 = CARTESIAN_POINT('',(-11.89813701603,5.003655759811,2.35));
#4796 = CARTESIAN_POINT('',(-11.40841228067,5.28600118914,2.35));
#4797 = CARTESIAN_POINT('',(-10.94068371996,5.619462032751,2.35));
#4798 = CARTESIAN_POINT('',(-9.992014350308,6.43865434044,2.35));
#4799 = CARTESIAN_POINT('',(-9.519964995839,6.939863215029,2.35));
#4800 = CARTESIAN_POINT('',(-9.102738881796,7.490041593772,2.35));
#4801 = CARTESIAN_POINT('',(-8.75922295338,8.075604446674,2.35));
#4802 = CARTESIAN_POINT('',(-8.508304155791,8.682966743743,2.35));
#4803 = CARTESIAN_POINT('',(-8.36886943423,9.298543454983,2.35));
#4804 = CARTESIAN_POINT('',(-8.3598057339,9.9087495504,2.35));
#4805 = CARTESIAN_POINT('',(-8.5,10.5,2.35));
#4806 = PCURVE('',#2444,#4807);
#4807 = DEFINITIONAL_REPRESENTATION('',(#4808),#4812);
#4808 = LINE('',#4809,#4810);
#4809 = CARTESIAN_POINT('',(0.,0.));
#4810 = VECTOR('',#4811,1.);
#4811 = DIRECTION('',(0.,1.));
#4812 = ( GEOMETRIC_REPRESENTATION_CONTEXT(2) 
PARAMETRIC_REPRESENTATION_CONTEXT() REPRESENTATION_CONTEXT('2D SPACE',''
  ) );
#4813 = PCURVE('',#4814,#5221);
#4814 = ( BOUNDED_SURFACE() B_SPLINE_SURFACE(6,8,(
    (#4815,#4816,#4817,#4818,#4819,#4820,#4821,#4822,#4823,#4824,#4825
      ,#4826,#4827,#4828,#4829,#4830,#4831,#4832,#4833,#4834,#4835,#4836
      ,#4837,#4838,#4839,#4840,#4841,#4842,#4843,#4844,#4845,#4846,#4847
      ,#4848,#4849,#4850,#4851,#4852,#4853,#4854,#4855,#4856,#4857,#4858
      ,#4859,#4860,#4861,#4862,#4863,#4864,#4865,#4866,#4867,#4868,#4869
      ,#4870,#4871,#4872)
    ,(#4873,#4874,#4875,#4876,#4877,#4878,#4879,#4880,#4881,#4882,#4883
      ,#4884,#4885,#4886,#4887,#4888,#4889,#4890,#4891,#4892,#4893,#4894
      ,#4895,#4896,#4897,#4898,#4899,#4900,#4901,#4902,#4903,#4904,#4905
      ,#4906,#4907,#4908,#4909,#4910,#4911,#4912,#4913,#4914,#4915,#4916
      ,#4917,#4918,#4919,#4920,#4921,#4922,#4923,#4924,#4925,#4926,#4927
      ,#4928,#4929,#4930)
    ,(#4931,#4932,#4933,#4934,#4935,#4936,#4937,#4938,#4939,#4940,#4941
      ,#4942,#4943,#4944,#4945,#4946,#4947,#4948,#4949,#4950,#4951,#4952
      ,#4953,#4954,#4955,#4956,#4957,#4958,#4959,#4960,#4961,#4962,#4963
      ,#4964,#4965,#4966,#4967,#4968,#4969,#4970,#4971,#4972,#4973,#4974
      ,#4975,#4976,#4977,#4978,#4979,#4980,#4981,#4982,#4983,#4984,#4985
      ,#4986,#4987,#4988)
    ,(#4989,#4990,#4991,#4992,#4993,#4994,#4995,#4996,#4997,#4998,#4999
      ,#5000,#5001,#5002,#5003,#5004,#5005,#5006,#5007,#5008,#5009,#5010
      ,#5011,#5012,#5013,#5014,#5015,#5016,#5017,#5018,#5019,#5020,#5021
      ,#5022,#5023,#5024,#5025,#5026,#5027,#5028,#5029,#5030,#5031,#5032
      ,#5033,#5034,#5035,#5036,#5037,#5038,#5039,#5040,#5041,#5042,#5043
      ,#5044,#5045,#5046)
    ,(#5047,#5048,#5049,#5050,#5051,#5052,#5053,#5054,#5055,#5056,#5057
      ,#5058,#5059,#5060,#5061,#5062,#5063,#5064,#5065,#5066,#5067,#5068
      ,#5069,#5070,#5071,#5072,#5073,#5074,#5075,#5076,#5077,#5078,#5079
      ,#5080,#5081,#5082,#5083,#5084,#5085,#5086,#5087,#5088,#5089,#5090
      ,#5091,#5092,#5093,#5094,#5095,#5096,#5097,#5098,#5099,#5100,#5101
      ,#5102,#5103,#5104)
    ,(#5105,#5106,#5107,#5108,#5109,#5110,#5111,#5112,#5113,#5114,#5115
      ,#5116,#5117,#5118,#5119,#5120,#5121,#5122,#5123,#5124,#5125,#5126
      ,#5127,#5128,#5129,#5130,#5131,#5132,#5133,#5134,#5135,#5136,#5137
      ,#5138,#5139,#5140,#5141,#5142,#5143,#5144,#5145,#5146,#5147,#5148
      ,#5149,#5150,#5151,#5152,#5153,#5154,#5155,#5156,#5157,#5158,#5159
      ,#5160,#5161,#5162)
    ,(#5163,#5164,#5165,#5166,#5167,#5168,#5169,#5170,#5171,#5172,#5173
      ,#5174,#5175,#5176,#5177,#5178,#5179,#5180,#5181,#5182,#5183,#5184
      ,#5185,#5186,#5187,#5188,#5189,#5190,#5191,#5192,#5193,#5194,#5195
      ,#5196,#5197,#5198,#5199,#5200,#5201,#5202,#5203,#5204,#5205,#5206
      ,#5207,#5208,#5209,#5210,#5211,#5212,#5213,#5214,#5215,#5216,#5217
      ,#5218,#5219,#5220
)),.UNSPECIFIED.,.T.,.T.,.F.) B_SPLINE_SURFACE_WITH_KNOTS((1,6,6,1),(9,7
    ,7,7,7,7,7,7,9),(-6.28318530718,0.,6.28318530718,12.566370614359),(
    0.,5.544366510252,10.624720828604,14.344935876152,17.880469782084,
    21.911598656234,26.383734611233,30.655736483892,35.58016538479),
.UNSPECIFIED.) GEOMETRIC_REPRESENTATION_ITEM() RATIONAL_B_SPLINE_SURFACE
((
    (1.669078461068,1.669078461068,1.669078461068,1.669078461068
      ,1.669078461068,1.669078461068,1.669078461068,1.669078461068
      ,1.669078461068,1.669078461068,1.669078461068,1.669078461068
      ,1.669078461068,1.669078461068,1.669078461068,1.669078461068
      ,1.669078461068,1.669078461068,1.669078461068,1.669078461068
      ,1.669078461068,1.669078461068,1.669078461068,1.669078461068
      ,1.669078461068,1.669078461068,1.669078461068,1.669078461068
      ,1.669078461068,1.669078461068,1.669078461068,1.669078461068
      ,1.669078461068,1.669078461068,1.669078461068,1.669078461068
      ,1.669078461068,1.669078461068,1.669078461068,1.669078461068
      ,1.669078461068,1.669078461068,1.669078461068,1.669078461068
      ,1.669078461068,1.669078461068,1.669078461068,1.669078461068
      ,1.669078461068,1.669078461068,1.669078461068,1.669078461068
      ,1.669078461068,1.669078461068,1.669078461068,1.669078461068
      ,1.669078461068,1.669078461068)
    ,(1.03672962321,1.03672962321,1.03672962321,1.03672962321
      ,1.03672962321,1.03672962321,1.03672962321,1.03672962321
      ,1.03672962321,1.03672962321,1.03672962321,1.03672962321
      ,1.03672962321,1.03672962321,1.03672962321,1.03672962321
      ,1.03672962321,1.03672962321,1.03672962321,1.03672962321
      ,1.03672962321,1.03672962321,1.03672962321,1.03672962321
      ,1.03672962321,1.03672962321,1.03672962321,1.03672962321
      ,1.03672962321,1.03672962321,1.03672962321,1.03672962321
      ,1.03672962321,1.03672962321,1.03672962321,1.03672962321
      ,1.03672962321,1.03672962321,1.03672962321,1.03672962321
      ,1.03672962321,1.03672962321,1.03672962321,1.03672962321
      ,1.03672962321,1.03672962321,1.03672962321,1.03672962321
      ,1.03672962321,1.03672962321,1.03672962321,1.03672962321
      ,1.03672962321,1.03672962321,1.03672962321,1.03672962321
      ,1.03672962321,1.03672962321)
    ,(1.038346699848,1.038346699848,1.038346699848,1.038346699848
      ,1.038346699848,1.038346699848,1.038346699848,1.038346699848
      ,1.038346699848,1.038346699848,1.038346699847,1.038346699848
      ,1.038346699847,1.038346699848,1.038346699848,1.038346699848
      ,1.038346699848,1.038346699847,1.038346699848,1.038346699847
      ,1.038346699848,1.038346699847,1.038346699848,1.038346699847
      ,1.038346699848,1.038346699847,1.038346699848,1.038346699847
      ,1.038346699848,1.038346699848,1.038346699848,1.038346699848
      ,1.038346699848,1.038346699848,1.038346699848,1.038346699848
      ,1.038346699848,1.038346699848,1.038346699847,1.038346699848
      ,1.038346699848,1.038346699848,1.038346699848,1.038346699848
      ,1.038346699848,1.038346699848,1.038346699847,1.038346699848
      ,1.038346699848,1.038346699848,1.038346699848,1.038346699847
      ,1.038346699848,1.038346699847,1.038346699848,1.038346699847
      ,1.038346699848,1.038346699848)
    ,(0.853534330196,0.853534330196,0.853534330196,0.853534330196
      ,0.853534330196,0.853534330196,0.853534330196,0.853534330196
      ,0.853534330196,0.853534330196,0.853534330196,0.853534330196
      ,0.853534330196,0.853534330196,0.853534330196,0.853534330196
      ,0.853534330196,0.853534330196,0.853534330196,0.853534330196
      ,0.853534330196,0.853534330196,0.853534330196,0.853534330196
      ,0.853534330196,0.853534330196,0.853534330196,0.853534330196
      ,0.853534330196,0.853534330196,0.853534330196,0.853534330196
      ,0.853534330196,0.853534330196,0.853534330196,0.853534330196
      ,0.853534330196,0.853534330196,0.853534330196,0.853534330196
      ,0.853534330196,0.853534330196,0.853534330196,0.853534330196
      ,0.853534330196,0.853534330196,0.853534330196,0.853534330196
      ,0.853534330196,0.853534330196,0.853534330196,0.853534330196
      ,0.853534330196,0.853534330196,0.853534330196,0.853534330196
      ,0.853534330196,0.853534330196)
    ,(1.038346699848,1.038346699848,1.038346699847,1.038346699848
      ,1.038346699847,1.038346699848,1.038346699847,1.038346699848
      ,1.038346699848,1.038346699848,1.038346699847,1.038346699848
      ,1.038346699847,1.038346699848,1.038346699848,1.038346699848
      ,1.038346699848,1.038346699847,1.038346699848,1.038346699847
      ,1.038346699848,1.038346699848,1.038346699848,1.038346699847
      ,1.038346699848,1.038346699847,1.038346699848,1.038346699847
      ,1.038346699848,1.038346699848,1.038346699848,1.038346699848
      ,1.038346699847,1.038346699848,1.038346699848,1.038346699848
      ,1.038346699848,1.038346699848,1.038346699847,1.038346699848
      ,1.038346699848,1.038346699848,1.038346699848,1.038346699848
      ,1.038346699848,1.038346699848,1.038346699848,1.038346699848
      ,1.038346699848,1.038346699848,1.038346699848,1.038346699847
      ,1.038346699848,1.038346699847,1.038346699848,1.038346699847
      ,1.038346699848,1.038346699848)
    ,(1.03672962321,1.03672962321,1.03672962321,1.03672962321
      ,1.03672962321,1.03672962321,1.03672962321,1.03672962321
      ,1.03672962321,1.03672962321,1.03672962321,1.03672962321
      ,1.03672962321,1.03672962321,1.03672962321,1.03672962321
      ,1.03672962321,1.03672962321,1.03672962321,1.03672962321
      ,1.03672962321,1.03672962321,1.03672962321,1.03672962321
      ,1.03672962321,1.03672962321,1.03672962321,1.03672962321
      ,1.03672962321,1.03672962321,1.03672962321,1.03672962321
      ,1.03672962321,1.03672962321,1.03672962321,1.03672962321
      ,1.03672962321,1.03672962321,1.03672962321,1.03672962321
      ,1.03672962321,1.03672962321,1.03672962321,1.03672962321
      ,1.03672962321,1.03672962321,1.03672962321,1.03672962321
      ,1.03672962321,1.03672962321,1.03672962321,1.03672962321
      ,1.03672962321,1.03672962321,1.03672962321,1.03672962321
      ,1.03672962321,1.03672962321)
    ,(1.669078461068,1.669078461068,1.669078461068,1.669078461068
      ,1.669078461068,1.669078461068,1.669078461068,1.669078461068
      ,1.669078461068,1.669078461068,1.669078461068,1.669078461068
      ,1.669078461068,1.669078461068,1.669078461068,1.669078461068
      ,1.669078461068,1.669078461068,1.669078461068,1.669078461068
      ,1.669078461068,1.669078461068,1.669078461068,1.669078461068
      ,1.669078461068,1.669078461068,1.669078461068,1.669078461068
      ,1.669078461068,1.669078461068,1.669078461068,1.669078461068
      ,1.669078461068,1.669078461068,1.669078461068,1.669078461068
      ,1.669078461068,1.669078461068,1.669078461068,1.669078461068
      ,1.669078461068,1.669078461068,1.669078461068,1.669078461068
      ,1.669078461068,1.669078461068,1.669078461068,1.669078461068
      ,1.669078461068,1.669078461068,1.669078461068,1.669078461068
      ,1.669078461068,1.669078461068,1.669078461068,1.669078461068
,1.669078461068,1.669078461068))) REPRESENTATION_ITEM('') SURFACE() );
#4815 = CARTESIAN_POINT('',(-8.5,10.5,2.35));
#4816 = CARTESIAN_POINT('',(-8.657843357989,11.165683119384,2.35));
#4817 = CARTESIAN_POINT('',(-8.919834594533,11.806124769481,2.35));
#4818 = CARTESIAN_POINT('',(-9.273850719214,12.415633810736,2.35));
#4819 = CARTESIAN_POINT('',(-9.707768741611,12.988519103597,2.35));
#4820 = CARTESIAN_POINT('',(-10.2094656713,13.519089508508,2.35));
#4821 = CARTESIAN_POINT('',(-10.76681851788,14.001653885915,2.35));
#4822 = CARTESIAN_POINT('',(-11.36770429092,14.430521096264,2.35));
#4823 = CARTESIAN_POINT('',(-12.57937840692,15.138556937148,2.35));
#4824 = CARTESIAN_POINT('',(-13.18512930731,15.427250107424,2.35));
#4825 = CARTESIAN_POINT('',(-13.81058382487,15.658717546099,2.35));
#4826 = CARTESIAN_POINT('',(-14.44907308332,15.825597288446,2.35));
#4827 = CARTESIAN_POINT('',(-15.09392820634,15.920527369737,2.35));
#4828 = CARTESIAN_POINT('',(-15.73848031766,15.936145825245,2.35));
#4829 = CARTESIAN_POINT('',(-16.37606054098,15.865090690242,2.35));
#4830 = CARTESIAN_POINT('',(-17.45689509407,15.579108260652,2.35));
#4831 = CARTESIAN_POINT('',(-17.90647565199,15.407792186376,2.35));
#4832 = CARTESIAN_POINT('',(-18.34069964269,15.189248478828,2.35));
#4833 = CARTESIAN_POINT('',(-18.75152503508,14.926673839665,2.35));
#4834 = CARTESIAN_POINT('',(-19.13090979809,14.623264970544,2.35));
#4835 = CARTESIAN_POINT('',(-19.47081190063,14.282218573122,2.35));
#4836 = CARTESIAN_POINT('',(-19.76318931163,13.906731349055,2.35));
#4837 = CARTESIAN_POINT('',(-20.22505479046,13.113459851968,2.35));
#4838 = CARTESIAN_POINT('',(-20.39992287335,12.698700660414,2.35));
#4839 = CARTESIAN_POINT('',(-20.52647548953,12.262551968247,2.35));
#4840 = CARTESIAN_POINT('',(-20.60658387986,11.811843318374,2.35));
#4841 = CARTESIAN_POINT('',(-20.64211928521,11.353404253704,2.35));
#4842 = CARTESIAN_POINT('',(-20.63495294644,10.894064317147,2.35));
#4843 = CARTESIAN_POINT('',(-20.58695610441,10.440653051609,2.35));
#4844 = CARTESIAN_POINT('',(-20.40085478667,9.497578219561,2.35));
#4845 = CARTESIAN_POINT('',(-20.25106253224,9.011742117228,2.35));
#4846 = CARTESIAN_POINT('',(-20.05439607345,8.543473394013,2.35));
#4847 = CARTESIAN_POINT('',(-19.81462824703,8.093753750922,2.35));
#4848 = CARTESIAN_POINT('',(-19.53553188973,7.663564888967,2.35));
#4849 = CARTESIAN_POINT('',(-19.2208798383,7.253888509155,2.35));
#4850 = CARTESIAN_POINT('',(-18.87444492947,6.865706312497,2.35));
#4851 = CARTESIAN_POINT('',(-18.08459064829,6.094285273395,2.35));
#4852 = CARTESIAN_POINT('',(-17.63470742501,5.716233173451,2.35));
#4853 = CARTESIAN_POINT('',(-17.15550288762,5.374257347781,2.35));
#4854 = CARTESIAN_POINT('',(-16.65212959358,5.076771443998,2.35));
#4855 = CARTESIAN_POINT('',(-16.12974010034,4.832189109715,2.35));
#4856 = CARTESIAN_POINT('',(-15.59348696536,4.648923992546,2.35));
#4857 = CARTESIAN_POINT('',(-15.04852274609,4.535389740103,2.35));
#4858 = CARTESIAN_POINT('',(-13.97602438251,4.466193998234,2.35));
#4859 = CARTESIAN_POINT('',(-13.44880160929,4.503694863977,2.35));
#4860 = CARTESIAN_POINT('',(-12.92338034642,4.608464306584,2.35));
#4861 = CARTESIAN_POINT('',(-12.40480925997,4.776464035411,2.35));
#4862 = CARTESIAN_POINT('',(-11.89813701603,5.003655759811,2.35));
#4863 = CARTESIAN_POINT('',(-11.40841228067,5.28600118914,2.35));
#4864 = CARTESIAN_POINT('',(-10.94068371996,5.619462032751,2.35));
#4865 = CARTESIAN_POINT('',(-9.992014350308,6.43865434044,2.35));
#4866 = CARTESIAN_POINT('',(-9.519964995839,6.939863215029,2.35));
#4867 = CARTESIAN_POINT('',(-9.102738881796,7.490041593772,2.35));
#4868 = CARTESIAN_POINT('',(-8.75922295338,8.075604446674,2.35));
#4869 = CARTESIAN_POINT('',(-8.508304155791,8.682966743743,2.35));
#4870 = CARTESIAN_POINT('',(-8.36886943423,9.298543454983,2.35));
#4871 = CARTESIAN_POINT('',(-8.3598057339,9.9087495504,2.35));
#4872 = CARTESIAN_POINT('',(-8.5,10.5,2.35));
#4873 = CARTESIAN_POINT('',(-7.926728425494,10.597716745654,2.35));
#4874 = CARTESIAN_POINT('',(-8.09796457749,11.341970923208,2.35));
#4875 = CARTESIAN_POINT('',(-8.38455359227,12.052419911037,2.35));
#4876 = CARTESIAN_POINT('',(-8.770084528932,12.719963313156,2.35));
#4877 = CARTESIAN_POINT('',(-9.237706772298,13.340584241124,2.35));
#4878 = CARTESIAN_POINT('',(-9.773812726268,13.911211388748,2.35));
#4879 = CARTESIAN_POINT('',(-10.36664707444,14.428110246041,2.35));
#4880 = CARTESIAN_POINT('',(-11.00411928956,14.886777602043,2.35));
#4881 = CARTESIAN_POINT('',(-12.28991830661,15.644746675387,2.35));
#4882 = CARTESIAN_POINT('',(-12.93498321045,15.955595618628,2.35));
#4883 = CARTESIAN_POINT('',(-13.60471973903,16.207377759308,2.35));
#4884 = CARTESIAN_POINT('',(-14.29329017768,16.392095796766,2.35));
#4885 = CARTESIAN_POINT('',(-14.99578515353,16.501087573821,2.35));
#4886 = CARTESIAN_POINT('',(-15.70623378604,16.524147169826,2.35));
#4887 = CARTESIAN_POINT('',(-16.41554577405,16.450042436608,2.35));
#4888 = CARTESIAN_POINT('',(-17.62286580069,16.139119526904,2.35));
#4889 = CARTESIAN_POINT('',(-18.12253172306,15.951978421484,2.35));
#4890 = CARTESIAN_POINT('',(-18.60447975725,15.712913662157,2.35));
#4891 = CARTESIAN_POINT('',(-19.06172192128,15.4251021858,2.35));
#4892 = CARTESIAN_POINT('',(-19.48692103758,15.090738813532,2.35));
#4893 = CARTESIAN_POINT('',(-19.87198021426,14.711248896476,2.35));
#4894 = CARTESIAN_POINT('',(-20.20760324687,14.288089896266,2.35));
#4895 = CARTESIAN_POINT('',(-20.74438586485,13.38322548832,2.35));
#4896 = CARTESIAN_POINT('',(-20.94615491517,12.913272384495,2.35));
#4897 = CARTESIAN_POINT('',(-21.09091541267,12.423735496515,2.35));
#4898 = CARTESIAN_POINT('',(-21.18243419586,11.922288912681,2.35));
#4899 = CARTESIAN_POINT('',(-21.22430448728,11.415550728993,2.35));
#4900 = CARTESIAN_POINT('',(-21.2193426615,10.909627894528,2.35));
#4901 = CARTESIAN_POINT('',(-21.16953991473,10.410483075071,2.35));
#4902 = CARTESIAN_POINT('',(-20.97056549665,9.369588339661,2.35));
#4903 = CARTESIAN_POINT('',(-20.80874892325,8.833996176765,2.35));
#4904 = CARTESIAN_POINT('',(-20.59568954228,8.319800166506,2.35));
#4905 = CARTESIAN_POINT('',(-20.33646044372,7.828677834948,2.35));
#4906 = CARTESIAN_POINT('',(-20.03605363944,7.361672973264,2.35));
#4907 = CARTESIAN_POINT('',(-19.69907793172,6.919391807762,2.35));
#4908 = CARTESIAN_POINT('',(-19.3297383919,6.502253480722,2.35));
#4909 = CARTESIAN_POINT('',(-18.49095443111,5.67651047463,2.35));
#4910 = CARTESIAN_POINT('',(-18.01243547964,5.271008140886,2.35));
#4911 = CARTESIAN_POINT('',(-17.50071866416,4.902027372326,2.35));
#4912 = CARTESIAN_POINT('',(-16.95975887086,4.578085798113,2.35));
#4913 = CARTESIAN_POINT('',(-16.3930391642,4.307521041927,2.35));
#4914 = CARTESIAN_POINT('',(-15.8035217235,4.100064167932,2.35));
#4915 = CARTESIAN_POINT('',(-15.19480225918,3.967909801697,2.35));
#4916 = CARTESIAN_POINT('',(-13.98190198669,3.880584975446,2.35));
#4917 = CARTESIAN_POINT('',(-13.38811598951,3.918969934657,2.35));
#4918 = CARTESIAN_POINT('',(-12.80107288545,4.033094769233,2.35));
#4919 = CARTESIAN_POINT('',(-12.22677738947,4.216631196765,2.35));
#4920 = CARTESIAN_POINT('',(-11.67007048405,4.463544944017,2.35));
#4921 = CARTESIAN_POINT('',(-11.13527026724,4.76870400656,2.35));
#4922 = CARTESIAN_POINT('',(-10.62666303254,5.127781036792,2.35));
#4923 = CARTESIAN_POINT('',(-9.598052922629,6.007531247013,2.35));
#4924 = CARTESIAN_POINT('',(-9.087297318445,6.545171473191,2.35));
#4925 = CARTESIAN_POINT('',(-8.632510438711,7.136972182574,2.35));
#4926 = CARTESIAN_POINT('',(-8.250937215849,7.777071884196,2.35));
#4927 = CARTESIAN_POINT('',(-7.964425626899,8.444684126062,2.35));
#4928 = CARTESIAN_POINT('',(-7.785388334821,9.152799739337,2.35));
#4929 = CARTESIAN_POINT('',(-7.765483179606,9.88296721463,2.35));
#4930 = CARTESIAN_POINT('',(-7.926728425494,10.597716745654,2.35));
#4931 = CARTESIAN_POINT('',(-7.844416383965,10.611747207279,
    1.630908133308));
#4932 = CARTESIAN_POINT('',(-8.017575513246,11.367282851576,
    1.630908133308));
#4933 = CARTESIAN_POINT('',(-8.307696350349,12.087783701641,
    1.630908133308));
#4934 = CARTESIAN_POINT('',(-8.697752277657,12.763659850287,
    1.630908133308));
#4935 = CARTESIAN_POINT('',(-9.17021387354,13.391134803039,
    1.630908133308));
#4936 = CARTESIAN_POINT('',(-9.711260377783,13.967513417187,
    1.630908133308));
#4937 = CARTESIAN_POINT('',(-10.30918926572,14.489342121449,
    1.630908133308));
#4938 = CARTESIAN_POINT('',(-10.95191467126,14.952288271195,
    1.630908133308));
#4939 = CARTESIAN_POINT('',(-12.24835676256,15.717426906901,
    1.630908133308));
#4940 = CARTESIAN_POINT('',(-12.8990664882,16.031457042069,
    1.630908133308));
#4941 = CARTESIAN_POINT('',(-13.57516115992,16.286156028219,
    1.630908133308));
#4942 = CARTESIAN_POINT('',(-14.27092240372,16.473435341263,
    1.630908133308));
#4943 = CARTESIAN_POINT('',(-14.98169348145,16.584446138511,
    1.630908133308));
#4944 = CARTESIAN_POINT('',(-15.7016037329,16.60857415565,1.630908133308
    ));
#4945 = CARTESIAN_POINT('',(-16.42121518152,16.534031552031,
    1.630908133308));
#4946 = CARTESIAN_POINT('',(-17.64669636949,16.219527613847,
    1.630908133308));
#4947 = CARTESIAN_POINT('',(-18.15355369778,16.030114303283,
    1.630908133308));
#4948 = CARTESIAN_POINT('',(-18.6423540924,15.78810307017,1.630908133308
    ));
#4949 = CARTESIAN_POINT('',(-19.10626091486,15.496668013501,
    1.630908133308));
#4950 = CARTESIAN_POINT('',(-19.53803819257,15.157860101398,
    1.630908133308));
#4951 = CARTESIAN_POINT('',(-19.92958115657,14.772850349197,
    1.630908133308));
#4952 = CARTESIAN_POINT('',(-20.27141352444,14.342846493264,
    1.630908133308));
#4953 = CARTESIAN_POINT('',(-20.81895296858,13.42195924253,
    1.630908133308));
#4954 = CARTESIAN_POINT('',(-21.02458453999,12.944081232254,
    1.630908133308));
#4955 = CARTESIAN_POINT('',(-21.17195937937,12.446878707975,
    1.630908133308));
#4956 = CARTESIAN_POINT('',(-21.26511650078,11.938147020338,
    1.630908133308));
#4957 = CARTESIAN_POINT('',(-21.30789637403,11.424473905167,
    1.630908133308));
#4958 = CARTESIAN_POINT('',(-21.30325107879,10.911862559362,
    1.630908133308));
#4959 = CARTESIAN_POINT('',(-21.25318903483,10.406151179906,
    1.630908133308));
#4960 = CARTESIAN_POINT('',(-21.05236625864,9.351211171181,
    1.630908133308));
#4961 = CARTESIAN_POINT('',(-20.88882319768,8.808474884792,
    1.630908133308));
#4962 = CARTESIAN_POINT('',(-20.67341007207,8.287684497754,
    1.630908133308));
#4963 = CARTESIAN_POINT('',(-20.41138666605,7.79061744477,1.630908133308
    ));
#4964 = CARTESIAN_POINT('',(-20.10792004427,7.3183264321,1.630908133308)
  );
#4965 = CARTESIAN_POINT('',(-19.76773903944,6.871363774277,
    1.630908133308));
#4966 = CARTESIAN_POINT('',(-19.39511078442,6.450067839721,
    1.630908133308));
#4967 = CARTESIAN_POINT('',(-18.54930135437,5.616525123681,
    1.630908133308));
#4968 = CARTESIAN_POINT('',(-18.06667079969,5.207081403541,
    1.630908133308));
#4969 = CARTESIAN_POINT('',(-17.5502857744,4.834223184783,1.630908133308
    ));
#4970 = CARTESIAN_POINT('',(-17.0039291995,4.506483026547,1.630908133308
    ));
#4971 = CARTESIAN_POINT('',(-16.43084442866,4.232187636774,
    1.630908133308));
#4972 = CARTESIAN_POINT('',(-15.83367914017,4.021257238221,
    1.630908133308));
#4973 = CARTESIAN_POINT('',(-15.21580550772,3.886429340543,
    1.630908133308));
#4974 = CARTESIAN_POINT('',(-13.98274591062,3.796501486316,
    1.630908133308));
#4975 = CARTESIAN_POINT('',(-13.37940256733,3.835013386302,
    1.630908133308));
#4976 = CARTESIAN_POINT('',(-12.78351161562,3.950481495945,
    1.630908133308));
#4977 = CARTESIAN_POINT('',(-12.20121504281,4.136248728989,
    1.630908133308));
#4978 = CARTESIAN_POINT('',(-11.63732401155,4.385994223073,
    1.630908133308));
#4979 = CARTESIAN_POINT('',(-11.09605172275,4.694428935076,
    1.630908133308));
#4980 = CARTESIAN_POINT('',(-10.58157500618,5.057184013743,
    1.630908133308));
#4981 = CARTESIAN_POINT('',(-9.541486766486,5.945629308126,
    1.630908133308));
#4982 = CARTESIAN_POINT('',(-9.025173603589,6.488500456364,
    1.630908133308));
#4983 = CARTESIAN_POINT('',(-8.564993637152,7.086277424052,
    1.630908133308));
#4984 = CARTESIAN_POINT('',(-8.177956034509,7.734207688981,
    1.630908133308));
#4985 = CARTESIAN_POINT('',(-7.886333926476,8.410470797521,
    1.630908133308));
#4986 = CARTESIAN_POINT('',(-7.701610379273,9.131873422198,
    1.630908133308));
#4987 = CARTESIAN_POINT('',(-7.680148575648,9.879265310006,
    1.630908133308));
#4988 = CARTESIAN_POINT('',(-7.844416383965,10.611747207279,
    1.630908133308));
#4989 = CARTESIAN_POINT('',(-8.5,10.5,1.037809077647));
#4990 = CARTESIAN_POINT('',(-8.657843357989,11.165683119384,
    1.037809077647));
#4991 = CARTESIAN_POINT('',(-8.919834594533,11.806124769481,
    1.037809077647));
#4992 = CARTESIAN_POINT('',(-9.273850719213,12.415633810736,
    1.037809077647));
#4993 = CARTESIAN_POINT('',(-9.707768741612,12.988519103597,
    1.037809077647));
#4994 = CARTESIAN_POINT('',(-10.2094656713,13.519089508508,
    1.037809077647));
#4995 = CARTESIAN_POINT('',(-10.76681851788,14.001653885915,
    1.037809077647));
#4996 = CARTESIAN_POINT('',(-11.36770429092,14.430521096264,
    1.037809077647));
#4997 = CARTESIAN_POINT('',(-12.57937840692,15.138556937148,
    1.037809077647));
#4998 = CARTESIAN_POINT('',(-13.18512930731,15.427250107424,
    1.037809077647));
#4999 = CARTESIAN_POINT('',(-13.81058382487,15.658717546099,
    1.037809077647));
#5000 = CARTESIAN_POINT('',(-14.44907308332,15.825597288446,
    1.037809077647));
#5001 = CARTESIAN_POINT('',(-15.09392820634,15.920527369737,
    1.037809077647));
#5002 = CARTESIAN_POINT('',(-15.73848031766,15.936145825245,
    1.037809077647));
#5003 = CARTESIAN_POINT('',(-16.37606054098,15.865090690242,
    1.037809077647));
#5004 = CARTESIAN_POINT('',(-17.45689509407,15.579108260652,
    1.037809077647));
#5005 = CARTESIAN_POINT('',(-17.90647565199,15.407792186376,
    1.037809077647));
#5006 = CARTESIAN_POINT('',(-18.34069964269,15.189248478828,
    1.037809077647));
#5007 = CARTESIAN_POINT('',(-18.75152503508,14.926673839665,
    1.037809077647));
#5008 = CARTESIAN_POINT('',(-19.13090979809,14.623264970544,
    1.037809077647));
#5009 = CARTESIAN_POINT('',(-19.47081190063,14.282218573122,
    1.037809077647));
#5010 = CARTESIAN_POINT('',(-19.76318931163,13.906731349055,
    1.037809077647));
#5011 = CARTESIAN_POINT('',(-20.22505479046,13.113459851968,
    1.037809077647));
#5012 = CARTESIAN_POINT('',(-20.39992287335,12.698700660414,
    1.037809077647));
#5013 = CARTESIAN_POINT('',(-20.52647548953,12.262551968247,
    1.037809077647));
#5014 = CARTESIAN_POINT('',(-20.60658387986,11.811843318374,
    1.037809077647));
#5015 = CARTESIAN_POINT('',(-20.64211928521,11.353404253704,
    1.037809077647));
#5016 = CARTESIAN_POINT('',(-20.63495294644,10.894064317147,
    1.037809077647));
#5017 = CARTESIAN_POINT('',(-20.58695610441,10.440653051609,
    1.037809077647));
#5018 = CARTESIAN_POINT('',(-20.40085478667,9.497578219561,
    1.037809077647));
#5019 = CARTESIAN_POINT('',(-20.25106253224,9.011742117228,
    1.037809077647));
#5020 = CARTESIAN_POINT('',(-20.05439607345,8.543473394012,
    1.037809077647));
#5021 = CARTESIAN_POINT('',(-19.81462824703,8.093753750922,
    1.037809077647));
#5022 = CARTESIAN_POINT('',(-19.53553188973,7.663564888967,
    1.037809077647));
#5023 = CARTESIAN_POINT('',(-19.2208798383,7.253888509155,1.037809077647
    ));
#5024 = CARTESIAN_POINT('',(-18.87444492947,6.865706312496,
    1.037809077647));
#5025 = CARTESIAN_POINT('',(-18.08459064829,6.094285273395,
    1.037809077647));
#5026 = CARTESIAN_POINT('',(-17.63470742501,5.716233173451,
    1.037809077647));
#5027 = CARTESIAN_POINT('',(-17.15550288762,5.374257347781,
    1.037809077647));
#5028 = CARTESIAN_POINT('',(-16.65212959358,5.076771443998,
    1.037809077647));
#5029 = CARTESIAN_POINT('',(-16.12974010034,4.832189109715,
    1.037809077647));
#5030 = CARTESIAN_POINT('',(-15.59348696535,4.648923992546,
    1.037809077647));
#5031 = CARTESIAN_POINT('',(-15.04852274609,4.535389740103,
    1.037809077647));
#5032 = CARTESIAN_POINT('',(-13.97602438251,4.466193998233,
    1.037809077647));
#5033 = CARTESIAN_POINT('',(-13.44880160929,4.503694863977,
    1.037809077647));
#5034 = CARTESIAN_POINT('',(-12.92338034642,4.608464306584,
    1.037809077647));
#5035 = CARTESIAN_POINT('',(-12.40480925997,4.776464035411,
    1.037809077647));
#5036 = CARTESIAN_POINT('',(-11.89813701603,5.003655759811,
    1.037809077647));
#5037 = CARTESIAN_POINT('',(-11.40841228067,5.28600118914,1.037809077647
    ));
#5038 = CARTESIAN_POINT('',(-10.94068371996,5.619462032751,
    1.037809077647));
#5039 = CARTESIAN_POINT('',(-9.992014350308,6.43865434044,1.037809077647
    ));
#5040 = CARTESIAN_POINT('',(-9.519964995839,6.939863215029,
    1.037809077647));
#5041 = CARTESIAN_POINT('',(-9.102738881796,7.490041593772,
    1.037809077647));
#5042 = CARTESIAN_POINT('',(-8.75922295338,8.075604446675,1.037809077647
    ));
#5043 = CARTESIAN_POINT('',(-8.508304155791,8.682966743743,
    1.037809077647));
#5044 = CARTESIAN_POINT('',(-8.36886943423,9.298543454983,1.037809077647
    ));
#5045 = CARTESIAN_POINT('',(-8.3598057339,9.9087495504,1.037809077647));
#5046 = CARTESIAN_POINT('',(-8.5,10.5,1.037809077647));
#5047 = CARTESIAN_POINT('',(-9.155583616035,10.388252792721,
    1.630908133308));
#5048 = CARTESIAN_POINT('',(-9.298111202732,10.964083387191,
    1.630908133308));
#5049 = CARTESIAN_POINT('',(-9.531972838717,11.52446583732,
    1.630908133308));
#5050 = CARTESIAN_POINT('',(-9.84994916077,12.067607771186,
    1.630908133308));
#5051 = CARTESIAN_POINT('',(-10.24532360968,12.585903404155,
    1.630908133308));
#5052 = CARTESIAN_POINT('',(-10.70767096483,13.070665599828,
    1.630908133308));
#5053 = CARTESIAN_POINT('',(-11.22444777004,13.51396565038,
    1.630908133308));
#5054 = CARTESIAN_POINT('',(-11.78349391057,13.908753921332,
    1.630908133308));
#5055 = CARTESIAN_POINT('',(-12.91040005127,14.559686967395,
    1.630908133308));
#5056 = CARTESIAN_POINT('',(-13.47119212641,14.823043172778,
    1.630908133308));
#5057 = CARTESIAN_POINT('',(-14.04600648982,15.031279063979,
    1.630908133308));
#5058 = CARTESIAN_POINT('',(-14.62722376291,15.177759235629,
    1.630908133308));
#5059 = CARTESIAN_POINT('',(-15.20616293124,15.256608600963,
    1.630908133308));
#5060 = CARTESIAN_POINT('',(-15.77535690243,15.26371749484,
    1.630908133308));
#5061 = CARTESIAN_POINT('',(-16.33090590044,15.196149828453,
    1.630908133308));
#5062 = CARTESIAN_POINT('',(-17.26709381864,14.938688907458,
    1.630908133308));
#5063 = CARTESIAN_POINT('',(-17.6593976062,14.785470069469,
    1.630908133308));
#5064 = CARTESIAN_POINT('',(-18.03904519298,14.590393887487,
    1.630908133308));
#5065 = CARTESIAN_POINT('',(-18.39678915531,14.35667966583,
    1.630908133308));
#5066 = CARTESIAN_POINT('',(-18.72378140361,14.08866983969,
    1.630908133308));
#5067 = CARTESIAN_POINT('',(-19.0120426447,13.791586797046,
    1.630908133308));
#5068 = CARTESIAN_POINT('',(-19.25496509881,13.470616204845,
    1.630908133308));
#5069 = CARTESIAN_POINT('',(-19.63115661234,12.804960461407,
    1.630908133308));
#5070 = CARTESIAN_POINT('',(-19.77526120671,12.453320088575,
    1.630908133308));
#5071 = CARTESIAN_POINT('',(-19.88099159969,12.078225228519,
    1.630908133308));
#5072 = CARTESIAN_POINT('',(-19.94805125894,11.68553961641,
    1.630908133308));
#5073 = CARTESIAN_POINT('',(-19.97634219639,11.282334602242,
    1.630908133308));
#5074 = CARTESIAN_POINT('',(-19.96665481409,10.876266074931,
    1.630908133308));
#5075 = CARTESIAN_POINT('',(-19.920723174,10.475154923312,1.630908133308
    ));
#5076 = CARTESIAN_POINT('',(-19.74934331471,9.64394526794,1.630908133308
    ));
#5077 = CARTESIAN_POINT('',(-19.61330186681,9.215009349665,
    1.630908133308));
#5078 = CARTESIAN_POINT('',(-19.43538207483,8.799262290271,
    1.630908133308));
#5079 = CARTESIAN_POINT('',(-19.21786982801,8.396890057075,
    1.630908133308));
#5080 = CARTESIAN_POINT('',(-18.96314373519,8.008803345834,
    1.630908133308));
#5081 = CARTESIAN_POINT('',(-18.67402063716,7.636413244033,
    1.630908133308));
#5082 = CARTESIAN_POINT('',(-18.35377907452,7.281344785272,
    1.630908133308));
#5083 = CARTESIAN_POINT('',(-17.6198799422,6.572045423109,1.630908133308
    ));
#5084 = CARTESIAN_POINT('',(-17.20274405032,6.22538494336,1.630908133308
    ));
#5085 = CARTESIAN_POINT('',(-16.76072000083,5.914291510779,
    1.630908133308));
#5086 = CARTESIAN_POINT('',(-16.30032998765,5.647059861448,
    1.630908133308));
#5087 = CARTESIAN_POINT('',(-15.82863577202,5.432190582657,
    1.630908133308));
#5088 = CARTESIAN_POINT('',(-15.35329479054,5.276590746871,
    1.630908133308));
#5089 = CARTESIAN_POINT('',(-14.88123998446,5.184350139664,
    1.630908133308));
#5090 = CARTESIAN_POINT('',(-13.9693028544,5.135886510151,1.630908133308
    ));
#5091 = CARTESIAN_POINT('',(-13.51820065125,5.172376341651,
    1.630908133308));
#5092 = CARTESIAN_POINT('',(-13.06324907722,5.266447117224,
    1.630908133308));
#5093 = CARTESIAN_POINT('',(-12.60840347714,5.416679341833,
    1.630908133308));
#5094 = CARTESIAN_POINT('',(-12.15895002051,5.62131729655,1.630908133308
    ));
#5095 = CARTESIAN_POINT('',(-11.72077283859,5.877573443203,
    1.630908133308));
#5096 = CARTESIAN_POINT('',(-11.29979243375,6.181740051759,
    1.630908133308));
#5097 = CARTESIAN_POINT('',(-10.44254193412,6.931679372754,
    1.630908133308));
#5098 = CARTESIAN_POINT('',(-10.01475638809,7.391225973693,
    1.630908133308));
#5099 = CARTESIAN_POINT('',(-9.64048412644,7.893805763491,1.630908133308
    ));
#5100 = CARTESIAN_POINT('',(-9.340489872251,8.417001204368,
    1.630908133308));
#5101 = CARTESIAN_POINT('',(-9.130274385105,8.955462689965,
    1.630908133308));
#5102 = CARTESIAN_POINT('',(-9.036128489188,9.465213487768,
    1.630908133308));
#5103 = CARTESIAN_POINT('',(-9.039462892152,9.938233790795,
    1.630908133308));
#5104 = CARTESIAN_POINT('',(-9.155583616035,10.388252792721,
    1.630908133308));
#5105 = CARTESIAN_POINT('',(-9.073271574506,10.402283254346,2.35));
#5106 = CARTESIAN_POINT('',(-9.217722138488,10.989395315559,2.35));
#5107 = CARTESIAN_POINT('',(-9.455115596796,11.559829627924,2.35));
#5108 = CARTESIAN_POINT('',(-9.777616909496,12.111304308317,2.35));
#5109 = CARTESIAN_POINT('',(-10.17783071092,12.63645396607,2.35));
#5110 = CARTESIAN_POINT('',(-10.64511861634,13.126967628267,2.35));
#5111 = CARTESIAN_POINT('',(-11.16698996132,13.575197525788,2.35));
#5112 = CARTESIAN_POINT('',(-11.73128929227,13.974264590484,2.35));
#5113 = CARTESIAN_POINT('',(-12.86883850722,14.63236719891,2.35));
#5114 = CARTESIAN_POINT('',(-13.43527540417,14.898904596219,2.35));
#5115 = CARTESIAN_POINT('',(-14.01644791072,15.11005733289,2.35));
#5116 = CARTESIAN_POINT('',(-14.60485598895,15.259098780126,2.35));
#5117 = CARTESIAN_POINT('',(-15.19207125916,15.339967165654,2.35));
#5118 = CARTESIAN_POINT('',(-15.77072684929,15.348144480665,2.35));
#5119 = CARTESIAN_POINT('',(-16.33657530791,15.280138943876,2.35));
#5120 = CARTESIAN_POINT('',(-17.29092438744,15.0190969944,2.35));
#5121 = CARTESIAN_POINT('',(-17.69041958092,14.863605951268,2.35));
#5122 = CARTESIAN_POINT('',(-18.07691952813,14.665583295499,2.35));
#5123 = CARTESIAN_POINT('',(-18.44132814889,14.42824549353,2.35));
#5124 = CARTESIAN_POINT('',(-18.77489855861,14.155791127556,2.35));
#5125 = CARTESIAN_POINT('',(-19.06964358701,13.853188249767,2.35));
#5126 = CARTESIAN_POINT('',(-19.31877537639,13.525372801843,2.35));
#5127 = CARTESIAN_POINT('',(-19.70572371607,12.843694215617,2.35));
#5128 = CARTESIAN_POINT('',(-19.85369083153,12.484128936334,2.35));
#5129 = CARTESIAN_POINT('',(-19.96203556639,12.101368439979,2.35));
#5130 = CARTESIAN_POINT('',(-20.03073356386,11.701397724067,2.35));
#5131 = CARTESIAN_POINT('',(-20.05993408314,11.291257778416,2.35));
#5132 = CARTESIAN_POINT('',(-20.05056323138,10.878500739765,2.35));
#5133 = CARTESIAN_POINT('',(-20.0043722941,10.470823028147,2.35));
#5134 = CARTESIAN_POINT('',(-19.8311440767,9.62556809946,2.35));
#5135 = CARTESIAN_POINT('',(-19.69337614124,9.189488057691,2.35));
#5136 = CARTESIAN_POINT('',(-19.51310260462,8.767146621519,2.35));
#5137 = CARTESIAN_POINT('',(-19.29279605034,8.358829666896,2.35));
#5138 = CARTESIAN_POINT('',(-19.03501014002,7.965456804669,2.35));
#5139 = CARTESIAN_POINT('',(-18.74268174487,7.588385210548,2.35));
#5140 = CARTESIAN_POINT('',(-18.41915146704,7.229159144271,2.35));
#5141 = CARTESIAN_POINT('',(-17.67822686546,6.51206007216,2.35));
#5142 = CARTESIAN_POINT('',(-17.25697937037,6.161458206016,2.35));
#5143 = CARTESIAN_POINT('',(-16.81028711108,5.846487323235,2.35));
#5144 = CARTESIAN_POINT('',(-16.34450031629,5.575457089883,2.35));
#5145 = CARTESIAN_POINT('',(-15.86644103647,5.356857177504,2.35));
#5146 = CARTESIAN_POINT('',(-15.38345220721,5.19778381716,2.35));
#5147 = CARTESIAN_POINT('',(-14.902243233,5.10286967851,2.35));
#5148 = CARTESIAN_POINT('',(-13.97014677833,5.051803021021,2.35));
#5149 = CARTESIAN_POINT('',(-13.50948722907,5.088419793296,2.35));
#5150 = CARTESIAN_POINT('',(-13.04568780739,5.183833843935,2.35));
#5151 = CARTESIAN_POINT('',(-12.58284113048,5.336296874058,2.35));
#5152 = CARTESIAN_POINT('',(-12.12620354801,5.543766575605,2.35));
#5153 = CARTESIAN_POINT('',(-11.6815542941,5.80329837172,2.35));
#5154 = CARTESIAN_POINT('',(-11.25470440739,6.11114302871,2.35));
#5155 = CARTESIAN_POINT('',(-10.38597577798,6.869777433867,2.35));
#5156 = CARTESIAN_POINT('',(-9.952632673233,7.334554956866,2.35));
#5157 = CARTESIAN_POINT('',(-9.572967324881,7.843111004969,2.35));
#5158 = CARTESIAN_POINT('',(-9.26750869091,8.374137009153,2.35));
#5159 = CARTESIAN_POINT('',(-9.052182684683,8.921249361424,2.35));
#5160 = CARTESIAN_POINT('',(-8.952350533639,9.444287170629,2.35));
#5161 = CARTESIAN_POINT('',(-8.954128288194,9.93453188617,2.35));
#5162 = CARTESIAN_POINT('',(-9.073271574506,10.402283254346,2.35));
#5163 = CARTESIAN_POINT('',(-8.5,10.5,2.35));
#5164 = CARTESIAN_POINT('',(-8.657843357989,11.165683119384,2.35));
#5165 = CARTESIAN_POINT('',(-8.919834594533,11.806124769481,2.35));
#5166 = CARTESIAN_POINT('',(-9.273850719214,12.415633810736,2.35));
#5167 = CARTESIAN_POINT('',(-9.707768741611,12.988519103597,2.35));
#5168 = CARTESIAN_POINT('',(-10.2094656713,13.519089508508,2.35));
#5169 = CARTESIAN_POINT('',(-10.76681851788,14.001653885915,2.35));
#5170 = CARTESIAN_POINT('',(-11.36770429092,14.430521096264,2.35));
#5171 = CARTESIAN_POINT('',(-12.57937840692,15.138556937148,2.35));
#5172 = CARTESIAN_POINT('',(-13.18512930731,15.427250107424,2.35));
#5173 = CARTESIAN_POINT('',(-13.81058382487,15.658717546099,2.35));
#5174 = CARTESIAN_POINT('',(-14.44907308332,15.825597288446,2.35));
#5175 = CARTESIAN_POINT('',(-15.09392820634,15.920527369737,2.35));
#5176 = CARTESIAN_POINT('',(-15.73848031766,15.936145825245,2.35));
#5177 = CARTESIAN_POINT('',(-16.37606054098,15.865090690242,2.35));
#5178 = CARTESIAN_POINT('',(-17.45689509407,15.579108260652,2.35));
#5179 = CARTESIAN_POINT('',(-17.90647565199,15.407792186376,2.35));
#5180 = CARTESIAN_POINT('',(-18.34069964269,15.189248478828,2.35));
#5181 = CARTESIAN_POINT('',(-18.75152503508,14.926673839665,2.35));
#5182 = CARTESIAN_POINT('',(-19.13090979809,14.623264970544,2.35));
#5183 = CARTESIAN_POINT('',(-19.47081190063,14.282218573122,2.35));
#5184 = CARTESIAN_POINT('',(-19.76318931163,13.906731349055,2.35));
#5185 = CARTESIAN_POINT('',(-20.22505479046,13.113459851968,2.35));
#5186 = CARTESIAN_POINT('',(-20.39992287335,12.698700660414,2.35));
#5187 = CARTESIAN_POINT('',(-20.52647548953,12.262551968247,2.35));
#5188 = CARTESIAN_POINT('',(-20.60658387986,11.811843318374,2.35));
#5189 = CARTESIAN_POINT('',(-20.64211928521,11.353404253704,2.35));
#5190 = CARTESIAN_POINT('',(-20.63495294644,10.894064317147,2.35));
#5191 = CARTESIAN_POINT('',(-20.58695610441,10.440653051609,2.35));
#5192 = CARTESIAN_POINT('',(-20.40085478667,9.497578219561,2.35));
#5193 = CARTESIAN_POINT('',(-20.25106253224,9.011742117228,2.35));
#5194 = CARTESIAN_POINT('',(-20.05439607345,8.543473394013,2.35));
#5195 = CARTESIAN_POINT('',(-19.81462824703,8.093753750922,2.35));
#5196 = CARTESIAN_POINT('',(-19.53553188973,7.663564888967,2.35));
#5197 = CARTESIAN_POINT('',(-19.2208798383,7.253888509155,2.35));
#5198 = CARTESIAN_POINT('',(-18.87444492947,6.865706312497,2.35));
#5199 = CARTESIAN_POINT('',(-18.08459064829,6.094285273395,2.35));
#5200 = CARTESIAN_POINT('',(-17.63470742501,5.716233173451,2.35));
#5201 = CARTESIAN_POINT('',(-17.15550288762,5.374257347781,2.35));
#5202 = CARTESIAN_POINT('',(-16.65212959358,5.076771443998,2.35));
#5203 = CARTESIAN_POINT('',(-16.12974010034,4.832189109715,2.35));
#5204 = CARTESIAN_POINT('',(-15.59348696536,4.648923992546,2.35));
#5205 = CARTESIAN_POINT('',(-15.04852274609,4.535389740103,2.35));
#5206 = CARTESIAN_POINT('',(-13.97602438251,4.466193998234,2.35));
#5207 = CARTESIAN_POINT('',(-13.44880160929,4.503694863977,2.35));
#5208 = CARTESIAN_POINT('',(-12.92338034642,4.608464306584,2.35));
#5209 = CARTESIAN_POINT('',(-12.40480925997,4.776464035411,2.35));
#5210 = CARTESIAN_POINT('',(-11.89813701603,5.003655759811,2.35));
#5211 = CARTESIAN_POINT('',(-11.40841228067,5.28600118914,2.35));
#5212 = CARTESIAN_POINT('',(-10.94068371996,5.619462032751,2.35));
#5213 = CARTESIAN_POINT('',(-9.992014350308,6.43865434044,2.35));
#5214 = CARTESIAN_POINT('',(-9.519964995839,6.939863215029,2.35));
#5215 = CARTESIAN_POINT('',(-9.102738881796,7.490041593772,2.35));
#5216 = CARTESIAN_POINT('',(-8.75922295338,8.075604446674,2.35));
#5217 = CARTESIAN_POINT('',(-8.508304155791,8.682966743743,2.35));
#5218 = CARTESIAN_POINT('',(-8.36886943423,9.298543454983,2.35));
#5219 = CARTESIAN_POINT('',(-8.3598057339,9.9087495504,2.35));
#5220 = CARTESIAN_POINT('',(-8.5,10.5,2.35));
#5221 = DEFINITIONAL_REPRESENTATION('',(#5222),#5225);
#5222 = B_SPLINE_CURVE_WITH_KNOTS('',1,(#5223,#5224),.UNSPECIFIED.,.F.,
  .F.,(2,2),(0.,35.58016538479),.PIECEWISE_BEZIER_KNOTS.);
#5223 = CARTESIAN_POINT('',(6.28318530718,0.));
#5224 = CARTESIAN_POINT('',(6.28318530718,35.58016538479));
#5225 = ( GEOMETRIC_REPRESENTATION_CONTEXT(2) 
PARAMETRIC_REPRESENTATION_CONTEXT() REPRESENTATION_CONTEXT('2D SPACE',''
  ) );
#5226 = ORIENTED_EDGE('',*,*,#4719,.T.);
#5227 = ADVANCED_FACE('',(#5228),#3121,.T.);
#5228 = FACE_BOUND('',#5229,.T.);
#5229 = EDGE_LOOP('',(#5230,#5254,#5255));
#5230 = ORIENTED_EDGE('',*,*,#5231,.T.);
#5231 = EDGE_CURVE('',#3105,#5232,#5234,.T.);
#5232 = VERTEX_POINT('',#5233);
#5233 = CARTESIAN_POINT('',(-9.8,15.,2.45));
#5234 = SEAM_CURVE('',#5235,(#5240,#5247),.PCURVE_S1.);
#5235 = CIRCLE('',#5236,0.6);
#5236 = AXIS2_PLACEMENT_3D('',#5237,#5238,#5239);
#5237 = CARTESIAN_POINT('',(-9.8,15.,1.85));
#5238 = DIRECTION('',(-2.449293598295E-16,-1.,0.));
#5239 = DIRECTION('',(1.,-2.449293598295E-16,0.));
#5240 = PCURVE('',#3121,#5241);
#5241 = DEFINITIONAL_REPRESENTATION('',(#5242),#5246);
#5242 = LINE('',#5243,#5244);
#5243 = CARTESIAN_POINT('',(6.28318530718,-6.28318530718));
#5244 = VECTOR('',#5245,1.);
#5245 = DIRECTION('',(0.,1.));
#5246 = ( GEOMETRIC_REPRESENTATION_CONTEXT(2) 
PARAMETRIC_REPRESENTATION_CONTEXT() REPRESENTATION_CONTEXT('2D SPACE',''
  ) );
#5247 = PCURVE('',#3121,#5248);
#5248 = DEFINITIONAL_REPRESENTATION('',(#5249),#5253);
#5249 = LINE('',#5250,#5251);
#5250 = CARTESIAN_POINT('',(0.,-6.28318530718));
#5251 = VECTOR('',#5252,1.);
#5252 = DIRECTION('',(0.,1.));
#5253 = ( GEOMETRIC_REPRESENTATION_CONTEXT(2) 
PARAMETRIC_REPRESENTATION_CONTEXT() REPRESENTATION_CONTEXT('2D SPACE',''
  ) );
#5254 = ORIENTED_EDGE('',*,*,#5231,.F.);
#5255 = ORIENTED_EDGE('',*,*,#3104,.T.);
#5256 = ADVANCED_FACE('',(#5257),#3152,.T.);
#5257 = FACE_BOUND('',#5258,.T.);
#5258 = EDGE_LOOP('',(#5259,#5283,#5284));
#5259 = ORIENTED_EDGE('',*,*,#5260,.T.);
#5260 = EDGE_CURVE('',#3136,#5261,#5263,.T.);
#5261 = VERTEX_POINT('',#5262);
#5262 = CARTESIAN_POINT('',(-7.8,12.8,2.45));
#5263 = SEAM_CURVE('',#5264,(#5269,#5276),.PCURVE_S1.);
#5264 = CIRCLE('',#5265,0.6);
#5265 = AXIS2_PLACEMENT_3D('',#5266,#5267,#5268);
#5266 = CARTESIAN_POINT('',(-7.8,12.8,1.85));
#5267 = DIRECTION('',(-2.449293598295E-16,-1.,0.));
#5268 = DIRECTION('',(1.,-2.449293598295E-16,0.));
#5269 = PCURVE('',#3152,#5270);
#5270 = DEFINITIONAL_REPRESENTATION('',(#5271),#5275);
#5271 = LINE('',#5272,#5273);
#5272 = CARTESIAN_POINT('',(6.28318530718,-6.28318530718));
#5273 = VECTOR('',#5274,1.);
#5274 = DIRECTION('',(0.,1.));
#5275 = ( GEOMETRIC_REPRESENTATION_CONTEXT(2) 
PARAMETRIC_REPRESENTATION_CONTEXT() REPRESENTATION_CONTEXT('2D SPACE',''
  ) );
#5276 = PCURVE('',#3152,#5277);
#5277 = DEFINITIONAL_REPRESENTATION('',(#5278),#5282);
#5278 = LINE('',#5279,#5280);
#5279 = CARTESIAN_POINT('',(0.,-6.28318530718));
#5280 = VECTOR('',#5281,1.);
#5281 = DIRECTION('',(0.,1.));
#5282 = ( GEOMETRIC_REPRESENTATION_CONTEXT(2) 
PARAMETRIC_REPRESENTATION_CONTEXT() REPRESENTATION_CONTEXT('2D SPACE',''
  ) );
#5283 = ORIENTED_EDGE('',*,*,#5260,.F.);
#5284 = ORIENTED_EDGE('',*,*,#3135,.T.);
#5285 = ADVANCED_FACE('',(#5286,#5315,#5346),#3203,.F.);
#5286 = FACE_BOUND('',#5287,.F.);
#5287 = EDGE_LOOP('',(#5288,#5314));
#5288 = ORIENTED_EDGE('',*,*,#5289,.T.);
#5289 = EDGE_CURVE('',#3170,#3168,#5290,.T.);
#5290 = SURFACE_CURVE('',#5291,(#5296,#5307),.PCURVE_S1.);
#5291 = CIRCLE('',#5292,4.8);
#5292 = AXIS2_PLACEMENT_3D('',#5293,#5294,#5295);
#5293 = CARTESIAN_POINT('',(-1.,0.,0.));
#5294 = DIRECTION('',(0.,0.,-1.));
#5295 = DIRECTION('',(1.,0.,0.));
#5296 = PCURVE('',#3203,#5297);
#5297 = DEFINITIONAL_REPRESENTATION('',(#5298),#5306);
#5298 = ( BOUNDED_CURVE() B_SPLINE_CURVE(2,(#5299,#5300,#5301,#5302,
#5303,#5304,#5305),.UNSPECIFIED.,.T.,.F.) B_SPLINE_CURVE_WITH_KNOTS((1,2
    ,2,2,2,1),(-2.094395102393,0.,2.094395102393,4.188790204786,
6.28318530718,8.377580409573),.UNSPECIFIED.) CURVE() 
GEOMETRIC_REPRESENTATION_ITEM() RATIONAL_B_SPLINE_CURVE((1.,0.5,1.,0.5,
1.,0.5,1.)) REPRESENTATION_ITEM('') );
#5299 = CARTESIAN_POINT('',(15.649682303078,-2.216882614944));
#5300 = CARTESIAN_POINT('',(15.649682303078,-10.53072649127));
#5301 = CARTESIAN_POINT('',(8.449682303078,-6.373804553109));
#5302 = CARTESIAN_POINT('',(1.249682303078,-2.216882614944));
#5303 = CARTESIAN_POINT('',(8.449682303078,1.940039323222));
#5304 = CARTESIAN_POINT('',(15.649682303078,6.096961261387));
#5305 = CARTESIAN_POINT('',(15.649682303078,-2.216882614944));
#5306 = ( GEOMETRIC_REPRESENTATION_CONTEXT(2) 
PARAMETRIC_REPRESENTATION_CONTEXT() REPRESENTATION_CONTEXT('2D SPACE',''
  ) );
#5307 = PCURVE('',#3255,#5308);
#5308 = DEFINITIONAL_REPRESENTATION('',(#5309),#5313);
#5309 = LINE('',#5310,#5311);
#5310 = CARTESIAN_POINT('',(-6.28318530718,-1.));
#5311 = VECTOR('',#5312,1.);
#5312 = DIRECTION('',(1.,-0.));
#5313 = ( GEOMETRIC_REPRESENTATION_CONTEXT(2) 
PARAMETRIC_REPRESENTATION_CONTEXT() REPRESENTATION_CONTEXT('2D SPACE',''
  ) );
#5314 = ORIENTED_EDGE('',*,*,#3167,.T.);
#5315 = FACE_BOUND('',#5316,.F.);
#5316 = EDGE_LOOP('',(#5317));
#5317 = ORIENTED_EDGE('',*,*,#5318,.F.);
#5318 = EDGE_CURVE('',#5319,#5319,#5321,.T.);
#5319 = VERTEX_POINT('',#5320);
#5320 = CARTESIAN_POINT('',(-8.503491012986,-6.,0.));
#5321 = SURFACE_CURVE('',#5322,(#5327,#5334),.PCURVE_S1.);
#5322 = CIRCLE('',#5323,2.496508987014);
#5323 = AXIS2_PLACEMENT_3D('',#5324,#5325,#5326);
#5324 = CARTESIAN_POINT('',(-11.,-6.,0.));
#5325 = DIRECTION('',(0.,0.,1.));
#5326 = DIRECTION('',(1.,0.,-0.));
#5327 = PCURVE('',#3203,#5328);
#5328 = DEFINITIONAL_REPRESENTATION('',(#5329),#5333);
#5329 = CIRCLE('',#5330,2.496508987014);
#5330 = AXIS2_PLACEMENT_2D('',#5331,#5332);
#5331 = CARTESIAN_POINT('',(0.849682303078,-8.216882614944));
#5332 = DIRECTION('',(1.,0.));
#5333 = ( GEOMETRIC_REPRESENTATION_CONTEXT(2) 
PARAMETRIC_REPRESENTATION_CONTEXT() REPRESENTATION_CONTEXT('2D SPACE',''
  ) );
#5334 = PCURVE('',#5335,#5340);
#5335 = CONICAL_SURFACE('',#5336,2.4755629091,1.745329251994E-02);
#5336 = AXIS2_PLACEMENT_3D('',#5337,#5338,#5339);
#5337 = CARTESIAN_POINT('',(-11.,-6.,-1.2));
#5338 = DIRECTION('',(0.,0.,1.));
#5339 = DIRECTION('',(1.,0.,-0.));
#5340 = DEFINITIONAL_REPRESENTATION('',(#5341),#5345);
#5341 = LINE('',#5342,#5343);
#5342 = CARTESIAN_POINT('',(0.,1.2));
#5343 = VECTOR('',#5344,1.);
#5344 = DIRECTION('',(1.,0.));
#5345 = ( GEOMETRIC_REPRESENTATION_CONTEXT(2) 
PARAMETRIC_REPRESENTATION_CONTEXT() REPRESENTATION_CONTEXT('2D SPACE',''
  ) );
#5346 = FACE_BOUND('',#5347,.F.);
#5347 = EDGE_LOOP('',(#5348));
#5348 = ORIENTED_EDGE('',*,*,#5349,.F.);
#5349 = EDGE_CURVE('',#5350,#5350,#5352,.T.);
#5350 = VERTEX_POINT('',#5351);
#5351 = CARTESIAN_POINT('',(-8.503491012986,10.,0.));
#5352 = SURFACE_CURVE('',#5353,(#5358,#5365),.PCURVE_S1.);
#5353 = CIRCLE('',#5354,2.496508987014);
#5354 = AXIS2_PLACEMENT_3D('',#5355,#5356,#5357);
#5355 = CARTESIAN_POINT('',(-11.,10.,0.));
#5356 = DIRECTION('',(0.,0.,1.));
#5357 = DIRECTION('',(1.,0.,-0.));
#5358 = PCURVE('',#3203,#5359);
#5359 = DEFINITIONAL_REPRESENTATION('',(#5360),#5364);
#5360 = CIRCLE('',#5361,2.496508987014);
#5361 = AXIS2_PLACEMENT_2D('',#5362,#5363);
#5362 = CARTESIAN_POINT('',(0.849682303078,7.783117385056));
#5363 = DIRECTION('',(1.,0.));
#5364 = ( GEOMETRIC_REPRESENTATION_CONTEXT(2) 
PARAMETRIC_REPRESENTATION_CONTEXT() REPRESENTATION_CONTEXT('2D SPACE',''
  ) );
#5365 = PCURVE('',#5366,#5371);
#5366 = CONICAL_SURFACE('',#5367,2.4755629091,1.745329251994E-02);
#5367 = AXIS2_PLACEMENT_3D('',#5368,#5369,#5370);
#5368 = CARTESIAN_POINT('',(-11.,10.,-1.2));
#5369 = DIRECTION('',(0.,0.,1.));
#5370 = DIRECTION('',(1.,0.,-0.));
#5371 = DEFINITIONAL_REPRESENTATION('',(#5372),#5376);
#5372 = LINE('',#5373,#5374);
#5373 = CARTESIAN_POINT('',(0.,1.2));
#5374 = VECTOR('',#5375,1.);
#5375 = DIRECTION('',(1.,0.));
#5376 = ( GEOMETRIC_REPRESENTATION_CONTEXT(2) 
PARAMETRIC_REPRESENTATION_CONTEXT() REPRESENTATION_CONTEXT('2D SPACE',''
  ) );
#5377 = ADVANCED_FACE('',(#5378),#3255,.F.);
#5378 = FACE_BOUND('',#5379,.T.);
#5379 = EDGE_LOOP('',(#5380,#5381,#5382,#5383));
#5380 = ORIENTED_EDGE('',*,*,#3233,.F.);
#5381 = ORIENTED_EDGE('',*,*,#3501,.T.);
#5382 = ORIENTED_EDGE('',*,*,#3464,.T.);
#5383 = ORIENTED_EDGE('',*,*,#5289,.T.);
#5384 = ADVANCED_FACE('',(#5385),#3726,.F.);
#5385 = FACE_BOUND('',#5386,.F.);
#5386 = EDGE_LOOP('',(#5387,#5417,#5438,#5439));
#5387 = ORIENTED_EDGE('',*,*,#5388,.F.);
#5388 = EDGE_CURVE('',#5389,#5391,#5393,.T.);
#5389 = VERTEX_POINT('',#5390);
#5390 = CARTESIAN_POINT('',(3.351663389039,3.358523381585,0.));
#5391 = VERTEX_POINT('',#5392);
#5392 = CARTESIAN_POINT('',(2.835444596323,2.621286541725,0.));
#5393 = SURFACE_CURVE('',#5394,(#5398,#5405),.PCURVE_S1.);
#5394 = LINE('',#5395,#5396);
#5395 = CARTESIAN_POINT('',(3.351663389039,3.358523381585,0.));
#5396 = VECTOR('',#5397,1.);
#5397 = DIRECTION('',(-0.573576436351,-0.819152044289,0.));
#5398 = PCURVE('',#3726,#5399);
#5399 = DEFINITIONAL_REPRESENTATION('',(#5400),#5404);
#5400 = LINE('',#5401,#5402);
#5401 = CARTESIAN_POINT('',(0.,0.));
#5402 = VECTOR('',#5403,1.);
#5403 = DIRECTION('',(1.,0.));
#5404 = ( GEOMETRIC_REPRESENTATION_CONTEXT(2) 
PARAMETRIC_REPRESENTATION_CONTEXT() REPRESENTATION_CONTEXT('2D SPACE',''
  ) );
#5405 = PCURVE('',#5406,#5411);
#5406 = PLANE('',#5407);
#5407 = AXIS2_PLACEMENT_3D('',#5408,#5409,#5410);
#5408 = CARTESIAN_POINT('',(3.94247775001,1.140367182878E-16,0.));
#5409 = DIRECTION('',(0.,0.,1.));
#5410 = DIRECTION('',(1.,0.,-0.));
#5411 = DEFINITIONAL_REPRESENTATION('',(#5412),#5416);
#5412 = LINE('',#5413,#5414);
#5413 = CARTESIAN_POINT('',(-0.590814360971,3.358523381585));
#5414 = VECTOR('',#5415,1.);
#5415 = DIRECTION('',(-0.573576436351,-0.819152044289));
#5416 = ( GEOMETRIC_REPRESENTATION_CONTEXT(2) 
PARAMETRIC_REPRESENTATION_CONTEXT() REPRESENTATION_CONTEXT('2D SPACE',''
  ) );
#5417 = ORIENTED_EDGE('',*,*,#5418,.T.);
#5418 = EDGE_CURVE('',#5389,#3712,#5419,.T.);
#5419 = SURFACE_CURVE('',#5420,(#5424,#5431),.PCURVE_S1.);
#5420 = LINE('',#5421,#5422);
#5421 = CARTESIAN_POINT('',(3.351663389039,3.358523381585,0.));
#5422 = VECTOR('',#5423,1.);
#5423 = DIRECTION('',(0.,0.,1.));
#5424 = PCURVE('',#3726,#5425);
#5425 = DEFINITIONAL_REPRESENTATION('',(#5426),#5430);
#5426 = LINE('',#5427,#5428);
#5427 = CARTESIAN_POINT('',(0.,0.));
#5428 = VECTOR('',#5429,1.);
#5429 = DIRECTION('',(0.,-1.));
#5430 = ( GEOMETRIC_REPRESENTATION_CONTEXT(2) 
PARAMETRIC_REPRESENTATION_CONTEXT() REPRESENTATION_CONTEXT('2D SPACE',''
  ) );
#5431 = PCURVE('',#3758,#5432);
#5432 = DEFINITIONAL_REPRESENTATION('',(#5433),#5437);
#5433 = LINE('',#5434,#5435);
#5434 = CARTESIAN_POINT('',(-1.919862177194,0.));
#5435 = VECTOR('',#5436,1.);
#5436 = DIRECTION('',(-0.,-1.));
#5437 = ( GEOMETRIC_REPRESENTATION_CONTEXT(2) 
PARAMETRIC_REPRESENTATION_CONTEXT() REPRESENTATION_CONTEXT('2D SPACE',''
  ) );
#5438 = ORIENTED_EDGE('',*,*,#3709,.F.);
#5439 = ORIENTED_EDGE('',*,*,#5440,.F.);
#5440 = EDGE_CURVE('',#5391,#3710,#5441,.T.);
#5441 = SURFACE_CURVE('',#5442,(#5446,#5453),.PCURVE_S1.);
#5442 = LINE('',#5443,#5444);
#5443 = CARTESIAN_POINT('',(2.835444596323,2.621286541725,0.));
#5444 = VECTOR('',#5445,1.);
#5445 = DIRECTION('',(0.,0.,1.));
#5446 = PCURVE('',#3726,#5447);
#5447 = DEFINITIONAL_REPRESENTATION('',(#5448),#5452);
#5448 = LINE('',#5449,#5450);
#5449 = CARTESIAN_POINT('',(0.9,0.));
#5450 = VECTOR('',#5451,1.);
#5451 = DIRECTION('',(0.,-1.));
#5452 = ( GEOMETRIC_REPRESENTATION_CONTEXT(2) 
PARAMETRIC_REPRESENTATION_CONTEXT() REPRESENTATION_CONTEXT('2D SPACE',''
  ) );
#5453 = PCURVE('',#3815,#5454);
#5454 = DEFINITIONAL_REPRESENTATION('',(#5455),#5459);
#5455 = LINE('',#5456,#5457);
#5456 = CARTESIAN_POINT('',(0.,0.));
#5457 = VECTOR('',#5458,1.);
#5458 = DIRECTION('',(0.,-1.));
#5459 = ( GEOMETRIC_REPRESENTATION_CONTEXT(2) 
PARAMETRIC_REPRESENTATION_CONTEXT() REPRESENTATION_CONTEXT('2D SPACE',''
  ) );
#5460 = ADVANCED_FACE('',(#5461),#3815,.F.);
#5461 = FACE_BOUND('',#5462,.F.);
#5462 = EDGE_LOOP('',(#5463,#5491,#5492,#5493));
#5463 = ORIENTED_EDGE('',*,*,#5464,.F.);
#5464 = EDGE_CURVE('',#5391,#5465,#5467,.T.);
#5465 = VERTEX_POINT('',#5466);
#5466 = CARTESIAN_POINT('',(2.835444596323,-2.621286541725,0.));
#5467 = SURFACE_CURVE('',#5468,(#5473,#5480),.PCURVE_S1.);
#5468 = CIRCLE('',#5469,3.2);
#5469 = AXIS2_PLACEMENT_3D('',#5470,#5471,#5472);
#5470 = CARTESIAN_POINT('',(1.,0.,0.));
#5471 = DIRECTION('',(0.,0.,-1.));
#5472 = DIRECTION('',(0.573576436351,0.819152044289,0.));
#5473 = PCURVE('',#3815,#5474);
#5474 = DEFINITIONAL_REPRESENTATION('',(#5475),#5479);
#5475 = LINE('',#5476,#5477);
#5476 = CARTESIAN_POINT('',(0.,0.));
#5477 = VECTOR('',#5478,1.);
#5478 = DIRECTION('',(1.,0.));
#5479 = ( GEOMETRIC_REPRESENTATION_CONTEXT(2) 
PARAMETRIC_REPRESENTATION_CONTEXT() REPRESENTATION_CONTEXT('2D SPACE',''
  ) );
#5480 = PCURVE('',#5406,#5481);
#5481 = DEFINITIONAL_REPRESENTATION('',(#5482),#5490);
#5482 = ( BOUNDED_CURVE() B_SPLINE_CURVE(2,(#5483,#5484,#5485,#5486,
#5487,#5488,#5489),.UNSPECIFIED.,.T.,.F.) B_SPLINE_CURVE_WITH_KNOTS((1,2
    ,2,2,2,1),(-2.094395102393,0.,2.094395102393,4.188790204786,
6.28318530718,8.377580409573),.UNSPECIFIED.) CURVE() 
GEOMETRIC_REPRESENTATION_ITEM() RATIONAL_B_SPLINE_CURVE((1.,0.5,1.,0.5,
1.,0.5,1.)) REPRESENTATION_ITEM('') );
#5483 = CARTESIAN_POINT('',(-1.107033153687,2.621286541725));
#5484 = CARTESIAN_POINT('',(3.433168317777,-0.557796753585));
#5485 = CARTESIAN_POINT('',(-1.59009931244,-2.900184918517));
#5486 = CARTESIAN_POINT('',(-6.613366942657,-5.24257308345));
#5487 = CARTESIAN_POINT('',(-6.130300783904,0.278898376793));
#5488 = CARTESIAN_POINT('',(-5.647234625151,5.800369837035));
#5489 = CARTESIAN_POINT('',(-1.107033153687,2.621286541725));
#5490 = ( GEOMETRIC_REPRESENTATION_CONTEXT(2) 
PARAMETRIC_REPRESENTATION_CONTEXT() REPRESENTATION_CONTEXT('2D SPACE',''
  ) );
#5491 = ORIENTED_EDGE('',*,*,#5440,.T.);
#5492 = ORIENTED_EDGE('',*,*,#3796,.T.);
#5493 = ORIENTED_EDGE('',*,*,#5494,.F.);
#5494 = EDGE_CURVE('',#5465,#3771,#5495,.T.);
#5495 = SURFACE_CURVE('',#5496,(#5500,#5507),.PCURVE_S1.);
#5496 = LINE('',#5497,#5498);
#5497 = CARTESIAN_POINT('',(2.835444596323,-2.621286541725,0.));
#5498 = VECTOR('',#5499,1.);
#5499 = DIRECTION('',(0.,0.,1.));
#5500 = PCURVE('',#3815,#5501);
#5501 = DEFINITIONAL_REPRESENTATION('',(#5502),#5506);
#5502 = LINE('',#5503,#5504);
#5503 = CARTESIAN_POINT('',(1.919862177194,0.));
#5504 = VECTOR('',#5505,1.);
#5505 = DIRECTION('',(0.,-1.));
#5506 = ( GEOMETRIC_REPRESENTATION_CONTEXT(2) 
PARAMETRIC_REPRESENTATION_CONTEXT() REPRESENTATION_CONTEXT('2D SPACE',''
  ) );
#5507 = PCURVE('',#3785,#5508);
#5508 = DEFINITIONAL_REPRESENTATION('',(#5509),#5513);
#5509 = LINE('',#5510,#5511);
#5510 = CARTESIAN_POINT('',(0.,0.));
#5511 = VECTOR('',#5512,1.);
#5512 = DIRECTION('',(0.,-1.));
#5513 = ( GEOMETRIC_REPRESENTATION_CONTEXT(2) 
PARAMETRIC_REPRESENTATION_CONTEXT() REPRESENTATION_CONTEXT('2D SPACE',''
  ) );
#5514 = ADVANCED_FACE('',(#5515),#3758,.T.);
#5515 = FACE_BOUND('',#5516,.F.);
#5516 = EDGE_LOOP('',(#5517,#5541,#5562,#5563));
#5517 = ORIENTED_EDGE('',*,*,#5518,.F.);
#5518 = EDGE_CURVE('',#5519,#5389,#5521,.T.);
#5519 = VERTEX_POINT('',#5520);
#5520 = CARTESIAN_POINT('',(3.351663389039,-3.358523381585,0.));
#5521 = SURFACE_CURVE('',#5522,(#5527,#5534),.PCURVE_S1.);
#5522 = CIRCLE('',#5523,4.1);
#5523 = AXIS2_PLACEMENT_3D('',#5524,#5525,#5526);
#5524 = CARTESIAN_POINT('',(1.,1.110223024625E-16,0.));
#5525 = DIRECTION('',(0.,-0.,1.));
#5526 = DIRECTION('',(0.573576436351,-0.819152044289,-0.));
#5527 = PCURVE('',#3758,#5528);
#5528 = DEFINITIONAL_REPRESENTATION('',(#5529),#5533);
#5529 = LINE('',#5530,#5531);
#5530 = CARTESIAN_POINT('',(-0.,0.));
#5531 = VECTOR('',#5532,1.);
#5532 = DIRECTION('',(-1.,0.));
#5533 = ( GEOMETRIC_REPRESENTATION_CONTEXT(2) 
PARAMETRIC_REPRESENTATION_CONTEXT() REPRESENTATION_CONTEXT('2D SPACE',''
  ) );
#5534 = PCURVE('',#5406,#5535);
#5535 = DEFINITIONAL_REPRESENTATION('',(#5536),#5540);
#5536 = CIRCLE('',#5537,4.1);
#5537 = AXIS2_PLACEMENT_2D('',#5538,#5539);
#5538 = CARTESIAN_POINT('',(-2.94247775001,-3.014415825292E-18));
#5539 = DIRECTION('',(0.573576436351,-0.819152044289));
#5540 = ( GEOMETRIC_REPRESENTATION_CONTEXT(2) 
PARAMETRIC_REPRESENTATION_CONTEXT() REPRESENTATION_CONTEXT('2D SPACE',''
  ) );
#5541 = ORIENTED_EDGE('',*,*,#5542,.T.);
#5542 = EDGE_CURVE('',#5519,#3738,#5543,.T.);
#5543 = SURFACE_CURVE('',#5544,(#5548,#5555),.PCURVE_S1.);
#5544 = LINE('',#5545,#5546);
#5545 = CARTESIAN_POINT('',(3.351663389039,-3.358523381585,0.));
#5546 = VECTOR('',#5547,1.);
#5547 = DIRECTION('',(0.,0.,1.));
#5548 = PCURVE('',#3758,#5549);
#5549 = DEFINITIONAL_REPRESENTATION('',(#5550),#5554);
#5550 = LINE('',#5551,#5552);
#5551 = CARTESIAN_POINT('',(-0.,0.));
#5552 = VECTOR('',#5553,1.);
#5553 = DIRECTION('',(-0.,-1.));
#5554 = ( GEOMETRIC_REPRESENTATION_CONTEXT(2) 
PARAMETRIC_REPRESENTATION_CONTEXT() REPRESENTATION_CONTEXT('2D SPACE',''
  ) );
#5555 = PCURVE('',#3785,#5556);
#5556 = DEFINITIONAL_REPRESENTATION('',(#5557),#5561);
#5557 = LINE('',#5558,#5559);
#5558 = CARTESIAN_POINT('',(0.9,0.));
#5559 = VECTOR('',#5560,1.);
#5560 = DIRECTION('',(0.,-1.));
#5561 = ( GEOMETRIC_REPRESENTATION_CONTEXT(2) 
PARAMETRIC_REPRESENTATION_CONTEXT() REPRESENTATION_CONTEXT('2D SPACE',''
  ) );
#5562 = ORIENTED_EDGE('',*,*,#3737,.F.);
#5563 = ORIENTED_EDGE('',*,*,#5418,.F.);
#5564 = ADVANCED_FACE('',(#5565),#3785,.F.);
#5565 = FACE_BOUND('',#5566,.F.);
#5566 = EDGE_LOOP('',(#5567,#5588,#5589,#5590));
#5567 = ORIENTED_EDGE('',*,*,#5568,.F.);
#5568 = EDGE_CURVE('',#5465,#5519,#5569,.T.);
#5569 = SURFACE_CURVE('',#5570,(#5574,#5581),.PCURVE_S1.);
#5570 = LINE('',#5571,#5572);
#5571 = CARTESIAN_POINT('',(2.835444596323,-2.621286541725,0.));
#5572 = VECTOR('',#5573,1.);
#5573 = DIRECTION('',(0.573576436351,-0.819152044289,0.));
#5574 = PCURVE('',#3785,#5575);
#5575 = DEFINITIONAL_REPRESENTATION('',(#5576),#5580);
#5576 = LINE('',#5577,#5578);
#5577 = CARTESIAN_POINT('',(0.,0.));
#5578 = VECTOR('',#5579,1.);
#5579 = DIRECTION('',(1.,0.));
#5580 = ( GEOMETRIC_REPRESENTATION_CONTEXT(2) 
PARAMETRIC_REPRESENTATION_CONTEXT() REPRESENTATION_CONTEXT('2D SPACE',''
  ) );
#5581 = PCURVE('',#5406,#5582);
#5582 = DEFINITIONAL_REPRESENTATION('',(#5583),#5587);
#5583 = LINE('',#5584,#5585);
#5584 = CARTESIAN_POINT('',(-1.107033153687,-2.621286541725));
#5585 = VECTOR('',#5586,1.);
#5586 = DIRECTION('',(0.573576436351,-0.819152044289));
#5587 = ( GEOMETRIC_REPRESENTATION_CONTEXT(2) 
PARAMETRIC_REPRESENTATION_CONTEXT() REPRESENTATION_CONTEXT('2D SPACE',''
  ) );
#5588 = ORIENTED_EDGE('',*,*,#5494,.T.);
#5589 = ORIENTED_EDGE('',*,*,#3770,.F.);
#5590 = ORIENTED_EDGE('',*,*,#5542,.F.);
#5591 = ADVANCED_FACE('',(#5592),#4106,.T.);
#5592 = FACE_BOUND('',#5593,.T.);
#5593 = EDGE_LOOP('',(#5594,#6249,#6273,#6274));
#5594 = ORIENTED_EDGE('',*,*,#5595,.F.);
#5595 = EDGE_CURVE('',#5596,#5596,#5598,.T.);
#5596 = VERTEX_POINT('',#5597);
#5597 = CARTESIAN_POINT('',(-9.274708967937,-6.716875501003,2.));
#5598 = SURFACE_CURVE('',#5599,(#5812,#6028),.PCURVE_S1.);
#5599 = B_SPLINE_CURVE_WITH_KNOTS('',8,(#5600,#5601,#5602,#5603,#5604,
    #5605,#5606,#5607,#5608,#5609,#5610,#5611,#5612,#5613,#5614,#5615,
    #5616,#5617,#5618,#5619,#5620,#5621,#5622,#5623,#5624,#5625,#5626,
    #5627,#5628,#5629,#5630,#5631,#5632,#5633,#5634,#5635,#5636,#5637,
    #5638,#5639,#5640,#5641,#5642,#5643,#5644,#5645,#5646,#5647,#5648,
    #5649,#5650,#5651,#5652,#5653,#5654,#5655,#5656,#5657,#5658,#5659,
    #5660,#5661,#5662,#5663,#5664,#5665,#5666,#5667,#5668,#5669,#5670,
    #5671,#5672,#5673,#5674,#5675,#5676,#5677,#5678,#5679,#5680,#5681,
    #5682,#5683,#5684,#5685,#5686,#5687,#5688,#5689,#5690,#5691,#5692,
    #5693,#5694,#5695,#5696,#5697,#5698,#5699,#5700,#5701,#5702,#5703,
    #5704,#5705,#5706,#5707,#5708,#5709,#5710,#5711,#5712,#5713,#5714,
    #5715,#5716,#5717,#5718,#5719,#5720,#5721,#5722,#5723,#5724,#5725,
    #5726,#5727,#5728,#5729,#5730,#5731,#5732,#5733,#5734,#5735,#5736,
    #5737,#5738,#5739,#5740,#5741,#5742,#5743,#5744,#5745,#5746,#5747,
    #5748,#5749,#5750,#5751,#5752,#5753,#5754,#5755,#5756,#5757,#5758,
    #5759,#5760,#5761,#5762,#5763,#5764,#5765,#5766,#5767,#5768,#5769,
    #5770,#5771,#5772,#5773,#5774,#5775,#5776,#5777,#5778,#5779,#5780,
    #5781,#5782,#5783,#5784,#5785,#5786,#5787,#5788,#5789,#5790,#5791,
    #5792,#5793,#5794,#5795,#5796,#5797,#5798,#5799,#5800,#5801,#5802,
    #5803,#5804,#5805,#5806,#5807,#5808,#5809,#5810,#5811),
  .UNSPECIFIED.,.T.,.F.,(9,7,7,7,7,7,7,7,7,7,7,7,7,7,7,7,7,7,7,7,7,7,7,7
    ,7,7,7,7,7,7,9),(0.,2.817392138023E-02,8.491028410588E-02,
    0.136554099312,0.162702717531,0.18125548923,0.188120869094,
    0.199889503758,0.238351667789,0.302552725287,0.313356656829,
    0.325142715163,0.356677739082,0.422403078141,0.452396794986,
    0.467373095967,0.474356937686,0.482335670957,0.54327435256,
    0.604738664692,0.615540075841,0.627323241943,0.670639069636,
    0.75800839171,0.768243604771,0.801188148069,0.880501027851,
    0.888564229183,0.914369568129,0.952851403315,1.),.UNSPECIFIED.);
#5600 = CARTESIAN_POINT('',(-9.274708967937,-6.716875501003,2.));
#5601 = CARTESIAN_POINT('',(-9.306167273548,-6.620394974358,2.));
#5602 = CARTESIAN_POINT('',(-9.339225036024,-6.52514245359,2.));
#5603 = CARTESIAN_POINT('',(-9.373904138457,-6.431189292869,2.));
#5604 = CARTESIAN_POINT('',(-9.410223928195,-6.338610130394,2.));
#5605 = CARTESIAN_POINT('',(-9.448200581923,-6.247482058266,2.));
#5606 = CARTESIAN_POINT('',(-9.487846470745,-6.157883792368,2.));
#5607 = CARTESIAN_POINT('',(-9.529169525264,-6.069894842248,2.));
#5608 = CARTESIAN_POINT('',(-9.658771985183,-5.809804229352,2.));
#5609 = CARTESIAN_POINT('',(-9.752198016114,-5.642833495395,2.));
#5610 = CARTESIAN_POINT('',(-9.852463069988,-5.483371663331,2.));
#5611 = CARTESIAN_POINT('',(-9.959502161733,-5.33206191315,2.));
#5612 = CARTESIAN_POINT('',(-10.07317898208,-5.1894810574,2.));
#5613 = CARTESIAN_POINT('',(-10.1932843209,-5.056125216614,2.));
#5614 = CARTESIAN_POINT('',(-10.31952687631,-4.932401533364,2.));
#5615 = CARTESIAN_POINT('',(-10.57165857486,-4.715062612457,2.));
#5616 = CARTESIAN_POINT('',(-10.69659387833,-4.619714132206,2.));
#5617 = CARTESIAN_POINT('',(-10.8260371631,-4.532818764801,2.));
#5618 = CARTESIAN_POINT('',(-10.95967980497,-4.454516770697,2.));
#5619 = CARTESIAN_POINT('',(-11.09718190675,-4.384871920699,2.));
#5620 = CARTESIAN_POINT('',(-11.23816785538,-4.323886106737,2.));
#5621 = CARTESIAN_POINT('',(-11.38222528207,-4.271507032916,2.));
#5622 = CARTESIAN_POINT('',(-11.60317652922,-4.205412372468,2.));
#5623 = CARTESIAN_POINT('',(-11.67812209321,-4.18537412248,2.));
#5624 = CARTESIAN_POINT('',(-11.75368848774,-4.167500262358,2.));
#5625 = CARTESIAN_POINT('',(-11.82981927001,-4.15177335064,2.));
#5626 = CARTESIAN_POINT('',(-11.90645758167,-4.138172790838,2.));
#5627 = CARTESIAN_POINT('',(-11.98354654651,-4.126675143341,2.));
#5628 = CARTESIAN_POINT('',(-12.06102966805,-4.117254437328,2.));
#5629 = CARTESIAN_POINT('',(-12.19406655409,-4.104651937978,2.));
#5630 = CARTESIAN_POINT('',(-12.24945240159,-4.100452873198,2.));
#5631 = CARTESIAN_POINT('',(-12.30498883518,-4.097275033585,2.));
#5632 = CARTESIAN_POINT('',(-12.36065627382,-4.095107768642,2.));
#5633 = CARTESIAN_POINT('',(-12.41643548998,-4.093940032126,2.));
#5634 = CARTESIAN_POINT('',(-12.47230760964,-4.093760382049,2.));
#5635 = CARTESIAN_POINT('',(-12.52825411226,-4.094556980676,2.));
#5636 = CARTESIAN_POINT('',(-12.60498043038,-4.096969123455,2.));
#5637 = CARTESIAN_POINT('',(-12.62572181823,-4.097752996977,2.));
#5638 = CARTESIAN_POINT('',(-12.64648015428,-4.098668832151,2.));
#5639 = CARTESIAN_POINT('',(-12.66725459273,-4.099716243241,2.));
#5640 = CARTESIAN_POINT('',(-12.68804428216,-4.100894841715,2.));
#5641 = CARTESIAN_POINT('',(-12.70884836544,-4.102204236239,2.));
#5642 = CARTESIAN_POINT('',(-12.72966597981,-4.103644032685,2.));
#5643 = CARTESIAN_POINT('',(-12.78620468495,-4.107905501818,2.));
#5644 = CARTESIAN_POINT('',(-12.82195038383,-4.110975621208,2.));
#5645 = CARTESIAN_POINT('',(-12.85773344048,-4.114434077531,2.));
#5646 = CARTESIAN_POINT('',(-12.89354795355,-4.118267368834,2.));
#5647 = CARTESIAN_POINT('',(-12.92935231398,-4.122459364524,2.));
#5648 = CARTESIAN_POINT('',(-12.96518736729,-4.127038402394,2.));
#5649 = CARTESIAN_POINT('',(-13.00101210351,-4.13197803479,2.));
#5650 = CARTESIAN_POINT('',(-13.15392164198,-4.154645752053,2.));
#5651 = CARTESIAN_POINT('',(-13.27071583627,-4.175899473257,2.));
#5652 = CARTESIAN_POINT('',(-13.38704603677,-4.20097320065,2.));
#5653 = CARTESIAN_POINT('',(-13.50274142474,-4.229793212488,2.));
#5654 = CARTESIAN_POINT('',(-13.61763488146,-4.262289420176,2.));
#5655 = CARTESIAN_POINT('',(-13.73156256092,-4.298395445359,2.));
#5656 = CARTESIAN_POINT('',(-13.84436346256,-4.338048697019,2.));
#5657 = CARTESIAN_POINT('',(-14.1420207473,-4.453202754823,2.));
#5658 = CARTESIAN_POINT('',(-14.32455821403,-4.534926034264,2.));
#5659 = CARTESIAN_POINT('',(-14.50277136669,-4.626090952742,2.));
#5660 = CARTESIAN_POINT('',(-14.67591565832,-4.72644842727,2.));
#5661 = CARTESIAN_POINT('',(-14.84322033618,-4.835758708279,2.));
#5662 = CARTESIAN_POINT('',(-15.00388979479,-4.953784736772,2.));
#5663 = CARTESIAN_POINT('',(-15.15710797837,-5.080289776399,2.));
#5664 = CARTESIAN_POINT('',(-15.32643638053,-5.237715339546,2.));
#5665 = CARTESIAN_POINT('',(-15.35058336005,-5.260616391472,2.));
#5666 = CARTESIAN_POINT('',(-15.37448307684,-5.283740999249,2.));
#5667 = CARTESIAN_POINT('',(-15.39813186458,-5.307087713254,2.));
#5668 = CARTESIAN_POINT('',(-15.42152608497,-5.330655111193,2.));
#5669 = CARTESIAN_POINT('',(-15.44466212778,-5.354441798105,2.));
#5670 = CARTESIAN_POINT('',(-15.46753641082,-5.378446406357,2.));
#5671 = CARTESIAN_POINT('',(-15.51480926335,-5.429089675163,2.));
#5672 = CARTESIAN_POINT('',(-15.53915854597,-5.455774569379,2.));
#5673 = CARTESIAN_POINT('',(-15.56318633181,-5.482701199588,2.));
#5674 = CARTESIAN_POINT('',(-15.58689115466,-5.509913048797,2.));
#5675 = CARTESIAN_POINT('',(-15.61026236125,-5.537328541017,2.));
#5676 = CARTESIAN_POINT('',(-15.63330379747,-5.565050201268,2.));
#5677 = CARTESIAN_POINT('',(-15.65600391301,-5.592975389645,2.));
#5678 = CARTESIAN_POINT('',(-15.73819723212,-5.696652259888,2.));
#5679 = CARTESIAN_POINT('',(-15.79563329123,-5.774120201632,2.));
#5680 = CARTESIAN_POINT('',(-15.85064700545,-5.853478163111,2.));
#5681 = CARTESIAN_POINT('',(-15.90321652092,-5.93461873372,2.));
#5682 = CARTESIAN_POINT('',(-15.95332381671,-6.017434272653,2.));
#5683 = CARTESIAN_POINT('',(-16.00095410176,-6.101817704771,2.));
#5684 = CARTESIAN_POINT('',(-16.04609521188,-6.187663316474,2.));
#5685 = CARTESIAN_POINT('',(-16.1776111274,-6.456618635682,2.));
#5686 = CARTESIAN_POINT('',(-16.25562050251,-6.644255098359,2.));
#5687 = CARTESIAN_POINT('',(-16.3226870845,-6.836854805933,2.));
#5688 = CARTESIAN_POINT('',(-16.37875221075,-7.033511605141,2.));
#5689 = CARTESIAN_POINT('',(-16.42377074191,-7.233344075007,2.));
#5690 = CARTESIAN_POINT('',(-16.45770359821,-7.435501009119,2.));
#5691 = CARTESIAN_POINT('',(-16.48050869349,-7.639163628307,2.));
#5692 = CARTESIAN_POINT('',(-16.49743372477,-7.936813631022,2.));
#5693 = CARTESIAN_POINT('',(-16.50040796023,-8.030228321672,2.));
#5694 = CARTESIAN_POINT('',(-16.5010477592,-8.123711804207,2.));
#5695 = CARTESIAN_POINT('',(-16.4993475604,-8.217187139819,2.));
#5696 = CARTESIAN_POINT('',(-16.49530145555,-8.310577242352,2.));
#5697 = CARTESIAN_POINT('',(-16.48890318928,-8.403804878302,2.));
#5698 = CARTESIAN_POINT('',(-16.48014615923,-8.496792666821,2.));
#5699 = CARTESIAN_POINT('',(-16.46346967442,-8.635734771424,2.));
#5700 = CARTESIAN_POINT('',(-16.45732615401,-8.681927248243,2.));
#5701 = CARTESIAN_POINT('',(-16.45059199687,-8.728030811152,2.));
#5702 = CARTESIAN_POINT('',(-16.4432663433,-8.774035716762,2.));
#5703 = CARTESIAN_POINT('',(-16.43534833182,-8.819932177312,2.));
#5704 = CARTESIAN_POINT('',(-16.42683709911,-8.865710360661,2.));
#5705 = CARTESIAN_POINT('',(-16.41773178005,-8.911360390297,2.));
#5706 = CARTESIAN_POINT('',(-16.4035080176,-8.978095764019,2.));
#5707 = CARTESIAN_POINT('',(-16.39885561683,-8.999286967978,2.));
#5708 = CARTESIAN_POINT('',(-16.39407426911,-9.020444945305,2.));
#5709 = CARTESIAN_POINT('',(-16.38916393791,-9.04156868787,2.));
#5710 = CARTESIAN_POINT('',(-16.38412458641,-9.062657191319,2.));
#5711 = CARTESIAN_POINT('',(-16.37895617749,-9.083709455068,2.));
#5712 = CARTESIAN_POINT('',(-16.37365867376,-9.10472448231,2.));
#5713 = CARTESIAN_POINT('',(-16.36203342979,-9.149664804748,2.));
#5714 = CARTESIAN_POINT('',(-16.35566375349,-9.173582744127,2.));
#5715 = CARTESIAN_POINT('',(-16.34912475654,-9.197452059159,2.));
#5716 = CARTESIAN_POINT('',(-16.34241725374,-9.2212704672,2.));
#5717 = CARTESIAN_POINT('',(-16.33554112671,-9.245036441947,2.));
#5718 = CARTESIAN_POINT('',(-16.32849532389,-9.268749213443,2.));
#5719 = CARTESIAN_POINT('',(-16.3212778606,-9.292408768075,2.));
#5720 = CARTESIAN_POINT('',(-16.25741659007,-9.496335727785,2.));
#5721 = CARTESIAN_POINT('',(-16.19073802203,-9.673648629929,2.));
#5722 = CARTESIAN_POINT('',(-16.11432016027,-9.847380563705,2.));
#5723 = CARTESIAN_POINT('',(-16.02863684084,-10.01697594585,2.));
#5724 = CARTESIAN_POINT('',(-15.93415954751,-10.18189515172,2.));
#5725 = CARTESIAN_POINT('',(-15.83135126876,-10.3416120659,2.));
#5726 = CARTESIAN_POINT('',(-15.72066035482,-10.49561163272,2.));
#5727 = CARTESIAN_POINT('',(-15.48334947781,-10.79243733918,2.));
#5728 = CARTESIAN_POINT('',(-15.3566179166,-10.93513284926,2.));
#5729 = CARTESIAN_POINT('',(-15.22276054891,-11.07095679399,2.));
#5730 = CARTESIAN_POINT('',(-15.08222004741,-11.19936734875,2.));
#5731 = CARTESIAN_POINT('',(-14.93544676173,-11.31980061258,2.));
#5732 = CARTESIAN_POINT('',(-14.78290136028,-11.43167387287,2.));
#5733 = CARTESIAN_POINT('',(-14.62505425177,-11.53438952968,2.));
#5734 = CARTESIAN_POINT('',(-14.43379459428,-11.64367424987,2.));
#5735 = CARTESIAN_POINT('',(-14.40507440405,-11.65969808216,2.));
#5736 = CARTESIAN_POINT('',(-14.37622414969,-11.67540844324,2.));
#5737 = CARTESIAN_POINT('',(-14.34724673422,-11.69080262027,2.));
#5738 = CARTESIAN_POINT('',(-14.31814502979,-11.7058779209,2.));
#5739 = CARTESIAN_POINT('',(-14.28892187761,-11.72063167332,2.));
#5740 = CARTESIAN_POINT('',(-14.25958008797,-11.73506122617,2.));
#5741 = CARTESIAN_POINT('',(-14.19798887849,-11.7645483745,2.));
#5742 = CARTESIAN_POINT('',(-14.16570871059,-11.77954373909,2.));
#5743 = CARTESIAN_POINT('',(-14.13331636241,-11.7941508823,2.));
#5744 = CARTESIAN_POINT('',(-14.10074543607,-11.80835219301,2.));
#5745 = CARTESIAN_POINT('',(-14.06812614366,-11.82216887619,2.));
#5746 = CARTESIAN_POINT('',(-14.03529241732,-11.83556537553,2.));
#5747 = CARTESIAN_POINT('',(-14.00241708722,-11.84857298084,2.));
#5748 = CARTESIAN_POINT('',(-13.84788544662,-11.90744188762,2.));
#5749 = CARTESIAN_POINT('',(-13.72434495036,-11.94823807605,2.));
#5750 = CARTESIAN_POINT('',(-13.59898365038,-11.9835399961,2.));
#5751 = CARTESIAN_POINT('',(-13.4720470117,-12.01335409145,2.));
#5752 = CARTESIAN_POINT('',(-13.34378163929,-12.03770148853,2.));
#5753 = CARTESIAN_POINT('',(-13.21443286732,-12.05661533985,2.));
#5754 = CARTESIAN_POINT('',(-13.08424234848,-12.07013816717,2.));
#5755 = CARTESIAN_POINT('',(-12.68962518568,-12.0948208295,2.));
#5756 = CARTESIAN_POINT('',(-12.42337137695,-12.08958813888,2.));
#5757 = CARTESIAN_POINT('',(-12.15657837306,-12.06304311711,2.));
#5758 = CARTESIAN_POINT('',(-11.89108818841,-12.01570037137,2.));
#5759 = CARTESIAN_POINT('',(-11.62866282477,-11.94814245494,2.));
#5760 = CARTESIAN_POINT('',(-11.37096750031,-11.86099249487,2.));
#5761 = CARTESIAN_POINT('',(-11.11956497849,-11.75488412443,2.));
#5762 = CARTESIAN_POINT('',(-10.84738009674,-11.61585058914,2.));
#5763 = CARTESIAN_POINT('',(-10.81894323351,-11.60101573652,2.));
#5764 = CARTESIAN_POINT('',(-10.79061886321,-11.5859368097,2.));
#5765 = CARTESIAN_POINT('',(-10.76240811973,-11.57061162044,2.));
#5766 = CARTESIAN_POINT('',(-10.734308683,-11.55503151986,2.));
#5767 = CARTESIAN_POINT('',(-10.70631864702,-11.53918977334,2.));
#5768 = CARTESIAN_POINT('',(-10.67844038793,-11.52308993541,2.));
#5769 = CARTESIAN_POINT('',(-10.56133473047,-11.45416067846,2.));
#5770 = CARTESIAN_POINT('',(-10.47321192273,-11.39902245403,2.));
#5771 = CARTESIAN_POINT('',(-10.38641085134,-11.34148447644,2.));
#5772 = CARTESIAN_POINT('',(-10.30102466139,-11.28168270477,2.));
#5773 = CARTESIAN_POINT('',(-10.21714616552,-11.21974486058,2.));
#5774 = CARTESIAN_POINT('',(-10.13486920902,-11.15579115646,2.));
#5775 = CARTESIAN_POINT('',(-10.05429003486,-11.08993502455,2.));
#5776 = CARTESIAN_POINT('',(-9.785845616339,-10.85941626376,2.));
#5777 = CARTESIAN_POINT('',(-9.606834098543,-10.68634579989,2.));
#5778 = CARTESIAN_POINT('',(-9.439565238674,-10.50439004816,2.));
#5779 = CARTESIAN_POINT('',(-9.285619702511,-10.31485295584,2.));
#5780 = CARTESIAN_POINT('',(-9.147201150269,-10.11935273431,2.));
#5781 = CARTESIAN_POINT('',(-9.026854407314,-9.91996132702,2.));
#5782 = CARTESIAN_POINT('',(-8.92795831927,-9.719598451772,2.));
#5783 = CARTESIAN_POINT('',(-8.84601432902,-9.502179638149,2.));
#5784 = CARTESIAN_POINT('',(-8.838710430145,-9.482144123137,2.));
#5785 = CARTESIAN_POINT('',(-8.831666940266,-9.462122112462,2.));
#5786 = CARTESIAN_POINT('',(-8.824884637124,-9.442107777447,2.));
#5787 = CARTESIAN_POINT('',(-8.818363627256,-9.422097047209,2.));
#5788 = CARTESIAN_POINT('',(-8.812103802171,-9.402086014027,2.));
#5789 = CARTESIAN_POINT('',(-8.806105294519,-9.382069338719,2.));
#5790 = CARTESIAN_POINT('',(-8.782010018876,-9.297935019186,2.));
#5791 = CARTESIAN_POINT('',(-8.766333419347,-9.23370407344,2.));
#5792 = CARTESIAN_POINT('',(-8.753341379157,-9.169154786916,2.));
#5793 = CARTESIAN_POINT('',(-8.743041056205,-9.104079262837,2.));
#5794 = CARTESIAN_POINT('',(-8.735435442588,-9.038288416989,2.));
#5795 = CARTESIAN_POINT('',(-8.730513872781,-8.971633863434,2.));
#5796 = CARTESIAN_POINT('',(-8.728242120215,-8.90401600845,2.));
#5797 = CARTESIAN_POINT('',(-8.729014604247,-8.733023265626,2.));
#5798 = CARTESIAN_POINT('',(-8.735219548144,-8.628376201182,2.));
#5799 = CARTESIAN_POINT('',(-8.74695484943,-8.521274502786,2.));
#5800 = CARTESIAN_POINT('',(-8.76384857364,-8.411717844645,2.));
#5801 = CARTESIAN_POINT('',(-8.785396286369,-8.299805010231,2.));
#5802 = CARTESIAN_POINT('',(-8.811041841721,-8.185666910132,2.));
#5803 = CARTESIAN_POINT('',(-8.840252348811,-8.069422489184,2.));
#5804 = CARTESIAN_POINT('',(-8.912072929623,-7.806316455805,2.));
#5805 = CARTESIAN_POINT('',(-8.956217937137,-7.658462332648,2.));
#5806 = CARTESIAN_POINT('',(-9.004060152518,-7.507775166709,2.));
#5807 = CARTESIAN_POINT('',(-9.054786703789,-7.354406516017,2.));
#5808 = CARTESIAN_POINT('',(-9.107723731412,-7.198503751136,2.));
#5809 = CARTESIAN_POINT('',(-9.162316160679,-7.0402067766,2.));
#5810 = CARTESIAN_POINT('',(-9.218097513851,-6.879637476024,2.));
#5811 = CARTESIAN_POINT('',(-9.274708967937,-6.716875501003,2.));
#5812 = PCURVE('',#4106,#5813);
#5813 = DEFINITIONAL_REPRESENTATION('',(#5814),#6027);
#5814 = B_SPLINE_CURVE_WITH_KNOTS('',8,(#5815,#5816,#5817,#5818,#5819,
    #5820,#5821,#5822,#5823,#5824,#5825,#5826,#5827,#5828,#5829,#5830,
    #5831,#5832,#5833,#5834,#5835,#5836,#5837,#5838,#5839,#5840,#5841,
    #5842,#5843,#5844,#5845,#5846,#5847,#5848,#5849,#5850,#5851,#5852,
    #5853,#5854,#5855,#5856,#5857,#5858,#5859,#5860,#5861,#5862,#5863,
    #5864,#5865,#5866,#5867,#5868,#5869,#5870,#5871,#5872,#5873,#5874,
    #5875,#5876,#5877,#5878,#5879,#5880,#5881,#5882,#5883,#5884,#5885,
    #5886,#5887,#5888,#5889,#5890,#5891,#5892,#5893,#5894,#5895,#5896,
    #5897,#5898,#5899,#5900,#5901,#5902,#5903,#5904,#5905,#5906,#5907,
    #5908,#5909,#5910,#5911,#5912,#5913,#5914,#5915,#5916,#5917,#5918,
    #5919,#5920,#5921,#5922,#5923,#5924,#5925,#5926,#5927,#5928,#5929,
    #5930,#5931,#5932,#5933,#5934,#5935,#5936,#5937,#5938,#5939,#5940,
    #5941,#5942,#5943,#5944,#5945,#5946,#5947,#5948,#5949,#5950,#5951,
    #5952,#5953,#5954,#5955,#5956,#5957,#5958,#5959,#5960,#5961,#5962,
    #5963,#5964,#5965,#5966,#5967,#5968,#5969,#5970,#5971,#5972,#5973,
    #5974,#5975,#5976,#5977,#5978,#5979,#5980,#5981,#5982,#5983,#5984,
    #5985,#5986,#5987,#5988,#5989,#5990,#5991,#5992,#5993,#5994,#5995,
    #5996,#5997,#5998,#5999,#6000,#6001,#6002,#6003,#6004,#6005,#6006,
    #6007,#6008,#6009,#6010,#6011,#6012,#6013,#6014,#6015,#6016,#6017,
    #6018,#6019,#6020,#6021,#6022,#6023,#6024,#6025,#6026),
  .UNSPECIFIED.,.F.,.F.,(9,7,7,7,7,7,7,7,7,7,7,7,7,7,7,7,7,7,7,7,7,7,7,7
    ,7,7,7,7,7,7,9),(0.,2.817392138023E-02,8.491028410588E-02,
    0.136554099312,0.162702717531,0.18125548923,0.188120869094,
    0.199889503758,0.238351667789,0.302552725287,0.313356656829,
    0.325142715163,0.356677739082,0.422403078141,0.452396794986,
    0.467373095967,0.474356937686,0.482335670957,0.54327435256,
    0.604738664692,0.615540075841,0.627323241943,0.670639069636,
    0.75800839171,0.768243604771,0.801188148069,0.880501027851,
    0.888564229183,0.914369568129,0.952851403315,1.),.UNSPECIFIED.);
#5815 = CARTESIAN_POINT('',(4.711671071431,0.));
#5816 = CARTESIAN_POINT('',(4.711671071431,7.378473644553E-02));
#5817 = CARTESIAN_POINT('',(4.711671071431,0.148493388506));
#5818 = CARTESIAN_POINT('',(4.711671071431,0.224132119555));
#5819 = CARTESIAN_POINT('',(4.711671071431,0.300704949837));
#5820 = CARTESIAN_POINT('',(4.711671071431,0.378213076003));
#5821 = CARTESIAN_POINT('',(4.711671071431,0.456654190657));
#5822 = CARTESIAN_POINT('',(4.711671071431,0.536021801889));
#5823 = CARTESIAN_POINT('',(4.711671071431,0.777977158344));
#5824 = CARTESIAN_POINT('',(4.711671071431,0.943387853804));
#5825 = CARTESIAN_POINT('',(4.711671071431,1.112411121708));
#5826 = CARTESIAN_POINT('',(4.711671071431,1.284872392395));
#5827 = CARTESIAN_POINT('',(4.711671071431,1.460526916681));
#5828 = CARTESIAN_POINT('',(4.711671071431,1.639048768669));
#5829 = CARTESIAN_POINT('',(4.711671071431,1.820029978732));
#5830 = CARTESIAN_POINT('',(4.711671071431,2.169527490896));
#5831 = CARTESIAN_POINT('',(4.711671071431,2.337747965494));
#5832 = CARTESIAN_POINT('',(4.711671071431,2.507302730839));
#5833 = CARTESIAN_POINT('',(4.711671071431,2.677848644147));
#5834 = CARTESIAN_POINT('',(4.711671071431,2.849063791882));
#5835 = CARTESIAN_POINT('',(4.711671071431,3.020657593898));
#5836 = CARTESIAN_POINT('',(4.711671071431,3.192375129318));
#5837 = CARTESIAN_POINT('',(4.711671071431,3.450891672529));
#5838 = CARTESIAN_POINT('',(4.711671071431,3.537766799795));
#5839 = CARTESIAN_POINT('',(4.711671071431,3.624594608588));
#5840 = CARTESIAN_POINT('',(4.711671071431,3.711352313523));
#5841 = CARTESIAN_POINT('',(4.711671071431,3.79802050476));
#5842 = CARTESIAN_POINT('',(4.711671071431,3.884582851574));
#5843 = CARTESIAN_POINT('',(4.711671071431,3.97102580593));
#5844 = CARTESIAN_POINT('',(4.711671071431,4.118578104526));
#5845 = CARTESIAN_POINT('',(4.711671071431,4.179752242629));
#5846 = CARTESIAN_POINT('',(4.711671071431,4.24085692924));
#5847 = CARTESIAN_POINT('',(4.711671071431,4.301888947181));
#5848 = CARTESIAN_POINT('',(4.711671071431,4.362845653226));
#5849 = CARTESIAN_POINT('',(4.711671071431,4.423724978104));
#5850 = CARTESIAN_POINT('',(4.711671071431,4.484525426498));
#5851 = CARTESIAN_POINT('',(4.711671071431,4.567715513867));
#5852 = CARTESIAN_POINT('',(4.711671071431,4.590184950688));
#5853 = CARTESIAN_POINT('',(4.711671071431,4.612654387509));
#5854 = CARTESIAN_POINT('',(4.711671071431,4.63512382433));
#5855 = CARTESIAN_POINT('',(4.711671071431,4.657593261152));
#5856 = CARTESIAN_POINT('',(4.711671071431,4.680062697974));
#5857 = CARTESIAN_POINT('',(4.711671071431,4.702532134796));
#5858 = CARTESIAN_POINT('',(4.711671071431,4.763518681856));
#5859 = CARTESIAN_POINT('',(4.711671071431,4.80204247706));
#5860 = CARTESIAN_POINT('',(4.711671071431,4.840560441685));
#5861 = CARTESIAN_POINT('',(4.711671071431,4.879070335522));
#5862 = CARTESIAN_POINT('',(4.711671071431,4.917603478557));
#5863 = CARTESIAN_POINT('',(4.711671071431,4.956113222613));
#5864 = CARTESIAN_POINT('',(4.711671071431,4.994635138716));
#5865 = CARTESIAN_POINT('',(4.711671071431,5.1590404065));
#5866 = CARTESIAN_POINT('',(4.711671071431,5.284654971214));
#5867 = CARTESIAN_POINT('',(4.711671071431,5.410033784657));
#5868 = CARTESIAN_POINT('',(4.711671071431,5.535212633943));
#5869 = CARTESIAN_POINT('',(4.711671071431,5.66022721782));
#5870 = CARTESIAN_POINT('',(4.711671071431,5.78511351369));
#5871 = CARTESIAN_POINT('',(4.711671071431,5.909908144621));
#5872 = CARTESIAN_POINT('',(4.711671071431,6.242865801907));
#5873 = CARTESIAN_POINT('',(4.711671071431,6.450906635462));
#5874 = CARTESIAN_POINT('',(4.711671071431,6.658964927016));
#5875 = CARTESIAN_POINT('',(4.711671071431,6.86719532443));
#5876 = CARTESIAN_POINT('',(4.711671071431,7.075720027265));
#5877 = CARTESIAN_POINT('',(4.711671071431,7.284630849557));
#5878 = CARTESIAN_POINT('',(4.711671071431,7.493986761529));
#5879 = CARTESIAN_POINT('',(4.711671071431,7.739116025255));
#5880 = CARTESIAN_POINT('',(4.711671071431,7.774425140258));
#5881 = CARTESIAN_POINT('',(4.711671071431,7.809734255259));
#5882 = CARTESIAN_POINT('',(4.711671071431,7.845043370263));
#5883 = CARTESIAN_POINT('',(4.711671071431,7.88035248527));
#5884 = CARTESIAN_POINT('',(4.711671071431,7.915661600279));
#5885 = CARTESIAN_POINT('',(4.711671071431,7.950970715287));
#5886 = CARTESIAN_POINT('',(4.711671071431,8.024798705336));
#5887 = CARTESIAN_POINT('',(4.711671071431,8.063315644778));
#5888 = CARTESIAN_POINT('',(4.711671071431,8.10184346431));
#5889 = CARTESIAN_POINT('',(4.711671071431,8.140346695889));
#5890 = CARTESIAN_POINT('',(4.711671071431,8.178886249232));
#5891 = CARTESIAN_POINT('',(4.711671071431,8.217383566703));
#5892 = CARTESIAN_POINT('',(4.711671071431,8.255917772242));
#5893 = CARTESIAN_POINT('',(4.711671071431,8.397481864632));
#5894 = CARTESIAN_POINT('',(4.711671071431,8.500460432952));
#5895 = CARTESIAN_POINT('',(4.711671071431,8.603351061232));
#5896 = CARTESIAN_POINT('',(4.711671071431,8.706141158335));
#5897 = CARTESIAN_POINT('',(4.711671071431,8.808821962469));
#5898 = CARTESIAN_POINT('',(4.711671071431,8.91138821124));
#5899 = CARTESIAN_POINT('',(4.711671071431,9.013837811711));
#5900 = CARTESIAN_POINT('',(4.711671071431,9.329455542348));
#5901 = CARTESIAN_POINT('',(4.711671071431,9.542217242798));
#5902 = CARTESIAN_POINT('',(4.711671071431,9.754486992052));
#5903 = CARTESIAN_POINT('',(4.711671071431,9.966320452986));
#5904 = CARTESIAN_POINT('',(4.711671071431,10.177791901782));
#5905 = CARTESIAN_POINT('',(4.711671071431,10.388990878236));
#5906 = CARTESIAN_POINT('',(4.711671071431,10.600022155709));
#5907 = CARTESIAN_POINT('',(4.711671071431,10.907292757467));
#5908 = CARTESIAN_POINT('',(4.711671071431,11.003563076276));
#5909 = CARTESIAN_POINT('',(4.711671071431,11.099829647572));
#5910 = CARTESIAN_POINT('',(4.711671071431,11.196101350577));
#5911 = CARTESIAN_POINT('',(4.711671071431,11.292386283303));
#5912 = CARTESIAN_POINT('',(4.711671071431,11.388691762548));
#5913 = CARTESIAN_POINT('',(4.711671071431,11.4850243239));
#5914 = CARTESIAN_POINT('',(4.711671071431,11.629506372619));
#5915 = CARTESIAN_POINT('',(4.711671071431,11.67763110776));
#5916 = CARTESIAN_POINT('',(4.711671071431,11.725764596417));
#5917 = CARTESIAN_POINT('',(4.711671071431,11.773907412146));
#5918 = CARTESIAN_POINT('',(4.711671071431,11.822060032798));
#5919 = CARTESIAN_POINT('',(4.711671071431,11.87022284052));
#5920 = CARTESIAN_POINT('',(4.711671071431,11.918396121756));
#5921 = CARTESIAN_POINT('',(4.711671071431,11.98904950407));
#5922 = CARTESIAN_POINT('',(4.711671071431,12.011518940891));
#5923 = CARTESIAN_POINT('',(4.711671071431,12.033988377713));
#5924 = CARTESIAN_POINT('',(4.711671071431,12.056457814534));
#5925 = CARTESIAN_POINT('',(4.711671071431,12.078927251356));
#5926 = CARTESIAN_POINT('',(4.711671071431,12.101396688177));
#5927 = CARTESIAN_POINT('',(4.711671071431,12.123866124999));
#5928 = CARTESIAN_POINT('',(4.711671071431,12.172005909224));
#5929 = CARTESIAN_POINT('',(4.711671071431,12.197677439877));
#5930 = CARTESIAN_POINT('',(4.711671071431,12.223352071316));
#5931 = CARTESIAN_POINT('',(4.711671071431,12.249030743341));
#5932 = CARTESIAN_POINT('',(4.711671071431,12.274713418026));
#5933 = CARTESIAN_POINT('',(4.711671071431,12.300399079707));
#5934 = CARTESIAN_POINT('',(4.711671071431,12.326085734994));
#5935 = CARTESIAN_POINT('',(4.711671071431,12.547940700374));
#5936 = CARTESIAN_POINT('',(4.711671071431,12.743911926546));
#5937 = CARTESIAN_POINT('',(4.711671071431,12.939707243526));
#5938 = CARTESIAN_POINT('',(4.711671071431,13.135369797125));
#5939 = CARTESIAN_POINT('',(4.711671071431,13.330961942476));
#5940 = CARTESIAN_POINT('',(4.711671071431,13.526564459794));
#5941 = CARTESIAN_POINT('',(4.711671071431,13.722275770138));
#5942 = CARTESIAN_POINT('',(4.711671071431,14.115836585484));
#5943 = CARTESIAN_POINT('',(4.711671071431,14.313661861628));
#5944 = CARTESIAN_POINT('',(4.711671071431,14.511809880878));
#5945 = CARTESIAN_POINT('',(4.711671071431,14.710383218789));
#5946 = CARTESIAN_POINT('',(4.711671071431,14.909466557049));
#5947 = CARTESIAN_POINT('',(4.711671071431,15.109126443695));
#5948 = CARTESIAN_POINT('',(4.711671071431,15.309408381706));
#5949 = CARTESIAN_POINT('',(4.711671071431,15.54564036097));
#5950 = CARTESIAN_POINT('',(4.711671071431,15.580949475973));
#5951 = CARTESIAN_POINT('',(4.711671071431,15.616258590975));
#5952 = CARTESIAN_POINT('',(4.711671071431,15.651567705978));
#5953 = CARTESIAN_POINT('',(4.711671071431,15.686876820985));
#5954 = CARTESIAN_POINT('',(4.711671071431,15.722185935994));
#5955 = CARTESIAN_POINT('',(4.711671071431,15.757495051002));
#5956 = CARTESIAN_POINT('',(4.711671071431,15.831322574499));
#5957 = CARTESIAN_POINT('',(4.711671071431,15.869838713763));
#5958 = CARTESIAN_POINT('',(4.711671071431,15.90837204957));
#5959 = CARTESIAN_POINT('',(4.711671071431,15.946865547972));
#5960 = CARTESIAN_POINT('',(4.711671071431,15.985418069335));
#5961 = CARTESIAN_POINT('',(4.711671071431,16.023899385794));
#5962 = CARTESIAN_POINT('',(4.711671071431,16.062446394434));
#5963 = CARTESIAN_POINT('',(4.711671071431,16.242522349936));
#5964 = CARTESIAN_POINT('',(4.711671071431,16.384111916385));
#5965 = CARTESIAN_POINT('',(4.711671071431,16.525651340984));
#5966 = CARTESIAN_POINT('',(4.711671071431,16.667080062381));
#5967 = CARTESIAN_POINT('',(4.711671071431,16.808349116754));
#5968 = CARTESIAN_POINT('',(4.711671071431,16.949419495909));
#5969 = CARTESIAN_POINT('',(4.711671071431,17.090260505391));
#5970 = CARTESIAN_POINT('',(4.711671071431,17.514417558059));
#5971 = CARTESIAN_POINT('',(4.711671071431,17.796921515469));
#5972 = CARTESIAN_POINT('',(4.711671071431,18.078217440588));
#5973 = CARTESIAN_POINT('',(4.711671071431,18.35823159914));
#5974 = CARTESIAN_POINT('',(4.711671071431,18.636928450928));
#5975 = CARTESIAN_POINT('',(4.711671071431,18.914289402351));
#5976 = CARTESIAN_POINT('',(4.711671071431,19.190300937317));
#5977 = CARTESIAN_POINT('',(4.711671071431,19.497127189525));
#5978 = CARTESIAN_POINT('',(4.711671071431,19.529278179881));
#5979 = CARTESIAN_POINT('',(4.711671071431,19.561415811921));
#5980 = CARTESIAN_POINT('',(4.711671071431,19.593537260969));
#5981 = CARTESIAN_POINT('',(4.711671071431,19.625633570884));
#5982 = CARTESIAN_POINT('',(4.711671071431,19.657697061574));
#5983 = CARTESIAN_POINT('',(4.711671071431,19.689728736509));
#5984 = CARTESIAN_POINT('',(4.711671071431,19.824800107535));
#5985 = CARTESIAN_POINT('',(4.711671071431,19.92761495794));
#5986 = CARTESIAN_POINT('',(4.711671071431,20.030262205675));
#5987 = CARTESIAN_POINT('',(4.711671071431,20.132812316951));
#5988 = CARTESIAN_POINT('',(4.711671071431,20.235335810012));
#5989 = CARTESIAN_POINT('',(4.711671071431,20.337904805191));
#5990 = CARTESIAN_POINT('',(4.711671071431,20.44059457496));
#5991 = CARTESIAN_POINT('',(4.711671071431,20.791190557455));
#5992 = CARTESIAN_POINT('',(4.711671071431,21.039753449114));
#5993 = CARTESIAN_POINT('',(4.711671071431,21.290650461538));
#5994 = CARTESIAN_POINT('',(4.711671071431,21.545068873713));
#5995 = CARTESIAN_POINT('',(4.711671071431,21.804202486551));
#5996 = CARTESIAN_POINT('',(4.711671071431,22.069210510914));
#5997 = CARTESIAN_POINT('',(4.711671071431,22.341739027301));
#5998 = CARTESIAN_POINT('',(4.711671071431,22.652159000016));
#5999 = CARTESIAN_POINT('',(4.711671071431,22.680889163517));
#6000 = CARTESIAN_POINT('',(4.711671071431,22.709694498924));
#6001 = CARTESIAN_POINT('',(4.711671071431,22.7385681647));
#6002 = CARTESIAN_POINT('',(4.711671071431,22.767504429526));
#6003 = CARTESIAN_POINT('',(4.711671071431,22.796497672713));
#6004 = CARTESIAN_POINT('',(4.711671071431,22.825541384618));
#6005 = CARTESIAN_POINT('',(4.711671071431,22.947712834097));
#6006 = CARTESIAN_POINT('',(4.711671071431,23.04123737018));
#6007 = CARTESIAN_POINT('',(4.711671071431,23.134982668635));
#6008 = CARTESIAN_POINT('',(4.711671071431,23.228714140381));
#6009 = CARTESIAN_POINT('',(4.711671071431,23.322205231466));
#6010 = CARTESIAN_POINT('',(4.711671071431,23.415252027226));
#6011 = CARTESIAN_POINT('',(4.711671071431,23.50767794304));
#6012 = CARTESIAN_POINT('',(4.711671071431,23.736001060107));
#6013 = CARTESIAN_POINT('',(4.711671071431,23.870983974873));
#6014 = CARTESIAN_POINT('',(4.711671071431,24.003722359873));
#6015 = CARTESIAN_POINT('',(4.711671071431,24.133883053898));
#6016 = CARTESIAN_POINT('',(4.711671071431,24.261294926235));
#6017 = CARTESIAN_POINT('',(4.711671071431,24.385880731326));
#6018 = CARTESIAN_POINT('',(4.711671071431,24.507610037711));
#6019 = CARTESIAN_POINT('',(4.711671071431,24.772172130449));
#6020 = CARTESIAN_POINT('',(4.711671071431,24.913573760645));
#6021 = CARTESIAN_POINT('',(4.711671071431,25.050793639929));
#6022 = CARTESIAN_POINT('',(4.711671071431,25.183958774767));
#6023 = CARTESIAN_POINT('',(4.711671071431,25.313217089639));
#6024 = CARTESIAN_POINT('',(4.711671071431,25.438741135358));
#6025 = CARTESIAN_POINT('',(4.711671071431,25.560726568291));
#6026 = CARTESIAN_POINT('',(4.711671071431,25.679356367485));
#6027 = ( GEOMETRIC_REPRESENTATION_CONTEXT(2) 
PARAMETRIC_REPRESENTATION_CONTEXT() REPRESENTATION_CONTEXT('2D SPACE',''
  ) );
#6028 = PCURVE('',#6029,#6034);
#6029 = PLANE('',#6030);
#6030 = AXIS2_PLACEMENT_3D('',#6031,#6032,#6033);
#6031 = CARTESIAN_POINT('',(1.,8.893987308214E-17,2.));
#6032 = DIRECTION('',(0.,0.,1.));
#6033 = DIRECTION('',(1.,0.,-0.));
#6034 = DEFINITIONAL_REPRESENTATION('',(#6035),#6248);
#6035 = B_SPLINE_CURVE_WITH_KNOTS('',8,(#6036,#6037,#6038,#6039,#6040,
    #6041,#6042,#6043,#6044,#6045,#6046,#6047,#6048,#6049,#6050,#6051,
    #6052,#6053,#6054,#6055,#6056,#6057,#6058,#6059,#6060,#6061,#6062,
    #6063,#6064,#6065,#6066,#6067,#6068,#6069,#6070,#6071,#6072,#6073,
    #6074,#6075,#6076,#6077,#6078,#6079,#6080,#6081,#6082,#6083,#6084,
    #6085,#6086,#6087,#6088,#6089,#6090,#6091,#6092,#6093,#6094,#6095,
    #6096,#6097,#6098,#6099,#6100,#6101,#6102,#6103,#6104,#6105,#6106,
    #6107,#6108,#6109,#6110,#6111,#6112,#6113,#6114,#6115,#6116,#6117,
    #6118,#6119,#6120,#6121,#6122,#6123,#6124,#6125,#6126,#6127,#6128,
    #6129,#6130,#6131,#6132,#6133,#6134,#6135,#6136,#6137,#6138,#6139,
    #6140,#6141,#6142,#6143,#6144,#6145,#6146,#6147,#6148,#6149,#6150,
    #6151,#6152,#6153,#6154,#6155,#6156,#6157,#6158,#6159,#6160,#6161,
    #6162,#6163,#6164,#6165,#6166,#6167,#6168,#6169,#6170,#6171,#6172,
    #6173,#6174,#6175,#6176,#6177,#6178,#6179,#6180,#6181,#6182,#6183,
    #6184,#6185,#6186,#6187,#6188,#6189,#6190,#6191,#6192,#6193,#6194,
    #6195,#6196,#6197,#6198,#6199,#6200,#6201,#6202,#6203,#6204,#6205,
    #6206,#6207,#6208,#6209,#6210,#6211,#6212,#6213,#6214,#6215,#6216,
    #6217,#6218,#6219,#6220,#6221,#6222,#6223,#6224,#6225,#6226,#6227,
    #6228,#6229,#6230,#6231,#6232,#6233,#6234,#6235,#6236,#6237,#6238,
    #6239,#6240,#6241,#6242,#6243,#6244,#6245,#6246,#6247),
  .UNSPECIFIED.,.F.,.F.,(9,7,7,7,7,7,7,7,7,7,7,7,7,7,7,7,7,7,7,7,7,7,7,7
    ,7,7,7,7,7,7,9),(0.,2.817392138023E-02,8.491028410588E-02,
    0.136554099312,0.162702717531,0.18125548923,0.188120869094,
    0.199889503758,0.238351667789,0.302552725287,0.313356656829,
    0.325142715163,0.356677739082,0.422403078141,0.452396794986,
    0.467373095967,0.474356937686,0.482335670957,0.54327435256,
    0.604738664692,0.615540075841,0.627323241943,0.670639069636,
    0.75800839171,0.768243604771,0.801188148069,0.880501027851,
    0.888564229183,0.914369568129,0.952851403315,1.),.UNSPECIFIED.);
#6036 = CARTESIAN_POINT('',(-10.27470896793,-6.716875501003));
#6037 = CARTESIAN_POINT('',(-10.30616727354,-6.620394974358));
#6038 = CARTESIAN_POINT('',(-10.33922503602,-6.52514245359));
#6039 = CARTESIAN_POINT('',(-10.37390413845,-6.431189292869));
#6040 = CARTESIAN_POINT('',(-10.41022392819,-6.338610130394));
#6041 = CARTESIAN_POINT('',(-10.44820058192,-6.247482058266));
#6042 = CARTESIAN_POINT('',(-10.48784647074,-6.157883792368));
#6043 = CARTESIAN_POINT('',(-10.52916952526,-6.069894842248));
#6044 = CARTESIAN_POINT('',(-10.65877198518,-5.809804229352));
#6045 = CARTESIAN_POINT('',(-10.75219801611,-5.642833495395));
#6046 = CARTESIAN_POINT('',(-10.85246306998,-5.483371663331));
#6047 = CARTESIAN_POINT('',(-10.95950216173,-5.33206191315));
#6048 = CARTESIAN_POINT('',(-11.07317898208,-5.1894810574));
#6049 = CARTESIAN_POINT('',(-11.1932843209,-5.056125216614));
#6050 = CARTESIAN_POINT('',(-11.31952687631,-4.932401533364));
#6051 = CARTESIAN_POINT('',(-11.57165857486,-4.715062612457));
#6052 = CARTESIAN_POINT('',(-11.69659387833,-4.619714132206));
#6053 = CARTESIAN_POINT('',(-11.8260371631,-4.532818764801));
#6054 = CARTESIAN_POINT('',(-11.95967980497,-4.454516770697));
#6055 = CARTESIAN_POINT('',(-12.09718190675,-4.384871920699));
#6056 = CARTESIAN_POINT('',(-12.23816785538,-4.323886106737));
#6057 = CARTESIAN_POINT('',(-12.38222528207,-4.271507032916));
#6058 = CARTESIAN_POINT('',(-12.60317652922,-4.205412372468));
#6059 = CARTESIAN_POINT('',(-12.67812209321,-4.18537412248));
#6060 = CARTESIAN_POINT('',(-12.75368848774,-4.167500262358));
#6061 = CARTESIAN_POINT('',(-12.82981927001,-4.15177335064));
#6062 = CARTESIAN_POINT('',(-12.90645758167,-4.138172790838));
#6063 = CARTESIAN_POINT('',(-12.98354654651,-4.126675143341));
#6064 = CARTESIAN_POINT('',(-13.06102966805,-4.117254437328));
#6065 = CARTESIAN_POINT('',(-13.19406655409,-4.104651937978));
#6066 = CARTESIAN_POINT('',(-13.24945240159,-4.100452873198));
#6067 = CARTESIAN_POINT('',(-13.30498883518,-4.097275033585));
#6068 = CARTESIAN_POINT('',(-13.36065627382,-4.095107768642));
#6069 = CARTESIAN_POINT('',(-13.41643548998,-4.093940032126));
#6070 = CARTESIAN_POINT('',(-13.47230760964,-4.093760382049));
#6071 = CARTESIAN_POINT('',(-13.52825411226,-4.094556980676));
#6072 = CARTESIAN_POINT('',(-13.60498043038,-4.096969123455));
#6073 = CARTESIAN_POINT('',(-13.62572181823,-4.097752996977));
#6074 = CARTESIAN_POINT('',(-13.64648015428,-4.098668832151));
#6075 = CARTESIAN_POINT('',(-13.66725459273,-4.099716243241));
#6076 = CARTESIAN_POINT('',(-13.68804428216,-4.100894841715));
#6077 = CARTESIAN_POINT('',(-13.70884836544,-4.102204236239));
#6078 = CARTESIAN_POINT('',(-13.72966597981,-4.103644032685));
#6079 = CARTESIAN_POINT('',(-13.78620468495,-4.107905501818));
#6080 = CARTESIAN_POINT('',(-13.82195038383,-4.110975621208));
#6081 = CARTESIAN_POINT('',(-13.85773344048,-4.114434077531));
#6082 = CARTESIAN_POINT('',(-13.89354795355,-4.118267368834));
#6083 = CARTESIAN_POINT('',(-13.92935231398,-4.122459364524));
#6084 = CARTESIAN_POINT('',(-13.96518736729,-4.127038402394));
#6085 = CARTESIAN_POINT('',(-14.00101210351,-4.13197803479));
#6086 = CARTESIAN_POINT('',(-14.15392164198,-4.154645752053));
#6087 = CARTESIAN_POINT('',(-14.27071583627,-4.175899473257));
#6088 = CARTESIAN_POINT('',(-14.38704603677,-4.20097320065));
#6089 = CARTESIAN_POINT('',(-14.50274142474,-4.229793212488));
#6090 = CARTESIAN_POINT('',(-14.61763488146,-4.262289420176));
#6091 = CARTESIAN_POINT('',(-14.73156256092,-4.298395445359));
#6092 = CARTESIAN_POINT('',(-14.84436346256,-4.338048697019));
#6093 = CARTESIAN_POINT('',(-15.1420207473,-4.453202754823));
#6094 = CARTESIAN_POINT('',(-15.32455821403,-4.534926034264));
#6095 = CARTESIAN_POINT('',(-15.50277136669,-4.626090952742));
#6096 = CARTESIAN_POINT('',(-15.67591565832,-4.72644842727));
#6097 = CARTESIAN_POINT('',(-15.84322033618,-4.835758708279));
#6098 = CARTESIAN_POINT('',(-16.00388979479,-4.953784736772));
#6099 = CARTESIAN_POINT('',(-16.15710797837,-5.080289776399));
#6100 = CARTESIAN_POINT('',(-16.32643638053,-5.237715339546));
#6101 = CARTESIAN_POINT('',(-16.35058336005,-5.260616391472));
#6102 = CARTESIAN_POINT('',(-16.37448307684,-5.283740999249));
#6103 = CARTESIAN_POINT('',(-16.39813186458,-5.307087713254));
#6104 = CARTESIAN_POINT('',(-16.42152608497,-5.330655111193));
#6105 = CARTESIAN_POINT('',(-16.44466212778,-5.354441798105));
#6106 = CARTESIAN_POINT('',(-16.46753641082,-5.378446406357));
#6107 = CARTESIAN_POINT('',(-16.51480926335,-5.429089675163));
#6108 = CARTESIAN_POINT('',(-16.53915854597,-5.455774569379));
#6109 = CARTESIAN_POINT('',(-16.56318633181,-5.482701199588));
#6110 = CARTESIAN_POINT('',(-16.58689115466,-5.509913048797));
#6111 = CARTESIAN_POINT('',(-16.61026236125,-5.537328541017));
#6112 = CARTESIAN_POINT('',(-16.63330379747,-5.565050201268));
#6113 = CARTESIAN_POINT('',(-16.65600391301,-5.592975389645));
#6114 = CARTESIAN_POINT('',(-16.73819723212,-5.696652259888));
#6115 = CARTESIAN_POINT('',(-16.79563329123,-5.774120201632));
#6116 = CARTESIAN_POINT('',(-16.85064700545,-5.853478163111));
#6117 = CARTESIAN_POINT('',(-16.90321652092,-5.93461873372));
#6118 = CARTESIAN_POINT('',(-16.95332381671,-6.017434272653));
#6119 = CARTESIAN_POINT('',(-17.00095410176,-6.101817704771));
#6120 = CARTESIAN_POINT('',(-17.04609521188,-6.187663316474));
#6121 = CARTESIAN_POINT('',(-17.1776111274,-6.456618635682));
#6122 = CARTESIAN_POINT('',(-17.25562050251,-6.644255098359));
#6123 = CARTESIAN_POINT('',(-17.3226870845,-6.836854805933));
#6124 = CARTESIAN_POINT('',(-17.37875221075,-7.033511605141));
#6125 = CARTESIAN_POINT('',(-17.42377074191,-7.233344075007));
#6126 = CARTESIAN_POINT('',(-17.45770359821,-7.435501009119));
#6127 = CARTESIAN_POINT('',(-17.48050869349,-7.639163628307));
#6128 = CARTESIAN_POINT('',(-17.49743372477,-7.936813631022));
#6129 = CARTESIAN_POINT('',(-17.50040796023,-8.030228321672));
#6130 = CARTESIAN_POINT('',(-17.5010477592,-8.123711804207));
#6131 = CARTESIAN_POINT('',(-17.4993475604,-8.217187139819));
#6132 = CARTESIAN_POINT('',(-17.49530145555,-8.310577242352));
#6133 = CARTESIAN_POINT('',(-17.48890318928,-8.403804878302));
#6134 = CARTESIAN_POINT('',(-17.48014615923,-8.496792666821));
#6135 = CARTESIAN_POINT('',(-17.46346967442,-8.635734771424));
#6136 = CARTESIAN_POINT('',(-17.45732615401,-8.681927248243));
#6137 = CARTESIAN_POINT('',(-17.45059199687,-8.728030811152));
#6138 = CARTESIAN_POINT('',(-17.4432663433,-8.774035716762));
#6139 = CARTESIAN_POINT('',(-17.43534833182,-8.819932177312));
#6140 = CARTESIAN_POINT('',(-17.42683709911,-8.865710360661));
#6141 = CARTESIAN_POINT('',(-17.41773178005,-8.911360390297));
#6142 = CARTESIAN_POINT('',(-17.4035080176,-8.978095764019));
#6143 = CARTESIAN_POINT('',(-17.39885561683,-8.999286967978));
#6144 = CARTESIAN_POINT('',(-17.39407426911,-9.020444945305));
#6145 = CARTESIAN_POINT('',(-17.38916393791,-9.04156868787));
#6146 = CARTESIAN_POINT('',(-17.38412458641,-9.062657191319));
#6147 = CARTESIAN_POINT('',(-17.37895617749,-9.083709455068));
#6148 = CARTESIAN_POINT('',(-17.37365867376,-9.10472448231));
#6149 = CARTESIAN_POINT('',(-17.36203342979,-9.149664804748));
#6150 = CARTESIAN_POINT('',(-17.35566375349,-9.173582744127));
#6151 = CARTESIAN_POINT('',(-17.34912475654,-9.197452059159));
#6152 = CARTESIAN_POINT('',(-17.34241725374,-9.2212704672));
#6153 = CARTESIAN_POINT('',(-17.33554112671,-9.245036441947));
#6154 = CARTESIAN_POINT('',(-17.32849532389,-9.268749213443));
#6155 = CARTESIAN_POINT('',(-17.3212778606,-9.292408768075));
#6156 = CARTESIAN_POINT('',(-17.25741659007,-9.496335727785));
#6157 = CARTESIAN_POINT('',(-17.19073802203,-9.673648629929));
#6158 = CARTESIAN_POINT('',(-17.11432016027,-9.847380563705));
#6159 = CARTESIAN_POINT('',(-17.02863684084,-10.01697594585));
#6160 = CARTESIAN_POINT('',(-16.93415954751,-10.18189515172));
#6161 = CARTESIAN_POINT('',(-16.83135126876,-10.3416120659));
#6162 = CARTESIAN_POINT('',(-16.72066035482,-10.49561163272));
#6163 = CARTESIAN_POINT('',(-16.48334947781,-10.79243733918));
#6164 = CARTESIAN_POINT('',(-16.3566179166,-10.93513284926));
#6165 = CARTESIAN_POINT('',(-16.22276054891,-11.07095679399));
#6166 = CARTESIAN_POINT('',(-16.08222004741,-11.19936734875));
#6167 = CARTESIAN_POINT('',(-15.93544676173,-11.31980061258));
#6168 = CARTESIAN_POINT('',(-15.78290136028,-11.43167387287));
#6169 = CARTESIAN_POINT('',(-15.62505425177,-11.53438952968));
#6170 = CARTESIAN_POINT('',(-15.43379459428,-11.64367424987));
#6171 = CARTESIAN_POINT('',(-15.40507440405,-11.65969808216));
#6172 = CARTESIAN_POINT('',(-15.37622414969,-11.67540844324));
#6173 = CARTESIAN_POINT('',(-15.34724673422,-11.69080262027));
#6174 = CARTESIAN_POINT('',(-15.31814502979,-11.7058779209));
#6175 = CARTESIAN_POINT('',(-15.28892187761,-11.72063167332));
#6176 = CARTESIAN_POINT('',(-15.25958008797,-11.73506122617));
#6177 = CARTESIAN_POINT('',(-15.19798887849,-11.7645483745));
#6178 = CARTESIAN_POINT('',(-15.16570871059,-11.77954373909));
#6179 = CARTESIAN_POINT('',(-15.13331636241,-11.7941508823));
#6180 = CARTESIAN_POINT('',(-15.10074543607,-11.80835219301));
#6181 = CARTESIAN_POINT('',(-15.06812614366,-11.82216887619));
#6182 = CARTESIAN_POINT('',(-15.03529241732,-11.83556537553));
#6183 = CARTESIAN_POINT('',(-15.00241708722,-11.84857298084));
#6184 = CARTESIAN_POINT('',(-14.84788544662,-11.90744188762));
#6185 = CARTESIAN_POINT('',(-14.72434495036,-11.94823807605));
#6186 = CARTESIAN_POINT('',(-14.59898365038,-11.9835399961));
#6187 = CARTESIAN_POINT('',(-14.4720470117,-12.01335409145));
#6188 = CARTESIAN_POINT('',(-14.34378163929,-12.03770148853));
#6189 = CARTESIAN_POINT('',(-14.21443286732,-12.05661533985));
#6190 = CARTESIAN_POINT('',(-14.08424234848,-12.07013816717));
#6191 = CARTESIAN_POINT('',(-13.68962518568,-12.0948208295));
#6192 = CARTESIAN_POINT('',(-13.42337137695,-12.08958813888));
#6193 = CARTESIAN_POINT('',(-13.15657837306,-12.06304311711));
#6194 = CARTESIAN_POINT('',(-12.89108818841,-12.01570037137));
#6195 = CARTESIAN_POINT('',(-12.62866282477,-11.94814245494));
#6196 = CARTESIAN_POINT('',(-12.37096750031,-11.86099249487));
#6197 = CARTESIAN_POINT('',(-12.11956497849,-11.75488412443));
#6198 = CARTESIAN_POINT('',(-11.84738009674,-11.61585058914));
#6199 = CARTESIAN_POINT('',(-11.81894323351,-11.60101573652));
#6200 = CARTESIAN_POINT('',(-11.79061886321,-11.5859368097));
#6201 = CARTESIAN_POINT('',(-11.76240811973,-11.57061162044));
#6202 = CARTESIAN_POINT('',(-11.734308683,-11.55503151986));
#6203 = CARTESIAN_POINT('',(-11.70631864702,-11.53918977334));
#6204 = CARTESIAN_POINT('',(-11.67844038793,-11.52308993541));
#6205 = CARTESIAN_POINT('',(-11.56133473047,-11.45416067846));
#6206 = CARTESIAN_POINT('',(-11.47321192273,-11.39902245403));
#6207 = CARTESIAN_POINT('',(-11.38641085134,-11.34148447644));
#6208 = CARTESIAN_POINT('',(-11.30102466139,-11.28168270477));
#6209 = CARTESIAN_POINT('',(-11.21714616552,-11.21974486058));
#6210 = CARTESIAN_POINT('',(-11.13486920902,-11.15579115646));
#6211 = CARTESIAN_POINT('',(-11.05429003486,-11.08993502455));
#6212 = CARTESIAN_POINT('',(-10.78584561633,-10.85941626376));
#6213 = CARTESIAN_POINT('',(-10.60683409854,-10.68634579989));
#6214 = CARTESIAN_POINT('',(-10.43956523867,-10.50439004816));
#6215 = CARTESIAN_POINT('',(-10.28561970251,-10.31485295584));
#6216 = CARTESIAN_POINT('',(-10.14720115026,-10.11935273431));
#6217 = CARTESIAN_POINT('',(-10.02685440731,-9.91996132702));
#6218 = CARTESIAN_POINT('',(-9.92795831927,-9.719598451772));
#6219 = CARTESIAN_POINT('',(-9.84601432902,-9.502179638149));
#6220 = CARTESIAN_POINT('',(-9.838710430145,-9.482144123137));
#6221 = CARTESIAN_POINT('',(-9.831666940266,-9.462122112462));
#6222 = CARTESIAN_POINT('',(-9.824884637124,-9.442107777447));
#6223 = CARTESIAN_POINT('',(-9.818363627256,-9.422097047209));
#6224 = CARTESIAN_POINT('',(-9.812103802171,-9.402086014027));
#6225 = CARTESIAN_POINT('',(-9.806105294519,-9.382069338719));
#6226 = CARTESIAN_POINT('',(-9.782010018876,-9.297935019186));
#6227 = CARTESIAN_POINT('',(-9.766333419347,-9.23370407344));
#6228 = CARTESIAN_POINT('',(-9.753341379157,-9.169154786916));
#6229 = CARTESIAN_POINT('',(-9.743041056205,-9.104079262837));
#6230 = CARTESIAN_POINT('',(-9.735435442588,-9.038288416989));
#6231 = CARTESIAN_POINT('',(-9.730513872781,-8.971633863434));
#6232 = CARTESIAN_POINT('',(-9.728242120215,-8.90401600845));
#6233 = CARTESIAN_POINT('',(-9.729014604247,-8.733023265626));
#6234 = CARTESIAN_POINT('',(-9.735219548144,-8.628376201182));
#6235 = CARTESIAN_POINT('',(-9.74695484943,-8.521274502786));
#6236 = CARTESIAN_POINT('',(-9.76384857364,-8.411717844645));
#6237 = CARTESIAN_POINT('',(-9.785396286369,-8.299805010231));
#6238 = CARTESIAN_POINT('',(-9.811041841721,-8.185666910132));
#6239 = CARTESIAN_POINT('',(-9.840252348811,-8.069422489184));
#6240 = CARTESIAN_POINT('',(-9.912072929623,-7.806316455805));
#6241 = CARTESIAN_POINT('',(-9.956217937137,-7.658462332648));
#6242 = CARTESIAN_POINT('',(-10.00406015251,-7.507775166709));
#6243 = CARTESIAN_POINT('',(-10.05478670378,-7.354406516017));
#6244 = CARTESIAN_POINT('',(-10.10772373141,-7.198503751136));
#6245 = CARTESIAN_POINT('',(-10.16231616067,-7.0402067766));
#6246 = CARTESIAN_POINT('',(-10.21809751385,-6.879637476024));
#6247 = CARTESIAN_POINT('',(-10.27470896793,-6.716875501003));
#6248 = ( GEOMETRIC_REPRESENTATION_CONTEXT(2) 
PARAMETRIC_REPRESENTATION_CONTEXT() REPRESENTATION_CONTEXT('2D SPACE',''
  ) );
#6249 = ORIENTED_EDGE('',*,*,#6250,.T.);
#6250 = EDGE_CURVE('',#5596,#4012,#6251,.T.);
#6251 = SEAM_CURVE('',#6252,(#6260,#6267),.PCURVE_S1.);
#6252 = ( BOUNDED_CURVE() B_SPLINE_CURVE(6,(#6253,#6254,#6255,#6256,
#6257,#6258,#6259),.UNSPECIFIED.,.T.,.F.) B_SPLINE_CURVE_WITH_KNOTS((1,6
    ,6,1),(-6.28318530718,0.,6.28318530718,12.566370614359),
.UNSPECIFIED.) CURVE() GEOMETRIC_REPRESENTATION_ITEM() 
RATIONAL_B_SPLINE_CURVE((1.669078461068,1.03672962321,1.038346699848,
    0.853534330196,1.038346699848,1.03672962321,1.669078461068)) 
REPRESENTATION_ITEM('') );
#6253 = CARTESIAN_POINT('',(-9.,-6.5,2.35));
#6254 = CARTESIAN_POINT('',(-8.543559216528,-6.139652013048,2.35));
#6255 = CARTESIAN_POINT('',(-8.478022088235,-6.087912174922,
    1.630908133308));
#6256 = CARTESIAN_POINT('',(-9.,-6.5,1.037809077647));
#6257 = CARTESIAN_POINT('',(-9.521977911765,-6.912087825078,
    1.630908133308));
#6258 = CARTESIAN_POINT('',(-9.456440783472,-6.860347986952,2.35));
#6259 = CARTESIAN_POINT('',(-9.,-6.5,2.35));
#6260 = PCURVE('',#4106,#6261);
#6261 = DEFINITIONAL_REPRESENTATION('',(#6262),#6266);
#6262 = LINE('',#6263,#6264);
#6263 = CARTESIAN_POINT('',(0.,0.));
#6264 = VECTOR('',#6265,1.);
#6265 = DIRECTION('',(1.,0.));
#6266 = ( GEOMETRIC_REPRESENTATION_CONTEXT(2) 
PARAMETRIC_REPRESENTATION_CONTEXT() REPRESENTATION_CONTEXT('2D SPACE',''
  ) );
#6267 = PCURVE('',#4106,#6268);
#6268 = DEFINITIONAL_REPRESENTATION('',(#6269),#6272);
#6269 = B_SPLINE_CURVE_WITH_KNOTS('',1,(#6270,#6271),.UNSPECIFIED.,.F.,
  .F.,(2,2),(0.,6.28318530718),.PIECEWISE_BEZIER_KNOTS.);
#6270 = CARTESIAN_POINT('',(0.,25.679356367485));
#6271 = CARTESIAN_POINT('',(6.28318530718,25.679356367485));
#6272 = ( GEOMETRIC_REPRESENTATION_CONTEXT(2) 
PARAMETRIC_REPRESENTATION_CONTEXT() REPRESENTATION_CONTEXT('2D SPACE',''
  ) );
#6273 = ORIENTED_EDGE('',*,*,#4037,.T.);
#6274 = ORIENTED_EDGE('',*,*,#6250,.F.);
#6275 = ADVANCED_FACE('',(#6276),#4814,.T.);
#6276 = FACE_BOUND('',#6277,.T.);
#6277 = EDGE_LOOP('',(#6278,#6828,#6852,#6853));
#6278 = ORIENTED_EDGE('',*,*,#6279,.F.);
#6279 = EDGE_CURVE('',#6280,#6280,#6282,.T.);
#6280 = VERTEX_POINT('',#6281);
#6281 = CARTESIAN_POINT('',(-8.845023600612,10.441189158987,2.));
#6282 = SURFACE_CURVE('',#6283,(#6461,#6642),.PCURVE_S1.);
#6283 = B_SPLINE_CURVE_WITH_KNOTS('',8,(#6284,#6285,#6286,#6287,#6288,
    #6289,#6290,#6291,#6292,#6293,#6294,#6295,#6296,#6297,#6298,#6299,
    #6300,#6301,#6302,#6303,#6304,#6305,#6306,#6307,#6308,#6309,#6310,
    #6311,#6312,#6313,#6314,#6315,#6316,#6317,#6318,#6319,#6320,#6321,
    #6322,#6323,#6324,#6325,#6326,#6327,#6328,#6329,#6330,#6331,#6332,
    #6333,#6334,#6335,#6336,#6337,#6338,#6339,#6340,#6341,#6342,#6343,
    #6344,#6345,#6346,#6347,#6348,#6349,#6350,#6351,#6352,#6353,#6354,
    #6355,#6356,#6357,#6358,#6359,#6360,#6361,#6362,#6363,#6364,#6365,
    #6366,#6367,#6368,#6369,#6370,#6371,#6372,#6373,#6374,#6375,#6376,
    #6377,#6378,#6379,#6380,#6381,#6382,#6383,#6384,#6385,#6386,#6387,
    #6388,#6389,#6390,#6391,#6392,#6393,#6394,#6395,#6396,#6397,#6398,
    #6399,#6400,#6401,#6402,#6403,#6404,#6405,#6406,#6407,#6408,#6409,
    #6410,#6411,#6412,#6413,#6414,#6415,#6416,#6417,#6418,#6419,#6420,
    #6421,#6422,#6423,#6424,#6425,#6426,#6427,#6428,#6429,#6430,#6431,
    #6432,#6433,#6434,#6435,#6436,#6437,#6438,#6439,#6440,#6441,#6442,
    #6443,#6444,#6445,#6446,#6447,#6448,#6449,#6450,#6451,#6452,#6453,
    #6454,#6455,#6456,#6457,#6458,#6459,#6460),.UNSPECIFIED.,.T.,.F.,(9,
    7,7,7,7,7,7,7,7,7,7,7,7,7,7,7,7,7,7,7,7,7,7,7,7,9),(0.,
    5.4185093494E-02,0.155861518727,0.175321455545,0.235990541353,
    0.267775587482,0.283581910021,0.300388249132,0.325276042055,
    0.40369792037,0.433200072902,0.492997920928,0.500978160975,
    0.514914276877,0.558682715404,0.616168253485,0.696272019843,
    0.741541068727,0.754202368656,0.792539067964,0.830771704822,
    0.850263127446,0.860586300959,0.870909474471,0.952288926108,1.),
  .UNSPECIFIED.);
#6284 = CARTESIAN_POINT('',(-8.845023600612,10.441189158987,2.));
#6285 = CARTESIAN_POINT('',(-8.898344645374,10.661331055315,2.));
#6286 = CARTESIAN_POINT('',(-8.963962758666,10.878733511685,2.));
#6287 = CARTESIAN_POINT('',(-9.041349414927,11.092994456839,2.));
#6288 = CARTESIAN_POINT('',(-9.129923676437,11.303746428312,2.));
#6289 = CARTESIAN_POINT('',(-9.229078210439,11.51065954992,2.));
#6290 = CARTESIAN_POINT('',(-9.338200973436,11.713442748616,2.));
#6291 = CARTESIAN_POINT('',(-9.456692562682,11.911843210718,2.));
#6292 = CARTESIAN_POINT('',(-9.822828647203,12.469304702826,2.));
#6293 = CARTESIAN_POINT('',(-10.09253847265,12.816606653822,2.));
#6294 = CARTESIAN_POINT('',(-10.38939334528,13.146318800639,2.));
#6295 = CARTESIAN_POINT('',(-10.70989795326,13.457318564163,2.));
#6296 = CARTESIAN_POINT('',(-11.05085716976,13.748601411748,2.));
#6297 = CARTESIAN_POINT('',(-11.40942044949,14.019239346555,2.));
#6298 = CARTESIAN_POINT('',(-11.7830904909,14.26828839051,2.));
#6299 = CARTESIAN_POINT('',(-12.24369093416,14.537968795992,2.));
#6300 = CARTESIAN_POINT('',(-12.31814987237,14.580457008181,2.));
#6301 = CARTESIAN_POINT('',(-12.39303959611,14.622079380595,2.));
#6302 = CARTESIAN_POINT('',(-12.46837990899,14.662841973664,2.));
#6303 = CARTESIAN_POINT('',(-12.54412489142,14.702705120616,2.));
#6304 = CARTESIAN_POINT('',(-12.62028968531,14.741671052287,2.));
#6305 = CARTESIAN_POINT('',(-12.69684650431,14.779712084182,2.));
#6306 = CARTESIAN_POINT('',(-13.01366808952,14.932489133834,2.));
#6307 = CARTESIAN_POINT('',(-13.25727309651,15.039033034343,2.));
#6308 = CARTESIAN_POINT('',(-13.5042465234,15.135933796915,2.));
#6309 = CARTESIAN_POINT('',(-13.7541949116,15.222632989335,2.));
#6310 = CARTESIAN_POINT('',(-14.0066828275,15.298535329515,2.));
#6311 = CARTESIAN_POINT('',(-14.26123053468,15.363019617787,2.));
#6312 = CARTESIAN_POINT('',(-14.51731566221,15.415452246316,2.));
#6313 = CARTESIAN_POINT('',(-14.90905644872,15.47602921484,2.));
#6314 = CARTESIAN_POINT('',(-15.04399898756,15.49337374826,2.));
#6315 = CARTESIAN_POINT('',(-15.17912391608,15.507146437788,2.));
#6316 = CARTESIAN_POINT('',(-15.31434432007,15.51725711348,2.));
#6317 = CARTESIAN_POINT('',(-15.44956929004,15.523617113316,2.));
#6318 = CARTESIAN_POINT('',(-15.58470427044,15.526140512962,2.));
#6319 = CARTESIAN_POINT('',(-15.71965140889,15.524745355539,2.));
#6320 = CARTESIAN_POINT('',(-15.92127395263,15.516674244961,2.));
#6321 = CARTESIAN_POINT('',(-15.98816663877,15.513005661055,2.));
#6322 = CARTESIAN_POINT('',(-16.05497552063,15.508339612679,2.));
#6323 = CARTESIAN_POINT('',(-16.1216880224,15.502666995649,2.));
#6324 = CARTESIAN_POINT('',(-16.18829143566,15.495979118587,2.));
#6325 = CARTESIAN_POINT('',(-16.2547729194,15.48826770292,2.));
#6326 = CARTESIAN_POINT('',(-16.32111949997,15.479524882881,2.));
#6327 = CARTESIAN_POINT('',(-16.45770512728,15.459342660467,2.));
#6328 = CARTESIAN_POINT('',(-16.52792402315,15.447767808294,2.));
#6329 = CARTESIAN_POINT('',(-16.59796214602,15.435009462966,2.));
#6330 = CARTESIAN_POINT('',(-16.66779870676,15.421059950097,2.));
#6331 = CARTESIAN_POINT('',(-16.73742146575,15.405911342453,2.));
#6332 = CARTESIAN_POINT('',(-16.80681631159,15.389556644787,2.));
#6333 = CARTESIAN_POINT('',(-16.87595986396,15.37199065043,2.));
#6334 = CARTESIAN_POINT('',(-17.04686520792,15.32538965239,2.));
#6335 = CARTESIAN_POINT('',(-17.14838057168,15.294899592794,2.));
#6336 = CARTESIAN_POINT('',(-17.24929606344,15.261787636164,2.));
#6337 = CARTESIAN_POINT('',(-17.34951721213,15.226102167915,2.));
#6338 = CARTESIAN_POINT('',(-17.44895037553,15.187889336034,2.));
#6339 = CARTESIAN_POINT('',(-17.54750274031,15.147193051074,2.));
#6340 = CARTESIAN_POINT('',(-17.64508232202,15.104054986157,2.));
#6341 = CARTESIAN_POINT('',(-18.04572005903,14.915016293172,2.));
#6342 = CARTESIAN_POINT('',(-18.33909107602,14.747753707797,2.));
#6343 = CARTESIAN_POINT('',(-18.61910863584,14.557906405949,2.));
#6344 = CARTESIAN_POINT('',(-18.88282349508,14.346501757076,2.));
#6345 = CARTESIAN_POINT('',(-19.12699416132,14.1146424977,2.));
#6346 = CARTESIAN_POINT('',(-19.34809781085,13.863582512904,2.));
#6347 = CARTESIAN_POINT('',(-19.54245061437,13.594750374284,2.));
#6348 = CARTESIAN_POINT('',(-19.7683295206,13.202645551,2.));
#6349 = CARTESIAN_POINT('',(-19.8259421604,13.092990281311,2.));
#6350 = CARTESIAN_POINT('',(-19.87945678593,12.981040453214,2.));
#6351 = CARTESIAN_POINT('',(-19.92889484436,12.867008086317,2.));
#6352 = CARTESIAN_POINT('',(-19.97430773278,12.751074068007,2.));
#6353 = CARTESIAN_POINT('',(-20.01573076324,12.633444219647,2.));
#6354 = CARTESIAN_POINT('',(-20.0532179069,12.514298461122,2.));
#6355 = CARTESIAN_POINT('',(-20.15491956214,12.149623099799,2.));
#6356 = CARTESIAN_POINT('',(-20.20703724728,11.899996512448,2.));
#6357 = CARTESIAN_POINT('',(-20.24361593293,11.646394550974,2.));
#6358 = CARTESIAN_POINT('',(-20.2650841398,11.390225922535,2.));
#6359 = CARTESIAN_POINT('',(-20.27185396192,11.132836978024,2.));
#6360 = CARTESIAN_POINT('',(-20.26430892321,10.875509054715,2.));
#6361 = CARTESIAN_POINT('',(-20.24277886299,10.619470235411,2.));
#6362 = CARTESIAN_POINT('',(-20.202793987,10.332084530944,2.));
#6363 = CARTESIAN_POINT('',(-20.19784279225,10.298302767473,2.));
#6364 = CARTESIAN_POINT('',(-20.1926492455,10.26458005755,2.));
#6365 = CARTESIAN_POINT('',(-20.18721433683,10.230920225056,2.));
#6366 = CARTESIAN_POINT('',(-20.18153906696,10.197327093902,2.));
#6367 = CARTESIAN_POINT('',(-20.17562444724,10.163804488021,2.));
#6368 = CARTESIAN_POINT('',(-20.16947149969,10.130356231378,2.));
#6369 = CARTESIAN_POINT('',(-20.15192149973,10.038707765733,2.));
#6370 = CARTESIAN_POINT('',(-20.14002971705,9.980634676929,2.));
#6371 = CARTESIAN_POINT('',(-20.12740491203,9.922739898473,2.));
#6372 = CARTESIAN_POINT('',(-20.11405730003,9.86505120611,2.));
#6373 = CARTESIAN_POINT('',(-20.09999170946,9.807569807168,2.));
#6374 = CARTESIAN_POINT('',(-20.08521187406,9.750289803982,2.));
#6375 = CARTESIAN_POINT('',(-20.06972693776,9.693229476483,2.));
#6376 = CARTESIAN_POINT('',(-20.00270935092,9.457860487594,2.));
#6377 = CARTESIAN_POINT('',(-19.94497230771,9.281490293389,2.));
#6378 = CARTESIAN_POINT('',(-19.88052929542,9.107420752524,2.));
#6379 = CARTESIAN_POINT('',(-19.8095970549,8.935782882813,2.));
#6380 = CARTESIAN_POINT('',(-19.73240570933,8.766693791888,2.));
#6381 = CARTESIAN_POINT('',(-19.64919433776,8.600257671867,2.));
#6382 = CARTESIAN_POINT('',(-19.56020654865,8.436566794011,2.));
#6383 = CARTESIAN_POINT('',(-19.34154298475,8.06442307957,2.));
#6384 = CARTESIAN_POINT('',(-19.20785756934,7.858023135293,2.));
#6385 = CARTESIAN_POINT('',(-19.06518139639,7.656679601212,2.));
#6386 = CARTESIAN_POINT('',(-18.91406676303,7.460542155374,2.));
#6387 = CARTESIAN_POINT('',(-18.75505790412,7.269735582382,2.));
#6388 = CARTESIAN_POINT('',(-18.58868222216,7.084362132548,2.));
#6389 = CARTESIAN_POINT('',(-18.41544151712,6.904503881049,2.));
#6390 = CARTESIAN_POINT('',(-17.98549319829,6.487383738073,2.));
#6391 = CARTESIAN_POINT('',(-17.72311693551,6.255824915701,2.));
#6392 = CARTESIAN_POINT('',(-17.44952743293,6.036934572676,2.));
#6393 = CARTESIAN_POINT('',(-17.16552708014,5.83230141527,2.));
#6394 = CARTESIAN_POINT('',(-16.87195298884,5.643739617624,2.));
#6395 = CARTESIAN_POINT('',(-16.5697326464,5.473286216707,2.));
#6396 = CARTESIAN_POINT('',(-16.25990988546,5.323173187928,2.));
#6397 = CARTESIAN_POINT('',(-15.76490818287,5.123777400363,2.));
#6398 = CARTESIAN_POINT('',(-15.5841517485,5.059049441448,2.));
#6399 = CARTESIAN_POINT('',(-15.4016012732,5.002022685388,2.));
#6400 = CARTESIAN_POINT('',(-15.21751909452,4.953147624406,2.));
#6401 = CARTESIAN_POINT('',(-15.03220075002,4.91288307792,2.));
#6402 = CARTESIAN_POINT('',(-14.84597219756,4.881682771091,2.));
#6403 = CARTESIAN_POINT('',(-14.65918398653,4.859978296214,2.));
#6404 = CARTESIAN_POINT('',(-14.41991353092,4.844853342982,2.));
#6405 = CARTESIAN_POINT('',(-14.36759108686,4.842320444074,2.));
#6406 = CARTESIAN_POINT('',(-14.31519709685,4.840548376481,2.));
#6407 = CARTESIAN_POINT('',(-14.26280290001,4.839542838619,2.));
#6408 = CARTESIAN_POINT('',(-14.2103518943,4.839288974204,2.));
#6409 = CARTESIAN_POINT('',(-14.15790272276,4.839790000991,2.));
#6410 = CARTESIAN_POINT('',(-14.10543479352,4.841036358686,2.));
#6411 = CARTESIAN_POINT('',(-13.89410317129,4.849044961069,2.));
#6412 = CARTESIAN_POINT('',(-13.73522357742,4.861864375789,2.));
#6413 = CARTESIAN_POINT('',(-13.57655571014,4.881338569035,2.));
#6414 = CARTESIAN_POINT('',(-13.41831907654,4.907308332635,2.));
#6415 = CARTESIAN_POINT('',(-13.26072488521,4.939603367623,2.));
#6416 = CARTESIAN_POINT('',(-13.10397485867,4.978046012715,2.));
#6417 = CARTESIAN_POINT('',(-12.94826004603,5.02245497278,2.));
#6418 = CARTESIAN_POINT('',(-12.639678746,5.12270677394,2.));
#6419 = CARTESIAN_POINT('',(-12.48680733486,5.178517525077,2.));
#6420 = CARTESIAN_POINT('',(-12.3353227024,5.239901076256,2.));
#6421 = CARTESIAN_POINT('',(-12.18539303198,5.306676177649,2.));
#6422 = CARTESIAN_POINT('',(-12.03717737091,5.378662387749,2.));
#6423 = CARTESIAN_POINT('',(-11.89082561152,5.455681907039,2.));
#6424 = CARTESIAN_POINT('',(-11.74647847215,5.537561411677,2.));
#6425 = CARTESIAN_POINT('',(-11.53176676389,5.668269459432,2.));
#6426 = CARTESIAN_POINT('',(-11.45982164336,5.713624599515,2.));
#6427 = CARTESIAN_POINT('',(-11.38844972145,5.760176966561,2.));
#6428 = CARTESIAN_POINT('',(-11.31766818473,5.807904591147,2.));
#6429 = CARTESIAN_POINT('',(-11.24749380141,5.856785875278,2.));
#6430 = CARTESIAN_POINT('',(-11.1779429214,5.906799592389,2.));
#6431 = CARTESIAN_POINT('',(-11.1090314763,5.957924887345,2.));
#6432 = CARTESIAN_POINT('',(-11.00462453165,6.037796471353,2.));
#6433 = CARTESIAN_POINT('',(-10.96862450997,6.065783209421,2.));
#6434 = CARTESIAN_POINT('',(-10.93277803094,6.094099278262,2.));
#6435 = CARTESIAN_POINT('',(-10.89708820449,6.122742460733,2.));
#6436 = CARTESIAN_POINT('',(-10.86155813384,6.151710534935,2.));
#6437 = CARTESIAN_POINT('',(-10.82619091549,6.181001274213,2.));
#6438 = CARTESIAN_POINT('',(-10.79098963926,6.210612447151,2.));
#6439 = CARTESIAN_POINT('',(-10.72092561476,6.270470923651,2.));
#6440 = CARTESIAN_POINT('',(-10.68606021656,6.300719941324,2.));
#6441 = CARTESIAN_POINT('',(-10.65136952548,6.331283057052,2.));
#6442 = CARTESIAN_POINT('',(-10.61686167936,6.362154532783,2.));
#6443 = CARTESIAN_POINT('',(-10.58254462199,6.393328705958,2.));
#6444 = CARTESIAN_POINT('',(-10.54842610314,6.424799989506,2.));
#6445 = CARTESIAN_POINT('',(-10.51451367856,6.456562871849,2.));
#6446 = CARTESIAN_POINT('',(-10.21516049092,6.741259157349,2.));
#6447 = CARTESIAN_POINT('',(-9.964045781495,7.010483234608,2.));
#6448 = CARTESIAN_POINT('',(-9.729448775645,7.294674685782,2.));
#6449 = CARTESIAN_POINT('',(-9.513962543716,7.592384716632,2.));
#6450 = CARTESIAN_POINT('',(-9.320850935228,7.902129512277,2.));
#6451 = CARTESIAN_POINT('',(-9.154026906268,8.222026934908,2.));
#6452 = CARTESIAN_POINT('',(-9.017969782429,8.549600905611,2.));
#6453 = CARTESIAN_POINT('',(-8.858752002146,9.07701930014,2.));
#6454 = CARTESIAN_POINT('',(-8.812209590778,9.273512516238,2.));
#6455 = CARTESIAN_POINT('',(-8.778968946887,9.470889807931,2.));
#6456 = CARTESIAN_POINT('',(-8.760055469471,9.668358362362,2.));
#6457 = CARTESIAN_POINT('',(-8.756459845477,9.865020801384,2.));
#6458 = CARTESIAN_POINT('',(-8.769036723439,10.059954814228,2.));
#6459 = CARTESIAN_POINT('',(-8.798421605048,10.252287502758,2.));
#6460 = CARTESIAN_POINT('',(-8.845023600612,10.441189158987,2.));
#6461 = PCURVE('',#4814,#6462);
#6462 = DEFINITIONAL_REPRESENTATION('',(#6463),#6641);
#6463 = B_SPLINE_CURVE_WITH_KNOTS('',8,(#6464,#6465,#6466,#6467,#6468,
    #6469,#6470,#6471,#6472,#6473,#6474,#6475,#6476,#6477,#6478,#6479,
    #6480,#6481,#6482,#6483,#6484,#6485,#6486,#6487,#6488,#6489,#6490,
    #6491,#6492,#6493,#6494,#6495,#6496,#6497,#6498,#6499,#6500,#6501,
    #6502,#6503,#6504,#6505,#6506,#6507,#6508,#6509,#6510,#6511,#6512,
    #6513,#6514,#6515,#6516,#6517,#6518,#6519,#6520,#6521,#6522,#6523,
    #6524,#6525,#6526,#6527,#6528,#6529,#6530,#6531,#6532,#6533,#6534,
    #6535,#6536,#6537,#6538,#6539,#6540,#6541,#6542,#6543,#6544,#6545,
    #6546,#6547,#6548,#6549,#6550,#6551,#6552,#6553,#6554,#6555,#6556,
    #6557,#6558,#6559,#6560,#6561,#6562,#6563,#6564,#6565,#6566,#6567,
    #6568,#6569,#6570,#6571,#6572,#6573,#6574,#6575,#6576,#6577,#6578,
    #6579,#6580,#6581,#6582,#6583,#6584,#6585,#6586,#6587,#6588,#6589,
    #6590,#6591,#6592,#6593,#6594,#6595,#6596,#6597,#6598,#6599,#6600,
    #6601,#6602,#6603,#6604,#6605,#6606,#6607,#6608,#6609,#6610,#6611,
    #6612,#6613,#6614,#6615,#6616,#6617,#6618,#6619,#6620,#6621,#6622,
    #6623,#6624,#6625,#6626,#6627,#6628,#6629,#6630,#6631,#6632,#6633,
    #6634,#6635,#6636,#6637,#6638,#6639,#6640),.UNSPECIFIED.,.F.,.F.,(9,
    7,7,7,7,7,7,7,7,7,7,7,7,7,7,7,7,7,7,7,7,7,7,7,7,9),(0.,
    5.4185093494E-02,0.155861518727,0.175321455545,0.235990541353,
    0.267775587482,0.283581910021,0.300388249132,0.325276042055,
    0.40369792037,0.433200072902,0.492997920928,0.500978160975,
    0.514914276877,0.558682715404,0.616168253485,0.696272019843,
    0.741541068727,0.754202368656,0.792539067964,0.830771704822,
    0.850263127446,0.860586300959,0.870909474471,0.952288926108,1.),
  .UNSPECIFIED.);
#6464 = CARTESIAN_POINT('',(4.711671071431,0.));
#6465 = CARTESIAN_POINT('',(4.711671071431,0.246716707974));
#6466 = CARTESIAN_POINT('',(4.711671071431,0.493216331965));
#6467 = CARTESIAN_POINT('',(4.711671071431,0.739223107525));
#6468 = CARTESIAN_POINT('',(4.711671071431,0.984536876637));
#6469 = CARTESIAN_POINT('',(4.711671071431,1.229020916592));
#6470 = CARTESIAN_POINT('',(4.711671071431,1.472592830494));
#6471 = CARTESIAN_POINT('',(4.711671071431,1.715218499415));
#6472 = CARTESIAN_POINT('',(4.711671071431,2.410433014));
#6473 = CARTESIAN_POINT('',(4.711671071431,2.860462071733));
#6474 = CARTESIAN_POINT('',(4.711671071431,3.307295794467));
#6475 = CARTESIAN_POINT('',(4.711671071431,3.751418015535));
#6476 = CARTESIAN_POINT('',(4.711671071431,4.193431328094));
#6477 = CARTESIAN_POINT('',(4.711671071431,4.634051429845));
#6478 = CARTESIAN_POINT('',(4.711671071431,5.074161360877));
#6479 = CARTESIAN_POINT('',(4.711671071431,5.599283880908));
#6480 = CARTESIAN_POINT('',(4.711671071431,5.683664025281));
#6481 = CARTESIAN_POINT('',(4.711671071431,5.768098297118));
#6482 = CARTESIAN_POINT('',(4.711671071431,5.852553271734));
#6483 = CARTESIAN_POINT('',(4.711671071431,5.937075938501));
#6484 = CARTESIAN_POINT('',(4.711671071431,6.021637924685));
#6485 = CARTESIAN_POINT('',(4.711671071431,6.106263233158));
#6486 = CARTESIAN_POINT('',(4.711671071431,6.45496785221));
#6487 = CARTESIAN_POINT('',(4.711671071431,6.719575939474));
#6488 = CARTESIAN_POINT('',(4.711671071431,6.984929211744));
#6489 = CARTESIAN_POINT('',(4.711671071431,7.251146070685));
#6490 = CARTESIAN_POINT('',(4.711671071431,7.518310510199));
#6491 = CARTESIAN_POINT('',(4.711671071431,7.786471013226));
#6492 = CARTESIAN_POINT('',(4.711671071431,8.055634981751));
#6493 = CARTESIAN_POINT('',(4.711671071431,8.467278796017));
#6494 = CARTESIAN_POINT('',(4.711671071431,8.609058722499));
#6495 = CARTESIAN_POINT('',(4.711671071431,8.751089924308));
#6496 = CARTESIAN_POINT('',(4.711671071431,8.893358570546));
#6497 = CARTESIAN_POINT('',(4.711671071431,9.035845155678));
#6498 = CARTESIAN_POINT('',(4.711671071431,9.178524100618));
#6499 = CARTESIAN_POINT('',(4.711671071431,9.321363353818));
#6500 = CARTESIAN_POINT('',(4.711671071431,9.535416604706));
#6501 = CARTESIAN_POINT('',(4.711671071431,9.606539210252));
#6502 = CARTESIAN_POINT('',(4.711671071431,9.677687017985));
#6503 = CARTESIAN_POINT('',(4.711671071431,9.748854811676));
#6504 = CARTESIAN_POINT('',(4.711671071431,9.820036949868));
#6505 = CARTESIAN_POINT('',(4.711671071431,9.89122736588));
#6506 = CARTESIAN_POINT('',(4.711671071431,9.962419567805));
#6507 = CARTESIAN_POINT('',(4.711671071431,10.10929749245));
#6508 = CARTESIAN_POINT('',(4.711671071431,10.184983429159));
#6509 = CARTESIAN_POINT('',(4.711671071431,10.260653143949));
#6510 = CARTESIAN_POINT('',(4.711671071431,10.336302467247));
#6511 = CARTESIAN_POINT('',(4.711671071431,10.411918633561));
#6512 = CARTESIAN_POINT('',(4.711671071431,10.487490098916));
#6513 = CARTESIAN_POINT('',(4.711671071431,10.563013512725));
#6514 = CARTESIAN_POINT('',(4.711671071431,10.75020893898));
#6515 = CARTESIAN_POINT('',(4.711671071431,10.861742341594));
#6516 = CARTESIAN_POINT('',(4.711671071431,10.973093699009));
#6517 = CARTESIAN_POINT('',(4.711671071431,11.08428722859));
#6518 = CARTESIAN_POINT('',(4.711671071431,11.195347323954));
#6519 = CARTESIAN_POINT('',(4.711671071431,11.306298554968));
#6520 = CARTESIAN_POINT('',(4.711671071431,11.417165667751));
#6521 = CARTESIAN_POINT('',(4.711671071431,11.877131302439));
#6522 = CARTESIAN_POINT('',(4.711671071431,12.225494780733));
#6523 = CARTESIAN_POINT('',(4.711671071431,12.574127301583));
#6524 = CARTESIAN_POINT('',(4.711671071431,12.923761906525));
#6525 = CARTESIAN_POINT('',(4.711671071431,13.274898987841));
#6526 = CARTESIAN_POINT('',(4.711671071431,13.627841095581));
#6527 = CARTESIAN_POINT('',(4.711671071431,13.98262445012));
#6528 = CARTESIAN_POINT('',(4.711671071431,14.472801675666));
#6529 = CARTESIAN_POINT('',(4.711671071431,14.60671280212));
#6530 = CARTESIAN_POINT('',(4.711671071431,14.740474999616));
#6531 = CARTESIAN_POINT('',(4.711671071431,14.874064718883));
#6532 = CARTESIAN_POINT('',(4.711671071431,15.007437038199));
#6533 = CARTESIAN_POINT('',(4.711671071431,15.140591052398));
#6534 = CARTESIAN_POINT('',(4.711671071431,15.273513152644));
#6535 = CARTESIAN_POINT('',(4.711671071431,15.675177825998));
#6536 = CARTESIAN_POINT('',(4.711671071431,15.943169956749));
#6537 = CARTESIAN_POINT('',(4.711671071431,16.21028782817));
#6538 = CARTESIAN_POINT('',(4.711671071431,16.476706755525));
#6539 = CARTESIAN_POINT('',(4.711671071431,16.742661180312));
#6540 = CARTESIAN_POINT('',(4.711671071431,17.008442464331));
#6541 = CARTESIAN_POINT('',(4.711671071431,17.274410842537));
#6542 = CARTESIAN_POINT('',(4.711671071431,17.576601700088));
#6543 = CARTESIAN_POINT('',(4.711671071431,17.612181865471));
#6544 = CARTESIAN_POINT('',(4.711671071431,17.647762030855));
#6545 = CARTESIAN_POINT('',(4.711671071431,17.683342196239));
#6546 = CARTESIAN_POINT('',(4.711671071431,17.718922361625));
#6547 = CARTESIAN_POINT('',(4.711671071431,17.754502527011));
#6548 = CARTESIAN_POINT('',(4.711671071431,17.790082692396));
#6549 = CARTESIAN_POINT('',(4.711671071431,17.887797493542));
#6550 = CARTESIAN_POINT('',(4.711671071431,17.949993165414));
#6551 = CARTESIAN_POINT('',(4.711671071431,18.012213612118));
#6552 = CARTESIAN_POINT('',(4.711671071431,18.074475983919));
#6553 = CARTESIAN_POINT('',(4.711671071431,18.136771885054));
#6554 = CARTESIAN_POINT('',(4.711671071431,18.199086323237));
#6555 = CARTESIAN_POINT('',(4.711671071431,18.261428099698));
#6556 = CARTESIAN_POINT('',(4.711671071431,18.519626809099));
#6557 = CARTESIAN_POINT('',(4.711671071431,18.715642265197));
#6558 = CARTESIAN_POINT('',(4.711671071431,18.911701078111));
#6559 = CARTESIAN_POINT('',(4.711671071431,19.107691030196));
#6560 = CARTESIAN_POINT('',(4.711671071431,19.303517363319));
#6561 = CARTESIAN_POINT('',(4.711671071431,19.49910199266));
#6562 = CARTESIAN_POINT('',(4.711671071431,19.694382720515));
#6563 = CARTESIAN_POINT('',(4.711671071431,20.145333472785));
#6564 = CARTESIAN_POINT('',(4.711671071431,20.400744427752));
#6565 = CARTESIAN_POINT('',(4.711671071431,20.655446851339));
#6566 = CARTESIAN_POINT('',(4.711671071431,20.909380752008));
#6567 = CARTESIAN_POINT('',(4.711671071431,21.162521111379));
#6568 = CARTESIAN_POINT('',(4.711671071431,21.414874385268));
#6569 = CARTESIAN_POINT('',(4.711671071431,21.666475004717));
#6570 = CARTESIAN_POINT('',(4.711671071431,22.267010429678));
#6571 = CARTESIAN_POINT('',(4.711671071431,22.61563668512));
#6572 = CARTESIAN_POINT('',(4.711671071431,22.964206408912));
#6573 = CARTESIAN_POINT('',(4.711671071431,23.313456731462));
#6574 = CARTESIAN_POINT('',(4.711671071431,23.663997892678));
#6575 = CARTESIAN_POINT('',(4.711671071431,24.016356874295));
#6576 = CARTESIAN_POINT('',(4.711671071431,24.370982919868));
#6577 = CARTESIAN_POINT('',(4.711671071431,24.930097508349));
#6578 = CARTESIAN_POINT('',(4.711671071431,25.13277241265));
#6579 = CARTESIAN_POINT('',(4.711671071431,25.336278314258));
#6580 = CARTESIAN_POINT('',(4.711671071431,25.540617833171));
#6581 = CARTESIAN_POINT('',(4.711671071431,25.745755697127));
#6582 = CARTESIAN_POINT('',(4.711671071431,25.951613431745));
#6583 = CARTESIAN_POINT('',(4.711671071431,26.158060594161));
#6584 = CARTESIAN_POINT('',(4.711671071431,26.422754175177));
#6585 = CARTESIAN_POINT('',(4.711671071431,26.480619522428));
#6586 = CARTESIAN_POINT('',(4.711671071431,26.538451739706));
#6587 = CARTESIAN_POINT('',(4.711671071431,26.596303720987));
#6588 = CARTESIAN_POINT('',(4.711671071431,26.654112183886));
#6589 = CARTESIAN_POINT('',(4.711671071431,26.711918987559));
#6590 = CARTESIAN_POINT('',(4.711671071431,26.769694155308));
#6591 = CARTESIAN_POINT('',(4.711671071431,27.002305518869));
#6592 = CARTESIAN_POINT('',(4.711671071431,27.176918614914));
#6593 = CARTESIAN_POINT('',(4.711671071431,27.351185665831));
#6594 = CARTESIAN_POINT('',(4.711671071431,27.525026584186));
#6595 = CARTESIAN_POINT('',(4.711671071431,27.698377834361));
#6596 = CARTESIAN_POINT('',(4.711671071431,27.871190749375));
#6597 = CARTESIAN_POINT('',(4.711671071431,28.043429847713));
#6598 = CARTESIAN_POINT('',(4.711671071431,28.386246543532));
#6599 = CARTESIAN_POINT('',(4.711671071431,28.556825643312));
#6600 = CARTESIAN_POINT('',(4.711671071431,28.726786390856));
#6601 = CARTESIAN_POINT('',(4.711671071431,28.896115549297));
#6602 = CARTESIAN_POINT('',(4.711671071431,29.064807937783));
#6603 = CARTESIAN_POINT('',(4.711671071431,29.232865665743));
#6604 = CARTESIAN_POINT('',(4.711671071431,29.400297367145));
#6605 = CARTESIAN_POINT('',(4.711671071431,29.652164156806));
#6606 = CARTESIAN_POINT('',(4.711671071431,29.737051503893));
#6607 = CARTESIAN_POINT('',(4.711671071431,29.821781242228));
#6608 = CARTESIAN_POINT('',(4.711671071431,29.906355323122));
#6609 = CARTESIAN_POINT('',(4.711671071431,29.990775882987));
#6610 = CARTESIAN_POINT('',(4.711671071431,30.075045243338));
#6611 = CARTESIAN_POINT('',(4.711671071431,30.159165910793));
#6612 = CARTESIAN_POINT('',(4.711671071431,30.287615783804));
#6613 = CARTESIAN_POINT('',(4.711671071431,30.332090990534));
#6614 = CARTESIAN_POINT('',(4.711671071431,30.376566197264));
#6615 = CARTESIAN_POINT('',(4.711671071431,30.421041403994));
#6616 = CARTESIAN_POINT('',(4.711671071431,30.465516610725));
#6617 = CARTESIAN_POINT('',(4.711671071431,30.509991817458));
#6618 = CARTESIAN_POINT('',(4.711671071431,30.55446702419));
#6619 = CARTESIAN_POINT('',(4.711671071431,30.643417437646));
#6620 = CARTESIAN_POINT('',(4.711671071431,30.687892644377));
#6621 = CARTESIAN_POINT('',(4.711671071431,30.732367851111));
#6622 = CARTESIAN_POINT('',(4.711671071431,30.776843057845));
#6623 = CARTESIAN_POINT('',(4.711671071431,30.821318264577));
#6624 = CARTESIAN_POINT('',(4.711671071431,30.865793471308));
#6625 = CARTESIAN_POINT('',(4.711671071431,30.910268678037));
#6626 = CARTESIAN_POINT('',(4.711671071431,31.305350016762));
#6627 = CARTESIAN_POINT('',(4.711671071431,31.654301224452));
#6628 = CARTESIAN_POINT('',(4.711671071431,32.003656818947));
#6629 = CARTESIAN_POINT('',(4.711671071431,32.354921458394));
#6630 = CARTESIAN_POINT('',(4.711671071431,32.709240971694));
#6631 = CARTESIAN_POINT('',(4.711671071431,33.067690062834));
#6632 = CARTESIAN_POINT('',(4.711671071431,33.431385340244));
#6633 = CARTESIAN_POINT('',(4.711671071431,34.017946589309));
#6634 = CARTESIAN_POINT('',(4.711671071431,34.236683057356));
#6635 = CARTESIAN_POINT('',(4.711671071431,34.457402173018));
#6636 = CARTESIAN_POINT('',(4.711671071431,34.679996816997));
#6637 = CARTESIAN_POINT('',(4.711671071431,34.904206142079));
#6638 = CARTESIAN_POINT('',(4.711671071431,35.129542072561));
#6639 = CARTESIAN_POINT('',(4.711671071431,35.355220620986));
#6640 = CARTESIAN_POINT('',(4.711671071431,35.58016538479));
#6641 = ( GEOMETRIC_REPRESENTATION_CONTEXT(2) 
PARAMETRIC_REPRESENTATION_CONTEXT() REPRESENTATION_CONTEXT('2D SPACE',''
  ) );
#6642 = PCURVE('',#6643,#6648);
#6643 = PLANE('',#6644);
#6644 = AXIS2_PLACEMENT_3D('',#6645,#6646,#6647);
#6645 = CARTESIAN_POINT('',(1.,8.893987308214E-17,2.));
#6646 = DIRECTION('',(0.,0.,1.));
#6647 = DIRECTION('',(1.,0.,-0.));
#6648 = DEFINITIONAL_REPRESENTATION('',(#6649),#6827);
#6649 = B_SPLINE_CURVE_WITH_KNOTS('',8,(#6650,#6651,#6652,#6653,#6654,
    #6655,#6656,#6657,#6658,#6659,#6660,#6661,#6662,#6663,#6664,#6665,
    #6666,#6667,#6668,#6669,#6670,#6671,#6672,#6673,#6674,#6675,#6676,
    #6677,#6678,#6679,#6680,#6681,#6682,#6683,#6684,#6685,#6686,#6687,
    #6688,#6689,#6690,#6691,#6692,#6693,#6694,#6695,#6696,#6697,#6698,
    #6699,#6700,#6701,#6702,#6703,#6704,#6705,#6706,#6707,#6708,#6709,
    #6710,#6711,#6712,#6713,#6714,#6715,#6716,#6717,#6718,#6719,#6720,
    #6721,#6722,#6723,#6724,#6725,#6726,#6727,#6728,#6729,#6730,#6731,
    #6732,#6733,#6734,#6735,#6736,#6737,#6738,#6739,#6740,#6741,#6742,
    #6743,#6744,#6745,#6746,#6747,#6748,#6749,#6750,#6751,#6752,#6753,
    #6754,#6755,#6756,#6757,#6758,#6759,#6760,#6761,#6762,#6763,#6764,
    #6765,#6766,#6767,#6768,#6769,#6770,#6771,#6772,#6773,#6774,#6775,
    #6776,#6777,#6778,#6779,#6780,#6781,#6782,#6783,#6784,#6785,#6786,
    #6787,#6788,#6789,#6790,#6791,#6792,#6793,#6794,#6795,#6796,#6797,
    #6798,#6799,#6800,#6801,#6802,#6803,#6804,#6805,#6806,#6807,#6808,
    #6809,#6810,#6811,#6812,#6813,#6814,#6815,#6816,#6817,#6818,#6819,
    #6820,#6821,#6822,#6823,#6824,#6825,#6826),.UNSPECIFIED.,.F.,.F.,(9,
    7,7,7,7,7,7,7,7,7,7,7,7,7,7,7,7,7,7,7,7,7,7,7,7,9),(0.,
    5.4185093494E-02,0.155861518727,0.175321455545,0.235990541353,
    0.267775587482,0.283581910021,0.300388249132,0.325276042055,
    0.40369792037,0.433200072902,0.492997920928,0.500978160975,
    0.514914276877,0.558682715404,0.616168253485,0.696272019843,
    0.741541068727,0.754202368656,0.792539067964,0.830771704822,
    0.850263127446,0.860586300959,0.870909474471,0.952288926108,1.),
  .UNSPECIFIED.);
#6650 = CARTESIAN_POINT('',(-9.845023600612,10.441189158987));
#6651 = CARTESIAN_POINT('',(-9.898344645374,10.661331055315));
#6652 = CARTESIAN_POINT('',(-9.963962758666,10.878733511685));
#6653 = CARTESIAN_POINT('',(-10.04134941492,11.092994456839));
#6654 = CARTESIAN_POINT('',(-10.12992367643,11.303746428312));
#6655 = CARTESIAN_POINT('',(-10.22907821043,11.51065954992));
#6656 = CARTESIAN_POINT('',(-10.33820097343,11.713442748616));
#6657 = CARTESIAN_POINT('',(-10.45669256268,11.911843210718));
#6658 = CARTESIAN_POINT('',(-10.8228286472,12.469304702826));
#6659 = CARTESIAN_POINT('',(-11.09253847265,12.816606653822));
#6660 = CARTESIAN_POINT('',(-11.38939334528,13.146318800639));
#6661 = CARTESIAN_POINT('',(-11.70989795326,13.457318564163));
#6662 = CARTESIAN_POINT('',(-12.05085716976,13.748601411748));
#6663 = CARTESIAN_POINT('',(-12.40942044949,14.019239346555));
#6664 = CARTESIAN_POINT('',(-12.7830904909,14.26828839051));
#6665 = CARTESIAN_POINT('',(-13.24369093416,14.537968795992));
#6666 = CARTESIAN_POINT('',(-13.31814987237,14.580457008181));
#6667 = CARTESIAN_POINT('',(-13.39303959611,14.622079380595));
#6668 = CARTESIAN_POINT('',(-13.46837990899,14.662841973664));
#6669 = CARTESIAN_POINT('',(-13.54412489142,14.702705120616));
#6670 = CARTESIAN_POINT('',(-13.62028968531,14.741671052287));
#6671 = CARTESIAN_POINT('',(-13.69684650431,14.779712084182));
#6672 = CARTESIAN_POINT('',(-14.01366808952,14.932489133834));
#6673 = CARTESIAN_POINT('',(-14.25727309651,15.039033034343));
#6674 = CARTESIAN_POINT('',(-14.5042465234,15.135933796915));
#6675 = CARTESIAN_POINT('',(-14.7541949116,15.222632989335));
#6676 = CARTESIAN_POINT('',(-15.0066828275,15.298535329515));
#6677 = CARTESIAN_POINT('',(-15.26123053468,15.363019617787));
#6678 = CARTESIAN_POINT('',(-15.51731566221,15.415452246316));
#6679 = CARTESIAN_POINT('',(-15.90905644872,15.47602921484));
#6680 = CARTESIAN_POINT('',(-16.04399898756,15.49337374826));
#6681 = CARTESIAN_POINT('',(-16.17912391608,15.507146437788));
#6682 = CARTESIAN_POINT('',(-16.31434432007,15.51725711348));
#6683 = CARTESIAN_POINT('',(-16.44956929004,15.523617113316));
#6684 = CARTESIAN_POINT('',(-16.58470427044,15.526140512962));
#6685 = CARTESIAN_POINT('',(-16.71965140889,15.524745355539));
#6686 = CARTESIAN_POINT('',(-16.92127395263,15.516674244961));
#6687 = CARTESIAN_POINT('',(-16.98816663877,15.513005661055));
#6688 = CARTESIAN_POINT('',(-17.05497552063,15.508339612679));
#6689 = CARTESIAN_POINT('',(-17.1216880224,15.502666995649));
#6690 = CARTESIAN_POINT('',(-17.18829143566,15.495979118587));
#6691 = CARTESIAN_POINT('',(-17.2547729194,15.48826770292));
#6692 = CARTESIAN_POINT('',(-17.32111949997,15.479524882881));
#6693 = CARTESIAN_POINT('',(-17.45770512728,15.459342660467));
#6694 = CARTESIAN_POINT('',(-17.52792402315,15.447767808294));
#6695 = CARTESIAN_POINT('',(-17.59796214602,15.435009462966));
#6696 = CARTESIAN_POINT('',(-17.66779870676,15.421059950097));
#6697 = CARTESIAN_POINT('',(-17.73742146575,15.405911342453));
#6698 = CARTESIAN_POINT('',(-17.80681631159,15.389556644787));
#6699 = CARTESIAN_POINT('',(-17.87595986396,15.37199065043));
#6700 = CARTESIAN_POINT('',(-18.04686520792,15.32538965239));
#6701 = CARTESIAN_POINT('',(-18.14838057168,15.294899592794));
#6702 = CARTESIAN_POINT('',(-18.24929606344,15.261787636164));
#6703 = CARTESIAN_POINT('',(-18.34951721213,15.226102167915));
#6704 = CARTESIAN_POINT('',(-18.44895037553,15.187889336034));
#6705 = CARTESIAN_POINT('',(-18.54750274031,15.147193051074));
#6706 = CARTESIAN_POINT('',(-18.64508232202,15.104054986157));
#6707 = CARTESIAN_POINT('',(-19.04572005903,14.915016293172));
#6708 = CARTESIAN_POINT('',(-19.33909107602,14.747753707797));
#6709 = CARTESIAN_POINT('',(-19.61910863584,14.557906405949));
#6710 = CARTESIAN_POINT('',(-19.88282349508,14.346501757076));
#6711 = CARTESIAN_POINT('',(-20.12699416132,14.1146424977));
#6712 = CARTESIAN_POINT('',(-20.34809781085,13.863582512904));
#6713 = CARTESIAN_POINT('',(-20.54245061437,13.594750374284));
#6714 = CARTESIAN_POINT('',(-20.7683295206,13.202645551));
#6715 = CARTESIAN_POINT('',(-20.8259421604,13.092990281311));
#6716 = CARTESIAN_POINT('',(-20.87945678593,12.981040453214));
#6717 = CARTESIAN_POINT('',(-20.92889484436,12.867008086317));
#6718 = CARTESIAN_POINT('',(-20.97430773278,12.751074068007));
#6719 = CARTESIAN_POINT('',(-21.01573076324,12.633444219647));
#6720 = CARTESIAN_POINT('',(-21.0532179069,12.514298461122));
#6721 = CARTESIAN_POINT('',(-21.15491956214,12.149623099799));
#6722 = CARTESIAN_POINT('',(-21.20703724728,11.899996512448));
#6723 = CARTESIAN_POINT('',(-21.24361593293,11.646394550974));
#6724 = CARTESIAN_POINT('',(-21.2650841398,11.390225922535));
#6725 = CARTESIAN_POINT('',(-21.27185396192,11.132836978024));
#6726 = CARTESIAN_POINT('',(-21.26430892321,10.875509054715));
#6727 = CARTESIAN_POINT('',(-21.24277886299,10.619470235411));
#6728 = CARTESIAN_POINT('',(-21.202793987,10.332084530944));
#6729 = CARTESIAN_POINT('',(-21.19784279225,10.298302767473));
#6730 = CARTESIAN_POINT('',(-21.1926492455,10.26458005755));
#6731 = CARTESIAN_POINT('',(-21.18721433683,10.230920225056));
#6732 = CARTESIAN_POINT('',(-21.18153906696,10.197327093902));
#6733 = CARTESIAN_POINT('',(-21.17562444724,10.163804488021));
#6734 = CARTESIAN_POINT('',(-21.16947149969,10.130356231378));
#6735 = CARTESIAN_POINT('',(-21.15192149973,10.038707765733));
#6736 = CARTESIAN_POINT('',(-21.14002971705,9.980634676929));
#6737 = CARTESIAN_POINT('',(-21.12740491203,9.922739898473));
#6738 = CARTESIAN_POINT('',(-21.11405730003,9.86505120611));
#6739 = CARTESIAN_POINT('',(-21.09999170946,9.807569807168));
#6740 = CARTESIAN_POINT('',(-21.08521187406,9.750289803982));
#6741 = CARTESIAN_POINT('',(-21.06972693776,9.693229476483));
#6742 = CARTESIAN_POINT('',(-21.00270935092,9.457860487594));
#6743 = CARTESIAN_POINT('',(-20.94497230771,9.281490293389));
#6744 = CARTESIAN_POINT('',(-20.88052929542,9.107420752524));
#6745 = CARTESIAN_POINT('',(-20.8095970549,8.935782882813));
#6746 = CARTESIAN_POINT('',(-20.73240570933,8.766693791888));
#6747 = CARTESIAN_POINT('',(-20.64919433776,8.600257671867));
#6748 = CARTESIAN_POINT('',(-20.56020654865,8.436566794011));
#6749 = CARTESIAN_POINT('',(-20.34154298475,8.06442307957));
#6750 = CARTESIAN_POINT('',(-20.20785756934,7.858023135293));
#6751 = CARTESIAN_POINT('',(-20.06518139639,7.656679601212));
#6752 = CARTESIAN_POINT('',(-19.91406676303,7.460542155374));
#6753 = CARTESIAN_POINT('',(-19.75505790412,7.269735582382));
#6754 = CARTESIAN_POINT('',(-19.58868222216,7.084362132548));
#6755 = CARTESIAN_POINT('',(-19.41544151712,6.904503881049));
#6756 = CARTESIAN_POINT('',(-18.98549319829,6.487383738073));
#6757 = CARTESIAN_POINT('',(-18.72311693551,6.255824915701));
#6758 = CARTESIAN_POINT('',(-18.44952743293,6.036934572676));
#6759 = CARTESIAN_POINT('',(-18.16552708014,5.83230141527));
#6760 = CARTESIAN_POINT('',(-17.87195298884,5.643739617624));
#6761 = CARTESIAN_POINT('',(-17.5697326464,5.473286216707));
#6762 = CARTESIAN_POINT('',(-17.25990988546,5.323173187928));
#6763 = CARTESIAN_POINT('',(-16.76490818287,5.123777400363));
#6764 = CARTESIAN_POINT('',(-16.5841517485,5.059049441448));
#6765 = CARTESIAN_POINT('',(-16.4016012732,5.002022685388));
#6766 = CARTESIAN_POINT('',(-16.21751909452,4.953147624406));
#6767 = CARTESIAN_POINT('',(-16.03220075002,4.91288307792));
#6768 = CARTESIAN_POINT('',(-15.84597219756,4.881682771091));
#6769 = CARTESIAN_POINT('',(-15.65918398653,4.859978296214));
#6770 = CARTESIAN_POINT('',(-15.41991353092,4.844853342982));
#6771 = CARTESIAN_POINT('',(-15.36759108686,4.842320444074));
#6772 = CARTESIAN_POINT('',(-15.31519709685,4.840548376481));
#6773 = CARTESIAN_POINT('',(-15.26280290001,4.839542838619));
#6774 = CARTESIAN_POINT('',(-15.2103518943,4.839288974204));
#6775 = CARTESIAN_POINT('',(-15.15790272276,4.839790000991));
#6776 = CARTESIAN_POINT('',(-15.10543479352,4.841036358686));
#6777 = CARTESIAN_POINT('',(-14.89410317129,4.849044961069));
#6778 = CARTESIAN_POINT('',(-14.73522357742,4.861864375789));
#6779 = CARTESIAN_POINT('',(-14.57655571014,4.881338569035));
#6780 = CARTESIAN_POINT('',(-14.41831907654,4.907308332635));
#6781 = CARTESIAN_POINT('',(-14.26072488521,4.939603367623));
#6782 = CARTESIAN_POINT('',(-14.10397485867,4.978046012715));
#6783 = CARTESIAN_POINT('',(-13.94826004603,5.02245497278));
#6784 = CARTESIAN_POINT('',(-13.639678746,5.12270677394));
#6785 = CARTESIAN_POINT('',(-13.48680733486,5.178517525077));
#6786 = CARTESIAN_POINT('',(-13.3353227024,5.239901076256));
#6787 = CARTESIAN_POINT('',(-13.18539303198,5.306676177649));
#6788 = CARTESIAN_POINT('',(-13.03717737091,5.378662387749));
#6789 = CARTESIAN_POINT('',(-12.89082561152,5.455681907039));
#6790 = CARTESIAN_POINT('',(-12.74647847215,5.537561411677));
#6791 = CARTESIAN_POINT('',(-12.53176676389,5.668269459432));
#6792 = CARTESIAN_POINT('',(-12.45982164336,5.713624599515));
#6793 = CARTESIAN_POINT('',(-12.38844972145,5.760176966561));
#6794 = CARTESIAN_POINT('',(-12.31766818473,5.807904591147));
#6795 = CARTESIAN_POINT('',(-12.24749380141,5.856785875278));
#6796 = CARTESIAN_POINT('',(-12.1779429214,5.906799592389));
#6797 = CARTESIAN_POINT('',(-12.1090314763,5.957924887345));
#6798 = CARTESIAN_POINT('',(-12.00462453165,6.037796471353));
#6799 = CARTESIAN_POINT('',(-11.96862450997,6.065783209421));
#6800 = CARTESIAN_POINT('',(-11.93277803094,6.094099278262));
#6801 = CARTESIAN_POINT('',(-11.89708820449,6.122742460733));
#6802 = CARTESIAN_POINT('',(-11.86155813384,6.151710534935));
#6803 = CARTESIAN_POINT('',(-11.82619091549,6.181001274213));
#6804 = CARTESIAN_POINT('',(-11.79098963926,6.210612447151));
#6805 = CARTESIAN_POINT('',(-11.72092561476,6.270470923651));
#6806 = CARTESIAN_POINT('',(-11.68606021656,6.300719941324));
#6807 = CARTESIAN_POINT('',(-11.65136952548,6.331283057052));
#6808 = CARTESIAN_POINT('',(-11.61686167936,6.362154532783));
#6809 = CARTESIAN_POINT('',(-11.58254462199,6.393328705958));
#6810 = CARTESIAN_POINT('',(-11.54842610314,6.424799989506));
#6811 = CARTESIAN_POINT('',(-11.51451367856,6.456562871849));
#6812 = CARTESIAN_POINT('',(-11.21516049092,6.741259157349));
#6813 = CARTESIAN_POINT('',(-10.96404578149,7.010483234608));
#6814 = CARTESIAN_POINT('',(-10.72944877564,7.294674685782));
#6815 = CARTESIAN_POINT('',(-10.51396254371,7.592384716632));
#6816 = CARTESIAN_POINT('',(-10.32085093522,7.902129512277));
#6817 = CARTESIAN_POINT('',(-10.15402690626,8.222026934908));
#6818 = CARTESIAN_POINT('',(-10.01796978242,8.549600905611));
#6819 = CARTESIAN_POINT('',(-9.858752002146,9.07701930014));
#6820 = CARTESIAN_POINT('',(-9.812209590778,9.273512516238));
#6821 = CARTESIAN_POINT('',(-9.778968946887,9.470889807931));
#6822 = CARTESIAN_POINT('',(-9.760055469471,9.668358362362));
#6823 = CARTESIAN_POINT('',(-9.756459845477,9.865020801384));
#6824 = CARTESIAN_POINT('',(-9.769036723439,10.059954814228));
#6825 = CARTESIAN_POINT('',(-9.798421605048,10.252287502758));
#6826 = CARTESIAN_POINT('',(-9.845023600612,10.441189158987));
#6827 = ( GEOMETRIC_REPRESENTATION_CONTEXT(2) 
PARAMETRIC_REPRESENTATION_CONTEXT() REPRESENTATION_CONTEXT('2D SPACE',''
  ) );
#6828 = ORIENTED_EDGE('',*,*,#6829,.T.);
#6829 = EDGE_CURVE('',#6280,#4720,#6830,.T.);
#6830 = SEAM_CURVE('',#6831,(#6839,#6846),.PCURVE_S1.);
#6831 = ( BOUNDED_CURVE() B_SPLINE_CURVE(6,(#6832,#6833,#6834,#6835,
#6836,#6837,#6838),.UNSPECIFIED.,.T.,.F.) B_SPLINE_CURVE_WITH_KNOTS((1,6
    ,6,1),(-6.28318530718,0.,6.28318530718,12.566370614359),
.UNSPECIFIED.) CURVE() GEOMETRIC_REPRESENTATION_ITEM() 
RATIONAL_B_SPLINE_CURVE((1.669078461068,1.03672962321,1.038346699848,
    0.853534330196,1.038346699848,1.03672962321,1.669078461068)) 
REPRESENTATION_ITEM('') );
#6832 = CARTESIAN_POINT('',(-8.5,10.5,2.35));
#6833 = CARTESIAN_POINT('',(-7.926728425494,10.597716745654,2.35));
#6834 = CARTESIAN_POINT('',(-7.844416383965,10.611747207279,
    1.630908133308));
#6835 = CARTESIAN_POINT('',(-8.5,10.5,1.037809077647));
#6836 = CARTESIAN_POINT('',(-9.155583616035,10.388252792721,
    1.630908133308));
#6837 = CARTESIAN_POINT('',(-9.073271574506,10.402283254346,2.35));
#6838 = CARTESIAN_POINT('',(-8.5,10.5,2.35));
#6839 = PCURVE('',#4814,#6840);
#6840 = DEFINITIONAL_REPRESENTATION('',(#6841),#6845);
#6841 = LINE('',#6842,#6843);
#6842 = CARTESIAN_POINT('',(0.,0.));
#6843 = VECTOR('',#6844,1.);
#6844 = DIRECTION('',(1.,0.));
#6845 = ( GEOMETRIC_REPRESENTATION_CONTEXT(2) 
PARAMETRIC_REPRESENTATION_CONTEXT() REPRESENTATION_CONTEXT('2D SPACE',''
  ) );
#6846 = PCURVE('',#4814,#6847);
#6847 = DEFINITIONAL_REPRESENTATION('',(#6848),#6851);
#6848 = B_SPLINE_CURVE_WITH_KNOTS('',1,(#6849,#6850),.UNSPECIFIED.,.F.,
  .F.,(2,2),(0.,6.28318530718),.PIECEWISE_BEZIER_KNOTS.);
#6849 = CARTESIAN_POINT('',(0.,35.58016538479));
#6850 = CARTESIAN_POINT('',(6.28318530718,35.58016538479));
#6851 = ( GEOMETRIC_REPRESENTATION_CONTEXT(2) 
PARAMETRIC_REPRESENTATION_CONTEXT() REPRESENTATION_CONTEXT('2D SPACE',''
  ) );
#6852 = ORIENTED_EDGE('',*,*,#4745,.T.);
#6853 = ORIENTED_EDGE('',*,*,#6829,.F.);
#6854 = ADVANCED_FACE('',(#6855),#5335,.T.);
#6855 = FACE_BOUND('',#6856,.T.);
#6856 = EDGE_LOOP('',(#6857,#6880,#6907,#6908));
#6857 = ORIENTED_EDGE('',*,*,#6858,.F.);
#6858 = EDGE_CURVE('',#6859,#5319,#6861,.T.);
#6859 = VERTEX_POINT('',#6860);
#6860 = CARTESIAN_POINT('',(-8.5244370909,-6.,-1.2));
#6861 = SEAM_CURVE('',#6862,(#6866,#6873),.PCURVE_S1.);
#6862 = LINE('',#6863,#6864);
#6863 = CARTESIAN_POINT('',(-8.5244370909,-6.,-1.2));
#6864 = VECTOR('',#6865,1.);
#6865 = DIRECTION('',(1.745240643728E-02,0.,0.999847695156));
#6866 = PCURVE('',#5335,#6867);
#6867 = DEFINITIONAL_REPRESENTATION('',(#6868),#6872);
#6868 = LINE('',#6869,#6870);
#6869 = CARTESIAN_POINT('',(0.,0.));
#6870 = VECTOR('',#6871,1.);
#6871 = DIRECTION('',(0.,1.));
#6872 = ( GEOMETRIC_REPRESENTATION_CONTEXT(2) 
PARAMETRIC_REPRESENTATION_CONTEXT() REPRESENTATION_CONTEXT('2D SPACE',''
  ) );
#6873 = PCURVE('',#5335,#6874);
#6874 = DEFINITIONAL_REPRESENTATION('',(#6875),#6879);
#6875 = LINE('',#6876,#6877);
#6876 = CARTESIAN_POINT('',(6.28318530718,0.));
#6877 = VECTOR('',#6878,1.);
#6878 = DIRECTION('',(0.,1.));
#6879 = ( GEOMETRIC_REPRESENTATION_CONTEXT(2) 
PARAMETRIC_REPRESENTATION_CONTEXT() REPRESENTATION_CONTEXT('2D SPACE',''
  ) );
#6880 = ORIENTED_EDGE('',*,*,#6881,.T.);
#6881 = EDGE_CURVE('',#6859,#6859,#6882,.T.);
#6882 = SURFACE_CURVE('',#6883,(#6888,#6895),.PCURVE_S1.);
#6883 = CIRCLE('',#6884,2.4755629091);
#6884 = AXIS2_PLACEMENT_3D('',#6885,#6886,#6887);
#6885 = CARTESIAN_POINT('',(-11.,-6.,-1.2));
#6886 = DIRECTION('',(0.,0.,1.));
#6887 = DIRECTION('',(1.,0.,-0.));
#6888 = PCURVE('',#5335,#6889);
#6889 = DEFINITIONAL_REPRESENTATION('',(#6890),#6894);
#6890 = LINE('',#6891,#6892);
#6891 = CARTESIAN_POINT('',(0.,0.));
#6892 = VECTOR('',#6893,1.);
#6893 = DIRECTION('',(1.,0.));
#6894 = ( GEOMETRIC_REPRESENTATION_CONTEXT(2) 
PARAMETRIC_REPRESENTATION_CONTEXT() REPRESENTATION_CONTEXT('2D SPACE',''
  ) );
#6895 = PCURVE('',#6896,#6901);
#6896 = PLANE('',#6897);
#6897 = AXIS2_PLACEMENT_3D('',#6898,#6899,#6900);
#6898 = CARTESIAN_POINT('',(-11.,-6.,-1.2));
#6899 = DIRECTION('',(0.,0.,1.));
#6900 = DIRECTION('',(1.,0.,-0.));
#6901 = DEFINITIONAL_REPRESENTATION('',(#6902),#6906);
#6902 = CIRCLE('',#6903,2.4755629091);
#6903 = AXIS2_PLACEMENT_2D('',#6904,#6905);
#6904 = CARTESIAN_POINT('',(0.,0.));
#6905 = DIRECTION('',(1.,-0.));
#6906 = ( GEOMETRIC_REPRESENTATION_CONTEXT(2) 
PARAMETRIC_REPRESENTATION_CONTEXT() REPRESENTATION_CONTEXT('2D SPACE',''
  ) );
#6907 = ORIENTED_EDGE('',*,*,#6858,.T.);
#6908 = ORIENTED_EDGE('',*,*,#5318,.F.);
#6909 = ADVANCED_FACE('',(#6910),#5366,.T.);
#6910 = FACE_BOUND('',#6911,.T.);
#6911 = EDGE_LOOP('',(#6912,#6935,#6962,#6963));
#6912 = ORIENTED_EDGE('',*,*,#6913,.F.);
#6913 = EDGE_CURVE('',#6914,#5350,#6916,.T.);
#6914 = VERTEX_POINT('',#6915);
#6915 = CARTESIAN_POINT('',(-8.5244370909,10.,-1.2));
#6916 = SEAM_CURVE('',#6917,(#6921,#6928),.PCURVE_S1.);
#6917 = LINE('',#6918,#6919);
#6918 = CARTESIAN_POINT('',(-8.5244370909,10.,-1.2));
#6919 = VECTOR('',#6920,1.);
#6920 = DIRECTION('',(1.745240643728E-02,0.,0.999847695156));
#6921 = PCURVE('',#5366,#6922);
#6922 = DEFINITIONAL_REPRESENTATION('',(#6923),#6927);
#6923 = LINE('',#6924,#6925);
#6924 = CARTESIAN_POINT('',(0.,0.));
#6925 = VECTOR('',#6926,1.);
#6926 = DIRECTION('',(0.,1.));
#6927 = ( GEOMETRIC_REPRESENTATION_CONTEXT(2) 
PARAMETRIC_REPRESENTATION_CONTEXT() REPRESENTATION_CONTEXT('2D SPACE',''
  ) );
#6928 = PCURVE('',#5366,#6929);
#6929 = DEFINITIONAL_REPRESENTATION('',(#6930),#6934);
#6930 = LINE('',#6931,#6932);
#6931 = CARTESIAN_POINT('',(6.28318530718,0.));
#6932 = VECTOR('',#6933,1.);
#6933 = DIRECTION('',(0.,1.));
#6934 = ( GEOMETRIC_REPRESENTATION_CONTEXT(2) 
PARAMETRIC_REPRESENTATION_CONTEXT() REPRESENTATION_CONTEXT('2D SPACE',''
  ) );
#6935 = ORIENTED_EDGE('',*,*,#6936,.T.);
#6936 = EDGE_CURVE('',#6914,#6914,#6937,.T.);
#6937 = SURFACE_CURVE('',#6938,(#6943,#6950),.PCURVE_S1.);
#6938 = CIRCLE('',#6939,2.4755629091);
#6939 = AXIS2_PLACEMENT_3D('',#6940,#6941,#6942);
#6940 = CARTESIAN_POINT('',(-11.,10.,-1.2));
#6941 = DIRECTION('',(0.,0.,1.));
#6942 = DIRECTION('',(1.,0.,-0.));
#6943 = PCURVE('',#5366,#6944);
#6944 = DEFINITIONAL_REPRESENTATION('',(#6945),#6949);
#6945 = LINE('',#6946,#6947);
#6946 = CARTESIAN_POINT('',(0.,0.));
#6947 = VECTOR('',#6948,1.);
#6948 = DIRECTION('',(1.,0.));
#6949 = ( GEOMETRIC_REPRESENTATION_CONTEXT(2) 
PARAMETRIC_REPRESENTATION_CONTEXT() REPRESENTATION_CONTEXT('2D SPACE',''
  ) );
#6950 = PCURVE('',#6951,#6956);
#6951 = PLANE('',#6952);
#6952 = AXIS2_PLACEMENT_3D('',#6953,#6954,#6955);
#6953 = CARTESIAN_POINT('',(-11.,10.,-1.2));
#6954 = DIRECTION('',(0.,0.,1.));
#6955 = DIRECTION('',(1.,0.,-0.));
#6956 = DEFINITIONAL_REPRESENTATION('',(#6957),#6961);
#6957 = CIRCLE('',#6958,2.4755629091);
#6958 = AXIS2_PLACEMENT_2D('',#6959,#6960);
#6959 = CARTESIAN_POINT('',(0.,0.));
#6960 = DIRECTION('',(1.,-0.));
#6961 = ( GEOMETRIC_REPRESENTATION_CONTEXT(2) 
PARAMETRIC_REPRESENTATION_CONTEXT() REPRESENTATION_CONTEXT('2D SPACE',''
  ) );
#6962 = ORIENTED_EDGE('',*,*,#6913,.T.);
#6963 = ORIENTED_EDGE('',*,*,#5349,.F.);
#6964 = ADVANCED_FACE('',(#6965),#5406,.F.);
#6965 = FACE_BOUND('',#6966,.F.);
#6966 = EDGE_LOOP('',(#6967,#6968,#6969,#6970));
#6967 = ORIENTED_EDGE('',*,*,#5518,.T.);
#6968 = ORIENTED_EDGE('',*,*,#5388,.T.);
#6969 = ORIENTED_EDGE('',*,*,#5464,.T.);
#6970 = ORIENTED_EDGE('',*,*,#5568,.T.);
#6971 = ADVANCED_FACE('',(#6972,#6975),#6029,.T.);
#6972 = FACE_BOUND('',#6973,.T.);
#6973 = EDGE_LOOP('',(#6974));
#6974 = ORIENTED_EDGE('',*,*,#5595,.T.);
#6975 = FACE_BOUND('',#6976,.T.);
#6976 = EDGE_LOOP('',(#6977,#7008,#7087,#7155,#7184,#7213));
#6977 = ORIENTED_EDGE('',*,*,#6978,.F.);
#6978 = EDGE_CURVE('',#6979,#6981,#6983,.T.);
#6979 = VERTEX_POINT('',#6980);
#6980 = CARTESIAN_POINT('',(-10.69601061062,-8.259973473448,2.));
#6981 = VERTEX_POINT('',#6982);
#6982 = CARTESIAN_POINT('',(-10.90398938937,-7.740026526552,2.));
#6983 = SURFACE_CURVE('',#6984,(#6989,#6996),.PCURVE_S1.);
#6984 = CIRCLE('',#6985,0.28);
#6985 = AXIS2_PLACEMENT_3D('',#6986,#6987,#6988);
#6986 = CARTESIAN_POINT('',(-10.8,-8.,2.));
#6987 = DIRECTION('',(0.,-8.541048514688E-16,1.));
#6988 = DIRECTION('',(0.371390676354,-0.928476690885,-7.930164461608E-16
    ));
#6989 = PCURVE('',#6029,#6990);
#6990 = DEFINITIONAL_REPRESENTATION('',(#6991),#6995);
#6991 = CIRCLE('',#6992,0.28);
#6992 = AXIS2_PLACEMENT_2D('',#6993,#6994);
#6993 = CARTESIAN_POINT('',(-11.8,-8.));
#6994 = DIRECTION('',(0.371390676354,-0.928476690885));
#6995 = ( GEOMETRIC_REPRESENTATION_CONTEXT(2) 
PARAMETRIC_REPRESENTATION_CONTEXT() REPRESENTATION_CONTEXT('2D SPACE',''
  ) );
#6996 = PCURVE('',#6997,#7002);
#6997 = SPHERICAL_SURFACE('',#6998,0.28);
#6998 = AXIS2_PLACEMENT_3D('',#6999,#7000,#7001);
#6999 = CARTESIAN_POINT('',(-10.8,-8.,2.));
#7000 = DIRECTION('',(0.,0.,1.));
#7001 = DIRECTION('',(1.,0.,-0.));
#7002 = DEFINITIONAL_REPRESENTATION('',(#7003),#7007);
#7003 = LINE('',#7004,#7005);
#7004 = CARTESIAN_POINT('',(5.092895357497,0.));
#7005 = VECTOR('',#7006,1.);
#7006 = DIRECTION('',(1.,0.));
#7007 = ( GEOMETRIC_REPRESENTATION_CONTEXT(2) 
PARAMETRIC_REPRESENTATION_CONTEXT() REPRESENTATION_CONTEXT('2D SPACE',''
  ) );
#7008 = ORIENTED_EDGE('',*,*,#7009,.T.);
#7009 = EDGE_CURVE('',#6979,#7010,#7012,.T.);
#7010 = VERTEX_POINT('',#7011);
#7011 = CARTESIAN_POINT('',(-10.77681038232,-8.279038064845,2.));
#7012 = SURFACE_CURVE('',#7013,(#7019,#7028),.PCURVE_S1.);
#7013 = B_SPLINE_CURVE_WITH_KNOTS('',4,(#7014,#7015,#7016,#7017,#7018),
  .UNSPECIFIED.,.F.,.F.,(5,5),(0.,1.),.PIECEWISE_BEZIER_KNOTS.);
#7014 = CARTESIAN_POINT('',(-10.69601061062,-8.259973473448,2.));
#7015 = CARTESIAN_POINT('',(-10.71725344784,-8.264861841238,2.));
#7016 = CARTESIAN_POINT('',(-10.73846343688,-8.269828950591,2.));
#7017 = CARTESIAN_POINT('',(-10.75964025947,-8.274874955279,2.));
#7018 = CARTESIAN_POINT('',(-10.78078359992,-8.28,2.));
#7019 = PCURVE('',#6029,#7020);
#7020 = DEFINITIONAL_REPRESENTATION('',(#7021),#7027);
#7021 = B_SPLINE_CURVE_WITH_KNOTS('',4,(#7022,#7023,#7024,#7025,#7026),
  .UNSPECIFIED.,.F.,.F.,(5,5),(0.,1.),.PIECEWISE_BEZIER_KNOTS.);
#7022 = CARTESIAN_POINT('',(-11.69601061062,-8.259973473448));
#7023 = CARTESIAN_POINT('',(-11.71725344784,-8.264861841238));
#7024 = CARTESIAN_POINT('',(-11.73846343688,-8.269828950591));
#7025 = CARTESIAN_POINT('',(-11.75964025947,-8.274874955279));
#7026 = CARTESIAN_POINT('',(-11.78078359992,-8.28));
#7027 = ( GEOMETRIC_REPRESENTATION_CONTEXT(2) 
PARAMETRIC_REPRESENTATION_CONTEXT() REPRESENTATION_CONTEXT('2D SPACE',''
  ) );
#7028 = PCURVE('',#7029,#7079);
#7029 = ( BOUNDED_SURFACE() B_SPLINE_SURFACE(6,6,(
    (#7030,#7031,#7032,#7033,#7034,#7035,#7036)
    ,(#7037,#7038,#7039,#7040,#7041,#7042,#7043)
    ,(#7044,#7045,#7046,#7047,#7048,#7049,#7050)
    ,(#7051,#7052,#7053,#7054,#7055,#7056,#7057)
    ,(#7058,#7059,#7060,#7061,#7062,#7063,#7064)
    ,(#7065,#7066,#7067,#7068,#7069,#7070,#7071)
    ,(#7072,#7073,#7074,#7075,#7076,#7077,#7078
)),.UNSPECIFIED.,.T.,.F.,.F.) B_SPLINE_SURFACE_WITH_KNOTS((1,6,6,1),(7,7
    ),(-6.28318530718,0.,6.28318530718,12.566370614359),(0.,
4.075003194084),.UNSPECIFIED.) GEOMETRIC_REPRESENTATION_ITEM() 
RATIONAL_B_SPLINE_SURFACE((
    (1.669078461068,1.669078461068,1.669078461068,1.669078461068
      ,1.669078461068,1.669078461068,1.669078461068)
    ,(1.03672962321,1.03672962321,1.03672962321,1.03672962321
      ,1.03672962321,1.03672962321,1.03672962321)
    ,(1.038346699848,1.038346699848,1.038346699848,1.038346699848
      ,1.038346699848,1.038346699848,1.038346699848)
    ,(0.853534330196,0.853534330196,0.853534330196,0.853534330196
      ,0.853534330196,0.853534330196,0.853534330196)
    ,(1.038346699848,1.038346699848,1.038346699848,1.038346699848
      ,1.038346699848,1.038346699848,1.038346699848)
    ,(1.03672962321,1.03672962321,1.03672962321,1.03672962321
      ,1.03672962321,1.03672962321,1.03672962321)
    ,(1.669078461068,1.669078461068,1.669078461068,1.669078461068
      ,1.669078461068,1.669078461068,1.669078461068
))) REPRESENTATION_ITEM('') SURFACE() );
#7030 = CARTESIAN_POINT('',(-10.8,-8.,2.28));
#7031 = CARTESIAN_POINT('',(-11.48358376472,-8.161297313047,2.28));
#7032 = CARTESIAN_POINT('',(-12.12706735689,-8.391409034209,2.28));
#7033 = CARTESIAN_POINT('',(-12.7304507765,-8.690335163485,2.28));
#7034 = CARTESIAN_POINT('',(-13.29373402356,-9.058075700876,2.28));
#7035 = CARTESIAN_POINT('',(-13.81691709805,-9.494630646381,2.28));
#7036 = CARTESIAN_POINT('',(-14.3,-10.,2.28));
#7037 = CARTESIAN_POINT('',(-10.97278284985,-7.568042875361,2.28));
#7038 = CARTESIAN_POINT('',(-11.69541180927,-7.744958266286,2.28));
#7039 = CARTESIAN_POINT('',(-12.37882875195,-7.995956180761,2.28));
#7040 = CARTESIAN_POINT('',(-13.02127702052,-8.321552821404,2.28));
#7041 = CARTESIAN_POINT('',(-13.6197223448,-8.721122080188,2.28));
#7042 = CARTESIAN_POINT('',(-14.17270037926,-9.191875699395,2.28));
#7043 = CARTESIAN_POINT('',(-14.68023898913,-9.73193437022,2.28));
#7044 = CARTESIAN_POINT('',(-10.99759152648,-7.506021183786,
    1.704726506647));
#7045 = CARTESIAN_POINT('',(-11.72582671134,-7.685179064889,
    1.704726506647));
#7046 = CARTESIAN_POINT('',(-12.41497740353,-7.93917588126,
    1.704726506647));
#7047 = CARTESIAN_POINT('',(-13.06303471956,-8.268601953427,
    1.704726506647));
#7048 = CARTESIAN_POINT('',(-13.6665287197,-8.672741274906,
    1.704726506647));
#7049 = CARTESIAN_POINT('',(-14.22378480333,-9.148405241627,
    1.704726506647));
#7050 = CARTESIAN_POINT('',(-14.73483483665,-9.69344470802,
    1.704726506647));
#7051 = CARTESIAN_POINT('',(-10.8,-8.,1.230247262118));
#7052 = CARTESIAN_POINT('',(-11.48358376472,-8.161297313047,
    1.230247262118));
#7053 = CARTESIAN_POINT('',(-12.12706735689,-8.391409034209,
    1.230247262118));
#7054 = CARTESIAN_POINT('',(-12.7304507765,-8.690335163485,
    1.230247262118));
#7055 = CARTESIAN_POINT('',(-13.29373402356,-9.058075700876,
    1.230247262118));
#7056 = CARTESIAN_POINT('',(-13.81691709805,-9.494630646381,
    1.230247262118));
#7057 = CARTESIAN_POINT('',(-14.3,-10.,1.230247262118));
#7058 = CARTESIAN_POINT('',(-10.60240847351,-8.493978816214,
    1.704726506647));
#7059 = CARTESIAN_POINT('',(-11.2413408181,-8.637415561206,
    1.704726506647));
#7060 = CARTESIAN_POINT('',(-11.83915731025,-8.843642187158,
    1.704726506647));
#7061 = CARTESIAN_POINT('',(-12.39786683344,-9.112068373543,
    1.704726506647));
#7062 = CARTESIAN_POINT('',(-12.92093932741,-9.443410126845,
    1.704726506647));
#7063 = CARTESIAN_POINT('',(-13.41004939278,-9.840856051135,
    1.704726506647));
#7064 = CARTESIAN_POINT('',(-13.86516516334,-10.30655529198,
    1.704726506647));
#7065 = CARTESIAN_POINT('',(-10.62721715014,-8.431957124639,2.28));
#7066 = CARTESIAN_POINT('',(-11.27175572017,-8.577636359809,2.28));
#7067 = CARTESIAN_POINT('',(-11.87530596182,-8.786861887656,2.28));
#7068 = CARTESIAN_POINT('',(-12.43962453248,-9.059117505566,2.28));
#7069 = CARTESIAN_POINT('',(-12.96774570231,-9.395029321563,2.28));
#7070 = CARTESIAN_POINT('',(-13.46113381685,-9.797385593366,2.28));
#7071 = CARTESIAN_POINT('',(-13.91976101086,-10.26806562978,2.28));
#7072 = CARTESIAN_POINT('',(-10.8,-8.,2.28));
#7073 = CARTESIAN_POINT('',(-11.48358376472,-8.161297313047,2.28));
#7074 = CARTESIAN_POINT('',(-12.12706735689,-8.391409034209,2.28));
#7075 = CARTESIAN_POINT('',(-12.7304507765,-8.690335163485,2.28));
#7076 = CARTESIAN_POINT('',(-13.29373402356,-9.058075700876,2.28));
#7077 = CARTESIAN_POINT('',(-13.81691709805,-9.494630646381,2.28));
#7078 = CARTESIAN_POINT('',(-14.3,-10.,2.28));
#7079 = DEFINITIONAL_REPRESENTATION('',(#7080),#7086);
#7080 = B_SPLINE_CURVE_WITH_KNOTS('',4,(#7081,#7082,#7083,#7084,#7085),
  .UNSPECIFIED.,.F.,.F.,(5,5),(0.,0.953025700315),
  .PIECEWISE_BEZIER_KNOTS.);
#7081 = CARTESIAN_POINT('',(4.711671071431,0.));
#7082 = CARTESIAN_POINT('',(4.711671071431,2.083024427671E-02));
#7083 = CARTESIAN_POINT('',(4.711671071431,4.167348999636E-02));
#7084 = CARTESIAN_POINT('',(4.711671071431,6.252952993309E-02));
#7085 = CARTESIAN_POINT('',(4.711671071431,8.339815148264E-02));
#7086 = ( GEOMETRIC_REPRESENTATION_CONTEXT(2) 
PARAMETRIC_REPRESENTATION_CONTEXT() REPRESENTATION_CONTEXT('2D SPACE',''
  ) );
#7087 = ORIENTED_EDGE('',*,*,#7088,.T.);
#7088 = EDGE_CURVE('',#7010,#7089,#7091,.T.);
#7089 = VERTEX_POINT('',#7090);
#7090 = CARTESIAN_POINT('',(-14.07115309574,-10.16133534767,2.));
#7091 = SURFACE_CURVE('',#7092,(#7111,#7133),.PCURVE_S1.);
#7092 = B_SPLINE_CURVE_WITH_KNOTS('',5,(#7093,#7094,#7095,#7096,#7097,
    #7098,#7099,#7100,#7101,#7102,#7103,#7104,#7105,#7106,#7107,#7108,
    #7109,#7110),.UNSPECIFIED.,.F.,.F.,(6,4,4,4,6),(0.,0.27165075878,
    0.540020512908,0.768763669378,1.),.UNSPECIFIED.);
#7093 = CARTESIAN_POINT('',(-10.69601061062,-8.259973473448,2.));
#7094 = CARTESIAN_POINT('',(-10.9076794021,-8.308682357841,2.));
#7095 = CARTESIAN_POINT('',(-11.11629161712,-8.364720800285,2.));
#7096 = CARTESIAN_POINT('',(-11.32159881858,-8.428207129484,2.));
#7097 = CARTESIAN_POINT('',(-11.52336671081,-8.49921665871,2.));
#7098 = CARTESIAN_POINT('',(-11.91699514813,-8.655366337499,2.));
#7099 = CARTESIAN_POINT('',(-12.10894774772,-8.740326180011,2.));
#7100 = CARTESIAN_POINT('',(-12.29702304265,-8.832661165003,2.));
#7101 = CARTESIAN_POINT('',(-12.48103693044,-8.932335650734,2.));
#7102 = CARTESIAN_POINT('',(-12.81407481485,-9.130385259127,2.));
#7103 = CARTESIAN_POINT('',(-12.96425428577,-9.226779729732,2.));
#7104 = CARTESIAN_POINT('',(-13.11127017845,-9.328378696067,2.));
#7105 = CARTESIAN_POINT('',(-13.25504212319,-9.435095470474,2.));
#7106 = CARTESIAN_POINT('',(-13.5375034518,-9.659753134916,2.));
#7107 = CARTESIAN_POINT('',(-13.67612073054,-9.777804445346,2.));
#7108 = CARTESIAN_POINT('',(-13.81129465352,-9.90085053739,2.));
#7109 = CARTESIAN_POINT('',(-13.94298045867,-10.02874929662,2.));
#7110 = CARTESIAN_POINT('',(-14.07115309574,-10.16133534767,2.));
#7111 = PCURVE('',#6029,#7112);
#7112 = DEFINITIONAL_REPRESENTATION('',(#7113),#7132);
#7113 = B_SPLINE_CURVE_WITH_KNOTS('',5,(#7114,#7115,#7116,#7117,#7118,
    #7119,#7120,#7121,#7122,#7123,#7124,#7125,#7126,#7127,#7128,#7129,
    #7130,#7131),.UNSPECIFIED.,.F.,.F.,(6,4,4,4,6),(0.,0.27165075878,
    0.540020512908,0.768763669378,1.),.UNSPECIFIED.);
#7114 = CARTESIAN_POINT('',(-11.69601061062,-8.259973473448));
#7115 = CARTESIAN_POINT('',(-11.9076794021,-8.308682357841));
#7116 = CARTESIAN_POINT('',(-12.11629161712,-8.364720800285));
#7117 = CARTESIAN_POINT('',(-12.32159881858,-8.428207129484));
#7118 = CARTESIAN_POINT('',(-12.52336671081,-8.49921665871));
#7119 = CARTESIAN_POINT('',(-12.91699514813,-8.655366337499));
#7120 = CARTESIAN_POINT('',(-13.10894774772,-8.740326180011));
#7121 = CARTESIAN_POINT('',(-13.29702304265,-8.832661165003));
#7122 = CARTESIAN_POINT('',(-13.48103693044,-8.932335650734));
#7123 = CARTESIAN_POINT('',(-13.81407481485,-9.130385259127));
#7124 = CARTESIAN_POINT('',(-13.96425428577,-9.226779729732));
#7125 = CARTESIAN_POINT('',(-14.11127017845,-9.328378696067));
#7126 = CARTESIAN_POINT('',(-14.25504212319,-9.435095470474));
#7127 = CARTESIAN_POINT('',(-14.5375034518,-9.659753134916));
#7128 = CARTESIAN_POINT('',(-14.67612073054,-9.777804445346));
#7129 = CARTESIAN_POINT('',(-14.81129465352,-9.90085053739));
#7130 = CARTESIAN_POINT('',(-14.94298045867,-10.02874929662));
#7131 = CARTESIAN_POINT('',(-15.07115309574,-10.16133534767));
#7132 = ( GEOMETRIC_REPRESENTATION_CONTEXT(2) 
PARAMETRIC_REPRESENTATION_CONTEXT() REPRESENTATION_CONTEXT('2D SPACE',''
  ) );
#7133 = PCURVE('',#7029,#7134);
#7134 = DEFINITIONAL_REPRESENTATION('',(#7135),#7154);
#7135 = B_SPLINE_CURVE_WITH_KNOTS('',5,(#7136,#7137,#7138,#7139,#7140,
    #7141,#7142,#7143,#7144,#7145,#7146,#7147,#7148,#7149,#7150,#7151,
    #7152,#7153),.UNSPECIFIED.,.F.,.F.,(6,4,4,4,6),(2.078552354459E-02,
    0.27165075878,0.540020512908,0.768763669378,1.),.UNSPECIFIED.);
#7136 = CARTESIAN_POINT('',(4.711671071431,8.339815079227E-02));
#7137 = CARTESIAN_POINT('',(4.711671071431,0.28489276781));
#7138 = CARTESIAN_POINT('',(4.711671071431,0.487487398082));
#7139 = CARTESIAN_POINT('',(4.711671071431,0.691030817587));
#7140 = CARTESIAN_POINT('',(4.711671071431,0.895349725536));
#7141 = CARTESIAN_POINT('',(4.711671071431,1.31944930044));
#7142 = CARTESIAN_POINT('',(4.711671071431,1.539316116382));
#7143 = CARTESIAN_POINT('',(4.711671071431,1.759614185557));
#7144 = CARTESIAN_POINT('',(4.711671071431,1.98009437532));
#7145 = CARTESIAN_POINT('',(4.711671071431,2.388364447988));
#7146 = CARTESIAN_POINT('',(4.711671071431,2.576175730218));
#7147 = CARTESIAN_POINT('',(4.711671071431,2.763777721437));
#7148 = CARTESIAN_POINT('',(4.711671071431,2.951018577353));
#7149 = CARTESIAN_POINT('',(4.711671071431,3.326521637785));
#7150 = CARTESIAN_POINT('',(4.711671071431,3.514773906171));
#7151 = CARTESIAN_POINT('',(4.711671071431,3.702359103592));
#7152 = CARTESIAN_POINT('',(4.711671071431,3.889142179553));
#7153 = CARTESIAN_POINT('',(4.711671071431,4.075003194084));
#7154 = ( GEOMETRIC_REPRESENTATION_CONTEXT(2) 
PARAMETRIC_REPRESENTATION_CONTEXT() REPRESENTATION_CONTEXT('2D SPACE',''
  ) );
#7155 = ORIENTED_EDGE('',*,*,#7156,.F.);
#7156 = EDGE_CURVE('',#7157,#7089,#7159,.T.);
#7157 = VERTEX_POINT('',#7158);
#7158 = CARTESIAN_POINT('',(-14.52884690426,-9.838664652321,2.));
#7159 = SURFACE_CURVE('',#7160,(#7165,#7172),.PCURVE_S1.);
#7160 = CIRCLE('',#7161,0.28);
#7161 = AXIS2_PLACEMENT_3D('',#7162,#7163,#7164);
#7162 = CARTESIAN_POINT('',(-14.3,-10.,2.));
#7163 = DIRECTION('',(0.,0.,1.));
#7164 = DIRECTION('',(1.,0.,-0.));
#7165 = PCURVE('',#6029,#7166);
#7166 = DEFINITIONAL_REPRESENTATION('',(#7167),#7171);
#7167 = CIRCLE('',#7168,0.28);
#7168 = AXIS2_PLACEMENT_2D('',#7169,#7170);
#7169 = CARTESIAN_POINT('',(-15.3,-10.));
#7170 = DIRECTION('',(1.,0.));
#7171 = ( GEOMETRIC_REPRESENTATION_CONTEXT(2) 
PARAMETRIC_REPRESENTATION_CONTEXT() REPRESENTATION_CONTEXT('2D SPACE',''
  ) );
#7172 = PCURVE('',#7173,#7178);
#7173 = SPHERICAL_SURFACE('',#7174,0.28);
#7174 = AXIS2_PLACEMENT_3D('',#7175,#7176,#7177);
#7175 = CARTESIAN_POINT('',(-14.3,-10.,2.));
#7176 = DIRECTION('',(0.,0.,1.));
#7177 = DIRECTION('',(1.,0.,-0.));
#7178 = DEFINITIONAL_REPRESENTATION('',(#7179),#7183);
#7179 = LINE('',#7180,#7181);
#7180 = CARTESIAN_POINT('',(0.,0.));
#7181 = VECTOR('',#7182,1.);
#7182 = DIRECTION('',(1.,0.));
#7183 = ( GEOMETRIC_REPRESENTATION_CONTEXT(2) 
PARAMETRIC_REPRESENTATION_CONTEXT() REPRESENTATION_CONTEXT('2D SPACE',''
  ) );
#7184 = ORIENTED_EDGE('',*,*,#7185,.F.);
#7185 = EDGE_CURVE('',#7186,#7157,#7188,.T.);
#7186 = VERTEX_POINT('',#7187);
#7187 = CARTESIAN_POINT('',(-14.47148913799,-9.778659819397,2.));
#7188 = SURFACE_CURVE('',#7189,(#7195,#7204),.PCURVE_S1.);
#7189 = B_SPLINE_CURVE_WITH_KNOTS('',4,(#7190,#7191,#7192,#7193,#7194),
  .UNSPECIFIED.,.F.,.F.,(5,5),(0.,1.),.PIECEWISE_BEZIER_KNOTS.);
#7190 = CARTESIAN_POINT('',(-14.41423395428,-9.72,2.));
#7191 = CARTESIAN_POINT('',(-14.44316172,-9.749329982131,2.));
#7192 = CARTESIAN_POINT('',(-14.47190663258,-9.778885573356,2.));
#7193 = CARTESIAN_POINT('',(-14.50046848398,-9.808664622455,2.));
#7194 = CARTESIAN_POINT('',(-14.52884690426,-9.838664652321,2.));
#7195 = PCURVE('',#6029,#7196);
#7196 = DEFINITIONAL_REPRESENTATION('',(#7197),#7203);
#7197 = B_SPLINE_CURVE_WITH_KNOTS('',4,(#7198,#7199,#7200,#7201,#7202),
  .UNSPECIFIED.,.F.,.F.,(5,5),(0.,1.),.PIECEWISE_BEZIER_KNOTS.);
#7198 = CARTESIAN_POINT('',(-15.41423395428,-9.72));
#7199 = CARTESIAN_POINT('',(-15.44316172,-9.749329982131));
#7200 = CARTESIAN_POINT('',(-15.47190663258,-9.778885573356));
#7201 = CARTESIAN_POINT('',(-15.50046848398,-9.808664622455));
#7202 = CARTESIAN_POINT('',(-15.52884690426,-9.838664652321));
#7203 = ( GEOMETRIC_REPRESENTATION_CONTEXT(2) 
PARAMETRIC_REPRESENTATION_CONTEXT() REPRESENTATION_CONTEXT('2D SPACE',''
  ) );
#7204 = PCURVE('',#7029,#7205);
#7205 = DEFINITIONAL_REPRESENTATION('',(#7206),#7212);
#7206 = B_SPLINE_CURVE_WITH_KNOTS('',4,(#7207,#7208,#7209,#7210,#7211),
  .UNSPECIFIED.,.F.,.F.,(5,5),(0.497156130916,1.),
  .PIECEWISE_BEZIER_KNOTS.);
#7207 = CARTESIAN_POINT('',(7.854699542928,3.997072293252));
#7208 = CARTESIAN_POINT('',(7.854699542928,4.01656867591));
#7209 = CARTESIAN_POINT('',(7.854699542928,4.036056058379));
#7210 = CARTESIAN_POINT('',(7.854699542928,4.055534276217));
#7211 = CARTESIAN_POINT('',(7.854699542928,4.075003194084));
#7212 = ( GEOMETRIC_REPRESENTATION_CONTEXT(2) 
PARAMETRIC_REPRESENTATION_CONTEXT() REPRESENTATION_CONTEXT('2D SPACE',''
  ) );
#7213 = ORIENTED_EDGE('',*,*,#7214,.F.);
#7214 = EDGE_CURVE('',#6981,#7186,#7215,.T.);
#7215 = SURFACE_CURVE('',#7216,(#7235,#7257),.PCURVE_S1.);
#7216 = B_SPLINE_CURVE_WITH_KNOTS('',5,(#7217,#7218,#7219,#7220,#7221,
    #7222,#7223,#7224,#7225,#7226,#7227,#7228,#7229,#7230,#7231,#7232,
    #7233,#7234),.UNSPECIFIED.,.F.,.F.,(6,4,4,4,6),(0.,0.250444052703,
    0.497301147553,0.747980598515,1.),.UNSPECIFIED.);
#7217 = CARTESIAN_POINT('',(-10.90398938937,-7.740026526552,2.));
#7218 = CARTESIAN_POINT('',(-11.11351200167,-7.790607415799,2.));
#7219 = CARTESIAN_POINT('',(-11.32044113906,-7.848019865239,2.));
#7220 = CARTESIAN_POINT('',(-11.52453217142,-7.912367842438,2.));
#7221 = CARTESIAN_POINT('',(-11.72553686484,-7.983710864427,2.));
#7222 = CARTESIAN_POINT('',(-12.11805909959,-8.139264006283,2.));
#7223 = CARTESIAN_POINT('',(-12.30967301338,-8.223275875279,2.));
#7224 = CARTESIAN_POINT('',(-12.49782308212,-8.314083580899,2.));
#7225 = CARTESIAN_POINT('',(-12.68229540685,-8.41163424957,2.));
#7226 = CARTESIAN_POINT('',(-13.04630303997,-8.621615760336,2.));
#7227 = CARTESIAN_POINT('',(-13.22571959908,-8.734254728442,2.));
#7228 = CARTESIAN_POINT('',(-13.40095236979,-8.853621055848,2.));
#7229 = CARTESIAN_POINT('',(-13.57184332811,-8.979548198578,2.));
#7230 = CARTESIAN_POINT('',(-13.90559375672,-9.244810940456,2.));
#7231 = CARTESIAN_POINT('',(-14.06840694517,-9.384215846886,2.));
#7232 = CARTESIAN_POINT('',(-14.22659312651,-9.52982812717,2.));
#7233 = CARTESIAN_POINT('',(-14.38008273003,-9.681399743743,2.));
#7234 = CARTESIAN_POINT('',(-14.52884690426,-9.838664652321,2.));
#7235 = PCURVE('',#6029,#7236);
#7236 = DEFINITIONAL_REPRESENTATION('',(#7237),#7256);
#7237 = B_SPLINE_CURVE_WITH_KNOTS('',5,(#7238,#7239,#7240,#7241,#7242,
    #7243,#7244,#7245,#7246,#7247,#7248,#7249,#7250,#7251,#7252,#7253,
    #7254,#7255),.UNSPECIFIED.,.F.,.F.,(6,4,4,4,6),(0.,0.250444052703,
    0.497301147553,0.747980598515,1.),.UNSPECIFIED.);
#7238 = CARTESIAN_POINT('',(-11.90398938937,-7.740026526552));
#7239 = CARTESIAN_POINT('',(-12.11351200167,-7.790607415799));
#7240 = CARTESIAN_POINT('',(-12.32044113906,-7.848019865239));
#7241 = CARTESIAN_POINT('',(-12.52453217142,-7.912367842438));
#7242 = CARTESIAN_POINT('',(-12.72553686484,-7.983710864427));
#7243 = CARTESIAN_POINT('',(-13.11805909959,-8.139264006283));
#7244 = CARTESIAN_POINT('',(-13.30967301338,-8.223275875279));
#7245 = CARTESIAN_POINT('',(-13.49782308212,-8.314083580899));
#7246 = CARTESIAN_POINT('',(-13.68229540685,-8.41163424957));
#7247 = CARTESIAN_POINT('',(-14.04630303997,-8.621615760336));
#7248 = CARTESIAN_POINT('',(-14.22571959908,-8.734254728442));
#7249 = CARTESIAN_POINT('',(-14.40095236979,-8.853621055848));
#7250 = CARTESIAN_POINT('',(-14.57184332811,-8.979548198578));
#7251 = CARTESIAN_POINT('',(-14.90559375672,-9.244810940456));
#7252 = CARTESIAN_POINT('',(-15.06840694517,-9.384215846886));
#7253 = CARTESIAN_POINT('',(-15.22659312651,-9.52982812717));
#7254 = CARTESIAN_POINT('',(-15.38008273003,-9.681399743743));
#7255 = CARTESIAN_POINT('',(-15.52884690426,-9.838664652321));
#7256 = ( GEOMETRIC_REPRESENTATION_CONTEXT(2) 
PARAMETRIC_REPRESENTATION_CONTEXT() REPRESENTATION_CONTEXT('2D SPACE',''
  ) );
#7257 = PCURVE('',#7029,#7258);
#7258 = DEFINITIONAL_REPRESENTATION('',(#7259),#7278);
#7259 = B_SPLINE_CURVE_WITH_KNOTS('',5,(#7260,#7261,#7262,#7263,#7264,
    #7265,#7266,#7267,#7268,#7269,#7270,#7271,#7272,#7273,#7274,#7275,
    #7276,#7277),.UNSPECIFIED.,.F.,.F.,(6,4,4,4,6),(0.,0.250444052703,
    0.497301147553,0.747980598515,0.980660431029),.UNSPECIFIED.);
#7260 = CARTESIAN_POINT('',(7.854699542928,0.));
#7261 = CARTESIAN_POINT('',(7.854699542928,0.201250576142));
#7262 = CARTESIAN_POINT('',(7.854699542928,0.403486033824));
#7263 = CARTESIAN_POINT('',(7.854699542928,0.606569951585));
#7264 = CARTESIAN_POINT('',(7.854699542928,0.81035463237));
#7265 = CARTESIAN_POINT('',(7.854699542928,1.216070590529));
#7266 = CARTESIAN_POINT('',(7.854699542928,1.417988381451));
#7267 = CARTESIAN_POINT('',(7.854699542928,1.620271064859));
#7268 = CARTESIAN_POINT('',(7.854699542928,1.822756969069));
#7269 = CARTESIAN_POINT('',(7.854699542928,2.230932036732));
#7270 = CARTESIAN_POINT('',(7.854699542928,2.436624400635));
#7271 = CARTESIAN_POINT('',(7.854699542928,2.642176106316));
#7272 = CARTESIAN_POINT('',(7.854699542928,2.847416471526));
#7273 = CARTESIAN_POINT('',(7.854699542928,3.24223579797));
#7274 = CARTESIAN_POINT('',(7.854699542928,3.431882746429));
#7275 = CARTESIAN_POINT('',(7.854699542928,3.620984571726));
#7276 = CARTESIAN_POINT('',(7.854699542928,3.809419061611));
#7277 = CARTESIAN_POINT('',(7.854699542928,3.997072281378));
#7278 = ( GEOMETRIC_REPRESENTATION_CONTEXT(2) 
PARAMETRIC_REPRESENTATION_CONTEXT() REPRESENTATION_CONTEXT('2D SPACE',''
  ) );
#7279 = ADVANCED_FACE('',(#7280,#7283,#7568),#6643,.T.);
#7280 = FACE_BOUND('',#7281,.T.);
#7281 = EDGE_LOOP('',(#7282));
#7282 = ORIENTED_EDGE('',*,*,#6279,.T.);
#7283 = FACE_BOUND('',#7284,.T.);
#7284 = EDGE_LOOP('',(#7285,#7316,#7400,#7456,#7485,#7514));
#7285 = ORIENTED_EDGE('',*,*,#7286,.F.);
#7286 = EDGE_CURVE('',#7287,#7289,#7291,.T.);
#7287 = VERTEX_POINT('',#7288);
#7288 = CARTESIAN_POINT('',(-11.18222158456,7.287408151338,2.));
#7289 = VERTEX_POINT('',#7290);
#7290 = CARTESIAN_POINT('',(-10.81777841543,7.712591848662,2.));
#7291 = SURFACE_CURVE('',#7292,(#7297,#7304),.PCURVE_S1.);
#7292 = CIRCLE('',#7293,0.28);
#7293 = AXIS2_PLACEMENT_3D('',#7294,#7295,#7296);
#7294 = CARTESIAN_POINT('',(-11.,7.5,2.));
#7295 = DIRECTION('',(7.88860905221E-31,1.253357208128E-14,1.));
#7296 = DIRECTION('',(-0.650791373456,-0.759256602365,9.51619735393E-15)
  );
#7297 = PCURVE('',#6643,#7298);
#7298 = DEFINITIONAL_REPRESENTATION('',(#7299),#7303);
#7299 = CIRCLE('',#7300,0.28);
#7300 = AXIS2_PLACEMENT_2D('',#7301,#7302);
#7301 = CARTESIAN_POINT('',(-12.,7.5));
#7302 = DIRECTION('',(-0.650791373456,-0.759256602365));
#7303 = ( GEOMETRIC_REPRESENTATION_CONTEXT(2) 
PARAMETRIC_REPRESENTATION_CONTEXT() REPRESENTATION_CONTEXT('2D SPACE',''
  ) );
#7304 = PCURVE('',#7305,#7310);
#7305 = SPHERICAL_SURFACE('',#7306,0.28);
#7306 = AXIS2_PLACEMENT_3D('',#7307,#7308,#7309);
#7307 = CARTESIAN_POINT('',(-11.,7.5,2.));
#7308 = DIRECTION('',(0.,0.,1.));
#7309 = DIRECTION('',(1.,0.,-0.));
#7310 = DEFINITIONAL_REPRESENTATION('',(#7311),#7315);
#7311 = LINE('',#7312,#7313);
#7312 = CARTESIAN_POINT('',(4.003762708257,0.));
#7313 = VECTOR('',#7314,1.);
#7314 = DIRECTION('',(1.,0.));
#7315 = ( GEOMETRIC_REPRESENTATION_CONTEXT(2) 
PARAMETRIC_REPRESENTATION_CONTEXT() REPRESENTATION_CONTEXT('2D SPACE',''
  ) );
#7316 = ORIENTED_EDGE('',*,*,#7317,.T.);
#7317 = EDGE_CURVE('',#7287,#7318,#7320,.T.);
#7318 = VERTEX_POINT('',#7319);
#7319 = CARTESIAN_POINT('',(-11.21879286841,7.325272553007,2.));
#7320 = SURFACE_CURVE('',#7321,(#7331,#7344),.PCURVE_S1.);
#7321 = B_SPLINE_CURVE_WITH_KNOTS('',8,(#7322,#7323,#7324,#7325,#7326,
    #7327,#7328,#7329,#7330),.UNSPECIFIED.,.F.,.F.,(9,9),(0.,1.),
  .PIECEWISE_BEZIER_KNOTS.);
#7322 = CARTESIAN_POINT('',(-11.18222158456,7.287408151338,2.));
#7323 = CARTESIAN_POINT('',(-11.19441136688,7.300055717958,2.));
#7324 = CARTESIAN_POINT('',(-11.20661029653,7.312692346811,2.));
#7325 = CARTESIAN_POINT('',(-11.2188193788,7.325319063499,2.));
#7326 = CARTESIAN_POINT('',(-11.23103542565,7.337932593946,2.));
#7327 = CARTESIAN_POINT('',(-11.24326445043,7.350539098729,2.));
#7328 = CARTESIAN_POINT('',(-11.25549905672,7.363130989122,2.));
#7329 = CARTESIAN_POINT('',(-11.26774521554,7.37571438194,2.));
#7330 = CARTESIAN_POINT('',(-11.28,7.388286271653,2.));
#7331 = PCURVE('',#6643,#7332);
#7332 = DEFINITIONAL_REPRESENTATION('',(#7333),#7343);
#7333 = B_SPLINE_CURVE_WITH_KNOTS('',8,(#7334,#7335,#7336,#7337,#7338,
    #7339,#7340,#7341,#7342),.UNSPECIFIED.,.F.,.F.,(9,9),(0.,1.),
  .PIECEWISE_BEZIER_KNOTS.);
#7334 = CARTESIAN_POINT('',(-12.18222158456,7.287408151338));
#7335 = CARTESIAN_POINT('',(-12.19441136688,7.300055717958));
#7336 = CARTESIAN_POINT('',(-12.20661029653,7.312692346811));
#7337 = CARTESIAN_POINT('',(-12.2188193788,7.325319063499));
#7338 = CARTESIAN_POINT('',(-12.23103542565,7.337932593946));
#7339 = CARTESIAN_POINT('',(-12.24326445043,7.350539098729));
#7340 = CARTESIAN_POINT('',(-12.25549905672,7.363130989122));
#7341 = CARTESIAN_POINT('',(-12.26774521554,7.37571438194));
#7342 = CARTESIAN_POINT('',(-12.28,7.388286271653));
#7343 = ( GEOMETRIC_REPRESENTATION_CONTEXT(2) 
PARAMETRIC_REPRESENTATION_CONTEXT() REPRESENTATION_CONTEXT('2D SPACE',''
  ) );
#7344 = PCURVE('',#7345,#7388);
#7345 = ( BOUNDED_SURFACE() B_SPLINE_SURFACE(6,5,(
    (#7346,#7347,#7348,#7349,#7350,#7351)
    ,(#7352,#7353,#7354,#7355,#7356,#7357)
    ,(#7358,#7359,#7360,#7361,#7362,#7363)
    ,(#7364,#7365,#7366,#7367,#7368,#7369)
    ,(#7370,#7371,#7372,#7373,#7374,#7375)
    ,(#7376,#7377,#7378,#7379,#7380,#7381)
    ,(#7382,#7383,#7384,#7385,#7386,#7387
)),.UNSPECIFIED.,.T.,.F.,.F.) B_SPLINE_SURFACE_WITH_KNOTS((1,6,6,1),(6,6
    ),(-6.28318530718,0.,6.28318530718,12.566370614359),(0.,
8.108343365554),.UNSPECIFIED.) GEOMETRIC_REPRESENTATION_ITEM() 
RATIONAL_B_SPLINE_SURFACE((
    (1.669078461068,1.669078461068,1.669078461068,1.669078461068
      ,1.669078461068,1.669078461068)
    ,(1.03672962321,1.03672962321,1.03672962321,1.03672962321
      ,1.03672962321,1.03672962321)
    ,(1.038346699848,1.038346699848,1.038346699848,1.038346699848
      ,1.038346699848,1.038346699848)
    ,(0.853534330196,0.853534330196,0.853534330196,0.853534330196
      ,0.853534330196,0.853534330196)
    ,(1.038346699848,1.038346699848,1.038346699848,1.038346699848
      ,1.038346699848,1.038346699848)
    ,(1.03672962321,1.03672962321,1.03672962321,1.03672962321
      ,1.03672962321,1.03672962321)
    ,(1.669078461068,1.669078461068,1.669078461068,1.669078461068
,1.669078461068,1.669078461068))) REPRESENTATION_ITEM('') SURFACE() );
#7346 = CARTESIAN_POINT('',(-11.,7.5,2.28));
#7347 = CARTESIAN_POINT('',(-12.14069323186,8.681026334039,2.28));
#7348 = CARTESIAN_POINT('',(-13.36103984779,9.751539501058,2.28));
#7349 = CARTESIAN_POINT('',(-14.66103984779,10.711539501058,2.28));
#7350 = CARTESIAN_POINT('',(-16.04069323186,11.561026334039,2.28));
#7351 = CARTESIAN_POINT('',(-17.5,12.3,2.28));
#7352 = CARTESIAN_POINT('',(-10.69723098794,7.853230514068,2.28));
#7353 = CARTESIAN_POINT('',(-11.86099782592,9.054034224775,2.28));
#7354 = CARTESIAN_POINT('',(-13.10671174881,10.143022620568,2.28));
#7355 = CARTESIAN_POINT('',(-14.43400117032,11.119466769686,2.28));
#7356 = CARTESIAN_POINT('',(-15.84196655463,11.982791924271,2.28));
#7357 = CARTESIAN_POINT('',(-17.32977069349,12.732969807188,2.28));
#7358 = CARTESIAN_POINT('',(-10.65375851066,7.90394840422,1.704726506647
    ));
#7359 = CARTESIAN_POINT('',(-11.82083832579,9.107591809624,
    1.704726506647));
#7360 = CARTESIAN_POINT('',(-13.07019456223,10.199232933837,
    1.704726506647));
#7361 = CARTESIAN_POINT('',(-14.40140228023,11.178038182903,
    1.704726506647));
#7362 = CARTESIAN_POINT('',(-15.81343278593,12.043350284955,
    1.704726506647));
#7363 = CARTESIAN_POINT('',(-17.30532866222,12.795136902742,
    1.704726506647));
#7364 = CARTESIAN_POINT('',(-11.,7.5,1.230247262118));
#7365 = CARTESIAN_POINT('',(-12.14069323186,8.681026334039,
    1.230247262118));
#7366 = CARTESIAN_POINT('',(-13.36103984779,9.751539501058,
    1.230247262118));
#7367 = CARTESIAN_POINT('',(-14.66103984779,10.711539501058,
    1.230247262118));
#7368 = CARTESIAN_POINT('',(-16.04069323186,11.561026334039,
    1.230247262118));
#7369 = CARTESIAN_POINT('',(-17.5,12.3,1.230247262118));
#7370 = CARTESIAN_POINT('',(-11.34624148933,7.09605159578,1.704726506647
    ));
#7371 = CARTESIAN_POINT('',(-12.46054813793,8.254460858454,
    1.704726506647));
#7372 = CARTESIAN_POINT('',(-13.65188513336,9.30384606828,1.704726506647
    ));
#7373 = CARTESIAN_POINT('',(-14.92067741536,10.245040819214,
    1.704726506647));
#7374 = CARTESIAN_POINT('',(-16.26795367779,11.078702383123,
    1.704726506647));
#7375 = CARTESIAN_POINT('',(-17.69467133777,11.804863097258,
    1.704726506647));
#7376 = CARTESIAN_POINT('',(-11.30276901205,7.146769485932,2.28));
#7377 = CARTESIAN_POINT('',(-12.42038863781,8.308018443303,2.28));
#7378 = CARTESIAN_POINT('',(-13.61536794678,9.360056381549,2.28));
#7379 = CARTESIAN_POINT('',(-14.88807852527,10.303612232431,2.28));
#7380 = CARTESIAN_POINT('',(-16.23941990909,11.139260743807,2.28));
#7381 = CARTESIAN_POINT('',(-17.6702293065,11.867030192812,2.28));
#7382 = CARTESIAN_POINT('',(-11.,7.5,2.28));
#7383 = CARTESIAN_POINT('',(-12.14069323186,8.681026334039,2.28));
#7384 = CARTESIAN_POINT('',(-13.36103984779,9.751539501058,2.28));
#7385 = CARTESIAN_POINT('',(-14.66103984779,10.711539501058,2.28));
#7386 = CARTESIAN_POINT('',(-16.04069323186,11.561026334039,2.28));
#7387 = CARTESIAN_POINT('',(-17.5,12.3,2.28));
#7388 = DEFINITIONAL_REPRESENTATION('',(#7389),#7399);
#7389 = B_SPLINE_CURVE_WITH_KNOTS('',8,(#7390,#7391,#7392,#7393,#7394,
    #7395,#7396,#7397,#7398),.UNSPECIFIED.,.F.,.F.,(9,9),(0.,
    0.374645449334),.PIECEWISE_BEZIER_KNOTS.);
#7390 = CARTESIAN_POINT('',(4.711671071431,0.));
#7391 = CARTESIAN_POINT('',(4.711671071431,6.572479539144E-03));
#7392 = CARTESIAN_POINT('',(4.711671071431,1.314517355719E-02));
#7393 = CARTESIAN_POINT('',(4.711671071431,1.971800603974E-02));
#7394 = CARTESIAN_POINT('',(4.711671071431,2.629101904998E-02));
#7395 = CARTESIAN_POINT('',(4.711671071431,3.28642313686E-02));
#7396 = CARTESIAN_POINT('',(4.711671071431,3.943763952228E-02));
#7397 = CARTESIAN_POINT('',(4.711671071431,4.601123466868E-02));
#7398 = CARTESIAN_POINT('',(4.711671071431,5.258501085826E-02));
#7399 = ( GEOMETRIC_REPRESENTATION_CONTEXT(2) 
PARAMETRIC_REPRESENTATION_CONTEXT() REPRESENTATION_CONTEXT('2D SPACE',''
  ) );
#7400 = ORIENTED_EDGE('',*,*,#7401,.T.);
#7401 = EDGE_CURVE('',#7318,#7402,#7404,.T.);
#7402 = VERTEX_POINT('',#7403);
#7403 = CARTESIAN_POINT('',(-17.60245253885,12.039417043377,2.));
#7404 = SURFACE_CURVE('',#7405,(#7420,#7438),.PCURVE_S1.);
#7405 = B_SPLINE_CURVE_WITH_KNOTS('',4,(#7406,#7407,#7408,#7409,#7410,
    #7411,#7412,#7413,#7414,#7415,#7416,#7417,#7418,#7419),
  .UNSPECIFIED.,.F.,.F.,(5,3,3,3,5),(0.,0.271629521168,0.541147127704,
    0.770714314572,1.),.UNSPECIFIED.);
#7406 = CARTESIAN_POINT('',(-11.18222158456,7.287408151338,2.));
#7407 = CARTESIAN_POINT('',(-11.56261556953,7.682087739552,2.));
#7408 = CARTESIAN_POINT('',(-11.95356739932,8.064510790255,2.));
#7409 = CARTESIAN_POINT('',(-12.35495913822,8.434276441184,2.));
#7410 = CARTESIAN_POINT('',(-13.1750029099,9.145086092253,2.));
#7411 = CARTESIAN_POINT('',(-13.59349688024,9.486331856896,2.));
#7412 = CARTESIAN_POINT('',(-14.02185765872,9.814496979039,2.));
#7413 = CARTESIAN_POINT('',(-14.83282003089,10.397575855445,2.));
#7414 = CARTESIAN_POINT('',(-15.21279295085,10.656137502989,2.));
#7415 = CARTESIAN_POINT('',(-15.5995368771,10.904930268131,2.));
#7416 = CARTESIAN_POINT('',(-16.38565300174,11.382544655265,2.));
#7417 = CARTESIAN_POINT('',(-16.78500952361,11.611390474004,2.));
#7418 = CARTESIAN_POINT('',(-17.19069061218,11.830351809046,2.));
#7419 = CARTESIAN_POINT('',(-17.60245253885,12.039417043377,2.));
#7420 = PCURVE('',#6643,#7421);
#7421 = DEFINITIONAL_REPRESENTATION('',(#7422),#7437);
#7422 = B_SPLINE_CURVE_WITH_KNOTS('',4,(#7423,#7424,#7425,#7426,#7427,
    #7428,#7429,#7430,#7431,#7432,#7433,#7434,#7435,#7436),
  .UNSPECIFIED.,.F.,.F.,(5,3,3,3,5),(0.,0.271629521168,0.541147127704,
    0.770714314572,1.),.UNSPECIFIED.);
#7423 = CARTESIAN_POINT('',(-12.18222158456,7.287408151338));
#7424 = CARTESIAN_POINT('',(-12.56261556953,7.682087739552));
#7425 = CARTESIAN_POINT('',(-12.95356739932,8.064510790255));
#7426 = CARTESIAN_POINT('',(-13.35495913822,8.434276441184));
#7427 = CARTESIAN_POINT('',(-14.1750029099,9.145086092253));
#7428 = CARTESIAN_POINT('',(-14.59349688024,9.486331856896));
#7429 = CARTESIAN_POINT('',(-15.02185765872,9.814496979039));
#7430 = CARTESIAN_POINT('',(-15.83282003089,10.397575855445));
#7431 = CARTESIAN_POINT('',(-16.21279295085,10.656137502989));
#7432 = CARTESIAN_POINT('',(-16.5995368771,10.904930268131));
#7433 = CARTESIAN_POINT('',(-17.38565300174,11.382544655265));
#7434 = CARTESIAN_POINT('',(-17.78500952361,11.611390474004));
#7435 = CARTESIAN_POINT('',(-18.19069061218,11.830351809046));
#7436 = CARTESIAN_POINT('',(-18.60245253885,12.039417043377));
#7437 = ( GEOMETRIC_REPRESENTATION_CONTEXT(2) 
PARAMETRIC_REPRESENTATION_CONTEXT() REPRESENTATION_CONTEXT('2D SPACE',''
  ) );
#7438 = PCURVE('',#7345,#7439);
#7439 = DEFINITIONAL_REPRESENTATION('',(#7440),#7455);
#7440 = B_SPLINE_CURVE_WITH_KNOTS('',4,(#7441,#7442,#7443,#7444,#7445,
    #7446,#7447,#7448,#7449,#7450,#7451,#7452,#7453,#7454),
  .UNSPECIFIED.,.F.,.F.,(5,3,3,3,5),(6.522133589172E-03,0.271629521168,
    0.541147127704,0.770714314572,1.),.UNSPECIFIED.);
#7441 = CARTESIAN_POINT('',(4.711671071431,5.258500382407E-02));
#7442 = CARTESIAN_POINT('',(4.711671071431,0.586997514195));
#7443 = CARTESIAN_POINT('',(4.711671071431,1.122823605033));
#7444 = CARTESIAN_POINT('',(4.711671071431,1.659731374376));
#7445 = CARTESIAN_POINT('',(4.711671071431,2.743934518981));
#7446 = CARTESIAN_POINT('',(4.711671071431,3.291255054945));
#7447 = CARTESIAN_POINT('',(4.711671071431,3.838944288781));
#7448 = CARTESIAN_POINT('',(4.711671071431,4.853102542823));
#7449 = CARTESIAN_POINT('',(4.711671071431,5.319577577357));
#7450 = CARTESIAN_POINT('',(4.711671071431,5.78579918451));
#7451 = CARTESIAN_POINT('',(4.711671071431,6.716695190207));
#7452 = CARTESIAN_POINT('',(4.711671071431,7.181371212949));
#7453 = CARTESIAN_POINT('',(4.711671071431,7.645327164109));
#7454 = CARTESIAN_POINT('',(4.711671071431,8.108343365554));
#7455 = ( GEOMETRIC_REPRESENTATION_CONTEXT(2) 
PARAMETRIC_REPRESENTATION_CONTEXT() REPRESENTATION_CONTEXT('2D SPACE',''
  ) );
#7456 = ORIENTED_EDGE('',*,*,#7457,.F.);
#7457 = EDGE_CURVE('',#7458,#7402,#7460,.T.);
#7458 = VERTEX_POINT('',#7459);
#7459 = CARTESIAN_POINT('',(-17.39754746114,12.560582956623,2.));
#7460 = SURFACE_CURVE('',#7461,(#7466,#7473),.PCURVE_S1.);
#7461 = CIRCLE('',#7462,0.28);
#7462 = AXIS2_PLACEMENT_3D('',#7463,#7464,#7465);
#7463 = CARTESIAN_POINT('',(-17.5,12.3,2.));
#7464 = DIRECTION('',(0.,0.,1.));
#7465 = DIRECTION('',(1.,0.,-0.));
#7466 = PCURVE('',#6643,#7467);
#7467 = DEFINITIONAL_REPRESENTATION('',(#7468),#7472);
#7468 = CIRCLE('',#7469,0.28);
#7469 = AXIS2_PLACEMENT_2D('',#7470,#7471);
#7470 = CARTESIAN_POINT('',(-18.5,12.3));
#7471 = DIRECTION('',(1.,0.));
#7472 = ( GEOMETRIC_REPRESENTATION_CONTEXT(2) 
PARAMETRIC_REPRESENTATION_CONTEXT() REPRESENTATION_CONTEXT('2D SPACE',''
  ) );
#7473 = PCURVE('',#7474,#7479);
#7474 = SPHERICAL_SURFACE('',#7475,0.28);
#7475 = AXIS2_PLACEMENT_3D('',#7476,#7477,#7478);
#7476 = CARTESIAN_POINT('',(-17.5,12.3,2.));
#7477 = DIRECTION('',(0.,0.,1.));
#7478 = DIRECTION('',(1.,0.,-0.));
#7479 = DEFINITIONAL_REPRESENTATION('',(#7480),#7484);
#7480 = LINE('',#7481,#7482);
#7481 = CARTESIAN_POINT('',(0.,0.));
#7482 = VECTOR('',#7483,1.);
#7483 = DIRECTION('',(1.,0.));
#7484 = ( GEOMETRIC_REPRESENTATION_CONTEXT(2) 
PARAMETRIC_REPRESENTATION_CONTEXT() REPRESENTATION_CONTEXT('2D SPACE',''
  ) );
#7485 = ORIENTED_EDGE('',*,*,#7486,.F.);
#7486 = EDGE_CURVE('',#7487,#7458,#7489,.T.);
#7487 = VERTEX_POINT('',#7488);
#7488 = CARTESIAN_POINT('',(-17.35058386834,12.536801223818,2.));
#7489 = SURFACE_CURVE('',#7490,(#7496,#7505),.PCURVE_S1.);
#7490 = B_SPLINE_CURVE_WITH_KNOTS('',4,(#7491,#7492,#7493,#7494,#7495),
  .UNSPECIFIED.,.F.,.F.,(5,5),(0.,1.),.PIECEWISE_BEZIER_KNOTS.);
#7491 = CARTESIAN_POINT('',(-17.22,12.470022700822,2.));
#7492 = CARTESIAN_POINT('',(-17.26428403292,12.492832486912,2.));
#7493 = CARTESIAN_POINT('',(-17.30863674636,12.515529095819,2.));
#7494 = CARTESIAN_POINT('',(-17.35305805605,12.538112622692,2.));
#7495 = CARTESIAN_POINT('',(-17.39754746114,12.560582956623,2.));
#7496 = PCURVE('',#6643,#7497);
#7497 = DEFINITIONAL_REPRESENTATION('',(#7498),#7504);
#7498 = B_SPLINE_CURVE_WITH_KNOTS('',4,(#7499,#7500,#7501,#7502,#7503),
  .UNSPECIFIED.,.F.,.F.,(5,5),(0.,1.),.PIECEWISE_BEZIER_KNOTS.);
#7499 = CARTESIAN_POINT('',(-18.22,12.470022700822));
#7500 = CARTESIAN_POINT('',(-18.26428403292,12.492832486912));
#7501 = CARTESIAN_POINT('',(-18.30863674636,12.515529095819));
#7502 = CARTESIAN_POINT('',(-18.35305805605,12.538112622692));
#7503 = CARTESIAN_POINT('',(-18.39754746114,12.560582956623));
#7504 = ( GEOMETRIC_REPRESENTATION_CONTEXT(2) 
PARAMETRIC_REPRESENTATION_CONTEXT() REPRESENTATION_CONTEXT('2D SPACE',''
  ) );
#7505 = PCURVE('',#7345,#7506);
#7506 = DEFINITIONAL_REPRESENTATION('',(#7507),#7513);
#7507 = B_SPLINE_CURVE_WITH_KNOTS('',4,(#7508,#7509,#7510,#7511,#7512),
  .UNSPECIFIED.,.F.,.F.,(5,5),(0.73593647127,1.),
  .PIECEWISE_BEZIER_KNOTS.);
#7508 = CARTESIAN_POINT('',(7.854699542928,8.056725380999));
#7509 = CARTESIAN_POINT('',(7.854699542928,8.069630914606));
#7510 = CARTESIAN_POINT('',(7.854699542928,8.08253575813));
#7511 = CARTESIAN_POINT('',(7.854699542928,8.09543990865));
#7512 = CARTESIAN_POINT('',(7.854699542928,8.108343365554));
#7513 = ( GEOMETRIC_REPRESENTATION_CONTEXT(2) 
PARAMETRIC_REPRESENTATION_CONTEXT() REPRESENTATION_CONTEXT('2D SPACE',''
  ) );
#7514 = ORIENTED_EDGE('',*,*,#7515,.F.);
#7515 = EDGE_CURVE('',#7289,#7487,#7516,.T.);
#7516 = SURFACE_CURVE('',#7517,(#7532,#7550),.PCURVE_S1.);
#7517 = B_SPLINE_CURVE_WITH_KNOTS('',4,(#7518,#7519,#7520,#7521,#7522,
    #7523,#7524,#7525,#7526,#7527,#7528,#7529,#7530,#7531),
  .UNSPECIFIED.,.F.,.F.,(5,3,3,3,5),(0.,0.26460392006,0.528170833364,
    0.763732949142,1.),.UNSPECIFIED.);
#7518 = CARTESIAN_POINT('',(-10.81777841543,7.712591848662,2.));
#7519 = CARTESIAN_POINT('',(-11.19756415138,8.104992131107,2.));
#7520 = CARTESIAN_POINT('',(-11.5876726022,8.48555003378,2.));
#7521 = CARTESIAN_POINT('',(-11.98797618013,8.853863645806,2.));
#7522 = CARTESIAN_POINT('',(-12.80692204537,9.563964079065,2.));
#7523 = CARTESIAN_POINT('',(-13.22548684443,9.905850043823,2.));
#7524 = CARTESIAN_POINT('',(-13.65372759571,10.234951007786,2.));
#7525 = CARTESIAN_POINT('',(-14.48245692349,10.833557700021,2.));
#7526 = CARTESIAN_POINT('',(-14.88106006774,11.105680559269,2.));
#7527 = CARTESIAN_POINT('',(-15.28693414666,11.367259896776,2.));
#7528 = CARTESIAN_POINT('',(-16.11394055769,11.86991062094,2.));
#7529 = CARTESIAN_POINT('',(-16.53511546444,12.110918454132,2.));
#7530 = CARTESIAN_POINT('',(-16.96308224448,12.341146925072,2.));
#7531 = CARTESIAN_POINT('',(-17.39754746114,12.560582956623,2.));
#7532 = PCURVE('',#6643,#7533);
#7533 = DEFINITIONAL_REPRESENTATION('',(#7534),#7549);
#7534 = B_SPLINE_CURVE_WITH_KNOTS('',4,(#7535,#7536,#7537,#7538,#7539,
    #7540,#7541,#7542,#7543,#7544,#7545,#7546,#7547,#7548),
  .UNSPECIFIED.,.F.,.F.,(5,3,3,3,5),(0.,0.26460392006,0.528170833364,
    0.763732949142,1.),.UNSPECIFIED.);
#7535 = CARTESIAN_POINT('',(-11.81777841543,7.712591848662));
#7536 = CARTESIAN_POINT('',(-12.19756415138,8.104992131107));
#7537 = CARTESIAN_POINT('',(-12.5876726022,8.48555003378));
#7538 = CARTESIAN_POINT('',(-12.98797618013,8.853863645806));
#7539 = CARTESIAN_POINT('',(-13.80692204537,9.563964079065));
#7540 = CARTESIAN_POINT('',(-14.22548684443,9.905850043823));
#7541 = CARTESIAN_POINT('',(-14.65372759571,10.234951007786));
#7542 = CARTESIAN_POINT('',(-15.48245692349,10.833557700021));
#7543 = CARTESIAN_POINT('',(-15.88106006774,11.105680559269));
#7544 = CARTESIAN_POINT('',(-16.28693414666,11.367259896776));
#7545 = CARTESIAN_POINT('',(-17.11394055769,11.86991062094));
#7546 = CARTESIAN_POINT('',(-17.53511546444,12.110918454132));
#7547 = CARTESIAN_POINT('',(-17.96308224448,12.341146925072));
#7548 = CARTESIAN_POINT('',(-18.39754746114,12.560582956623));
#7549 = ( GEOMETRIC_REPRESENTATION_CONTEXT(2) 
PARAMETRIC_REPRESENTATION_CONTEXT() REPRESENTATION_CONTEXT('2D SPACE',''
  ) );
#7550 = PCURVE('',#7345,#7551);
#7551 = DEFINITIONAL_REPRESENTATION('',(#7552),#7567);
#7552 = B_SPLINE_CURVE_WITH_KNOTS('',4,(#7553,#7554,#7555,#7556,#7557,
    #7558,#7559,#7560,#7561,#7562,#7563,#7564,#7565,#7566),
  .UNSPECIFIED.,.F.,.F.,(5,3,3,3,5),(0.,0.26460392006,0.528170833364,
    0.763732949142,0.993611289018),.UNSPECIFIED.);
#7553 = CARTESIAN_POINT('',(7.854699542928,0.));
#7554 = CARTESIAN_POINT('',(7.854699542928,0.533429112482));
#7555 = CARTESIAN_POINT('',(7.854699542928,1.068221167149));
#7556 = CARTESIAN_POINT('',(7.854699542928,1.604059491992));
#7557 = CARTESIAN_POINT('',(7.854699542928,2.675043043737));
#7558 = CARTESIAN_POINT('',(7.854699542928,3.210183556678));
#7559 = CARTESIAN_POINT('',(7.854699542928,3.745686472197));
#7560 = CARTESIAN_POINT('',(7.854699542928,4.759823594854));
#7561 = CARTESIAN_POINT('',(7.854699542928,5.238455183442));
#7562 = CARTESIAN_POINT('',(7.854699542928,5.716852950516));
#7563 = CARTESIAN_POINT('',(7.854699542928,6.661164154785));
#7564 = CARTESIAN_POINT('',(7.854699542928,7.127100747622));
#7565 = CARTESIAN_POINT('',(7.854699542928,7.592358798652));
#7566 = CARTESIAN_POINT('',(7.854699542928,8.056725361349));
#7567 = ( GEOMETRIC_REPRESENTATION_CONTEXT(2) 
PARAMETRIC_REPRESENTATION_CONTEXT() REPRESENTATION_CONTEXT('2D SPACE',''
  ) );
#7568 = FACE_BOUND('',#7569,.T.);
#7569 = EDGE_LOOP('',(#7570,#7601,#7688,#7744,#7773,#7802));
#7570 = ORIENTED_EDGE('',*,*,#7571,.F.);
#7571 = EDGE_CURVE('',#7572,#7574,#7576,.T.);
#7572 = VERTEX_POINT('',#7573);
#7573 = CARTESIAN_POINT('',(-10.73297408241,8.644683945057,2.));
#7574 = VERTEX_POINT('',#7575);
#7575 = CARTESIAN_POINT('',(-10.26702591758,8.955316054943,2.));
#7576 = SURFACE_CURVE('',#7577,(#7582,#7589),.PCURVE_S1.);
#7577 = CIRCLE('',#7578,0.28);
#7578 = AXIS2_PLACEMENT_3D('',#7579,#7580,#7581);
#7579 = CARTESIAN_POINT('',(-10.5,8.8,2.));
#7580 = DIRECTION('',(3.155443620884E-30,3.431113750703E-14,1.));
#7581 = DIRECTION('',(-0.832050294338,-0.554700196225,1.903239470786E-14
    ));
#7582 = PCURVE('',#6643,#7583);
#7583 = DEFINITIONAL_REPRESENTATION('',(#7584),#7588);
#7584 = CIRCLE('',#7585,0.28);
#7585 = AXIS2_PLACEMENT_2D('',#7586,#7587);
#7586 = CARTESIAN_POINT('',(-11.5,8.8));
#7587 = DIRECTION('',(-0.832050294338,-0.554700196225));
#7588 = ( GEOMETRIC_REPRESENTATION_CONTEXT(2) 
PARAMETRIC_REPRESENTATION_CONTEXT() REPRESENTATION_CONTEXT('2D SPACE',''
  ) );
#7589 = PCURVE('',#7590,#7595);
#7590 = SPHERICAL_SURFACE('',#7591,0.28);
#7591 = AXIS2_PLACEMENT_3D('',#7592,#7593,#7594);
#7592 = CARTESIAN_POINT('',(-10.5,8.8,2.));
#7593 = DIRECTION('',(0.,0.,1.));
#7594 = DIRECTION('',(1.,0.,-0.));
#7595 = DEFINITIONAL_REPRESENTATION('',(#7596),#7600);
#7596 = LINE('',#7597,#7598);
#7597 = CARTESIAN_POINT('',(3.729595257137,0.));
#7598 = VECTOR('',#7599,1.);
#7599 = DIRECTION('',(1.,0.));
#7600 = ( GEOMETRIC_REPRESENTATION_CONTEXT(2) 
PARAMETRIC_REPRESENTATION_CONTEXT() REPRESENTATION_CONTEXT('2D SPACE',''
  ) );
#7601 = ORIENTED_EDGE('',*,*,#7602,.T.);
#7602 = EDGE_CURVE('',#7572,#7603,#7605,.T.);
#7603 = VERTEX_POINT('',#7604);
#7604 = CARTESIAN_POINT('',(-10.76347849712,8.705241984222,2.));
#7605 = SURFACE_CURVE('',#7606,(#7617,#7631),.PCURVE_S1.);
#7606 = B_SPLINE_CURVE_WITH_KNOTS('',5,(#7607,#7608,#7609,#7610,#7611,
    #7612,#7613,#7614,#7615,#7616),.UNSPECIFIED.,.F.,.F.,(6,4,6),(0.,
    0.494604669568,1.),.UNSPECIFIED.);
#7607 = CARTESIAN_POINT('',(-10.73297408241,8.644683945057,2.));
#7608 = CARTESIAN_POINT('',(-10.73759756518,8.653913727997,2.));
#7609 = CARTESIAN_POINT('',(-10.74222794345,8.663137744536,2.));
#7610 = CARTESIAN_POINT('',(-10.74686521726,8.672355995229,2.));
#7611 = CARTESIAN_POINT('',(-10.75150938667,8.681568480631,2.));
#7612 = CARTESIAN_POINT('',(-10.76091298786,8.700182782588,2.));
#7613 = CARTESIAN_POINT('',(-10.76567329865,8.709585480954,2.));
#7614 = CARTESIAN_POINT('',(-10.77044092985,8.71898239808,2.));
#7615 = CARTESIAN_POINT('',(-10.77521674291,8.72837521521,2.));
#7616 = CARTESIAN_POINT('',(-10.78,8.73776247861,2.));
#7617 = PCURVE('',#6643,#7618);
#7618 = DEFINITIONAL_REPRESENTATION('',(#7619),#7630);
#7619 = B_SPLINE_CURVE_WITH_KNOTS('',5,(#7620,#7621,#7622,#7623,#7624,
    #7625,#7626,#7627,#7628,#7629),.UNSPECIFIED.,.F.,.F.,(6,4,6),(0.,
    0.494604669568,1.),.UNSPECIFIED.);
#7620 = CARTESIAN_POINT('',(-11.73297408241,8.644683945057));
#7621 = CARTESIAN_POINT('',(-11.73759756518,8.653913727997));
#7622 = CARTESIAN_POINT('',(-11.74222794345,8.663137744536));
#7623 = CARTESIAN_POINT('',(-11.74686521726,8.672355995229));
#7624 = CARTESIAN_POINT('',(-11.75150938667,8.681568480631));
#7625 = CARTESIAN_POINT('',(-11.76091298786,8.700182782588));
#7626 = CARTESIAN_POINT('',(-11.76567329865,8.709585480954));
#7627 = CARTESIAN_POINT('',(-11.77044092985,8.71898239808));
#7628 = CARTESIAN_POINT('',(-11.77521674291,8.72837521521));
#7629 = CARTESIAN_POINT('',(-11.78,8.73776247861));
#7630 = ( GEOMETRIC_REPRESENTATION_CONTEXT(2) 
PARAMETRIC_REPRESENTATION_CONTEXT() REPRESENTATION_CONTEXT('2D SPACE',''
  ) );
#7631 = PCURVE('',#7632,#7675);
#7632 = ( BOUNDED_SURFACE() B_SPLINE_SURFACE(6,5,(
    (#7633,#7634,#7635,#7636,#7637,#7638)
    ,(#7639,#7640,#7641,#7642,#7643,#7644)
    ,(#7645,#7646,#7647,#7648,#7649,#7650)
    ,(#7651,#7652,#7653,#7654,#7655,#7656)
    ,(#7657,#7658,#7659,#7660,#7661,#7662)
    ,(#7663,#7664,#7665,#7666,#7667,#7668)
    ,(#7669,#7670,#7671,#7672,#7673,#7674
)),.UNSPECIFIED.,.T.,.F.,.F.) B_SPLINE_SURFACE_WITH_KNOTS((1,6,6,1),(6,6
    ),(-6.28318530718,0.,6.28318530718,12.566370614359),(0.,
5.726871619024),.UNSPECIFIED.) GEOMETRIC_REPRESENTATION_ITEM() 
RATIONAL_B_SPLINE_SURFACE((
    (1.669078461068,1.669078461068,1.669078461068,1.669078461068
      ,1.669078461068,1.669078461068)
    ,(1.03672962321,1.03672962321,1.03672962321,1.03672962321
      ,1.03672962321,1.03672962321)
    ,(1.038346699848,1.038346699848,1.038346699848,1.038346699848
      ,1.038346699848,1.038346699848)
    ,(0.853534330196,0.853534330196,0.853534330196,0.853534330196
      ,0.853534330196,0.853534330196)
    ,(1.038346699848,1.038346699848,1.038346699848,1.038346699848
      ,1.038346699848,1.038346699848)
    ,(1.03672962321,1.03672962321,1.03672962321,1.03672962321
      ,1.03672962321,1.03672962321)
    ,(1.669078461068,1.669078461068,1.669078461068,1.669078461068
,1.669078461068,1.669078461068))) REPRESENTATION_ITEM('') SURFACE() );
#7633 = CARTESIAN_POINT('',(-10.5,8.8,2.28));
#7634 = CARTESIAN_POINT('',(-11.0254374108,9.843107091889,2.28));
#7635 = CARTESIAN_POINT('',(-11.63815611621,10.814660637834,2.28));
#7636 = CARTESIAN_POINT('',(-12.33815611621,11.714660637834,2.28));
#7637 = CARTESIAN_POINT('',(-13.1254374108,12.543107091889,2.28));
#7638 = CARTESIAN_POINT('',(-14.,13.3,2.28));
#7639 = CARTESIAN_POINT('',(-10.11290352657,9.058064315616,2.28));
#7640 = CARTESIAN_POINT('',(-10.65780940828,10.130374113861,2.28));
#7641 = CARTESIAN_POINT('',(-11.29357179613,11.130526553529,2.28));
#7642 = CARTESIAN_POINT('',(-12.02007746787,12.057255685623,2.28));
#7643 = CARTESIAN_POINT('',(-12.83612209779,12.909192407048,2.28));
#7644 = CARTESIAN_POINT('',(-13.74038399666,13.686057510669,2.28));
#7645 = CARTESIAN_POINT('',(-10.05732306102,9.095117959314,
    1.704726506647));
#7646 = CARTESIAN_POINT('',(-10.60502428382,10.171620769188,
    1.704726506647));
#7647 = CARTESIAN_POINT('',(-11.24409535228,11.175879523267,
    1.704726506647));
#7648 = CARTESIAN_POINT('',(-11.97440678738,12.106446503824,
    1.704726506647));
#7649 = CARTESIAN_POINT('',(-12.79458134273,12.96175602786,
    1.704726506647));
#7650 = CARTESIAN_POINT('',(-13.70310755702,13.741488798848,
    1.704726506647));
#7651 = CARTESIAN_POINT('',(-10.5,8.8,1.230247262118));
#7652 = CARTESIAN_POINT('',(-11.0254374108,9.843107091889,1.230247262118
    ));
#7653 = CARTESIAN_POINT('',(-11.63815611621,10.814660637834,
    1.230247262118));
#7654 = CARTESIAN_POINT('',(-12.33815611621,11.714660637834,
    1.230247262118));
#7655 = CARTESIAN_POINT('',(-13.1254374108,12.543107091889,
    1.230247262118));
#7656 = CARTESIAN_POINT('',(-14.,13.3,1.230247262118));
#7657 = CARTESIAN_POINT('',(-10.94267693897,8.504882040686,
    1.704726506647));
#7658 = CARTESIAN_POINT('',(-11.44585053778,9.514593414591,
    1.704726506647));
#7659 = CARTESIAN_POINT('',(-12.03221688013,10.453441752401,
    1.704726506647));
#7660 = CARTESIAN_POINT('',(-12.70190544503,11.322874771844,
    1.704726506647));
#7661 = CARTESIAN_POINT('',(-13.45629347888,12.124458155919,
    1.704726506647));
#7662 = CARTESIAN_POINT('',(-14.29689244298,12.858511201152,
    1.704726506647));
#7663 = CARTESIAN_POINT('',(-10.88709647342,8.541935684384,2.28));
#7664 = CARTESIAN_POINT('',(-11.39306541332,9.555840069918,2.28));
#7665 = CARTESIAN_POINT('',(-11.98274043628,10.498794722139,2.28));
#7666 = CARTESIAN_POINT('',(-12.65623476454,11.372065590045,2.28));
#7667 = CARTESIAN_POINT('',(-13.41475272382,12.177021776731,2.28));
#7668 = CARTESIAN_POINT('',(-14.25961600333,12.913942489331,2.28));
#7669 = CARTESIAN_POINT('',(-10.5,8.8,2.28));
#7670 = CARTESIAN_POINT('',(-11.0254374108,9.843107091889,2.28));
#7671 = CARTESIAN_POINT('',(-11.63815611621,10.814660637834,2.28));
#7672 = CARTESIAN_POINT('',(-12.33815611621,11.714660637834,2.28));
#7673 = CARTESIAN_POINT('',(-13.1254374108,12.543107091889,2.28));
#7674 = CARTESIAN_POINT('',(-14.,13.3,2.28));
#7675 = DEFINITIONAL_REPRESENTATION('',(#7676),#7687);
#7676 = B_SPLINE_CURVE_WITH_KNOTS('',5,(#7677,#7678,#7679,#7680,#7681,
    #7682,#7683,#7684,#7685,#7686),.UNSPECIFIED.,.F.,.F.,(6,4,6),(0.,
    0.494604669568,0.650093353124),.UNSPECIFIED.);
#7677 = CARTESIAN_POINT('',(4.711671071431,0.));
#7678 = CARTESIAN_POINT('',(4.711671071431,1.030836891424E-02));
#7679 = CARTESIAN_POINT('',(4.711671071431,2.061673782849E-02));
#7680 = CARTESIAN_POINT('',(4.711671071431,3.092510674273E-02));
#7681 = CARTESIAN_POINT('',(4.711671071431,4.123347565697E-02));
#7682 = CARTESIAN_POINT('',(4.711671071431,5.478248262158E-02));
#7683 = CARTESIAN_POINT('',(4.711671071431,5.802320146935E-02));
#7684 = CARTESIAN_POINT('',(4.711671071431,6.126403007822E-02));
#7685 = CARTESIAN_POINT('',(4.711671071431,6.450497149919E-02));
#7686 = CARTESIAN_POINT('',(4.711671071431,6.774602053084E-02));
#7687 = ( GEOMETRIC_REPRESENTATION_CONTEXT(2) 
PARAMETRIC_REPRESENTATION_CONTEXT() REPRESENTATION_CONTEXT('2D SPACE',''
  ) );
#7688 = ORIENTED_EDGE('',*,*,#7689,.T.);
#7689 = EDGE_CURVE('',#7603,#7690,#7692,.T.);
#7690 = VERTEX_POINT('',#7691);
#7691 = CARTESIAN_POINT('',(-14.15624993847,13.067651217507,2.));
#7692 = SURFACE_CURVE('',#7693,(#7708,#7726),.PCURVE_S1.);
#7693 = B_SPLINE_CURVE_WITH_KNOTS('',5,(#7694,#7695,#7696,#7697,#7698,
    #7699,#7700,#7701,#7702,#7703,#7704,#7705,#7706,#7707),
  .UNSPECIFIED.,.F.,.F.,(6,4,4,6),(0.,0.290115164977,0.57738319291,1.),
  .UNSPECIFIED.);
#7694 = CARTESIAN_POINT('',(-10.73297408241,8.644683945057,2.));
#7695 = CARTESIAN_POINT('',(-10.88064320335,8.939473392799,2.));
#7696 = CARTESIAN_POINT('',(-11.03581923315,9.229325280904,2.));
#7697 = CARTESIAN_POINT('',(-11.19852265052,9.514036837859,2.));
#7698 = CARTESIAN_POINT('',(-11.36874305206,9.793420273621,2.));
#7699 = CARTESIAN_POINT('',(-11.72239137547,10.338497452909,2.));
#7700 = CARTESIAN_POINT('',(-11.90567333448,10.604299567678,2.));
#7701 = CARTESIAN_POINT('',(-12.09624419935,10.864541540123,2.));
#7702 = CARTESIAN_POINT('',(-12.29403237475,11.119077168863,2.));
#7703 = CARTESIAN_POINT('',(-12.80038047858,11.733665329394,2.));
#7704 = CARTESIAN_POINT('',(-13.11722682519,12.086931977505,2.));
#7705 = CARTESIAN_POINT('',(-13.44914447701,12.427179834993,2.));
#7706 = CARTESIAN_POINT('',(-13.79567597158,12.754139571357,2.));
#7707 = CARTESIAN_POINT('',(-14.15624993847,13.067651217507,2.));
#7708 = PCURVE('',#6643,#7709);
#7709 = DEFINITIONAL_REPRESENTATION('',(#7710),#7725);
#7710 = B_SPLINE_CURVE_WITH_KNOTS('',5,(#7711,#7712,#7713,#7714,#7715,
    #7716,#7717,#7718,#7719,#7720,#7721,#7722,#7723,#7724),
  .UNSPECIFIED.,.F.,.F.,(6,4,4,6),(0.,0.290115164977,0.57738319291,1.),
  .UNSPECIFIED.);
#7711 = CARTESIAN_POINT('',(-11.73297408241,8.644683945057));
#7712 = CARTESIAN_POINT('',(-11.88064320335,8.939473392799));
#7713 = CARTESIAN_POINT('',(-12.03581923315,9.229325280904));
#7714 = CARTESIAN_POINT('',(-12.19852265052,9.514036837859));
#7715 = CARTESIAN_POINT('',(-12.36874305206,9.793420273621));
#7716 = CARTESIAN_POINT('',(-12.72239137547,10.338497452909));
#7717 = CARTESIAN_POINT('',(-12.90567333448,10.604299567678));
#7718 = CARTESIAN_POINT('',(-13.09624419935,10.864541540123));
#7719 = CARTESIAN_POINT('',(-13.29403237475,11.119077168863));
#7720 = CARTESIAN_POINT('',(-13.80038047858,11.733665329394));
#7721 = CARTESIAN_POINT('',(-14.11722682519,12.086931977505));
#7722 = CARTESIAN_POINT('',(-14.44914447701,12.427179834993));
#7723 = CARTESIAN_POINT('',(-14.79567597158,12.754139571357));
#7724 = CARTESIAN_POINT('',(-15.15624993847,13.067651217507));
#7725 = ( GEOMETRIC_REPRESENTATION_CONTEXT(2) 
PARAMETRIC_REPRESENTATION_CONTEXT() REPRESENTATION_CONTEXT('2D SPACE',''
  ) );
#7726 = PCURVE('',#7632,#7727);
#7727 = DEFINITIONAL_REPRESENTATION('',(#7728),#7743);
#7728 = B_SPLINE_CURVE_WITH_KNOTS('',5,(#7729,#7730,#7731,#7732,#7733,
    #7734,#7735,#7736,#7737,#7738,#7739,#7740,#7741,#7742),
  .UNSPECIFIED.,.F.,.F.,(6,4,4,6),(1.193604077398E-02,0.290115164977,
    0.57738319291,1.),.UNSPECIFIED.);
#7729 = CARTESIAN_POINT('',(4.711671071431,6.774605874537E-02));
#7730 = CARTESIAN_POINT('',(4.711671071431,0.38360362619));
#7731 = CARTESIAN_POINT('',(4.711671071431,0.700412720824));
#7732 = CARTESIAN_POINT('',(4.711671071431,1.018029815323));
#7733 = CARTESIAN_POINT('',(4.711671071431,1.336301783017));
#7734 = CARTESIAN_POINT('',(4.711671071431,1.984244943665));
#7735 = CARTESIAN_POINT('',(4.711671071431,2.313949827639));
#7736 = CARTESIAN_POINT('',(4.711671071431,2.644000945147));
#7737 = CARTESIAN_POINT('',(4.711671071431,2.974214983938));
#7738 = CARTESIAN_POINT('',(4.711671071431,3.79016666829));
#7739 = CARTESIAN_POINT('',(4.711671071431,4.275880809911));
#7740 = CARTESIAN_POINT('',(4.711671071431,4.760947298382));
#7741 = CARTESIAN_POINT('',(4.711671071431,5.244791635027));
#7742 = CARTESIAN_POINT('',(4.711671071431,5.726871619024));
#7743 = ( GEOMETRIC_REPRESENTATION_CONTEXT(2) 
PARAMETRIC_REPRESENTATION_CONTEXT() REPRESENTATION_CONTEXT('2D SPACE',''
  ) );
#7744 = ORIENTED_EDGE('',*,*,#7745,.F.);
#7745 = EDGE_CURVE('',#7746,#7690,#7748,.T.);
#7746 = VERTEX_POINT('',#7747);
#7747 = CARTESIAN_POINT('',(-13.84375006152,13.532348782493,2.));
#7748 = SURFACE_CURVE('',#7749,(#7754,#7761),.PCURVE_S1.);
#7749 = CIRCLE('',#7750,0.28);
#7750 = AXIS2_PLACEMENT_3D('',#7751,#7752,#7753);
#7751 = CARTESIAN_POINT('',(-14.,13.3,2.));
#7752 = DIRECTION('',(0.,0.,1.));
#7753 = DIRECTION('',(1.,0.,-0.));
#7754 = PCURVE('',#6643,#7755);
#7755 = DEFINITIONAL_REPRESENTATION('',(#7756),#7760);
#7756 = CIRCLE('',#7757,0.28);
#7757 = AXIS2_PLACEMENT_2D('',#7758,#7759);
#7758 = CARTESIAN_POINT('',(-15.,13.3));
#7759 = DIRECTION('',(1.,0.));
#7760 = ( GEOMETRIC_REPRESENTATION_CONTEXT(2) 
PARAMETRIC_REPRESENTATION_CONTEXT() REPRESENTATION_CONTEXT('2D SPACE',''
  ) );
#7761 = PCURVE('',#7762,#7767);
#7762 = SPHERICAL_SURFACE('',#7763,0.28);
#7763 = AXIS2_PLACEMENT_3D('',#7764,#7765,#7766);
#7764 = CARTESIAN_POINT('',(-14.,13.3,2.));
#7765 = DIRECTION('',(0.,0.,1.));
#7766 = DIRECTION('',(1.,0.,-0.));
#7767 = DEFINITIONAL_REPRESENTATION('',(#7768),#7772);
#7768 = LINE('',#7769,#7770);
#7769 = CARTESIAN_POINT('',(0.,0.));
#7770 = VECTOR('',#7771,1.);
#7771 = DIRECTION('',(1.,0.));
#7772 = ( GEOMETRIC_REPRESENTATION_CONTEXT(2) 
PARAMETRIC_REPRESENTATION_CONTEXT() REPRESENTATION_CONTEXT('2D SPACE',''
  ) );
#7773 = ORIENTED_EDGE('',*,*,#7774,.F.);
#7774 = EDGE_CURVE('',#7775,#7746,#7777,.T.);
#7775 = VERTEX_POINT('',#7776);
#7776 = CARTESIAN_POINT('',(-13.79247901351,13.487976169153,2.));
#7777 = SURFACE_CURVE('',#7778,(#7784,#7793),.PCURVE_S1.);
#7778 = B_SPLINE_CURVE_WITH_KNOTS('',4,(#7779,#7780,#7781,#7782,#7783),
  .UNSPECIFIED.,.F.,.F.,(5,5),(0.,1.),.PIECEWISE_BEZIER_KNOTS.);
#7779 = CARTESIAN_POINT('',(-13.72,13.424565638841,2.));
#7780 = CARTESIAN_POINT('',(-13.75077991369,13.451666306592,2.));
#7781 = CARTESIAN_POINT('',(-13.78166511952,13.478663729985,2.));
#7782 = CARTESIAN_POINT('',(-13.81265539676,13.505557990358,2.));
#7783 = CARTESIAN_POINT('',(-13.84375006152,13.532348782493,2.));
#7784 = PCURVE('',#6643,#7785);
#7785 = DEFINITIONAL_REPRESENTATION('',(#7786),#7792);
#7786 = B_SPLINE_CURVE_WITH_KNOTS('',4,(#7787,#7788,#7789,#7790,#7791),
  .UNSPECIFIED.,.F.,.F.,(5,5),(0.,1.),.PIECEWISE_BEZIER_KNOTS.);
#7787 = CARTESIAN_POINT('',(-14.72,13.424565638841));
#7788 = CARTESIAN_POINT('',(-14.75077991369,13.451666306592));
#7789 = CARTESIAN_POINT('',(-14.78166511952,13.478663729985));
#7790 = CARTESIAN_POINT('',(-14.81265539676,13.505557990358));
#7791 = CARTESIAN_POINT('',(-14.84375006152,13.532348782493));
#7792 = ( GEOMETRIC_REPRESENTATION_CONTEXT(2) 
PARAMETRIC_REPRESENTATION_CONTEXT() REPRESENTATION_CONTEXT('2D SPACE',''
  ) );
#7793 = PCURVE('',#7632,#7794);
#7794 = DEFINITIONAL_REPRESENTATION('',(#7795),#7801);
#7795 = B_SPLINE_CURVE_WITH_KNOTS('',4,(#7796,#7797,#7798,#7799,#7800),
  .UNSPECIFIED.,.F.,.F.,(5,5),(0.586921906736,1.),
  .PIECEWISE_BEZIER_KNOTS.);
#7796 = CARTESIAN_POINT('',(7.854699542928,5.660919667722));
#7797 = CARTESIAN_POINT('',(7.854699542928,5.677410670012));
#7798 = CARTESIAN_POINT('',(7.854699542928,5.693899675593));
#7799 = CARTESIAN_POINT('',(7.854699542928,5.710386660539));
#7800 = CARTESIAN_POINT('',(7.854699542928,5.726871619024));
#7801 = ( GEOMETRIC_REPRESENTATION_CONTEXT(2) 
PARAMETRIC_REPRESENTATION_CONTEXT() REPRESENTATION_CONTEXT('2D SPACE',''
  ) );
#7802 = ORIENTED_EDGE('',*,*,#7803,.F.);
#7803 = EDGE_CURVE('',#7574,#7775,#7804,.T.);
#7804 = SURFACE_CURVE('',#7805,(#7820,#7838),.PCURVE_S1.);
#7805 = B_SPLINE_CURVE_WITH_KNOTS('',4,(#7806,#7807,#7808,#7809,#7810,
    #7811,#7812,#7813,#7814,#7815,#7816,#7817,#7818,#7819),
  .UNSPECIFIED.,.F.,.F.,(5,3,3,3,5),(0.,0.251034224055,0.500603197632,
    0.749869646133,1.),.UNSPECIFIED.);
#7806 = CARTESIAN_POINT('',(-10.26702591758,8.955316054943,2.));
#7807 = CARTESIAN_POINT('',(-10.43414343639,9.28531173456,2.));
#7808 = CARTESIAN_POINT('',(-10.61106927058,9.609017644279,2.));
#7809 = CARTESIAN_POINT('',(-10.79782892519,9.926059294356,2.));
#7810 = CARTESIAN_POINT('',(-11.1897076703,10.544334698548,2.));
#7811 = CARTESIAN_POINT('',(-11.39471345037,10.845650974939,2.));
#7812 = CARTESIAN_POINT('',(-11.60927910819,11.139721719411,2.));
#7813 = CARTESIAN_POINT('',(-12.0568948592,11.71249329854,2.));
#7814 = CARTESIAN_POINT('',(-12.28992281753,11.991213210398,2.));
#7815 = CARTESIAN_POINT('',(-12.5321246045,12.262176617078,2.));
#7816 = CARTESIAN_POINT('',(-13.03520342397,12.789137703606,2.));
#7817 = CARTESIAN_POINT('',(-13.29614316483,13.045080845889,2.));
#7818 = CARTESIAN_POINT('',(-13.56577349887,13.292847492921,2.));
#7819 = CARTESIAN_POINT('',(-13.84375006152,13.532348782493,2.));
#7820 = PCURVE('',#6643,#7821);
#7821 = DEFINITIONAL_REPRESENTATION('',(#7822),#7837);
#7822 = B_SPLINE_CURVE_WITH_KNOTS('',4,(#7823,#7824,#7825,#7826,#7827,
    #7828,#7829,#7830,#7831,#7832,#7833,#7834,#7835,#7836),
  .UNSPECIFIED.,.F.,.F.,(5,3,3,3,5),(0.,0.251034224055,0.500603197632,
    0.749869646133,1.),.UNSPECIFIED.);
#7823 = CARTESIAN_POINT('',(-11.26702591758,8.955316054943));
#7824 = CARTESIAN_POINT('',(-11.43414343639,9.28531173456));
#7825 = CARTESIAN_POINT('',(-11.61106927058,9.609017644279));
#7826 = CARTESIAN_POINT('',(-11.79782892519,9.926059294356));
#7827 = CARTESIAN_POINT('',(-12.1897076703,10.544334698548));
#7828 = CARTESIAN_POINT('',(-12.39471345037,10.845650974939));
#7829 = CARTESIAN_POINT('',(-12.60927910819,11.139721719411));
#7830 = CARTESIAN_POINT('',(-13.0568948592,11.71249329854));
#7831 = CARTESIAN_POINT('',(-13.28992281753,11.991213210398));
#7832 = CARTESIAN_POINT('',(-13.5321246045,12.262176617078));
#7833 = CARTESIAN_POINT('',(-14.03520342397,12.789137703606));
#7834 = CARTESIAN_POINT('',(-14.29614316483,13.045080845889));
#7835 = CARTESIAN_POINT('',(-14.56577349887,13.292847492921));
#7836 = CARTESIAN_POINT('',(-14.84375006152,13.532348782493));
#7837 = ( GEOMETRIC_REPRESENTATION_CONTEXT(2) 
PARAMETRIC_REPRESENTATION_CONTEXT() REPRESENTATION_CONTEXT('2D SPACE',''
  ) );
#7838 = PCURVE('',#7632,#7839);
#7839 = DEFINITIONAL_REPRESENTATION('',(#7840),#7855);
#7840 = B_SPLINE_CURVE_WITH_KNOTS('',4,(#7841,#7842,#7843,#7844,#7845,
    #7846,#7847,#7848,#7849,#7850,#7851,#7852,#7853,#7854),
  .UNSPECIFIED.,.F.,.F.,(5,3,3,3,5),(0.,0.251034224055,0.500603197632,
    0.749869646133,0.988442169731),.UNSPECIFIED.);
#7841 = CARTESIAN_POINT('',(7.854699542928,0.));
#7842 = CARTESIAN_POINT('',(7.854699542928,0.356344609009));
#7843 = CARTESIAN_POINT('',(7.854699542928,0.713914992987));
#7844 = CARTESIAN_POINT('',(7.854699542928,1.072464180426));
#7845 = CARTESIAN_POINT('',(7.854699542928,1.788874717028));
#7846 = CARTESIAN_POINT('',(7.854699542928,2.146728622508));
#7847 = CARTESIAN_POINT('',(7.854699542928,2.505009731237));
#7848 = CARTESIAN_POINT('',(7.854699542928,3.221427407189));
#7849 = CARTESIAN_POINT('',(7.854699542928,3.57956446158));
#7850 = CARTESIAN_POINT('',(7.854699542928,3.937565678584));
#7851 = CARTESIAN_POINT('',(7.854699542928,4.637400657628));
#7852 = CARTESIAN_POINT('',(7.854699542928,4.979269854202));
#7853 = CARTESIAN_POINT('',(7.854699542928,5.320518362177));
#7854 = CARTESIAN_POINT('',(7.854699542928,5.660919640655));
#7855 = ( GEOMETRIC_REPRESENTATION_CONTEXT(2) 
PARAMETRIC_REPRESENTATION_CONTEXT() REPRESENTATION_CONTEXT('2D SPACE',''
  ) );
#7856 = ADVANCED_FACE('',(#7857,#7860),#6896,.F.);
#7857 = FACE_BOUND('',#7858,.T.);
#7858 = EDGE_LOOP('',(#7859));
#7859 = ORIENTED_EDGE('',*,*,#6881,.F.);
#7860 = FACE_BOUND('',#7861,.T.);
#7861 = EDGE_LOOP('',(#7862));
#7862 = ORIENTED_EDGE('',*,*,#7863,.T.);
#7863 = EDGE_CURVE('',#7864,#7864,#7866,.T.);
#7864 = VERTEX_POINT('',#7865);
#7865 = CARTESIAN_POINT('',(-9.6,-6.,-1.2));
#7866 = SURFACE_CURVE('',#7867,(#7872,#7879),.PCURVE_S1.);
#7867 = CIRCLE('',#7868,1.4);
#7868 = AXIS2_PLACEMENT_3D('',#7869,#7870,#7871);
#7869 = CARTESIAN_POINT('',(-11.,-6.,-1.2));
#7870 = DIRECTION('',(0.,0.,1.));
#7871 = DIRECTION('',(1.,0.,-0.));
#7872 = PCURVE('',#6896,#7873);
#7873 = DEFINITIONAL_REPRESENTATION('',(#7874),#7878);
#7874 = CIRCLE('',#7875,1.4);
#7875 = AXIS2_PLACEMENT_2D('',#7876,#7877);
#7876 = CARTESIAN_POINT('',(0.,0.));
#7877 = DIRECTION('',(1.,-0.));
#7878 = ( GEOMETRIC_REPRESENTATION_CONTEXT(2) 
PARAMETRIC_REPRESENTATION_CONTEXT() REPRESENTATION_CONTEXT('2D SPACE',''
  ) );
#7879 = PCURVE('',#7880,#7885);
#7880 = CONICAL_SURFACE('',#7881,1.6,0.785398163397);
#7881 = AXIS2_PLACEMENT_3D('',#7882,#7883,#7884);
#7882 = CARTESIAN_POINT('',(-11.,-6.,-1.4));
#7883 = DIRECTION('',(-0.,-0.,-1.));
#7884 = DIRECTION('',(1.,0.,-0.));
#7885 = DEFINITIONAL_REPRESENTATION('',(#7886),#7890);
#7886 = LINE('',#7887,#7888);
#7887 = CARTESIAN_POINT('',(-0.,-0.2));
#7888 = VECTOR('',#7889,1.);
#7889 = DIRECTION('',(-1.,-0.));
#7890 = ( GEOMETRIC_REPRESENTATION_CONTEXT(2) 
PARAMETRIC_REPRESENTATION_CONTEXT() REPRESENTATION_CONTEXT('2D SPACE',''
  ) );
#7891 = ADVANCED_FACE('',(#7892,#7895),#6951,.F.);
#7892 = FACE_BOUND('',#7893,.T.);
#7893 = EDGE_LOOP('',(#7894));
#7894 = ORIENTED_EDGE('',*,*,#6936,.F.);
#7895 = FACE_BOUND('',#7896,.T.);
#7896 = EDGE_LOOP('',(#7897));
#7897 = ORIENTED_EDGE('',*,*,#7898,.T.);
#7898 = EDGE_CURVE('',#7899,#7899,#7901,.T.);
#7899 = VERTEX_POINT('',#7900);
#7900 = CARTESIAN_POINT('',(-9.6,10.,-1.2));
#7901 = SURFACE_CURVE('',#7902,(#7907,#7914),.PCURVE_S1.);
#7902 = CIRCLE('',#7903,1.4);
#7903 = AXIS2_PLACEMENT_3D('',#7904,#7905,#7906);
#7904 = CARTESIAN_POINT('',(-11.,10.,-1.2));
#7905 = DIRECTION('',(0.,0.,1.));
#7906 = DIRECTION('',(1.,0.,-0.));
#7907 = PCURVE('',#6951,#7908);
#7908 = DEFINITIONAL_REPRESENTATION('',(#7909),#7913);
#7909 = CIRCLE('',#7910,1.4);
#7910 = AXIS2_PLACEMENT_2D('',#7911,#7912);
#7911 = CARTESIAN_POINT('',(0.,0.));
#7912 = DIRECTION('',(1.,-0.));
#7913 = ( GEOMETRIC_REPRESENTATION_CONTEXT(2) 
PARAMETRIC_REPRESENTATION_CONTEXT() REPRESENTATION_CONTEXT('2D SPACE',''
  ) );
#7914 = PCURVE('',#7915,#7920);
#7915 = CONICAL_SURFACE('',#7916,1.6,0.785398163397);
#7916 = AXIS2_PLACEMENT_3D('',#7917,#7918,#7919);
#7917 = CARTESIAN_POINT('',(-11.,10.,-1.4));
#7918 = DIRECTION('',(-0.,-0.,-1.));
#7919 = DIRECTION('',(1.,0.,-0.));
#7920 = DEFINITIONAL_REPRESENTATION('',(#7921),#7925);
#7921 = LINE('',#7922,#7923);
#7922 = CARTESIAN_POINT('',(-0.,-0.2));
#7923 = VECTOR('',#7924,1.);
#7924 = DIRECTION('',(-1.,-0.));
#7925 = ( GEOMETRIC_REPRESENTATION_CONTEXT(2) 
PARAMETRIC_REPRESENTATION_CONTEXT() REPRESENTATION_CONTEXT('2D SPACE',''
  ) );
#7926 = ADVANCED_FACE('',(#7927),#6997,.T.);
#7927 = FACE_BOUND('',#7928,.T.);
#7928 = EDGE_LOOP('',(#7929,#7930,#7965));
#7929 = ORIENTED_EDGE('',*,*,#6978,.T.);
#7930 = ORIENTED_EDGE('',*,*,#7931,.F.);
#7931 = EDGE_CURVE('',#7932,#6981,#7934,.T.);
#7932 = VERTEX_POINT('',#7933);
#7933 = CARTESIAN_POINT('',(-10.8,-8.,2.28));
#7934 = SURFACE_CURVE('',#7935,(#7943,#7959),.PCURVE_S1.);
#7935 = ( BOUNDED_CURVE() B_SPLINE_CURVE(6,(#7936,#7937,#7938,#7939,
#7940,#7941,#7942),.UNSPECIFIED.,.T.,.F.) B_SPLINE_CURVE_WITH_KNOTS((1,6
    ,6,1),(-6.28318530718,0.,6.28318530718,12.566370614359),
.UNSPECIFIED.) CURVE() GEOMETRIC_REPRESENTATION_ITEM() 
RATIONAL_B_SPLINE_CURVE((1.669078461068,1.03672962321,1.038346699848,
    0.853534330196,1.038346699848,1.03672962321,1.669078461068)) 
REPRESENTATION_ITEM('') );
#7936 = CARTESIAN_POINT('',(-10.8,-8.,2.28));
#7937 = CARTESIAN_POINT('',(-10.97278284985,-7.568042875361,2.28));
#7938 = CARTESIAN_POINT('',(-10.99759152648,-7.506021183786,
    1.704726506647));
#7939 = CARTESIAN_POINT('',(-10.8,-8.,1.230247262118));
#7940 = CARTESIAN_POINT('',(-10.60240847351,-8.493978816214,
    1.704726506647));
#7941 = CARTESIAN_POINT('',(-10.62721715014,-8.431957124639,2.28));
#7942 = CARTESIAN_POINT('',(-10.8,-8.,2.28));
#7943 = PCURVE('',#6997,#7944);
#7944 = DEFINITIONAL_REPRESENTATION('',(#7945),#7958);
#7945 = B_SPLINE_CURVE_WITH_KNOTS('',6,(#7946,#7947,#7948,#7949,#7950,
    #7951,#7952,#7953,#7954,#7955,#7956,#7957),.UNSPECIFIED.,.F.,.F.,(7,
    5,7),(0.,1.57099182874E-02,1.571514235749),.UNSPECIFIED.);
#7946 = CARTESIAN_POINT('',(8.234488011086,1.570796326795));
#7947 = CARTESIAN_POINT('',(8.234488011086,1.568214150272));
#7948 = CARTESIAN_POINT('',(8.234488011086,1.565631973749));
#7949 = CARTESIAN_POINT('',(8.234488011086,1.563049797226));
#7950 = CARTESIAN_POINT('',(8.234488011086,1.560467620702));
#7951 = CARTESIAN_POINT('',(8.234488011086,1.557885444179));
#7952 = CARTESIAN_POINT('',(8.234488011094,1.299581925913));
#7953 = CARTESIAN_POINT('',(8.23448801107,1.040485410357));
#7954 = CARTESIAN_POINT('',(8.234488011103,0.780129780632));
#7955 = CARTESIAN_POINT('',(8.234488011082,0.51984151266));
#7956 = CARTESIAN_POINT('',(8.234488011087,0.259791303989));
#7957 = CARTESIAN_POINT('',(8.234488011087,-1.586032892322E-15));
#7958 = ( GEOMETRIC_REPRESENTATION_CONTEXT(2) 
PARAMETRIC_REPRESENTATION_CONTEXT() REPRESENTATION_CONTEXT('2D SPACE',''
  ) );
#7959 = PCURVE('',#7029,#7960);
#7960 = DEFINITIONAL_REPRESENTATION('',(#7961),#7964);
#7961 = B_SPLINE_CURVE_WITH_KNOTS('',1,(#7962,#7963),.UNSPECIFIED.,.F.,
  .F.,(2,2),(0.,1.571514235749),.PIECEWISE_BEZIER_KNOTS.);
#7962 = CARTESIAN_POINT('',(6.28318530718,0.));
#7963 = CARTESIAN_POINT('',(7.854699542928,0.));
#7964 = ( GEOMETRIC_REPRESENTATION_CONTEXT(2) 
PARAMETRIC_REPRESENTATION_CONTEXT() REPRESENTATION_CONTEXT('2D SPACE',''
  ) );
#7965 = ORIENTED_EDGE('',*,*,#7966,.F.);
#7966 = EDGE_CURVE('',#6979,#7932,#7967,.T.);
#7967 = SURFACE_CURVE('',#7968,(#7976,#7992),.PCURVE_S1.);
#7968 = ( BOUNDED_CURVE() B_SPLINE_CURVE(6,(#7969,#7970,#7971,#7972,
#7973,#7974,#7975),.UNSPECIFIED.,.T.,.F.) B_SPLINE_CURVE_WITH_KNOTS((1,6
    ,6,1),(-6.28318530718,0.,6.28318530718,12.566370614359),
.UNSPECIFIED.) CURVE() GEOMETRIC_REPRESENTATION_ITEM() 
RATIONAL_B_SPLINE_CURVE((1.669078461068,1.03672962321,1.038346699848,
    0.853534330196,1.038346699848,1.03672962321,1.669078461068)) 
REPRESENTATION_ITEM('') );
#7969 = CARTESIAN_POINT('',(-10.8,-8.,2.28));
#7970 = CARTESIAN_POINT('',(-10.97278284985,-7.568042875361,2.28));
#7971 = CARTESIAN_POINT('',(-10.99759152648,-7.506021183786,
    1.704726506647));
#7972 = CARTESIAN_POINT('',(-10.8,-8.,1.230247262118));
#7973 = CARTESIAN_POINT('',(-10.60240847351,-8.493978816214,
    1.704726506647));
#7974 = CARTESIAN_POINT('',(-10.62721715014,-8.431957124639,2.28));
#7975 = CARTESIAN_POINT('',(-10.8,-8.,2.28));
#7976 = PCURVE('',#6997,#7977);
#7977 = DEFINITIONAL_REPRESENTATION('',(#7978),#7991);
#7978 = B_SPLINE_CURVE_WITH_KNOTS('',6,(#7979,#7980,#7981,#7982,#7983,
    #7984,#7985,#7986,#7987,#7988,#7989,#7990),.UNSPECIFIED.,.F.,.F.,(7,
    5,7),(4.711671071431,6.267475388892,6.28318530718),.UNSPECIFIED.);
#7979 = CARTESIAN_POINT('',(5.092895357497,6.344131569287E-15));
#7980 = CARTESIAN_POINT('',(5.092895357497,0.259791303989));
#7981 = CARTESIAN_POINT('',(5.092895357488,0.51984151266));
#7982 = CARTESIAN_POINT('',(5.092895357521,0.780129780631));
#7983 = CARTESIAN_POINT('',(5.092895357474,1.040485410358));
#7984 = CARTESIAN_POINT('',(5.092895357505,1.299581925913));
#7985 = CARTESIAN_POINT('',(5.092895357497,1.557885444179));
#7986 = CARTESIAN_POINT('',(5.092895357496,1.560467620702));
#7987 = CARTESIAN_POINT('',(5.092895357496,1.563049797226));
#7988 = CARTESIAN_POINT('',(5.092895357496,1.565631973749));
#7989 = CARTESIAN_POINT('',(5.092895357496,1.568214150272));
#7990 = CARTESIAN_POINT('',(5.092895357496,1.570796326795));
#7991 = ( GEOMETRIC_REPRESENTATION_CONTEXT(2) 
PARAMETRIC_REPRESENTATION_CONTEXT() REPRESENTATION_CONTEXT('2D SPACE',''
  ) );
#7992 = PCURVE('',#7029,#7993);
#7993 = DEFINITIONAL_REPRESENTATION('',(#7994),#7997);
#7994 = B_SPLINE_CURVE_WITH_KNOTS('',1,(#7995,#7996),.UNSPECIFIED.,.F.,
  .F.,(2,2),(4.711671071431,6.28318530718),.PIECEWISE_BEZIER_KNOTS.);
#7995 = CARTESIAN_POINT('',(4.711671071431,0.));
#7996 = CARTESIAN_POINT('',(6.28318530718,0.));
#7997 = ( GEOMETRIC_REPRESENTATION_CONTEXT(2) 
PARAMETRIC_REPRESENTATION_CONTEXT() REPRESENTATION_CONTEXT('2D SPACE',''
  ) );
#7998 = ADVANCED_FACE('',(#7999),#7029,.T.);
#7999 = FACE_BOUND('',#8000,.T.);
#8000 = EDGE_LOOP('',(#8001,#8002,#8003,#8004,#8039,#8072,#8073,#8074));
#8001 = ORIENTED_EDGE('',*,*,#7931,.T.);
#8002 = ORIENTED_EDGE('',*,*,#7214,.T.);
#8003 = ORIENTED_EDGE('',*,*,#7185,.T.);
#8004 = ORIENTED_EDGE('',*,*,#8005,.F.);
#8005 = EDGE_CURVE('',#8006,#7157,#8008,.T.);
#8006 = VERTEX_POINT('',#8007);
#8007 = CARTESIAN_POINT('',(-14.3,-10.,2.28));
#8008 = SURFACE_CURVE('',#8009,(#8017,#8023),.PCURVE_S1.);
#8009 = ( BOUNDED_CURVE() B_SPLINE_CURVE(6,(#8010,#8011,#8012,#8013,
#8014,#8015,#8016),.UNSPECIFIED.,.T.,.F.) B_SPLINE_CURVE_WITH_KNOTS((1,6
    ,6,1),(-6.28318530718,0.,6.28318530718,12.566370614359),
.UNSPECIFIED.) CURVE() GEOMETRIC_REPRESENTATION_ITEM() 
RATIONAL_B_SPLINE_CURVE((1.669078461068,1.03672962321,1.038346699848,
    0.853534330196,1.038346699848,1.03672962321,1.669078461068)) 
REPRESENTATION_ITEM('') );
#8010 = CARTESIAN_POINT('',(-14.3,-10.,2.28));
#8011 = CARTESIAN_POINT('',(-14.68023898913,-9.73193437022,2.28));
#8012 = CARTESIAN_POINT('',(-14.73483483665,-9.69344470802,
    1.704726506647));
#8013 = CARTESIAN_POINT('',(-14.3,-10.,1.230247262118));
#8014 = CARTESIAN_POINT('',(-13.86516516334,-10.30655529198,
    1.704726506647));
#8015 = CARTESIAN_POINT('',(-13.91976101086,-10.26806562978,2.28));
#8016 = CARTESIAN_POINT('',(-14.3,-10.,2.28));
#8017 = PCURVE('',#7029,#8018);
#8018 = DEFINITIONAL_REPRESENTATION('',(#8019),#8022);
#8019 = B_SPLINE_CURVE_WITH_KNOTS('',1,(#8020,#8021),.UNSPECIFIED.,.F.,
  .F.,(2,2),(0.,1.571514235749),.PIECEWISE_BEZIER_KNOTS.);
#8020 = CARTESIAN_POINT('',(6.28318530718,4.075003194084));
#8021 = CARTESIAN_POINT('',(7.854699542928,4.075003194084));
#8022 = ( GEOMETRIC_REPRESENTATION_CONTEXT(2) 
PARAMETRIC_REPRESENTATION_CONTEXT() REPRESENTATION_CONTEXT('2D SPACE',''
  ) );
#8023 = PCURVE('',#7173,#8024);
#8024 = DEFINITIONAL_REPRESENTATION('',(#8025),#8038);
#8025 = B_SPLINE_CURVE_WITH_KNOTS('',6,(#8026,#8027,#8028,#8029,#8030,
    #8031,#8032,#8033,#8034,#8035,#8036,#8037),.UNSPECIFIED.,.F.,.F.,(7,
    5,7),(0.,1.570991828741E-02,1.571514235749),.UNSPECIFIED.);
#8026 = CARTESIAN_POINT('',(2.527523881156,1.570796326795));
#8027 = CARTESIAN_POINT('',(2.527523881156,1.568214150272));
#8028 = CARTESIAN_POINT('',(2.527523881156,1.565631973749));
#8029 = CARTESIAN_POINT('',(2.527523881156,1.563049797226));
#8030 = CARTESIAN_POINT('',(2.527523881156,1.560467620702));
#8031 = CARTESIAN_POINT('',(2.527523881156,1.557885444179));
#8032 = CARTESIAN_POINT('',(2.527523881157,1.299581925913));
#8033 = CARTESIAN_POINT('',(2.527523881154,1.040485410357));
#8034 = CARTESIAN_POINT('',(2.527523881158,0.780129780632));
#8035 = CARTESIAN_POINT('',(2.527523881155,0.51984151266));
#8036 = CARTESIAN_POINT('',(2.527523881156,0.259791303989));
#8037 = CARTESIAN_POINT('',(2.527523881156,-5.551115123126E-15));
#8038 = ( GEOMETRIC_REPRESENTATION_CONTEXT(2) 
PARAMETRIC_REPRESENTATION_CONTEXT() REPRESENTATION_CONTEXT('2D SPACE',''
  ) );
#8039 = ORIENTED_EDGE('',*,*,#8040,.F.);
#8040 = EDGE_CURVE('',#7089,#8006,#8041,.T.);
#8041 = SURFACE_CURVE('',#8042,(#8050,#8056),.PCURVE_S1.);
#8042 = ( BOUNDED_CURVE() B_SPLINE_CURVE(6,(#8043,#8044,#8045,#8046,
#8047,#8048,#8049),.UNSPECIFIED.,.T.,.F.) B_SPLINE_CURVE_WITH_KNOTS((1,6
    ,6,1),(-6.28318530718,0.,6.28318530718,12.566370614359),
.UNSPECIFIED.) CURVE() GEOMETRIC_REPRESENTATION_ITEM() 
RATIONAL_B_SPLINE_CURVE((1.669078461068,1.03672962321,1.038346699848,
    0.853534330196,1.038346699848,1.03672962321,1.669078461068)) 
REPRESENTATION_ITEM('') );
#8043 = CARTESIAN_POINT('',(-14.3,-10.,2.28));
#8044 = CARTESIAN_POINT('',(-14.68023898913,-9.73193437022,2.28));
#8045 = CARTESIAN_POINT('',(-14.73483483665,-9.69344470802,
    1.704726506647));
#8046 = CARTESIAN_POINT('',(-14.3,-10.,1.230247262118));
#8047 = CARTESIAN_POINT('',(-13.86516516334,-10.30655529198,
    1.704726506647));
#8048 = CARTESIAN_POINT('',(-13.91976101086,-10.26806562978,2.28));
#8049 = CARTESIAN_POINT('',(-14.3,-10.,2.28));
#8050 = PCURVE('',#7029,#8051);
#8051 = DEFINITIONAL_REPRESENTATION('',(#8052),#8055);
#8052 = B_SPLINE_CURVE_WITH_KNOTS('',1,(#8053,#8054),.UNSPECIFIED.,.F.,
  .F.,(2,2),(4.711671071431,6.28318530718),.PIECEWISE_BEZIER_KNOTS.);
#8053 = CARTESIAN_POINT('',(4.711671071431,4.075003194084));
#8054 = CARTESIAN_POINT('',(6.28318530718,4.075003194084));
#8055 = ( GEOMETRIC_REPRESENTATION_CONTEXT(2) 
PARAMETRIC_REPRESENTATION_CONTEXT() REPRESENTATION_CONTEXT('2D SPACE',''
  ) );
#8056 = PCURVE('',#7173,#8057);
#8057 = DEFINITIONAL_REPRESENTATION('',(#8058),#8071);
#8058 = B_SPLINE_CURVE_WITH_KNOTS('',6,(#8059,#8060,#8061,#8062,#8063,
    #8064,#8065,#8066,#8067,#8068,#8069,#8070),.UNSPECIFIED.,.F.,.F.,(7,
    5,7),(4.711671071431,6.267475388892,6.28318530718),.UNSPECIFIED.);
#8059 = CARTESIAN_POINT('',(5.669116534746,0.));
#8060 = CARTESIAN_POINT('',(5.669116534746,0.259791303989));
#8061 = CARTESIAN_POINT('',(5.669116534735,0.51984151266));
#8062 = CARTESIAN_POINT('',(5.669116534776,0.780129780631));
#8063 = CARTESIAN_POINT('',(5.669116534715,1.040485410357));
#8064 = CARTESIAN_POINT('',(5.669116534758,1.299581925913));
#8065 = CARTESIAN_POINT('',(5.669116534745,1.557885444179));
#8066 = CARTESIAN_POINT('',(5.669116534745,1.560467620702));
#8067 = CARTESIAN_POINT('',(5.669116534745,1.563049797226));
#8068 = CARTESIAN_POINT('',(5.669116534745,1.565631973749));
#8069 = CARTESIAN_POINT('',(5.669116534745,1.568214150272));
#8070 = CARTESIAN_POINT('',(5.669116534745,1.570796326795));
#8071 = ( GEOMETRIC_REPRESENTATION_CONTEXT(2) 
PARAMETRIC_REPRESENTATION_CONTEXT() REPRESENTATION_CONTEXT('2D SPACE',''
  ) );
#8072 = ORIENTED_EDGE('',*,*,#7088,.F.);
#8073 = ORIENTED_EDGE('',*,*,#7009,.F.);
#8074 = ORIENTED_EDGE('',*,*,#7966,.T.);
#8075 = ADVANCED_FACE('',(#8076),#7173,.T.);
#8076 = FACE_BOUND('',#8077,.T.);
#8077 = EDGE_LOOP('',(#8078,#8079,#8080));
#8078 = ORIENTED_EDGE('',*,*,#8040,.T.);
#8079 = ORIENTED_EDGE('',*,*,#8005,.T.);
#8080 = ORIENTED_EDGE('',*,*,#7156,.T.);
#8081 = ADVANCED_FACE('',(#8082),#7305,.T.);
#8082 = FACE_BOUND('',#8083,.T.);
#8083 = EDGE_LOOP('',(#8084,#8085,#8120));
#8084 = ORIENTED_EDGE('',*,*,#7286,.T.);
#8085 = ORIENTED_EDGE('',*,*,#8086,.F.);
#8086 = EDGE_CURVE('',#8087,#7289,#8089,.T.);
#8087 = VERTEX_POINT('',#8088);
#8088 = CARTESIAN_POINT('',(-11.,7.5,2.28));
#8089 = SURFACE_CURVE('',#8090,(#8098,#8114),.PCURVE_S1.);
#8090 = ( BOUNDED_CURVE() B_SPLINE_CURVE(6,(#8091,#8092,#8093,#8094,
#8095,#8096,#8097),.UNSPECIFIED.,.T.,.F.) B_SPLINE_CURVE_WITH_KNOTS((1,6
    ,6,1),(-6.28318530718,0.,6.28318530718,12.566370614359),
.UNSPECIFIED.) CURVE() GEOMETRIC_REPRESENTATION_ITEM() 
RATIONAL_B_SPLINE_CURVE((1.669078461068,1.03672962321,1.038346699848,
    0.853534330196,1.038346699848,1.03672962321,1.669078461068)) 
REPRESENTATION_ITEM('') );
#8091 = CARTESIAN_POINT('',(-11.,7.5,2.28));
#8092 = CARTESIAN_POINT('',(-10.69723098794,7.853230514068,2.28));
#8093 = CARTESIAN_POINT('',(-10.65375851066,7.90394840422,1.704726506647
    ));
#8094 = CARTESIAN_POINT('',(-11.,7.5,1.230247262118));
#8095 = CARTESIAN_POINT('',(-11.34624148933,7.09605159578,1.704726506647
    ));
#8096 = CARTESIAN_POINT('',(-11.30276901205,7.146769485932,2.28));
#8097 = CARTESIAN_POINT('',(-11.,7.5,2.28));
#8098 = PCURVE('',#7305,#8099);
#8099 = DEFINITIONAL_REPRESENTATION('',(#8100),#8113);
#8100 = B_SPLINE_CURVE_WITH_KNOTS('',6,(#8101,#8102,#8103,#8104,#8105,
    #8106,#8107,#8108,#8109,#8110,#8111,#8112),.UNSPECIFIED.,.F.,.F.,(7,
    5,7),(0.,1.57099182874E-02,1.571514235749),.UNSPECIFIED.);
#8101 = CARTESIAN_POINT('',(7.145355361846,1.570796326795));
#8102 = CARTESIAN_POINT('',(7.145355361846,1.568214150272));
#8103 = CARTESIAN_POINT('',(7.145355361846,1.565631973749));
#8104 = CARTESIAN_POINT('',(7.145355361846,1.563049797226));
#8105 = CARTESIAN_POINT('',(7.145355361846,1.560467620702));
#8106 = CARTESIAN_POINT('',(7.145355361846,1.557885444179));
#8107 = CARTESIAN_POINT('',(7.145355361854,1.299581925913));
#8108 = CARTESIAN_POINT('',(7.145355361829,1.040485410357));
#8109 = CARTESIAN_POINT('',(7.145355361865,0.780129780632));
#8110 = CARTESIAN_POINT('',(7.14535536184,0.51984151266));
#8111 = CARTESIAN_POINT('',(7.145355361847,0.259791303989));
#8112 = CARTESIAN_POINT('',(7.145355361847,9.51619735393E-15));
#8113 = ( GEOMETRIC_REPRESENTATION_CONTEXT(2) 
PARAMETRIC_REPRESENTATION_CONTEXT() REPRESENTATION_CONTEXT('2D SPACE',''
  ) );
#8114 = PCURVE('',#7345,#8115);
#8115 = DEFINITIONAL_REPRESENTATION('',(#8116),#8119);
#8116 = B_SPLINE_CURVE_WITH_KNOTS('',1,(#8117,#8118),.UNSPECIFIED.,.F.,
  .F.,(2,2),(0.,1.571514235749),.PIECEWISE_BEZIER_KNOTS.);
#8117 = CARTESIAN_POINT('',(6.28318530718,0.));
#8118 = CARTESIAN_POINT('',(7.854699542928,0.));
#8119 = ( GEOMETRIC_REPRESENTATION_CONTEXT(2) 
PARAMETRIC_REPRESENTATION_CONTEXT() REPRESENTATION_CONTEXT('2D SPACE',''
  ) );
#8120 = ORIENTED_EDGE('',*,*,#8121,.F.);
#8121 = EDGE_CURVE('',#7287,#8087,#8122,.T.);
#8122 = SURFACE_CURVE('',#8123,(#8131,#8147),.PCURVE_S1.);
#8123 = ( BOUNDED_CURVE() B_SPLINE_CURVE(6,(#8124,#8125,#8126,#8127,
#8128,#8129,#8130),.UNSPECIFIED.,.T.,.F.) B_SPLINE_CURVE_WITH_KNOTS((1,6
    ,6,1),(-6.28318530718,0.,6.28318530718,12.566370614359),
.UNSPECIFIED.) CURVE() GEOMETRIC_REPRESENTATION_ITEM() 
RATIONAL_B_SPLINE_CURVE((1.669078461068,1.03672962321,1.038346699848,
    0.853534330196,1.038346699848,1.03672962321,1.669078461068)) 
REPRESENTATION_ITEM('') );
#8124 = CARTESIAN_POINT('',(-11.,7.5,2.28));
#8125 = CARTESIAN_POINT('',(-10.69723098794,7.853230514068,2.28));
#8126 = CARTESIAN_POINT('',(-10.65375851066,7.90394840422,1.704726506647
    ));
#8127 = CARTESIAN_POINT('',(-11.,7.5,1.230247262118));
#8128 = CARTESIAN_POINT('',(-11.34624148933,7.09605159578,1.704726506647
    ));
#8129 = CARTESIAN_POINT('',(-11.30276901205,7.146769485932,2.28));
#8130 = CARTESIAN_POINT('',(-11.,7.5,2.28));
#8131 = PCURVE('',#7305,#8132);
#8132 = DEFINITIONAL_REPRESENTATION('',(#8133),#8146);
#8133 = B_SPLINE_CURVE_WITH_KNOTS('',6,(#8134,#8135,#8136,#8137,#8138,
    #8139,#8140,#8141,#8142,#8143,#8144,#8145),.UNSPECIFIED.,.F.,.F.,(7,
    5,7),(4.711671071431,6.267475388892,6.28318530718),.UNSPECIFIED.);
#8134 = CARTESIAN_POINT('',(4.003762708257,9.51619735393E-15));
#8135 = CARTESIAN_POINT('',(4.003762708257,0.259791303989));
#8136 = CARTESIAN_POINT('',(4.003762708263,0.519841512659));
#8137 = CARTESIAN_POINT('',(4.00376270824,0.780129780633));
#8138 = CARTESIAN_POINT('',(4.003762708274,1.040485410356));
#8139 = CARTESIAN_POINT('',(4.003762708251,1.299581925913));
#8140 = CARTESIAN_POINT('',(4.003762708258,1.557885444179));
#8141 = CARTESIAN_POINT('',(4.003762708258,1.560467620702));
#8142 = CARTESIAN_POINT('',(4.003762708258,1.563049797226));
#8143 = CARTESIAN_POINT('',(4.003762708258,1.565631973749));
#8144 = CARTESIAN_POINT('',(4.003762708258,1.568214150272));
#8145 = CARTESIAN_POINT('',(4.003762708258,1.570796326795));
#8146 = ( GEOMETRIC_REPRESENTATION_CONTEXT(2) 
PARAMETRIC_REPRESENTATION_CONTEXT() REPRESENTATION_CONTEXT('2D SPACE',''
  ) );
#8147 = PCURVE('',#7345,#8148);
#8148 = DEFINITIONAL_REPRESENTATION('',(#8149),#8152);
#8149 = B_SPLINE_CURVE_WITH_KNOTS('',1,(#8150,#8151),.UNSPECIFIED.,.F.,
  .F.,(2,2),(4.711671071431,6.28318530718),.PIECEWISE_BEZIER_KNOTS.);
#8150 = CARTESIAN_POINT('',(4.711671071431,0.));
#8151 = CARTESIAN_POINT('',(6.28318530718,0.));
#8152 = ( GEOMETRIC_REPRESENTATION_CONTEXT(2) 
PARAMETRIC_REPRESENTATION_CONTEXT() REPRESENTATION_CONTEXT('2D SPACE',''
  ) );
#8153 = ADVANCED_FACE('',(#8154),#7345,.T.);
#8154 = FACE_BOUND('',#8155,.T.);
#8155 = EDGE_LOOP('',(#8156,#8157,#8158,#8159,#8194,#8227,#8228,#8229));
#8156 = ORIENTED_EDGE('',*,*,#8086,.T.);
#8157 = ORIENTED_EDGE('',*,*,#7515,.T.);
#8158 = ORIENTED_EDGE('',*,*,#7486,.T.);
#8159 = ORIENTED_EDGE('',*,*,#8160,.F.);
#8160 = EDGE_CURVE('',#8161,#7458,#8163,.T.);
#8161 = VERTEX_POINT('',#8162);
#8162 = CARTESIAN_POINT('',(-17.5,12.3,2.28));
#8163 = SURFACE_CURVE('',#8164,(#8172,#8178),.PCURVE_S1.);
#8164 = ( BOUNDED_CURVE() B_SPLINE_CURVE(6,(#8165,#8166,#8167,#8168,
#8169,#8170,#8171),.UNSPECIFIED.,.T.,.F.) B_SPLINE_CURVE_WITH_KNOTS((1,6
    ,6,1),(-6.28318530718,0.,6.28318530718,12.566370614359),
.UNSPECIFIED.) CURVE() GEOMETRIC_REPRESENTATION_ITEM() 
RATIONAL_B_SPLINE_CURVE((1.669078461068,1.03672962321,1.038346699848,
    0.853534330196,1.038346699848,1.03672962321,1.669078461068)) 
REPRESENTATION_ITEM('') );
#8165 = CARTESIAN_POINT('',(-17.5,12.3,2.28));
#8166 = CARTESIAN_POINT('',(-17.32977069349,12.732969807188,2.28));
#8167 = CARTESIAN_POINT('',(-17.30532866222,12.795136902742,
    1.704726506647));
#8168 = CARTESIAN_POINT('',(-17.5,12.3,1.230247262118));
#8169 = CARTESIAN_POINT('',(-17.69467133777,11.804863097258,
    1.704726506647));
#8170 = CARTESIAN_POINT('',(-17.6702293065,11.867030192812,2.28));
#8171 = CARTESIAN_POINT('',(-17.5,12.3,2.28));
#8172 = PCURVE('',#7345,#8173);
#8173 = DEFINITIONAL_REPRESENTATION('',(#8174),#8177);
#8174 = B_SPLINE_CURVE_WITH_KNOTS('',1,(#8175,#8176),.UNSPECIFIED.,.F.,
  .F.,(2,2),(0.,1.571514235749),.PIECEWISE_BEZIER_KNOTS.);
#8175 = CARTESIAN_POINT('',(6.28318530718,8.108343365554));
#8176 = CARTESIAN_POINT('',(7.854699542928,8.108343365554));
#8177 = ( GEOMETRIC_REPRESENTATION_CONTEXT(2) 
PARAMETRIC_REPRESENTATION_CONTEXT() REPRESENTATION_CONTEXT('2D SPACE',''
  ) );
#8178 = PCURVE('',#7474,#8179);
#8179 = DEFINITIONAL_REPRESENTATION('',(#8180),#8193);
#8180 = B_SPLINE_CURVE_WITH_KNOTS('',6,(#8181,#8182,#8183,#8184,#8185,
    #8186,#8187,#8188,#8189,#8190,#8191,#8192),.UNSPECIFIED.,.F.,.F.,(7,
    5,7),(0.,1.570991828742E-02,1.571514235749),.UNSPECIFIED.);
#8181 = CARTESIAN_POINT('',(1.196194577769,1.570796326795));
#8182 = CARTESIAN_POINT('',(1.196194577769,1.568214150272));
#8183 = CARTESIAN_POINT('',(1.19619457777,1.565631973749));
#8184 = CARTESIAN_POINT('',(1.19619457777,1.563049797226));
#8185 = CARTESIAN_POINT('',(1.19619457777,1.560467620702));
#8186 = CARTESIAN_POINT('',(1.19619457777,1.557885444179));
#8187 = CARTESIAN_POINT('',(1.196194577793,1.299581925913));
#8188 = CARTESIAN_POINT('',(1.196194577718,1.040485410357));
#8189 = CARTESIAN_POINT('',(1.196194577824,0.780129780632));
#8190 = CARTESIAN_POINT('',(1.196194577754,0.51984151266));
#8191 = CARTESIAN_POINT('',(1.196194577772,0.259791303989));
#8192 = CARTESIAN_POINT('',(1.196194577772,3.330669073875E-14));
#8193 = ( GEOMETRIC_REPRESENTATION_CONTEXT(2) 
PARAMETRIC_REPRESENTATION_CONTEXT() REPRESENTATION_CONTEXT('2D SPACE',''
  ) );
#8194 = ORIENTED_EDGE('',*,*,#8195,.F.);
#8195 = EDGE_CURVE('',#7402,#8161,#8196,.T.);
#8196 = SURFACE_CURVE('',#8197,(#8205,#8211),.PCURVE_S1.);
#8197 = ( BOUNDED_CURVE() B_SPLINE_CURVE(6,(#8198,#8199,#8200,#8201,
#8202,#8203,#8204),.UNSPECIFIED.,.T.,.F.) B_SPLINE_CURVE_WITH_KNOTS((1,6
    ,6,1),(-6.28318530718,0.,6.28318530718,12.566370614359),
.UNSPECIFIED.) CURVE() GEOMETRIC_REPRESENTATION_ITEM() 
RATIONAL_B_SPLINE_CURVE((1.669078461068,1.03672962321,1.038346699848,
    0.853534330196,1.038346699848,1.03672962321,1.669078461068)) 
REPRESENTATION_ITEM('') );
#8198 = CARTESIAN_POINT('',(-17.5,12.3,2.28));
#8199 = CARTESIAN_POINT('',(-17.32977069349,12.732969807188,2.28));
#8200 = CARTESIAN_POINT('',(-17.30532866222,12.795136902742,
    1.704726506647));
#8201 = CARTESIAN_POINT('',(-17.5,12.3,1.230247262118));
#8202 = CARTESIAN_POINT('',(-17.69467133777,11.804863097258,
    1.704726506647));
#8203 = CARTESIAN_POINT('',(-17.6702293065,11.867030192812,2.28));
#8204 = CARTESIAN_POINT('',(-17.5,12.3,2.28));
#8205 = PCURVE('',#7345,#8206);
#8206 = DEFINITIONAL_REPRESENTATION('',(#8207),#8210);
#8207 = B_SPLINE_CURVE_WITH_KNOTS('',1,(#8208,#8209),.UNSPECIFIED.,.F.,
  .F.,(2,2),(4.711671071431,6.28318530718),.PIECEWISE_BEZIER_KNOTS.);
#8208 = CARTESIAN_POINT('',(4.711671071431,8.108343365554));
#8209 = CARTESIAN_POINT('',(6.28318530718,8.108343365554));
#8210 = ( GEOMETRIC_REPRESENTATION_CONTEXT(2) 
PARAMETRIC_REPRESENTATION_CONTEXT() REPRESENTATION_CONTEXT('2D SPACE',''
  ) );
#8211 = PCURVE('',#7474,#8212);
#8212 = DEFINITIONAL_REPRESENTATION('',(#8213),#8226);
#8213 = B_SPLINE_CURVE_WITH_KNOTS('',6,(#8214,#8215,#8216,#8217,#8218,
    #8219,#8220,#8221,#8222,#8223,#8224,#8225),.UNSPECIFIED.,.F.,.F.,(7,
    5,7),(4.711671071431,6.267475388892,6.28318530718),.UNSPECIFIED.);
#8214 = CARTESIAN_POINT('',(4.337787231362,4.282288809269E-14));
#8215 = CARTESIAN_POINT('',(4.337787231362,0.259791303989));
#8216 = CARTESIAN_POINT('',(4.337787231389,0.51984151266));
#8217 = CARTESIAN_POINT('',(4.337787231283,0.780129780632));
#8218 = CARTESIAN_POINT('',(4.337787231443,1.040485410357));
#8219 = CARTESIAN_POINT('',(4.33778723133,1.299581925913));
#8220 = CARTESIAN_POINT('',(4.337787231364,1.557885444179));
#8221 = CARTESIAN_POINT('',(4.337787231364,1.560467620702));
#8222 = CARTESIAN_POINT('',(4.337787231365,1.563049797226));
#8223 = CARTESIAN_POINT('',(4.337787231365,1.565631973749));
#8224 = CARTESIAN_POINT('',(4.337787231365,1.568214150272));
#8225 = CARTESIAN_POINT('',(4.337787231366,1.570796326795));
#8226 = ( GEOMETRIC_REPRESENTATION_CONTEXT(2) 
PARAMETRIC_REPRESENTATION_CONTEXT() REPRESENTATION_CONTEXT('2D SPACE',''
  ) );
#8227 = ORIENTED_EDGE('',*,*,#7401,.F.);
#8228 = ORIENTED_EDGE('',*,*,#7317,.F.);
#8229 = ORIENTED_EDGE('',*,*,#8121,.T.);
#8230 = ADVANCED_FACE('',(#8231),#7474,.T.);
#8231 = FACE_BOUND('',#8232,.T.);
#8232 = EDGE_LOOP('',(#8233,#8234,#8235));
#8233 = ORIENTED_EDGE('',*,*,#8195,.T.);
#8234 = ORIENTED_EDGE('',*,*,#8160,.T.);
#8235 = ORIENTED_EDGE('',*,*,#7457,.T.);
#8236 = ADVANCED_FACE('',(#8237),#7590,.T.);
#8237 = FACE_BOUND('',#8238,.T.);
#8238 = EDGE_LOOP('',(#8239,#8240,#8275));
#8239 = ORIENTED_EDGE('',*,*,#7571,.T.);
#8240 = ORIENTED_EDGE('',*,*,#8241,.F.);
#8241 = EDGE_CURVE('',#8242,#7574,#8244,.T.);
#8242 = VERTEX_POINT('',#8243);
#8243 = CARTESIAN_POINT('',(-10.5,8.8,2.28));
#8244 = SURFACE_CURVE('',#8245,(#8253,#8269),.PCURVE_S1.);
#8245 = ( BOUNDED_CURVE() B_SPLINE_CURVE(6,(#8246,#8247,#8248,#8249,
#8250,#8251,#8252),.UNSPECIFIED.,.T.,.F.) B_SPLINE_CURVE_WITH_KNOTS((1,6
    ,6,1),(-6.28318530718,0.,6.28318530718,12.566370614359),
.UNSPECIFIED.) CURVE() GEOMETRIC_REPRESENTATION_ITEM() 
RATIONAL_B_SPLINE_CURVE((1.669078461068,1.03672962321,1.038346699848,
    0.853534330196,1.038346699848,1.03672962321,1.669078461068)) 
REPRESENTATION_ITEM('') );
#8246 = CARTESIAN_POINT('',(-10.5,8.8,2.28));
#8247 = CARTESIAN_POINT('',(-10.11290352657,9.058064315616,2.28));
#8248 = CARTESIAN_POINT('',(-10.05732306102,9.095117959314,
    1.704726506647));
#8249 = CARTESIAN_POINT('',(-10.5,8.8,1.230247262118));
#8250 = CARTESIAN_POINT('',(-10.94267693897,8.504882040686,
    1.704726506647));
#8251 = CARTESIAN_POINT('',(-10.88709647342,8.541935684384,2.28));
#8252 = CARTESIAN_POINT('',(-10.5,8.8,2.28));
#8253 = PCURVE('',#7590,#8254);
#8254 = DEFINITIONAL_REPRESENTATION('',(#8255),#8268);
#8255 = B_SPLINE_CURVE_WITH_KNOTS('',6,(#8256,#8257,#8258,#8259,#8260,
    #8261,#8262,#8263,#8264,#8265,#8266,#8267),.UNSPECIFIED.,.F.,.F.,(7,
    5,7),(0.,1.57099182874E-02,1.571514235749),.UNSPECIFIED.);
#8256 = CARTESIAN_POINT('',(6.871187910729,1.570796326795));
#8257 = CARTESIAN_POINT('',(6.871187910729,1.568214150272));
#8258 = CARTESIAN_POINT('',(6.871187910729,1.565631973749));
#8259 = CARTESIAN_POINT('',(6.871187910729,1.563049797226));
#8260 = CARTESIAN_POINT('',(6.871187910728,1.560467620702));
#8261 = CARTESIAN_POINT('',(6.871187910728,1.557885444179));
#8262 = CARTESIAN_POINT('',(6.871187910713,1.299581925913));
#8263 = CARTESIAN_POINT('',(6.871187910763,1.040485410357));
#8264 = CARTESIAN_POINT('',(6.871187910693,0.780129780632));
#8265 = CARTESIAN_POINT('',(6.871187910739,0.51984151266));
#8266 = CARTESIAN_POINT('',(6.871187910727,0.259791303989));
#8267 = CARTESIAN_POINT('',(6.871187910727,1.427429603089E-14));
#8268 = ( GEOMETRIC_REPRESENTATION_CONTEXT(2) 
PARAMETRIC_REPRESENTATION_CONTEXT() REPRESENTATION_CONTEXT('2D SPACE',''
  ) );
#8269 = PCURVE('',#7632,#8270);
#8270 = DEFINITIONAL_REPRESENTATION('',(#8271),#8274);
#8271 = B_SPLINE_CURVE_WITH_KNOTS('',1,(#8272,#8273),.UNSPECIFIED.,.F.,
  .F.,(2,2),(0.,1.571514235749),.PIECEWISE_BEZIER_KNOTS.);
#8272 = CARTESIAN_POINT('',(6.28318530718,0.));
#8273 = CARTESIAN_POINT('',(7.854699542928,0.));
#8274 = ( GEOMETRIC_REPRESENTATION_CONTEXT(2) 
PARAMETRIC_REPRESENTATION_CONTEXT() REPRESENTATION_CONTEXT('2D SPACE',''
  ) );
#8275 = ORIENTED_EDGE('',*,*,#8276,.F.);
#8276 = EDGE_CURVE('',#7572,#8242,#8277,.T.);
#8277 = SURFACE_CURVE('',#8278,(#8286,#8302),.PCURVE_S1.);
#8278 = ( BOUNDED_CURVE() B_SPLINE_CURVE(6,(#8279,#8280,#8281,#8282,
#8283,#8284,#8285),.UNSPECIFIED.,.T.,.F.) B_SPLINE_CURVE_WITH_KNOTS((1,6
    ,6,1),(-6.28318530718,0.,6.28318530718,12.566370614359),
.UNSPECIFIED.) CURVE() GEOMETRIC_REPRESENTATION_ITEM() 
RATIONAL_B_SPLINE_CURVE((1.669078461068,1.03672962321,1.038346699848,
    0.853534330196,1.038346699848,1.03672962321,1.669078461068)) 
REPRESENTATION_ITEM('') );
#8279 = CARTESIAN_POINT('',(-10.5,8.8,2.28));
#8280 = CARTESIAN_POINT('',(-10.11290352657,9.058064315616,2.28));
#8281 = CARTESIAN_POINT('',(-10.05732306102,9.095117959314,
    1.704726506647));
#8282 = CARTESIAN_POINT('',(-10.5,8.8,1.230247262118));
#8283 = CARTESIAN_POINT('',(-10.94267693897,8.504882040686,
    1.704726506647));
#8284 = CARTESIAN_POINT('',(-10.88709647342,8.541935684384,2.28));
#8285 = CARTESIAN_POINT('',(-10.5,8.8,2.28));
#8286 = PCURVE('',#7590,#8287);
#8287 = DEFINITIONAL_REPRESENTATION('',(#8288),#8301);
#8288 = B_SPLINE_CURVE_WITH_KNOTS('',6,(#8289,#8290,#8291,#8292,#8293,
    #8294,#8295,#8296,#8297,#8298,#8299,#8300),.UNSPECIFIED.,.F.,.F.,(7,
    5,7),(4.711671071431,6.267475388892,6.28318530718),.UNSPECIFIED.);
#8289 = CARTESIAN_POINT('',(3.729595257137,2.537652627715E-14));
#8290 = CARTESIAN_POINT('',(3.729595257137,0.259791303989));
#8291 = CARTESIAN_POINT('',(3.729595257136,0.51984151266));
#8292 = CARTESIAN_POINT('',(3.729595257144,0.780129780631));
#8293 = CARTESIAN_POINT('',(3.729595257127,1.040485410357));
#8294 = CARTESIAN_POINT('',(3.729595257145,1.299581925913));
#8295 = CARTESIAN_POINT('',(3.729595257137,1.557885444179));
#8296 = CARTESIAN_POINT('',(3.729595257137,1.560467620702));
#8297 = CARTESIAN_POINT('',(3.729595257137,1.563049797226));
#8298 = CARTESIAN_POINT('',(3.729595257137,1.565631973749));
#8299 = CARTESIAN_POINT('',(3.729595257136,1.568214150272));
#8300 = CARTESIAN_POINT('',(3.729595257136,1.570796326795));
#8301 = ( GEOMETRIC_REPRESENTATION_CONTEXT(2) 
PARAMETRIC_REPRESENTATION_CONTEXT() REPRESENTATION_CONTEXT('2D SPACE',''
  ) );
#8302 = PCURVE('',#7632,#8303);
#8303 = DEFINITIONAL_REPRESENTATION('',(#8304),#8307);
#8304 = B_SPLINE_CURVE_WITH_KNOTS('',1,(#8305,#8306),.UNSPECIFIED.,.F.,
  .F.,(2,2),(4.711671071431,6.28318530718),.PIECEWISE_BEZIER_KNOTS.);
#8305 = CARTESIAN_POINT('',(4.711671071431,0.));
#8306 = CARTESIAN_POINT('',(6.28318530718,0.));
#8307 = ( GEOMETRIC_REPRESENTATION_CONTEXT(2) 
PARAMETRIC_REPRESENTATION_CONTEXT() REPRESENTATION_CONTEXT('2D SPACE',''
  ) );
#8308 = ADVANCED_FACE('',(#8309),#7632,.T.);
#8309 = FACE_BOUND('',#8310,.T.);
#8310 = EDGE_LOOP('',(#8311,#8312,#8313,#8314,#8349,#8382,#8383,#8384));
#8311 = ORIENTED_EDGE('',*,*,#8241,.T.);
#8312 = ORIENTED_EDGE('',*,*,#7803,.T.);
#8313 = ORIENTED_EDGE('',*,*,#7774,.T.);
#8314 = ORIENTED_EDGE('',*,*,#8315,.F.);
#8315 = EDGE_CURVE('',#8316,#7746,#8318,.T.);
#8316 = VERTEX_POINT('',#8317);
#8317 = CARTESIAN_POINT('',(-14.,13.3,2.28));
#8318 = SURFACE_CURVE('',#8319,(#8327,#8333),.PCURVE_S1.);
#8319 = ( BOUNDED_CURVE() B_SPLINE_CURVE(6,(#8320,#8321,#8322,#8323,
#8324,#8325,#8326),.UNSPECIFIED.,.T.,.F.) B_SPLINE_CURVE_WITH_KNOTS((1,6
    ,6,1),(-6.28318530718,0.,6.28318530718,12.566370614359),
.UNSPECIFIED.) CURVE() GEOMETRIC_REPRESENTATION_ITEM() 
RATIONAL_B_SPLINE_CURVE((1.669078461068,1.03672962321,1.038346699848,
    0.853534330196,1.038346699848,1.03672962321,1.669078461068)) 
REPRESENTATION_ITEM('') );
#8320 = CARTESIAN_POINT('',(-14.,13.3,2.28));
#8321 = CARTESIAN_POINT('',(-13.74038399666,13.686057510669,2.28));
#8322 = CARTESIAN_POINT('',(-13.70310755702,13.741488798848,
    1.704726506647));
#8323 = CARTESIAN_POINT('',(-14.,13.3,1.230247262118));
#8324 = CARTESIAN_POINT('',(-14.29689244298,12.858511201152,
    1.704726506647));
#8325 = CARTESIAN_POINT('',(-14.25961600333,12.913942489331,2.28));
#8326 = CARTESIAN_POINT('',(-14.,13.3,2.28));
#8327 = PCURVE('',#7632,#8328);
#8328 = DEFINITIONAL_REPRESENTATION('',(#8329),#8332);
#8329 = B_SPLINE_CURVE_WITH_KNOTS('',1,(#8330,#8331),.UNSPECIFIED.,.F.,
  .F.,(2,2),(0.,1.571514235749),.PIECEWISE_BEZIER_KNOTS.);
#8330 = CARTESIAN_POINT('',(6.28318530718,5.726871619024));
#8331 = CARTESIAN_POINT('',(7.854699542928,5.726871619024));
#8332 = ( GEOMETRIC_REPRESENTATION_CONTEXT(2) 
PARAMETRIC_REPRESENTATION_CONTEXT() REPRESENTATION_CONTEXT('2D SPACE',''
  ) );
#8333 = PCURVE('',#7762,#8334);
#8334 = DEFINITIONAL_REPRESENTATION('',(#8335),#8348);
#8335 = B_SPLINE_CURVE_WITH_KNOTS('',6,(#8336,#8337,#8338,#8339,#8340,
    #8341,#8342,#8343,#8344,#8345,#8346,#8347),.UNSPECIFIED.,.F.,.F.,(7,
    5,7),(0.,1.570991828739E-02,1.571514235749),.UNSPECIFIED.);
#8336 = CARTESIAN_POINT('',(0.978779812263,1.570796326795));
#8337 = CARTESIAN_POINT('',(0.978779812263,1.568214150272));
#8338 = CARTESIAN_POINT('',(0.978779812263,1.565631973749));
#8339 = CARTESIAN_POINT('',(0.978779812263,1.563049797226));
#8340 = CARTESIAN_POINT('',(0.978779812263,1.560467620702));
#8341 = CARTESIAN_POINT('',(0.978779812263,1.557885444179));
#8342 = CARTESIAN_POINT('',(0.978779812266,1.299581925913));
#8343 = CARTESIAN_POINT('',(0.978779812258,1.040485410357));
#8344 = CARTESIAN_POINT('',(0.978779812269,0.780129780632));
#8345 = CARTESIAN_POINT('',(0.978779812262,0.51984151266));
#8346 = CARTESIAN_POINT('',(0.978779812263,0.259791303989));
#8347 = CARTESIAN_POINT('',(0.978779812263,-9.51619735393E-15));
#8348 = ( GEOMETRIC_REPRESENTATION_CONTEXT(2) 
PARAMETRIC_REPRESENTATION_CONTEXT() REPRESENTATION_CONTEXT('2D SPACE',''
  ) );
#8349 = ORIENTED_EDGE('',*,*,#8350,.F.);
#8350 = EDGE_CURVE('',#7690,#8316,#8351,.T.);
#8351 = SURFACE_CURVE('',#8352,(#8360,#8366),.PCURVE_S1.);
#8352 = ( BOUNDED_CURVE() B_SPLINE_CURVE(6,(#8353,#8354,#8355,#8356,
#8357,#8358,#8359),.UNSPECIFIED.,.T.,.F.) B_SPLINE_CURVE_WITH_KNOTS((1,6
    ,6,1),(-6.28318530718,0.,6.28318530718,12.566370614359),
.UNSPECIFIED.) CURVE() GEOMETRIC_REPRESENTATION_ITEM() 
RATIONAL_B_SPLINE_CURVE((1.669078461068,1.03672962321,1.038346699848,
    0.853534330196,1.038346699848,1.03672962321,1.669078461068)) 
REPRESENTATION_ITEM('') );
#8353 = CARTESIAN_POINT('',(-14.,13.3,2.28));
#8354 = CARTESIAN_POINT('',(-13.74038399666,13.686057510669,2.28));
#8355 = CARTESIAN_POINT('',(-13.70310755702,13.741488798848,
    1.704726506647));
#8356 = CARTESIAN_POINT('',(-14.,13.3,1.230247262118));
#8357 = CARTESIAN_POINT('',(-14.29689244298,12.858511201152,
    1.704726506647));
#8358 = CARTESIAN_POINT('',(-14.25961600333,12.913942489331,2.28));
#8359 = CARTESIAN_POINT('',(-14.,13.3,2.28));
#8360 = PCURVE('',#7632,#8361);
#8361 = DEFINITIONAL_REPRESENTATION('',(#8362),#8365);
#8362 = B_SPLINE_CURVE_WITH_KNOTS('',1,(#8363,#8364),.UNSPECIFIED.,.F.,
  .F.,(2,2),(4.711671071431,6.28318530718),.PIECEWISE_BEZIER_KNOTS.);
#8363 = CARTESIAN_POINT('',(4.711671071431,5.726871619024));
#8364 = CARTESIAN_POINT('',(6.28318530718,5.726871619024));
#8365 = ( GEOMETRIC_REPRESENTATION_CONTEXT(2) 
PARAMETRIC_REPRESENTATION_CONTEXT() REPRESENTATION_CONTEXT('2D SPACE',''
  ) );
#8366 = PCURVE('',#7762,#8367);
#8367 = DEFINITIONAL_REPRESENTATION('',(#8368),#8381);
#8368 = B_SPLINE_CURVE_WITH_KNOTS('',6,(#8369,#8370,#8371,#8372,#8373,
    #8374,#8375,#8376,#8377,#8378,#8379,#8380),.UNSPECIFIED.,.F.,.F.,(7,
    5,7),(4.711671071431,6.267475388892,6.28318530718),.UNSPECIFIED.);
#8369 = CARTESIAN_POINT('',(4.120372465853,1.110223024625E-14));
#8370 = CARTESIAN_POINT('',(4.120372465853,0.259791303989));
#8371 = CARTESIAN_POINT('',(4.12037246584,0.51984151266));
#8372 = CARTESIAN_POINT('',(4.120372465891,0.780129780631));
#8373 = CARTESIAN_POINT('',(4.120372465816,1.040485410357));
#8374 = CARTESIAN_POINT('',(4.120372465866,1.299581925913));
#8375 = CARTESIAN_POINT('',(4.120372465852,1.557885444179));
#8376 = CARTESIAN_POINT('',(4.120372465852,1.560467620702));
#8377 = CARTESIAN_POINT('',(4.120372465852,1.563049797226));
#8378 = CARTESIAN_POINT('',(4.120372465852,1.565631973749));
#8379 = CARTESIAN_POINT('',(4.120372465852,1.568214150272));
#8380 = CARTESIAN_POINT('',(4.120372465852,1.570796326795));
#8381 = ( GEOMETRIC_REPRESENTATION_CONTEXT(2) 
PARAMETRIC_REPRESENTATION_CONTEXT() REPRESENTATION_CONTEXT('2D SPACE',''
  ) );
#8382 = ORIENTED_EDGE('',*,*,#7689,.F.);
#8383 = ORIENTED_EDGE('',*,*,#7602,.F.);
#8384 = ORIENTED_EDGE('',*,*,#8276,.T.);
#8385 = ADVANCED_FACE('',(#8386),#7762,.T.);
#8386 = FACE_BOUND('',#8387,.T.);
#8387 = EDGE_LOOP('',(#8388,#8389,#8390));
#8388 = ORIENTED_EDGE('',*,*,#8350,.T.);
#8389 = ORIENTED_EDGE('',*,*,#8315,.T.);
#8390 = ORIENTED_EDGE('',*,*,#7745,.T.);
#8391 = ADVANCED_FACE('',(#8392),#7880,.F.);
#8392 = FACE_BOUND('',#8393,.F.);
#8393 = EDGE_LOOP('',(#8394,#8395,#8418,#8445));
#8394 = ORIENTED_EDGE('',*,*,#7863,.T.);
#8395 = ORIENTED_EDGE('',*,*,#8396,.T.);
#8396 = EDGE_CURVE('',#7864,#8397,#8399,.T.);
#8397 = VERTEX_POINT('',#8398);
#8398 = CARTESIAN_POINT('',(-9.9,-6.,-0.9));
#8399 = SEAM_CURVE('',#8400,(#8404,#8411),.PCURVE_S1.);
#8400 = LINE('',#8401,#8402);
#8401 = CARTESIAN_POINT('',(-9.4,-6.,-1.4));
#8402 = VECTOR('',#8403,1.);
#8403 = DIRECTION('',(-0.707106781187,0.,0.707106781187));
#8404 = PCURVE('',#7880,#8405);
#8405 = DEFINITIONAL_REPRESENTATION('',(#8406),#8410);
#8406 = LINE('',#8407,#8408);
#8407 = CARTESIAN_POINT('',(-0.,-0.));
#8408 = VECTOR('',#8409,1.);
#8409 = DIRECTION('',(-0.,-1.));
#8410 = ( GEOMETRIC_REPRESENTATION_CONTEXT(2) 
PARAMETRIC_REPRESENTATION_CONTEXT() REPRESENTATION_CONTEXT('2D SPACE',''
  ) );
#8411 = PCURVE('',#7880,#8412);
#8412 = DEFINITIONAL_REPRESENTATION('',(#8413),#8417);
#8413 = LINE('',#8414,#8415);
#8414 = CARTESIAN_POINT('',(-6.28318530718,-0.));
#8415 = VECTOR('',#8416,1.);
#8416 = DIRECTION('',(-0.,-1.));
#8417 = ( GEOMETRIC_REPRESENTATION_CONTEXT(2) 
PARAMETRIC_REPRESENTATION_CONTEXT() REPRESENTATION_CONTEXT('2D SPACE',''
  ) );
#8418 = ORIENTED_EDGE('',*,*,#8419,.F.);
#8419 = EDGE_CURVE('',#8397,#8397,#8420,.T.);
#8420 = SURFACE_CURVE('',#8421,(#8426,#8433),.PCURVE_S1.);
#8421 = CIRCLE('',#8422,1.1);
#8422 = AXIS2_PLACEMENT_3D('',#8423,#8424,#8425);
#8423 = CARTESIAN_POINT('',(-11.,-6.,-0.9));
#8424 = DIRECTION('',(0.,0.,1.));
#8425 = DIRECTION('',(1.,0.,-0.));
#8426 = PCURVE('',#7880,#8427);
#8427 = DEFINITIONAL_REPRESENTATION('',(#8428),#8432);
#8428 = LINE('',#8429,#8430);
#8429 = CARTESIAN_POINT('',(-0.,-0.5));
#8430 = VECTOR('',#8431,1.);
#8431 = DIRECTION('',(-1.,-0.));
#8432 = ( GEOMETRIC_REPRESENTATION_CONTEXT(2) 
PARAMETRIC_REPRESENTATION_CONTEXT() REPRESENTATION_CONTEXT('2D SPACE',''
  ) );
#8433 = PCURVE('',#8434,#8439);
#8434 = CYLINDRICAL_SURFACE('',#8435,1.1);
#8435 = AXIS2_PLACEMENT_3D('',#8436,#8437,#8438);
#8436 = CARTESIAN_POINT('',(-11.,-6.,-0.9));
#8437 = DIRECTION('',(0.,0.,1.));
#8438 = DIRECTION('',(1.,0.,-0.));
#8439 = DEFINITIONAL_REPRESENTATION('',(#8440),#8444);
#8440 = LINE('',#8441,#8442);
#8441 = CARTESIAN_POINT('',(0.,0.));
#8442 = VECTOR('',#8443,1.);
#8443 = DIRECTION('',(1.,0.));
#8444 = ( GEOMETRIC_REPRESENTATION_CONTEXT(2) 
PARAMETRIC_REPRESENTATION_CONTEXT() REPRESENTATION_CONTEXT('2D SPACE',''
  ) );
#8445 = ORIENTED_EDGE('',*,*,#8396,.F.);
#8446 = ADVANCED_FACE('',(#8447),#7915,.F.);
#8447 = FACE_BOUND('',#8448,.F.);
#8448 = EDGE_LOOP('',(#8449,#8450,#8473,#8500));
#8449 = ORIENTED_EDGE('',*,*,#7898,.T.);
#8450 = ORIENTED_EDGE('',*,*,#8451,.T.);
#8451 = EDGE_CURVE('',#7899,#8452,#8454,.T.);
#8452 = VERTEX_POINT('',#8453);
#8453 = CARTESIAN_POINT('',(-9.9,10.,-0.9));
#8454 = SEAM_CURVE('',#8455,(#8459,#8466),.PCURVE_S1.);
#8455 = LINE('',#8456,#8457);
#8456 = CARTESIAN_POINT('',(-9.4,10.,-1.4));
#8457 = VECTOR('',#8458,1.);
#8458 = DIRECTION('',(-0.707106781187,0.,0.707106781187));
#8459 = PCURVE('',#7915,#8460);
#8460 = DEFINITIONAL_REPRESENTATION('',(#8461),#8465);
#8461 = LINE('',#8462,#8463);
#8462 = CARTESIAN_POINT('',(-0.,-0.));
#8463 = VECTOR('',#8464,1.);
#8464 = DIRECTION('',(-0.,-1.));
#8465 = ( GEOMETRIC_REPRESENTATION_CONTEXT(2) 
PARAMETRIC_REPRESENTATION_CONTEXT() REPRESENTATION_CONTEXT('2D SPACE',''
  ) );
#8466 = PCURVE('',#7915,#8467);
#8467 = DEFINITIONAL_REPRESENTATION('',(#8468),#8472);
#8468 = LINE('',#8469,#8470);
#8469 = CARTESIAN_POINT('',(-6.28318530718,-0.));
#8470 = VECTOR('',#8471,1.);
#8471 = DIRECTION('',(-0.,-1.));
#8472 = ( GEOMETRIC_REPRESENTATION_CONTEXT(2) 
PARAMETRIC_REPRESENTATION_CONTEXT() REPRESENTATION_CONTEXT('2D SPACE',''
  ) );
#8473 = ORIENTED_EDGE('',*,*,#8474,.F.);
#8474 = EDGE_CURVE('',#8452,#8452,#8475,.T.);
#8475 = SURFACE_CURVE('',#8476,(#8481,#8488),.PCURVE_S1.);
#8476 = CIRCLE('',#8477,1.1);
#8477 = AXIS2_PLACEMENT_3D('',#8478,#8479,#8480);
#8478 = CARTESIAN_POINT('',(-11.,10.,-0.9));
#8479 = DIRECTION('',(0.,0.,1.));
#8480 = DIRECTION('',(1.,0.,-0.));
#8481 = PCURVE('',#7915,#8482);
#8482 = DEFINITIONAL_REPRESENTATION('',(#8483),#8487);
#8483 = LINE('',#8484,#8485);
#8484 = CARTESIAN_POINT('',(-0.,-0.5));
#8485 = VECTOR('',#8486,1.);
#8486 = DIRECTION('',(-1.,-0.));
#8487 = ( GEOMETRIC_REPRESENTATION_CONTEXT(2) 
PARAMETRIC_REPRESENTATION_CONTEXT() REPRESENTATION_CONTEXT('2D SPACE',''
  ) );
#8488 = PCURVE('',#8489,#8494);
#8489 = CYLINDRICAL_SURFACE('',#8490,1.1);
#8490 = AXIS2_PLACEMENT_3D('',#8491,#8492,#8493);
#8491 = CARTESIAN_POINT('',(-11.,10.,-0.9));
#8492 = DIRECTION('',(0.,0.,1.));
#8493 = DIRECTION('',(1.,0.,-0.));
#8494 = DEFINITIONAL_REPRESENTATION('',(#8495),#8499);
#8495 = LINE('',#8496,#8497);
#8496 = CARTESIAN_POINT('',(0.,0.));
#8497 = VECTOR('',#8498,1.);
#8498 = DIRECTION('',(1.,0.));
#8499 = ( GEOMETRIC_REPRESENTATION_CONTEXT(2) 
PARAMETRIC_REPRESENTATION_CONTEXT() REPRESENTATION_CONTEXT('2D SPACE',''
  ) );
#8500 = ORIENTED_EDGE('',*,*,#8451,.F.);
#8501 = ADVANCED_FACE('',(#8502),#8434,.F.);
#8502 = FACE_BOUND('',#8503,.F.);
#8503 = EDGE_LOOP('',(#8504,#8505,#8528,#8555));
#8504 = ORIENTED_EDGE('',*,*,#8419,.T.);
#8505 = ORIENTED_EDGE('',*,*,#8506,.T.);
#8506 = EDGE_CURVE('',#8397,#8507,#8509,.T.);
#8507 = VERTEX_POINT('',#8508);
#8508 = CARTESIAN_POINT('',(-9.9,-6.,1.1));
#8509 = SEAM_CURVE('',#8510,(#8514,#8521),.PCURVE_S1.);
#8510 = LINE('',#8511,#8512);
#8511 = CARTESIAN_POINT('',(-9.9,-6.,-0.9));
#8512 = VECTOR('',#8513,1.);
#8513 = DIRECTION('',(0.,0.,1.));
#8514 = PCURVE('',#8434,#8515);
#8515 = DEFINITIONAL_REPRESENTATION('',(#8516),#8520);
#8516 = LINE('',#8517,#8518);
#8517 = CARTESIAN_POINT('',(0.,0.));
#8518 = VECTOR('',#8519,1.);
#8519 = DIRECTION('',(0.,1.));
#8520 = ( GEOMETRIC_REPRESENTATION_CONTEXT(2) 
PARAMETRIC_REPRESENTATION_CONTEXT() REPRESENTATION_CONTEXT('2D SPACE',''
  ) );
#8521 = PCURVE('',#8434,#8522);
#8522 = DEFINITIONAL_REPRESENTATION('',(#8523),#8527);
#8523 = LINE('',#8524,#8525);
#8524 = CARTESIAN_POINT('',(6.28318530718,0.));
#8525 = VECTOR('',#8526,1.);
#8526 = DIRECTION('',(0.,1.));
#8527 = ( GEOMETRIC_REPRESENTATION_CONTEXT(2) 
PARAMETRIC_REPRESENTATION_CONTEXT() REPRESENTATION_CONTEXT('2D SPACE',''
  ) );
#8528 = ORIENTED_EDGE('',*,*,#8529,.F.);
#8529 = EDGE_CURVE('',#8507,#8507,#8530,.T.);
#8530 = SURFACE_CURVE('',#8531,(#8536,#8543),.PCURVE_S1.);
#8531 = CIRCLE('',#8532,1.1);
#8532 = AXIS2_PLACEMENT_3D('',#8533,#8534,#8535);
#8533 = CARTESIAN_POINT('',(-11.,-6.,1.1));
#8534 = DIRECTION('',(0.,0.,1.));
#8535 = DIRECTION('',(1.,0.,-0.));
#8536 = PCURVE('',#8434,#8537);
#8537 = DEFINITIONAL_REPRESENTATION('',(#8538),#8542);
#8538 = LINE('',#8539,#8540);
#8539 = CARTESIAN_POINT('',(0.,2.));
#8540 = VECTOR('',#8541,1.);
#8541 = DIRECTION('',(1.,0.));
#8542 = ( GEOMETRIC_REPRESENTATION_CONTEXT(2) 
PARAMETRIC_REPRESENTATION_CONTEXT() REPRESENTATION_CONTEXT('2D SPACE',''
  ) );
#8543 = PCURVE('',#8544,#8549);
#8544 = PLANE('',#8545);
#8545 = AXIS2_PLACEMENT_3D('',#8546,#8547,#8548);
#8546 = CARTESIAN_POINT('',(-11.,-6.,1.1));
#8547 = DIRECTION('',(0.,0.,1.));
#8548 = DIRECTION('',(1.,0.,-0.));
#8549 = DEFINITIONAL_REPRESENTATION('',(#8550),#8554);
#8550 = CIRCLE('',#8551,1.1);
#8551 = AXIS2_PLACEMENT_2D('',#8552,#8553);
#8552 = CARTESIAN_POINT('',(0.,0.));
#8553 = DIRECTION('',(1.,0.));
#8554 = ( GEOMETRIC_REPRESENTATION_CONTEXT(2) 
PARAMETRIC_REPRESENTATION_CONTEXT() REPRESENTATION_CONTEXT('2D SPACE',''
  ) );
#8555 = ORIENTED_EDGE('',*,*,#8506,.F.);
#8556 = ADVANCED_FACE('',(#8557),#8489,.F.);
#8557 = FACE_BOUND('',#8558,.F.);
#8558 = EDGE_LOOP('',(#8559,#8560,#8583,#8610));
#8559 = ORIENTED_EDGE('',*,*,#8474,.T.);
#8560 = ORIENTED_EDGE('',*,*,#8561,.T.);
#8561 = EDGE_CURVE('',#8452,#8562,#8564,.T.);
#8562 = VERTEX_POINT('',#8563);
#8563 = CARTESIAN_POINT('',(-9.9,10.,1.1));
#8564 = SEAM_CURVE('',#8565,(#8569,#8576),.PCURVE_S1.);
#8565 = LINE('',#8566,#8567);
#8566 = CARTESIAN_POINT('',(-9.9,10.,-0.9));
#8567 = VECTOR('',#8568,1.);
#8568 = DIRECTION('',(0.,0.,1.));
#8569 = PCURVE('',#8489,#8570);
#8570 = DEFINITIONAL_REPRESENTATION('',(#8571),#8575);
#8571 = LINE('',#8572,#8573);
#8572 = CARTESIAN_POINT('',(0.,0.));
#8573 = VECTOR('',#8574,1.);
#8574 = DIRECTION('',(0.,1.));
#8575 = ( GEOMETRIC_REPRESENTATION_CONTEXT(2) 
PARAMETRIC_REPRESENTATION_CONTEXT() REPRESENTATION_CONTEXT('2D SPACE',''
  ) );
#8576 = PCURVE('',#8489,#8577);
#8577 = DEFINITIONAL_REPRESENTATION('',(#8578),#8582);
#8578 = LINE('',#8579,#8580);
#8579 = CARTESIAN_POINT('',(6.28318530718,0.));
#8580 = VECTOR('',#8581,1.);
#8581 = DIRECTION('',(0.,1.));
#8582 = ( GEOMETRIC_REPRESENTATION_CONTEXT(2) 
PARAMETRIC_REPRESENTATION_CONTEXT() REPRESENTATION_CONTEXT('2D SPACE',''
  ) );
#8583 = ORIENTED_EDGE('',*,*,#8584,.F.);
#8584 = EDGE_CURVE('',#8562,#8562,#8585,.T.);
#8585 = SURFACE_CURVE('',#8586,(#8591,#8598),.PCURVE_S1.);
#8586 = CIRCLE('',#8587,1.1);
#8587 = AXIS2_PLACEMENT_3D('',#8588,#8589,#8590);
#8588 = CARTESIAN_POINT('',(-11.,10.,1.1));
#8589 = DIRECTION('',(0.,0.,1.));
#8590 = DIRECTION('',(1.,0.,-0.));
#8591 = PCURVE('',#8489,#8592);
#8592 = DEFINITIONAL_REPRESENTATION('',(#8593),#8597);
#8593 = LINE('',#8594,#8595);
#8594 = CARTESIAN_POINT('',(0.,2.));
#8595 = VECTOR('',#8596,1.);
#8596 = DIRECTION('',(1.,0.));
#8597 = ( GEOMETRIC_REPRESENTATION_CONTEXT(2) 
PARAMETRIC_REPRESENTATION_CONTEXT() REPRESENTATION_CONTEXT('2D SPACE',''
  ) );
#8598 = PCURVE('',#8599,#8604);
#8599 = PLANE('',#8600);
#8600 = AXIS2_PLACEMENT_3D('',#8601,#8602,#8603);
#8601 = CARTESIAN_POINT('',(-11.,10.,1.1));
#8602 = DIRECTION('',(0.,0.,1.));
#8603 = DIRECTION('',(1.,0.,-0.));
#8604 = DEFINITIONAL_REPRESENTATION('',(#8605),#8609);
#8605 = CIRCLE('',#8606,1.1);
#8606 = AXIS2_PLACEMENT_2D('',#8607,#8608);
#8607 = CARTESIAN_POINT('',(0.,0.));
#8608 = DIRECTION('',(1.,0.));
#8609 = ( GEOMETRIC_REPRESENTATION_CONTEXT(2) 
PARAMETRIC_REPRESENTATION_CONTEXT() REPRESENTATION_CONTEXT('2D SPACE',''
  ) );
#8610 = ORIENTED_EDGE('',*,*,#8561,.F.);
#8611 = ADVANCED_FACE('',(#8612),#8544,.F.);
#8612 = FACE_BOUND('',#8613,.F.);
#8613 = EDGE_LOOP('',(#8614));
#8614 = ORIENTED_EDGE('',*,*,#8529,.T.);
#8615 = ADVANCED_FACE('',(#8616),#8599,.F.);
#8616 = FACE_BOUND('',#8617,.F.);
#8617 = EDGE_LOOP('',(#8618));
#8618 = ORIENTED_EDGE('',*,*,#8584,.T.);
#8619 = ( GEOMETRIC_REPRESENTATION_CONTEXT(3) 
GLOBAL_UNCERTAINTY_ASSIGNED_CONTEXT((#8623)) 
GLOBAL_UNIT_ASSIGNED_CONTEXT((#8620,#8621,#8622)) REPRESENTATION_CONTEXT
('Context #1','3D Context with UNIT and UNCERTAINTY') );
#8620 = ( LENGTH_UNIT() NAMED_UNIT(*) SI_UNIT(.MILLI.,.METRE.) );
#8621 = ( NAMED_UNIT(*) PLANE_ANGLE_UNIT() SI_UNIT($,.RADIAN.) );
#8622 = ( NAMED_UNIT(*) SI_UNIT($,.STERADIAN.) SOLID_ANGLE_UNIT() );
#8623 = UNCERTAINTY_MEASURE_WITH_UNIT(LENGTH_MEASURE(2.E-06),#8620,
  'distance_accuracy_value','confusion accuracy');
#8624 = PRODUCT_RELATED_PRODUCT_CATEGORY('part',$,(#7));
ENDSEC;
END-ISO-10303-21;
